:1010000000830020E9380100CB3F0200D538010001
:10101000D5380100D5380100D538010000000000A6
:10102000000000000000000000000000C5390100C1
:10103000D538010000000000B93B0100D53801009F
:10104000313C010087640200313C0100313C010069
:10105000313C0100313C0100313C0100313C0100D8
:101060009D640200313C0100313C0100B364020088
:10107000313C0100313C0100313C0100313C0100B8
:10108000313C0100313C0100313C0100313C0100A8
:10109000313C0100313C0100313C0100313C010098
:1010A000313C0100313C0100313C0100313C010088
:1010B000313C0100313C0100313C0100313C010078
:1010C000313C0100313C0100313C0100313C010068
:1010D000313C0100313C0100313C0100313C010058
:1010E000313C0100313C0100313C0100313C010048
:1010F000313C0100313C0100313C0100313C010038
:10110000054B1B780022013382600260034A426073
:10111000C371FF2303727047E00D00202001080017
:10112000064B074A9B7802604FF416728280C371A7
:101130000822002382710372704700BFE00D002077
:1011400031DE0000F8B5C71D002827F00707054667
:1011500014BF3846002000F06FFA041E02DA6FF068
:101160000B00F8BD2E4EF188B088737A327A0331C5
:10117000033089B280B20AF0DFFA0028EFDBB178E1
:10118000F37827440337002D194427F0030700FBA9
:1011900001F114BF3846002000F0D4FB07440DB91C
:1011A000002FDCDB01203C4600F03CFA90B1F17AE4
:1011B00081B10737002D27F0070414BF2046002017
:1011C0002523282204F06CFA0028C8DB04440DB95A
:1011D000002CC4DBB37AABB1012000F023FA88B154
:1011E000F37A7BB10734002D24F0070414BF2046A6
:1011F0000020B17A03F076F80028B0DB04440DB982
:10120000002CACDBF3683BB115B1F4600020A8E71B
:101210002834A4D42046A4E7002DF7D1FAE700BF74
:10122000E00D00201FB572B6194B1D69EDB9BFF373
:101230004F8F1849184BCA6802F4E0621343CB6021
:10124000BFF34F8F00BFFDE72346B2FBF6F25C1CF5
:10125000002AF9D104AEDCB256FA83F303F80C2C61
:101260000A2234B901A8A847E1E7024600230A266A
:10127000EDE7631E04AEDCB256FA83F3B0FBF2F680
:1012800002FB1600303003F80C0C3046E9E700BFD3
:10129000E00D002000ED00E00400FA0507B50A4B60
:1012A0001A89ADF800206846DA889B88ADF80420DA
:1012B000ADF8023001F0ACFE18B1FA219C20FFF726
:1012C000B1FF03B05DF804FBE00D002010B504464B
:1012D00020B309F04FFB10B94FF0FF3010BD07F0FD
:1012E000B9F9B0F5FA7FF7D80E4B00221A751A70CB
:1012F000DA6001225A801B229A80DA8040F20322AF
:101300001A814FF442721C615A81EFF3108472B655
:1013100000F08AFB04B962B60020DFE76FF0150029
:10132000DCE700BFE00D002038B51446002847D1A7
:10133000254D2B7D032B40D071B112B96FF01500F4
:1013400038BD013906293BD8DFE801F0043A133AE9
:10135000293A32001378AB700020FFF7F3FE002823
:10136000B7BF012302232B756FF00B00A8BF2B75AD
:10137000E6E71379002BE1D05379002BDED01288F9
:10138000FB2ADBD863881B3B9BB2E02BD6D81A2AFA
:10139000D4D923686B600D4BA2889A80DCE70120CA
:1013A00000F040F9237808B1012BC7D9EB72D3E7DD
:1013B0001388FF2BC2D8AB72CEE74FF0FF30BFE7E8
:1013C0006FF02C00BCE700BFE00D0020E40D002012
:1013D000F8B50D46064620B319B311F0070420D125
:1013E000114F3B7D012B02D16FF00B00F8BD032B99
:1013F00002D14FF0FF30F9E700F052FB0028F8D09F
:101400002846FFF79FFE0028EEDB0CF05FFD30461C
:10141000F96801F079FEFFF741FF03233B75204691
:10142000E4E76FF01500E1E7E00D002010B5064C91
:10143000237D032B03D101F07FFE02F077FA0AF03F
:10144000D0F90020207510BDE00D002008B501F096
:101450003DFE0549012000F0DDF8BDE808400349E4
:10146000002000F0D7B800BF0111000021110000DA
:10147000074B4FF0FF3141F6FF72C3E900120549F7
:101480000022C1E900221F21C3E90212704700BFF8
:10149000C0040020F80D00203F280CD801380B4B69
:1014A000C0F3421200F01F0053F8223023FA00F07C
:1014B00000F001007047FF2806D04038C0F3421208
:1014C000034B00F01F00EFE701207047C00400202D
:1014D000F80D00200146074B006849681A4603C210
:1014E00040F48C221A6041F0107242F4FF625A609C
:1014F00000207047C00400200246034B006851687A
:1015000003C30020704700BFF80D00200246034BC4
:101510000068516803C30020704700BFC804002062
:101520000138064BC0F3421203EB820300F01F00A8
:101530009B6823FA00F000F001007047C00400200F
:10154000F0B50C88C37C0288A5B2C4F30E0404F184
:1015500018060233865B1A44334497B213FA82F3B7
:10156000013B4288B3FBF7F313FB07439BB29A425C
:10157000044A93BF22EA05032A4013439BB20B801F
:10158000F0BD00BF0080FFFF4A1E062A08B50346D3
:10159000084604D84FF4D1711520FFF743FE094ADD
:1015A000914202D940F2A311F6E711B903B11960D3
:1015B00008BD2BB11B680022C3E901211A1D1A6066
:1015C0000430F5E7FAFFFF7F10B5114B00EB410443
:1015D0001A786389B3FBF2F303FB0223013A1A443E
:1015E000B2F5706F0279807828BF00231A440B1877
:1015F000B2FBF0F100FB11215B1AB3FBF0F100FB31
:10160000113313446FEA43436FEA5343638110BDC0
:10161000000E0020024B03EB80035960704700BFAF
:10162000000E0020034B03EB80035868003818BFFE
:1016300001207047000E00202DE9F04F10F0070A3E
:1016400085B0054604D040F26F111720FFF7EAFD80
:10165000534F07F10C06B1460446B04657F8043B19
:101660008DF80BA03BB101A898479DF80A30082BD4
:1016700001D9F521E9E79DF80B1041BB05B13160B7
:101680004F4506F10406E9D1002D70D0DFF8149122
:10169000002289F800209646022758F827A0013F2B
:1016A000BAF1000F56D09AF804609AF802C0FF2EE3
:1016B00061D039460023481C39D19C44BCF1FF0F4E
:1016C00040D90AB189F800E04FF49A71BDE79DF85E
:1016D0000AC06046022838BF02204B1D5A0004EBA6
:1016E0004303441E2344BDF808406444013CCCF14C
:1016F000000C04EA0C044042B4F5803F03EA000306
:1017000002D340F20511A0E775B19A1A01203260A8
:1017100091701480D0709DF80C00107101981081A8
:101720004FEA104CA2F806C004FB0134A8E758F8B1
:10173000210028B190F804B0B34504BF80781B188D
:101740000139B8E7DBB2E6458AF804303CBF5FFAFE
:101750008CFE01227B1CA0D10AB189F800E0022690
:1017600040F6FF6A58F82670B7B9013EFAD2601BFE
:1017700005B0BDE8F08F0023E5E707EB41033846ED
:10178000A3F80AA0FFF720FF09F10109BB785FFA6F
:1017900089F18B42F1D8E8E74FF00009F6E700BF86
:1017A000040E0020000E002038B54FF6FF730380B2
:1017B000184B03EB810302461869A8B184780379BA
:1017C000B3FBF4F104FB1133DBB2194600EB410526
:1017D000B5F90A50002D0EDB0131B1FBF4F504FB25
:1017E0001511C9B28B42F1D1002038BD6381BDE82B
:1017F000384009F07DBF00EB41046389C3F30E0359
:101800001380C278002AF1D14FF4E5711720FFF759
:1018100009FD00BF000E00201C4B03EB810370B5D7
:101820001C69054644B3030404D54FF4EC7117203A
:10183000FFF7F8FC0146204609F03CFFFF2801466F
:1018400004D02046BDE8704009F052BFA078B5FB37
:10185000F0F300FB1353DBB219460A1D04EB4206FA
:10186000B6F90260002E09DB0131B1FBF0F200FB9A
:101870001211C9B28B42F0D1002070BD8B4201D051
:101880000023E37004EB42025580DAE7000E0020EB
:10189000094B03EB810310B51C690146204609F092
:1018A00009FFFF28014604D02046BDE8104009F09A
:1018B0001FBF002010BD00BF000E0020F8B5104B68
:1018C00003EB810307461C690146204609F0F2FE3E
:1018D000FF28054611D0E288238953EA024606D044
:1018E0000146204609F004FF01463846B04720462D
:1018F0002946FFF769FE0020F8BD0520FCE700BF80
:10190000000E002038B50E4B827903EB82030446AB
:10191000186908B9052038BD8278E1799142F9D279
:101920004B1CE37100EB41035D89B3F90A30002BD6
:10193000F3DBA58009F0DCFE20600020EBE700BFB0
:10194000000E002070B5044610F003000E4603D0D0
:101950004E211820FFF766FCFFF716FE054624B15E
:10196000034831460460FFF70FFE284670BD00BFF4
:101970001C0E00202DE9F14FDFF870B09DF828A073
:101980009DF82C901E46DBF8003007460D46904629
:101990001BB960211820FFF745FC5246092140463B
:1019A00009F00DFD4A4684B20921304609F007FDD1
:1019B00014FA80F1DBF8000009F050FE386018B925
:1019C000286001B0BDE8F08F04442C6038685346AD
:1019D0004146092209F0B6FC28684B4609223146E7
:1019E00001B0BDE8F04F09F0ADBC00BF1C0E0020F7
:1019F00070B50E46044609F0F5FC0546304609F080
:101A0000F1FC044B2A1821461868BDE8704009F023
:101A10004ABE00BF1C0E0020024B186808B109F036
:101A200011BE70471C0E0020134B012200214FF005
:101A3000FF309A60C3F80012C3F80803C3F800151A
:101A4000C3F804259A60C3F80803C3F80015C3F867
:101A500004250A490A4A03F580334FF40040C3F8CD
:101A60000825C1F88000BFF34F8FBFF36F8FC1F817
:101A70008001C3F80825704700F0004000E100E055
:101A80000000F63F024B02681A600020704700BF5A
:101A9000200E0020014B1B68184700BF200E0020BD
:101AA000024B1868003818BF01207047200E002034
:101AB0000A468F2302F8033B0448C368C1F8033089
:101AC0000369536043699360704700BF240E002090
:101AD000024B5A8C02435A845B6A1847240E00203A
:101AE000014B00215B6A1847240E002010B5154CED
:101AF00005F004FE05F0F4FF208DFFF7F1FF237ED3
:101B000063B12246104952F80C3BE36063685360AE
:101B100004F11900A36893600AF022FF218DE06AA6
:101B200002F036FDE36AB3F8AA0002F091FB636BA2
:101B300094F8301094F831009847002384F8383036
:101B400010BD00BF240E0020B11A0000034B93F813
:101B500038300BB1FFF7CABF704700BF240E00201A
:101B600008B5094B93F83820022A04D040F25731C7
:101B70002720FFF757FBDA7A42F00102DA72BDE85C
:101B80000840FFF7B3BF00BF240E002070B50F4D13
:101B9000EE6B3478C90001F0080104F0F304920000
:101BA0000C4302F0040214431B0103F0100304F081
:101BB000EC041C4300F0030004433470B5F84830D3
:101BC00073700223A5F8403070BD00BF240E0020C2
:101BD000F7B5184CE56C06460DB1A36D23B940F678
:101BE000C4012720FFF71EFBB4F85C306B702B7824
:101BF0002F4601F0030123F003030B4307F8033BD7
:101C0000B4F85C20A16D384609F072F90DF10202BA
:101C100001A9206E2565A76509F00AFD019809F064
:101C2000F5FCB4F85C1030600122206E09F09DFCD8
:101C300003B0F0BD240E00202DE9F341694CE56AA4
:101C400095F8141150B92A7D94F8673003EB82039C
:101C5000FF2B03D195F815318B4202D0FF2005F000
:101C6000C1FAE66A00238DF80130ADF80230337A0C
:101C7000062B00F2A380DFE803F0047F8282A194A8
:101C8000940094F86830A6F804310DF1020101A81F
:101C9000ADF8023001F0ECFA30B1019820B1052323
:101CA0003372BDF8023013E0E36A93F85130002B31
:101CB0005DD1E06E0DF101020DF1020109F0B9FBF9
:101CC000002854D0BDF80230002B41D101223272DD
:101CD000E063A4F8483003B1C31C6364777A96F8D4
:101CE0000A80367A022E07D0053E012E69D81B786D
:101CF000022B4FF0030666D0E06E09F0F5FB0346B9
:101D0000002862D1032E04D001F0CCFA80F0010348
:101D1000DBB203F0010284F87020EA7C002A56D07E
:101D2000B4F84820002A52D0394642463046FFF7E0
:101D30002DFF606F05F022FCE16B606F05F072FE15
:101D4000012384F8783084F8383002B0BDE8F0819F
:101D50009DF801201AB9028082700323A0E702785F
:101D600002F00302012A0CBF03220222AFE7002384
:101D7000ADF80230012333721B480023A8E7B6F800
:101D80000431E06EADF802300DF101020DF10201F7
:101D900009F04FFB002884D140F2C3512720FFF700
:101DA00041FA0DF1020101A801F062FA08B10198AF
:101DB00010B940F2D251F1E7062371E740F2DC514D
:101DC000ECE7012698E70023A3E70123A1E74246B9
:101DD00039463046FFF7DAFEE06B05F0CFFB05F041
:101DE0007FFEADE7240E0020880E00202DE9F04193
:101DF000404C94F83830012B86B006460F465FFA07
:101E000083F804D040F60C112720FFF70BFAE56A9F
:101E10002B7923B1002129710420FFF759FE2B7A79
:101E2000052B03D134490220FFF752FEE6B9DFB19A
:101E3000E36F30469847B8B194F83030A3B92B7DA2
:101E4000E76A0BB397F8150194F867C00128D5E944
:101E50001E2305F1800105F190050AD0022809D062
:101E600040F225410620D0E706B0BDE8F041FFF77B
:101E70003DBEB04600260120CDE90460CDE902C890
:101E8000CDE9006505F066FD9621012097F8152142
:101E90000CF086F8E56AD4F8803023654FF481733E
:101EA00094F86700A4F854302B7D95F8151100EBD9
:101EB0008300FF2803D195F814318B4201D005F03F
:101EC00091F92B7D7BB1606F05F058FB616F206D40
:101ED00005F0E2FD002005F0BBFB022384F838305A
:101EE00006B0BDE8F081206D05F048FB05F0F8FD77
:101EF000F0E700BF240E0020680E00202DE9F04F0F
:101F0000A14C85B00022CDE90222D4F82CB094F87F
:101F100038200BF1A803022A05460F46019304D08E
:101F200040F6AD112720FFF77DF9226D032092F8CE
:101F300000A05178A4F85C1002440AF00308A4F849
:101F40005400A265002D00F00A8119B1206E09F03D
:101F5000ECFA0146E1649BF80910228D0131C9B207
:101F600081EA9A0642F4007216F00106228541D1F8
:101F70009BF8082022B3032A8BF8091009D8012AFC
:101F80001ED0E06E02A909F079FA90B940F2D4713E
:101F9000C8E7053A012A02D940F2B371C2E701F05D
:101FA00075F910B940F2DE71BCE731460820FFF741
:101FB0008FFDDBE91C21013241F10001CBE91C213D
:101FC000228D002642F400628BF8086022859BF87F
:101FD0001420CAF3C009D2B1B4F85C20BAB105F03C
:101FE00097FD0328FBD0022806D1FFF77FFD05B03F
:101FF000BDE8F08F2E46EAE748B99BF80A2002F0C8
:1020000001024A4503D1012384F83130EDE79BF802
:102010000A0000F00102914555D04FF00009E26C32
:10202000002A40F0AE80B4F85C20B2FA82F2520985
:1020300002EA1A1284F88720002F00F0AB8005F026
:102040005DFBB9F1000F40F0DA800127238D5A06BD
:1020500006D44020FFF744FD238D43F04003238541
:1020600026B1B4F809300133A4F80930002D00F08E
:10207000CB80B4F805300133A4F80530002384F890
:102080008630424802F0D2F8029830B109F0BEFA28
:1020900000220272019901F051FD039B33B100222D
:1020A0001A720C220199039801F016FD002F9CD1A1
:1020B000238D1B069BD48020FFF712FD238D43F058
:1020C0008003238593E7B4F85C20E2B108F1FF3187
:1020D000012918D8218D41F48051218594F884106C
:1020E000914206D294F8302042F0100284F8302059
:1020F00093E7E16C002990D094F8851019B1202065
:10210000FFF7EEFC89E70130B8F1030F8BF80A0006
:102110001AD008F1FF3101290BD8002A3FF47DAF16
:10212000DBE91E21013241F10001CBE91E21A94664
:1021300075E7002A3FF471AFDBE91E21013241F15E
:102140000001CBE91E2168E7228D1149012042F4EC
:1021500080528BF804002285FFF7BAFCECE79BF86D
:1021600014200AB105F010FD94F88620013284F89D
:102170008620228D4FF0000942F4806222854E466F
:102180004DE7012254E700BF240E0020500E00202E
:102190007C0E002094F88620012A3FF650AFE26FB3
:1021A0000120904700283FF44AAF94F83020002ADD
:1021B0007FF445AF628C002A7FF441AF94F8702021
:1021C00022B994F88720002A3FF439AF9BF81320F6
:1021D0001AB10198594609F006FB00209BF814211A
:1021E00096210BF0DDFE0020FFF726FDB9F1000F70
:1021F0003FF42CAF414603A8FFF7EAFC26E741462F
:1022000003A8FFF7E5FC20E7B4F807300133A4F892
:10221000073036E710B5064B93F8382002F0FF047C
:1022200022B91C7602F0ACF9204610BD0C24FBE765
:10223000240E00200A4B0B4A10B51A60FFF7EAFF84
:1022400020B14FF4B1712720FEF7ECFF00F084FFBE
:10225000054CC4F8800000F083FF606710BD00BF2C
:10226000EC170020E4230000240E0020F8B55A4C9F
:10227000054694F8380000F0FF0610B909B102B124
:1022800023B94FF420712720FEF7CCFF63639DF83C
:1022900018306162E26784F88530E56284F8306066
:1022A00084F8866084F8316084F8786066842685D6
:1022B00084F8706084F88760E6636664A4F8486018
:1022C0002665A665A4F85C6004F0BCFF05F008FC78
:1022D00095F91C0105F000F8D5F8D070D5F8C800C4
:1022E00005F000F8384605F03BF995F8240005F0B4
:1022F00003F80AF087FF95F81421384B33F81230B1
:102300004FF47A7103F5FA73B3FBF1F366331918DE
:10231000304605F05FF8324B186805F027F9D5F81C
:10232000BC30E366D5F8C0302366AB7B233B072B7C
:102330004FD9EB7B233B072B4BD9B5F8E630B5F8EB
:10234000EC0095F81411984228BF18460AF0F7F8E7
:1023500095F8E830834228BF034698B295F8E430F8
:10236000984200D3C3B295F8151184F8683005F18E
:10237000DC000AF06CFB2F7D95F81511B5F8F060C4
:102380000AF0DDF80FB9043080B2864228BF064655
:10239000F3B284F8843084F86730EB7C23B12946AB
:1023A00005F1A80009F01FFA0120FFF745FC002302
:1023B00023606360A360EB886380B5F8AA30238054
:1023C00095F824302371D5F818310BB101221A6029
:1023D000F8BD1B23C7E700BF240E0020F87D0200D4
:1023E000EC170020611B0000FD1E0000ED1D000029
:1023F0004D1B000010B5044609F01EFA08B9002074
:1024000010BDE04309F018FA0028F8D0E31683EA7B
:10241000A4635A1E1A42F2D020460AF00DFC182876
:10242000EDD8A3B2B3EB144F04D184EA142313F014
:10243000FF1FE4D0034B6340581E1840003818BFFC
:102440000120DDE7D6BE898EF0B5070CA7F5AA42BC
:10245000144B543A012A03EA90231FD927F4004071
:1024600042F6AA22801A18BF012000221621164621
:102470001F2487EA060562EA0505013510D0DD0351
:10248000ADB245EA5606E503ADB2013945EA52025E
:102490004FEA53034FEA5404EBD1F0BD0020E4E7C8
:1024A0000020FAE7E0FF3F0010B5044608480BF0B3
:1024B000EFF8204607490BF057FA20460BF050F88A
:1024C00020B1204602F01CFF002010BD1220FCE7C6
:1024D000CC0E0020D40E0020304BF0B55A89B0F855
:1024E0006070B0F85E609D89974228BF174696429B
:1024F00028BF16461B2E85B00C462ED0B5F5A47FFE
:102500002DD040F648039D4201A928BF1D4609F081
:1025100009FABDF80A30BB4228BF3B46E380BDF84C
:102520000C30AB4228BF2B462381BDF80630B342A6
:1025300028BF33466380BDF80830AB4228BF2B4626
:10254000A380FF232370E3881B3B9BB2E02B08D9B9
:1025500040F209513920FEF765FE1B2FCED105B0A0
:10256000F0BD63881B3B9BB2E02B02D940F20B51BC
:10257000F0E72389A3F5A4739BB2B3F5E06F02D90A
:1025800040F20D51E6E7A388A3F5A4739BB2B3F51F
:10259000E06FE4D940F20F51DCE700BFAC0E002041
:1025A000014BD888704700BFAC0E0020044BD87C8C
:1025B000C0F3400080F0010000F00100704700BF50
:1025C000AC0E002008B509F00BFF00F0A3FF00F0EF
:1025D000E7FD0AF09DF901F097FE01F0CFF804F055
:1025E000F7FA0E4B0E4800221A600E4B4FF01B11EB
:1025F0001A801A82DA740C4AC3E901014FF4A471FB
:102600001068D960083212F8041C186283F824108C
:1026100007CA283383E8070008BD00BFF017002071
:1026200003021B00AC0E00209C7C0200044B41F610
:102630004C52C3E906221B229A74FFF7C3BF00BFA6
:10264000AC0E0020024B1B6803B118470C207047EA
:10265000F0170020014B93F934007047AC0E0020B6
:10266000034BDA8802801B7983700020704700BF1B
:10267000AC0E002013B583781A2B044608D8042B1F
:1026800004D9124A22FA03F3DB0705D4122017E01B
:10269000292B01D03B2BF9D12088B0F5706FF5D2F2
:1026A00001A909F05BFF68B9019B93F8202102F0B2
:1026B000FF004AB9A27883F82121FF2283F8202164
:1026C00002B010BD0220FBE70C20F9E7200038041F
:1026D0000188A1F11B039BB2E02B0CD84288A2F524
:1026E000A4739BB244F24810834204D8034B0020E9
:1026F00059819A8170471220704700BFAC0E0020AC
:1027000038B50278447802F0010354EA030102F07C
:10271000020201D1112038BDBAB98578002DF9D057
:10272000002B18BF002400E01D46204609F0C7F822
:102730000028EFD0284609F0C2F80028EAD0054B5F
:1027400000209C73DD731882E5E7002BECD0002499
:102750002546EAE7AC0E002013B5008801A909F070
:1027600016FF044620B9019890F832311BB13A2483
:10277000204602B010BD90F85C3003F0FF04002B3F
:10278000F5D190F853309B0703D1FF2380F8323105
:10279000EEE7024954300AF0E3F8E9E72FD10000F0
:1027A000F8B50378032B054602D912242046F8BD5C
:1027B0004378032BF9D8467E0EB11124F6E78378CF
:1027C000012BF2D100F0E2FCC307F6D5AB7813F091
:1027D000010414D0EA78012A3AD82A693E49A2F2C3
:1027E0005370884236D8AC686FF41C7CA4F6C410D1
:1027F000614488422ED8944234BF122400249807A2
:1028000011D5EA78012A27D82A6934498A4225D87D
:10281000A9683348A1F6C41C84451FD8914238BF2B
:1028200012262643F4B259071DD5EB78012B0CD89C
:102830002B692B49A3F6C4128A4211D8AA68A2F6C2
:10284000C41088420CD89A420DD244F01204ADE76D
:102850001224D4E73024D2E71226E2E73026E0E75C
:1028600044F03004A2E7002CA0D12B7E013B062BC4
:102870009BD801212046FFF70BF8064620B940F609
:1028800042413920FEF7CEFC90300BF067F818B1CA
:1028900096F854309A071CD1EA78A978A868B5F858
:1028A00000C02E7E012A1ABFB2FA82F25209022219
:1028B000CB0748BF2F690B4BC3E90B0783F82010E8
:1028C00083F82120A3F822C083F8246083F828101D
:1028D0006CE70C246AE700BF3CF670028FFD7002C3
:1028E000CBF37002AC0E002000B589B043798DF8AF
:1028F000043083798DF8053001238DF80630037894
:102900008DF80730B0F8013040F271214B4303934A
:10291000B0F803204A430D49059291F824108DF830
:102920001C1000218DF81D100949A2F6C4128A421C
:1029300009D8A3F6C4138B4205D801A8FFF730FFCE
:1029400009B05DF804FB3020FAE700BFAC0E0020B0
:102950003C369C002DE9FF410678012E074604D144
:102960004378012B0DD9122469E0002EFBD10121FF
:102970003046FEF78DFF054600287CD140F69A517F
:1029800007E031460020FEF783FF054620B940F6F8
:102990003F513920FEF746FCBB88002B65D10AF079
:1029A00098FD002863D195F8F430002B61D12846BA
:1029B000FFF77AFD04460028D5D131463046DFF8CE
:1029C0000481FEF765FF98F8143006461BB110B974
:1029D00040F65B51DDE7D8F830200392002B41D060
:1029E00096F8F430002B3DD07B88DBBB98F8203084
:1029F0000093D8F82C2098F8221003AB30460AF048
:102A000026FE78B330460AF0D4FF06F140030746AD
:102A100005F14002643653F8041B42F8041BB3422C
:102A2000F9D12846FFF740FD024610B140F6825129
:102A3000AFE70C2F07D10146284603F05FF8204688
:102A400004B0BDE8F08117B140F68B51A1E798F8CA
:102A50002130296D43F0040385F85430284603F0F3
:102A600027F8ECE7BA887988E6E71124E7E73A2403
:102A7000E5E70C24E3E70AF02AFF04460028DED14C
:102A800095F8543095F8892022B195F88A2013439F
:102A900085F88900053B012BD1D82B6D13B940F681
:102AA000AA5176E701210846FEF7F2FE29460646BE
:102AB0004FF4907208F01CFA0423316D86F85430FC
:102AC0003046CCE7AC0E00202DE9F04F457AA9073F
:102AD00089B0044655D545F001054572072D52D8F9
:102AE00000F054FB35EA000040F0A88194F84870EB
:102AF000002F40F0A381012D45D1A369BA4AA3F26A
:102B00005371914200F29881E26893423BD8A28FC0
:102B1000B4F842309A4236D8E38E228E618DA08C72
:102B200008F0DAFE002800F0878123789A1E022A36
:102B300040F28481012B26D813B9A378012B22D827
:102B40006378032B1FD894F84930013B062B1AD821
:102B5000DFF8988201210020FEF79AFE98F81430E1
:102B60000646ABB901210846FEF792FE002818BFC1
:102B7000064606F190000AF0F1FE814610B30C27DC
:102B800002E06A07AAD11227384609B0BDE8F08FE3
:102B900090300AF0E3FE0028E4D0D6E924126FF06A
:102BA00000439A4208BFB1F1FF3FDBD1637A009343
:102BB000E268617804F1180330460AF048FD814666
:102BC0000028CFD030460AF08AFC08B13A27DBE76C
:102BD00030460AF07EFC01460028F7D10DF11200C4
:102BE000FEF7E2FD0546002800F02481BDF8123012
:102BF00002937F4B0DF1140A18681B7905908AF82F
:102C0000043098F8353013B1504600F097FD029922
:102C1000284609F0CBFCD8F81830C5F8DC3094F819
:102C20004A3004EB430340F2E24B988C598D002369
:102C30005A4685F81E310BFB01F10BFB00F001F049
:102C400033FCA5F8C4B105F1A80BC5F8C400C5F85C
:102C5000C00158460AF0F8FF039000F091FA039B78
:102C6000A5F8E630634B98F812C01B6885F8E4C0FD
:102C700010F0200F0EBF1B22B8F80620B8F808107D
:102C8000A5F8062108BF1146A5F808111BB195F952
:102C90001C11029898470123B8F8062098F80510EF
:102CA000A5F8DA30B8F80830019198F804100091CE
:102CB000033303329BB292B205F1C00105F1BC00AF
:102CC000FEF758FED5F8BC3023B940F6F471392030
:102CD000FEF7A8FAD5F8C03013B940F6F571F6E75B
:102CE00008F0BAFDC5F8C80000F076FF20F07F407C
:102CF000C5F8D00094F84A30D8F81C1004EB430310
:102D000028461A8EDB8EA5F8CE30A5F8CC200AF026
:102D100098FF514605F1160009F0B6FC98F83530D9
:102D200013B9FF2385F80D32D8F8383023B10122CA
:102D300005F59171584698472F49584609F094F97E
:102D400000F04AFF0C23B0FBF3F202FB1300C0B209
:102D5000431DDBB2082B9CBF0D30C3B285F8223077
:102D6000284609F050FC28460AF083FFB9F1000F0D
:102D700003D1617830460AF025FC04F1030BA278F8
:102D800021785B4630460AF0CAFB002858D112274A
:102D9000B5F8AA000021FEF791FD00283FF4F4AE3B
:102DA00041F2882193E7DDF8148045456CD0029B01
:102DB00098F8AC2003F0FD00003818BF012008F19E
:102DC000AD03594609F00DFB00285DD098F8B320FB
:102DD00095F8B30008F1B40305F1B40109F001FB63
:102DE000002851D00B27D3E73CF67002AC0E002030
:102DF00021B10200F4170020BA0E0020E368069308
:102E0000637A8DF81490DB0744BFA369079351469A
:102E100048BF0123304648BF8DF814300AF0A4FDA6
:102E200094F8491030460AF077FB2946304602F004
:102E30003FFEA9E60D27A7E63027A5E61127A3E662
:102E4000B9F1000F02D1304602F05AFAA278217887
:102E50005B4630460AF0C3FBB9F1000F02D10423F0
:102E600086F854303565A17801F0FD0100395A46E5
:102E700018BF012130460AF0CDFB23784BB9A27868
:102E800005930292CAF804305046FEF73BFD002835
:102E900089D0B9F1000FB1D0042130460AF069FBA6
:102EA00000287FF471AE0C2772E700BF10B543799C
:102EB000032B94B057D823F002038DF80630D0F8D6
:102EC0000630CDF807304389ADF80B3001238DF87B
:102ED0000D30038802798DF8042040F27121027BC5
:102EE0008DF805204B43049342884A430792847B24
:102EF000417B41EA0421ADF82810047CC17B41EA02
:102F00000421ADF82E10847C417C41EA0421ADF807
:102F10003410047DC17C41EA0421ADF83A10417DB2
:102F2000847D41EA0421ADF84010C17D007E41EA74
:102F30000021ADF8461000218DF84C100C488DF89A
:102F40004E100C4990F824008DF84D00A2F6C412E2
:102F50008A420AD8A3F6C4138B4206D801A8FFF709
:102F6000B3FD14B010BD1220FBE73020F9E700BF1D
:102F7000AC0E00203C369C0038B501210020FEF745
:102F800087FC054620B941F2BB213920FEF74AF9FA
:102F900090300AF0E3FC1D4B1B7D4BB3E0B195F87C
:102FA0005430053B012B17D828460AF002FD044691
:102FB00010B141F2C621E8E7284602F033F995F84E
:102FC000543023F0040385F8543022462146284625
:102FD00002F094FD204638BD01210846FEF758FC5A
:102FE000054610B941F2D221CFE790300AF0B6FC85
:102FF00008B90C24EEE728460AF0DBFC044600285A
:10300000E8D1284602F00EF9E4E700BFAC0E00203C
:103010000278034672B1427862B142881A2A09D90D
:1030200082881A2A06D9044A006850609B88138156
:103030000020704712207047AC0E0020024B02683F
:103040009A610020704700BFAC0E0020024B02685E
:10305000DA610020704700BFAC0E00200378A3F1B6
:103060000A02112A9DBF024A002093741220704761
:10307000AC0E00200378FF2B15D14378FF2B12D123
:103080008378FF2B0FD1C378FF2B0CD1037923F06A
:10309000E0021F2A07D11F2B05D0044A5B0982F8E2
:1030A0002430002070471220704700BFAC0E002073
:1030B00008B5052000F058F80AF0DEFE014B024A80
:1030C0009A6308BDAC0E0020D924000010B50A4C4C
:1030D000072000F049F8201D084908F067FF04F1B7
:1030E0000800074908F062FF04F10C000549BDE83B
:1030F000104008F05BBF00BFE80E00200C05002068
:10310000140500201C05002038B5074C0D4600F0C2
:10311000F9FB6068256008F041FFFFF787FA00F0CF
:1031200073FD0123237438BDE80E0020014B187C89
:10313000704700BFE80E002010B5064CA06808F0EC
:103140002DFFE06808F02AFFFFF73CFA0023237404
:1031500010BD00BFE80E002000487047F90E0020A7
:1031600000487047FB0F0020C208044900F0070028
:1031700001238340885C03438B547047D0040020B4
:10318000014BD3E900017047D0040020034B1868BD
:10319000C0F30020400040F001007047D004002040
:1031A00008B505F057FA084A002332F82310814287
:1031B00005D302EB83029378044A137008BD0133F0
:1031C0000C2BF2D10023F7E7B07C0200FD100020A9
:1031D000024B1878072828BF07207047FD100020F1
:1031E00008B50068B0F8AA30A0F8653190F814313D
:1031F00080F86411012B06D0022B04D04FF43F71EC
:103200000620FEF70FF880F8673190F81531012B92
:1032100001D0022BF2D180F86831BDE808400249A4
:1032200000F25B1009F09CBB53C00000024B00226F
:1032300083F822209A847047FE100020044B93F8F4
:103240002220012A1ABF036001200020704700BF1E
:10325000FE100020054B93F82210012902461DBFE5
:10326000012083F822009A8400207047FE1000207D
:10327000054B024693F8220020B1136009B19B8CE4
:103280000B800120704700BFFE100020044B93F814
:10329000220000229A8410B183F822200120704776
:1032A000FE100020034B93F82200B0FA80F0400992
:1032B000704700BFFE10002050B90A4A1346012093
:1032C00003F8010B0868C2F801008A889A807047E9
:1032D000012805D1034B0A689A608A88D8719A81BF
:1032E000704700BF2411002050B90B4B187888B1EB
:1032F000D3F80120B3F805300A608B8001207047B5
:10330000012806D1044BD87920B19A680A609B89BC
:10331000F3E70020704700BF2411002010B9044BD0
:1033200018787047012806BF014BD87900207047F4
:1033300024110020F7B500238A888DF80600ADF827
:10334000042008680B4A8DF80730019D1478014667
:1033500002F5A872D8B2844201D8082008E052F8D9
:10336000087F5668AE4208BF8F4203F10103F1D1D6
:1033700003B0F0BD3811002030B5094B01465C7830
:10338000002203F20113D0B2844201D8082005E0E4
:1033900013F8015F8D4202F10102F4D130BD00BF8C
:1033A00038110020F0B5254D95F8984189B0224696
:1033B00005F29911684607F09BFD2146684609F021
:1033C0002EF80446B8B300EB4001C9B202A8FEF7DC
:1033D00061FB631E95F8A161DBB2012495F8981199
:1033E00005E0721CB2FBF1F001FB1022D6B206F12F
:1033F00020020DEB020010F8202C002AF1D103EB83
:1034000043012031694406EB46022A4411F8187C36
:1034100082F8A27111F8177C11F8161C82F8A371BA
:1034200082F8A41100F8204C013BAA19DBB2FF2B53
:1034300082F89941D2D109B0F0BD00BF3811002007
:1034400070B5064688B00C46002A4ED0294A92F83C
:10345000A131D01890F8991119B9FF212820FDF752
:10346000E1FE03EB43011144013391F8A251E570F1
:1034700091F8A35191F8A41161710021257180F890
:10348000991192F89811B3FBF1F001FB103382F817
:10349000A13192F8C23123B9174902F5DD7009F064
:1034A0005CFA657905F03F0545F0400565710D2230
:1034B0000021684607F09AFCE3788DF80F302379F5
:1034C0008DF80E3004AA0423694630468DF80D505D
:1034D00007F014FB9DF81F3023709DF81E306370B9
:1034E0009DF81D30A37008B070BD03216018FEF771
:1034F000D1FAD6E738110020A5330000044B5A78E2
:10350000824286BF1B1893F842010020704700BF1B
:1035100038110020064B00224FF461711A8083F8A5
:10352000C32183F8C421A3F8C61183F8C2217047D0
:103530003811002010B51446FFF7FCFE082813D000
:10354000FFF71AFF094B5A7882420DD904B1207057
:10355000184490F83A3190F84A01012B08BF40F026
:10356000010000F0010010BD0120FAE73811002031
:10357000014BB3F8C60170473811002030B50A4B33
:103580005C7884420ED9184490F802012B3003EB8A
:10359000C004A5790D7053F830001060A3889380A3
:1035A000012030BD0020FCE738110020024607480A
:1035B00010B590F8C34124B1417821B1023003F035
:1035C00029FB204610BD0C46FBE700BF3811002048
:1035D000F8B5184C064648B3617804F5A17008F0B8
:1035E0001EFF94F898510746294604F2991008F0F6
:1035F00016FF2D1AEDB2AF421AD800256278EBB251
:103600009A4201D80120F8BDE21892F842215AB935
:10361000062101FB034104EB0313324601F58571DA
:1036200003F18200FFF70CFF0135E7E70546E5E708
:103630000020E8E738110020F0B51B4E7378834274
:1036400089B007460D462CD9331893F8424144BB44
:103650000D222146684607F0C9FBEB788DF80F3044
:103660002B798DF80E3006EB07106B798DF80D3045
:1036700004AA04236946823007F040FA2A789DF8AC
:103680001F309A420AD16A789DF81E309A4205D1BD
:10369000AC789DF81D30E31A5C425C41204609B0CD
:1036A000F0BD0020FBE700BF38110020074B5A781F
:1036B000824209D91A1892F842212AB9062202FB3D
:1036C000003000F5857070470020704738110020E9
:1036D000034B80F874101B680BB140881847704783
:1036E000F8170020036830B50024D3F8C400A3F80D
:1036F0004040B3F8444042F210754443B4FBF1F447
:10370000A3F844404C1E05FB0242B2FBF1F2A3F8C1
:103710004220094AB2FBF1F20132A3F848209A8F05
:1037200005FB02445A6BB4FBF1F450439C63B0FBBD
:10373000F1F0586330BD00BF005A6202054B1B78A0
:1037400033B9054B1A681B79026003710120704779
:103750000020704700130020D8040020054BFF22F2
:103760001A70054A016811600179117100221A70FE
:10377000704700BF00130020D804002007B5064A98
:103780001068009012798DF804206846FFF7E6FF74
:1037900003B05DF804FB00BF21B1020003460846F8
:1037A00071B13F2B0BD8074AD35C03F07F029142E3
:1037B00005D08CBF0120002000EAD3107047012003
:1037C000704700BFF87C0200FF230B7002234B7090
:1037D00083238B70014B1B78CB7070470413002040
:1037E0002DE9F84FD0F80480D8F8186030460C4620
:1037F00007F0FAFE054620B94FF4AA711020FDF734
:1038000011FD0146304607F0FDFEB5F800B01FFA85
:103810008BF7824617B94FF4AC71EFE7224B1B6868
:1038200000F10309D3B998F8023098F80320237007
:103830006378A4F802B002F00F0223F00F031343E1
:1038400023F0C00363709AF8003003F00303012BE8
:103850000FD0022B0DD04FF4BB71CFE7B8F80200A8
:103860003A464946984705460028DCD12846BDE837
:10387000F88F627863F305126270304607F0C8FE75
:10388000054610B94FF4C071B8E7FB2F02D940F2DA
:103890008F11B3E73A464946201D07F029FB304611
:1038A00007F011FEE2E700BFFC17002038B5134C0B
:1038B00010220021201D07F099FA012525741022FD
:1038C00004F10803002104F11400C4E9013307F0F6
:1038D0008DFA84F8205004F11803C4E90533084A2E
:1038E00000236362A36284F82C30C4F82D30C4F83E
:1038F000313084F835301360A36338BD04130020E1
:10390000FC17002010B5084C2378FF2B04D040F2A0
:1039100099111020FDF786FC07F036F92070BDE8FC
:103920001040FFF7C3BF00BFDD04002010B5034CFB
:10393000207807F043F9FF23237010BDDD04002039
:10394000014B187807F04AB9DD040020014B024A08
:103950001A60704700180020E13700002DE9F3419C
:10396000DFF86881054608F11407D8F80830D8F860
:103970001840227A012A22D1D8F8382052B1137A7D
:103980001BB9BF211020FDF74DFCD8F83840C4B951
:10399000002083E01A7A012AFAD04D4A1C46EFF340
:1039A000108172B650680068506001B962B6A342D7
:1039B00008BFC8F83840237A1BB9EE21E2E73A463F
:1039C000EDE7267AF6B205232372731E0B2B6ED811
:1039D000DFE803F06A062235676D3E6D6D6D6D5B45
:1039E000636813B94FF40371CCE720462946984722
:1039F0000420EFF3108272B6237A052BD9B24FF070
:103A0000000359D12372D8F83810A14201D1C8F867
:103A10003830B2BB62B634E0636813B940F21521A6
:103A2000B0E72946204698470346C3F30723012BF6
:103A3000ADF80400C0B22FD0022BDAD11AE06368CF
:103A400013B940F21D219DE7204698470020D0E79A
:103A500063680BB9FE2195E786222A7001225988F6
:103A6000AA706A7100225869A5F80310AA7107F0BC
:103A70002AFD0420D8F83830A34202D10023C8F828
:103A8000383000283FF471AF08E0124B29461B681C
:103A900020469847034668B9267298B102B0BDE83F
:103AA000F0814FF415716DE740F257216AE740F25B
:103AB0005A2167E70220DDE711B940F27B2161E777
:103AC0001846A6E7002B7FF450AF61E704130020EF
:103AD000081300200018002010B51346027A22B106
:103AE00040F202311020FDF79DFB0A46BDE8104070
:103AF0000146014808F00EBF08130020044890F862
:103B00002C301BB90349243008F021BF704700BF97
:103B10000413002005C900000346064890F83C2025
:103B20003AB190F8352022B900F82D3B024908F04F
:103B30000EBF704704130020C937000010B50A46B5
:103B4000037A23B140F20A311020FDF76BFB0146E6
:103B5000BDE810400148072308F0DCBE1813002020
:103B60001346027A0AB1037270470A4601460148B9
:103B700008F0D0BE081300201B234FF01B128384D3
:103B8000038482618382C260038539B94FF4A473D0
:103B9000034AC3844384C261C3820261704700BF89
:103BA00048014801014908F0DBBE00BF67C90000B9
:103BB0000B8BA2F80B304B8BA2F80D308B8BA2F83D
:103BC0000F30CB8BA2F809000249A2F81130104641
:103BD00008F0C0BEB7C90000094AD2E9000343405B
:103BE00083EAB01181EA43214FEAF3435360054B66
:103BF000116058434FEAF06000EB8000704700BF4F
:103C0000E0040020BB79379E10B50A4C0948082112
:103C1000FDF740FFD4E900321343F7D0064CFFF71D
:103C2000DBFF2060FFF7D8FF236860601843F6D001
:103C300010BD00BFE00400204413002038B5A0F1FF
:103C40000A03DBB2432B144698BF0C4A0D462046AC
:103C500094BFD15CFE2109F004F868B965B12978F8
:103C6000272907D03F2908BF3E212046BDE838401C
:103C700008F0F7BF2621F8E738BD00BF387D020005
:103C8000174B184A9A60184ADA62184A1A61184A99
:103C90005A61184A9A61184A1A63184A5A62184AAD
:103CA000DA64184A9A64184A9A63184B184A9A6058
:103CB000184A1A62184A5A60184A1A60184A9A62D0
:103CC000184ADA62184ADA60184A9A61184A1A637E
:103CD000184A9A64184ADA64184A5A62704700BF50
:103CE0000418002099CD0000D3CF0000A5CF00001C
:103CF0006FCF0000E53F0000A54100009D4000009F
:103D0000C5D00000DDD0000059400000041900209B
:103D1000AFCD000095D00000BFCD0000BBCE0000AD
:103D200023D00000E9CF000041D0000009D00000FE
:103D300051D10000F9D00000F5D00000ABD0000058
:103D4000054B064A1A65064A5A65064B064A1A6525
:103D5000064A5A65704700BF0418002097D2000039
:103D60002BD200000419002015D2000029D3000036
:103D7000054B064A9A65064ADA65064B064A9A6575
:103D8000064A1A66704700BF041800203FC20000B0
:103D900023C300000419002037C1000075C30000D0
:103DA00073B5054601A80E46FFF748FA20B94FF44F
:103DB000AA615120FDF736FA01982222002107F06E
:103DC00015F8019C204600F8036F252E00F2C280F2
:103DD000DFE806F01318383EC0C0C3565A5DC3C3AF
:103DE00062C0C0C0C06EC3C3808097C09EC0C0C048
:103DF000C0C0C0C0C0C0C0A2AEB8294609F068F8B3
:103E0000C0B98CE02E68D6F80832636096F80C32A0
:103E10002372286890F89F3033B908F082FF2B682E
:103E2000DB881844A6F80E02B6F80E3263721B0A3D
:103E3000A3720820FFF70EFA002840F0908040F2AD
:103E40005751B6E72B6893F8213123710220F1E72F
:103E50002B68D3F84C226260D3F85022A260B3F8EA
:103E60005422A281D3F82C22C4F80E20D3F8302299
:103E7000C4F81220D3F89030C4F816301720D9E7D0
:103E80002B6893F8A030E0E700F040F9B8E701466E
:103E9000284600F04DF9B3E71123237159236371CC
:103EA0000023A3713923E371102323720620C1E795
:103EB0002B6893F8A0203AB193F89D20227193F8D3
:103EC0009C3063710320B5E793F89B20227193F82F
:103ED0009A30F6E72B68B3F800212271120A62715A
:103EE000B3F8A220A271120AE271B3F8FC20227288
:103EF000120A6272B3F8A030A3721B0AE37209209F
:103F000098E72B6893F82E21227193F82F31D8E788
:103F1000294608F069F973E7124B1B6813B940F2A0
:103F2000495146E701462A4623209847042081E765
:103F30000C4B1B68002BF2D001462A4624209847E0
:103F4000052077E7074B1B68002BE8D001462A467F
:103F50002520F4E740F244512BE701206AE702B044
:103F600070BD00BF041A00203F289ABF024B53F8CF
:103F700020000020704700BF041800203F289ABF8F
:103F8000024B53F820000020704700BF04190020A6
:103F9000F7B50568D5F8BC6004464FF6FF770DF11C
:103FA00002010DF101023046ADF8027007F041FA4E
:103FB00001A9304607F062FA48B1019807F026FBE4
:103FC0002168A83100220272FFF7B8FDE7E7044933
:103FD00005F1280003B0BDE8F04008F0BBBC00BF0D
:103FE0002DCD000010B503689A7B1E2A04462CD103
:103FF000002283F8512083F84A2083F85622036870
:1040000093F85210B3F8AA0081B11149C3F8A9215D
:1040100083F85220A3F8AA01A3F8AD2103F5D070CC
:1040200008F095FC23680020987310BD0122A3F8C6
:10403000990183F8981183F89F11A3F89C1183F8D4
:104040009B21044903F28F10EAE70220EDE700BF4D
:1040500057CF00003FCF000038B50468E57BBDB9FD
:10406000D1F801200B4BD1F8051013400A4AC4F8CF
:104070006230C3F3076343F008030A4084F86530F5
:10408000C4F8662008F015FE0423E373284638BD03
:104090000125FBE72FC904F76FDB008010B500682E
:1040A000837B042B2ED1D1F80130D1F80540C0F824
:1040B0006230C3F3076343F0080380F865300023E0
:1040C0004A1CC0F8664080F84A30837380F8333168
:1040D00090F8713103F0FF040BB1002010BDB0F86F
:1040E000AA30A0F8733180F87241D1F80130C0F8DD
:1040F00075315368C0F87931034900F2691008F04E
:1041000026FCEAE70120E9E76BD0000010B5044681
:10411000FFF736F8044A054B02400B40C4F8012073
:10412000C4F80530092010BD2FC904F76FDB0080EB
:1041300037B50C460568FFF723F80A4A0A4B0A40D0
:1041400095F862100192034000930B408DF8003007
:104150006B4603CBC4F801000920C4F8051003B076
:1041600030BD00BF6FDB00802FC904F738B5DB041A
:10417000154604D5037D13B10023436338BD446B5A
:104180000134446308F0C3FF836B9C42F6D30023E1
:10419000436303492846BDE8384008F0E1BB00BF4F
:1041A000B9D0000038B50468A37B012B054601D0C7
:1041B000E37BB3BB94F85330980713D44A7884F860
:1041C0005D204A88A4F85E208A88A4F8602043F025
:1041D000020284F85320DA070ED5134904F1540083
:1041E00008F0BEFB94F85330DB070FD4E37B43B1F8
:1041F00053214020FDF716F894F83231002BECD112
:10420000F0E70123E373284608F053FDA37B012B5D
:104210004FF0000301D0002038BDA37384F84A306A
:10422000F9E70120F8E700BF2FD1000070B505685D
:10423000044602F0ABFC054BE8721B6801461BB15B
:104240002046BDE87040184770BD00BF0C1A002022
:10425000024B1B6803B11847704700BF081A0020C3
:10426000F0B51F4D2B78002414709BB1013B6D6895
:10427000DBB21E1B012E0FDC05EBC40655F83470B3
:1042800076688E4208BF874227D0B84271EB060697
:1042900012D214700020F0BD1E19771005EBC70E66
:1042A00055F837C0DEF804708445C6F347068F41E1
:1042B0002CBF33463446DCE705EBC30455F83350D6
:1042C00064688C4208BF854206D0A84271EB0404A2
:1042D00028BF01331370DDE71C4614700120DAE7B4
:1042E0005C13002010F0070208B503D063214820BA
:1042F000FCF798FF18B1034B197258601A70C80088
:1043000008BD00BF5C130020014B00221A707047EB
:104310005C130020014B00221A6070476C130020D0
:1043200008B5044B186810B9FFF7F4FF08BD0C205E
:10433000FCE700BF6C130020024B1879003818BF4F
:10434000012070476C13002013B5CDE90012054B16
:10435000FF225A7100F11003DDE9000183E8030038
:1043600002B010BD6C130020C3693BB983692BB93F
:10437000034B1B681B1A5842584170470120704775
:104380006C13002030B50D4AFF231371D0E906539A
:1043900073B1D0E902140C44D9689D612144D960FD
:1043A000816939B1CB610023C0E90633137130BD97
:1043B0001560F5E7002BF6D0D960F4E76C13002008
:1043C00010B5124AFF231371C16189B91368836163
:1043D00003B1D8611060C1690023C36099B1CB6893
:1043E0007BB18468A3420AD230213720FCF71AFF40
:1043F0008B6988618361002BEDD0D861EBE71B1BD3
:10440000C3600023CB600023137110BD6C13002028
:10441000014B1868704700BF6C130020034B1B68EA
:10442000002003B9704718469B69FAE76C13002017
:104430000B4B00221B6830B504464FF0FF35104689
:1044400023B911B9002808BF104630BDDA68A2426E
:1044500003D3AA423CBF154618461A469B69EFE7AC
:104460006C13002070B50F4CFF232371036A1BB13E
:1044700081689D68A94203D2E5213720FCF7D2FE6E
:10448000C2698669DA619E6152B193619A691AB113
:10449000D361C26811444A1BDA600023237170BDE6
:1044A0002360F3E76C130020F8B52A4E04464FF062
:1044B000000C084686F805C0002135680B4685B912
:1044C0007579002DF6D15BB1984225D3B0FBF3F19D
:1044D000013C03FB01F51C44B4FBF3F48C420ED900
:1044E000F8BD2F690BB19F4207D23B4627B94FF465
:1044F000A3713720FCF796FEA98AAD69DFE7B5FB0B
:10450000F3F603FB165626B9B5FBF2F602FB165678
:10451000DEB10139ED1AE1E7451E1D44B3FBF4F4A9
:10452000B5FBF0F5AC42DBD3B3FBF5F605FB163774
:104530004FB9B6FBF2F702FB176727B9B6FBF1F7E5
:1045400001FB17671FB10135ECE72846C8E7304685
:10455000C6E700BF6C130020FF230B70074A0D2332
:104560004B7082238B701368C1F803305368C1F815
:1045700007309368C1F80B30704700BF72130020FA
:1045800002481622002106F031BC00BF7213002041
:10459000F8B5154D6B7D044623B3D0E96C7608F071
:1045A00031FE94F81421114B114933F81230663062
:1045B0004FF47A7203F23F63B3FBF2F3DB1946F177
:1045C00000061B18B4F8AA206B6046F10006E388C9
:1045D0002A80AE606B8005F10C000222BDE8F84035
:1045E000FFF7BEBAF8BD00BF72130020F87D0200CD
:1045F00059450000024B1B68002283F87020704769
:104600008813002008B502F0C1FA014B187008BDEC
:10461000E8040020024B18686C3001F087B800BF36
:104620008813002038B50F4CFFF7F4FF656801F0E0
:1046300053F863682860186820B940F2F5413220C9
:10464000FCF7F0FD09F03DF810B940F2F741F6E74C
:1046500002F094FF002002F0FBFF636804221A714D
:1046600038BD00BF8813002070B52B4C6368064628
:10467000186809F026F8054620B941F2C431322005
:10468000FCF7D0FD236893F8543013B941F2CA31D6
:10469000F5E776B108F0B4F830B163681A79022A08
:1046A0000ED841F24A31EAE7284608F0C1F800285E
:1046B000F3D163681A79022A17D841F2AA31DEE7EA
:1046C0001A79082A02D941F24B31D8E71B79A2683E
:1046D00003F180431269033B284652F82330984780
:1046E0000C2812D941F2DD31C9E71A79082A02D91A
:1046F00041F2AB31C3E71B79A26803F180435269F1
:10470000033B52F823309847EAE7A368DB68BDE82B
:10471000704053F8203018478813002008B5074B25
:1047200093F900207F2A04D140F29B313220FCF71C
:1047300079FD02707F221A7008BD00BFE8040020D6
:1047400010B504788EB004F00F04224604A908F0D6
:10475000D9FFFFF757FF042C33D11B4C059A236870
:10476000107893F8741088422BD1507893F8751014
:10477000884226D1907893F87610884221D1D0785B
:1047800093F8771088421CD1107993F878108842FA
:1047900017D1517993F87920914212D19DF82120B7
:1047A00093F87A309A420CD10DF10F00FFF7B6FF63
:1047B0009DF90F300093237C227B606804A908F0E8
:1047C00092FF03200EB010BD8813002010B50D4AD3
:1047D00053681979022904D841F2BC413220FCF710
:1047E00021FD1979082902D941F2BD41F6E71B796B
:1047F000926803F180439268033BBDE8104052F891
:10480000233018478813002010B5054C637B2BB16B
:1048100002F044FF02F030FA0023637310BD00BFC2
:104820008813002010B5064CFFF7EEFF63680122E5
:104830001A71FFF7EFFE2068BDE8104009F0CDB90E
:104840008813002010B500B919B9BDE81040FFF772
:10485000E9BF0D4A53681979082904D841F28C41FF
:104860003220FCF7DFFC19790C2902D941F28D4185
:10487000F6E71B79926803F180435268093BBDE873
:10488000104052F8233018478813002038B52F4CB9
:10489000FFF7C0FE656800F01FFF636828601868B6
:1048A00020B940F252413220FCF7BCFC08F009FF6D
:1048B000054610B940F25441F5E7236893F8893072
:1048C0006BB123681A6D93F88A10C3F8F02093F83F
:1048D00054200A4383F85420002283F88920636817
:1048E0001A795AB11B79012B08D02068002109F0F0
:1048F00067F818B9BDE83840FFF794BF2368144A39
:1049000093F88830D05C02F0F7FC0121252002F0FA
:1049100069FC284602F032FE0121084602F0FAFC4A
:10492000E81CFEF743FE607320B102F08BF94020D3
:1049300002F0A8FE626800230821E373A3732374C6
:10494000D380032321735171137138BD8813002064
:104950007C7D020070B5384C63681B79012B0546DD
:1049600004D940F6FC013220FCF75CFC02F06AFC42
:1049700002F094FE02F080F9304802F0F7FD304872
:1049800002F0EEFD2F4802F0ADFC6B7A23B12368F4
:104990001B6E0BB101221A602B7A032B02D140F659
:1049A0002E11E0E7206893B9032190F8882090F851
:1049B00049500E460132B2FBF6F303EB4303D31A20
:1049C000DAB245FA03F3DB072BD580F8882090F99B
:1049D000580002F081FCFFF759FF256895F8483030
:1049E000F3B1D5E920126FF000439A4208BFB1F14C
:1049F000FF3F15D003F0AEFED5E920239042994148
:104A00000ED3236893F8483083B92568FEF7B0FDCC
:104A1000044603F09FFE0C4BE4FB0301C5E92001B3
:104A200070BD013911F0FF01C4D1CEE70120FEF7BE
:104A3000CFFD0028F4D0E8E788130020745300006D
:104A400055555500D6BE898E40420F002DE9F843DA
:104A5000604F06467869D7F80080002303704370E2
:104A6000894602F0A7FD054630B90320FFF754F848
:104A700000252846BDE8F8837C69032E23782FD1D2
:104A800023F00F0343F0030323700C236370786952
:104A9000D8F87430C0F80930B8F87830A0F80D3084
:104AA00098F87A1007F0A2FE3B6893F8482093F834
:104AB000418003F14209002A68D14C467869236895
:104AC000C0F80330A388A0F80730414607F085FE00
:104AD000414BD3F80431002B6CD002F08FFCC4E7BB
:104AE00023F02F0343EA49133968222243F00503D8
:104AF000627023700B6DD3F8C830C4F80F300B6DA3
:104B0000D3F8D020E274100A120C20756275B3F845
:104B1000D82040F2E240B2FBF0F2A275D3F8D420E4
:104B2000B2FBF0F2E275C2F307222276D3F8C4207A
:104B3000B2FBF0F26276C2F30722A276B3F8CC2081
:104B4000E276120A2277B3F8CE206277120AA277B1
:104B5000D3F81720C4F81F20DB7E84F823300B6DB8
:104B600094F8242093F8223022F01F0203F01F0350
:104B7000134384F82430FEF72BFB94F8243003F021
:104B80001F0343EA401384F8243080E793F854204D
:104B900052070CD593F84B204AB193F84C00FEF71E
:104BA00085FD0446002888D04FF0010886E77B6821
:104BB0005879F4E7052E7FF45CAF3B6821681A6DE5
:104BC000C2F8B410A188A2F8B8101B6D83F8B380A6
:104BD0004FE700BF881300200010004010B50021EF
:104BE0000320FFF733FF18B9BDE81040FFF71ABEE6
:104BF000074C0321206808F0E3FE0028F4D00121CF
:104C0000084602F071FD636809221A7110BD00BFE9
:104C10008813002070B5164C6368186808F051FDC1
:104C2000064620B940F261513220FCF7FBFA636876
:104C300020680A221A71002100F070FF23681B6DA2
:104C40009D7D3378C3F340131D4029460520FFF7AF
:104C5000FDFE18B9BDE87040FFF7E4BD20680421EF
:104C600008F0AEFE0028F5D023681B6D9D7570BD61
:104C7000881300202DE9F04F734C95B00546FFF7DF
:104C8000C1FC236893F8543013F0060F04D00122BE
:104C90009621002009F084F92E7806F00F062846A8
:104CA00032460AA908F02EFD0B9D55B39DF8393008
:104CB000012B50D16B7903F0C003A3F140056B4287
:104CC0006B41627B4AB143B1656807F0BFFB636823
:104CD00068715B7923730123A3736368587908288B
:104CE0003BD10B999DF8390008F059FA62680B998D
:104CF000054605329DF83900FEF71CFC6368002864
:104D00003DD0226892F8543013F0030106D0062EED
:104D10009DBF92F84A102943C9B20021606801F092
:104D2000010113F00403817106D0062E9DBF92F895
:104D30004B301D43EBB2002303F00103C3710B9B07
:104D4000F3B19DF8391082F87A10196851679B8881
:104D5000A2F8783014E00023B3E708AA0DF11F0190
:104D6000FEF70CFC20B940F6A5313220FCF75AFAC8
:104D70009DF81F0008A908F012FA0546C1E7D8807F
:104D8000062E00F2C680DFE816F06100E40007009E
:104D9000C400C400C400240002F030FB266896F86A
:104DA0005430980713D06568AB7983B108A8FFF732
:104DB000B5FC9DF920300293237B0193FF230093E0
:104DC000022206F142030AA9284608F07CFC0325CA
:104DD0001DE06568AB79002B00F09B80266896F893
:104DE0005420910719D508A8FFF798FC9DF92030A9
:104DF0000293237B0193FF230093284606F142038D
:104E000006220AA908F05FFC002323740925FFF796
:104E1000FBFC284615B0BDE8F08FD30779D55707BE
:104E200001D502F0EBFA08A8FFF778FC9DF92020E5
:104E300023680292227B0192FF22009242330622D3
:104E400060680AA9C1E700BF88130020236893F8AF
:104E50005420560738D56168CA79002A34D00B9A95
:104E600093F85A001578854256D1557893F85B002F
:104E7000854251D1957893F85C0085424CD1D57824
:104E800093F85D00854247D1157993F85E0085421D
:104E900042D1507993F85F2090423DD19DF839205E
:104EA00093F85900151A6A426A4193F8560001288E
:104EB0004DD0002A4BD193F84C30082B02D04A79C0
:104EC0009A4244D002F09AFA6568AB79002B3CD044
:104ED000266896F85420900720D508A8FFF71EFCF6
:104EE0009DF920300293237B0193FF2300932846F2
:104EF00006F1420300220AA908F0E5FB012323740E
:104F000009256368DA79002A81D19B79002B7FF427
:104F10007EAF02F073FA5AE70022C6E7D10714D534
:104F2000530701D502F06AFA08A8FFF7F7FB9DF9CD
:104F3000202023680292227B0192FF220092606867
:104F4000423300220AA908F0BEFB0325D9E70A254F
:104F5000D7E7616822688B799DF83A00059392F84B
:104F6000483091F807B0012883F0010A40F0A8808A
:104F70000C98477907F0C007A7F1400CDCF1000757
:104F800047EB0C0792F85400460740F19B8092F8DB
:104F90004B00002800F0968092F84C50082D00F04D
:104FA00093802846FEF7AAFA4AEA00005FFA80FAE0
:104FB000002F00F08B800C992846FEF73DFB06463B
:104FC000216891F8542091F8418055074ED50B9AED
:104FD00091F85A00157885427AD1557891F85B009E
:104FE000854275D1957891F85C00854270D1D5786D
:104FF00091F85D0085426BD1157991F85E0085428C
:1050000066D1507991F85F20904261D19DF8395076
:1050100091F85920A81A4542454162685279082AF8
:1050200058D091F84C90A9EB0202D2F1000949EB5B
:105030000209002E51D1BAF1000F50D00C9B9DF8FF
:105040003A204231404607F0CCF9BBF1000F0BD0BB
:10505000236893F85630012B56D02BB9002D53D12D
:1050600010B1B9F1000F51D102F0C8F9236893F8DB
:1050700054309B073FF4ABAE02F0C0F9059B002B08
:105080003FF4A5AE20680C9B9DF83A2000F1420148
:1050900090F8410007F0A5F9256800B90EB308A8FB
:1050A000FFF73CFB9DF920300293237B019348EAF4
:1050B00046085FFA88F30093012205F14203BFE638
:1050C00000275FE74D7969E7002679E73E4677E7F5
:1050D0000025A2E74FF00009ABE70120B5E7304615
:1050E000B3E795F85530023B012B3FF670AE002F29
:1050F0003FF46DAE08A8FFF711FB9DF92030029335
:10510000237B0193FE23D6E70028ADD00A257EE657
:1051100073B5414CFFF778FB236800225A721A6D71
:10512000B2F8AA10598140F2E240D2F8C410B1FBA3
:10513000F0F11984B2F8CC10B2F8CE209A844FF472
:105140007F42DA844FF6FF7259841A856069694696
:1051500007F03CFB236893F8482003F11405EAB1FB
:1051600062691278520619D59DF8052002F0C00236
:10517000402A13D10098BDF804205861AA80207BF2
:10518000082803F10E0239D003F10D01FEF7F6F9FC
:1051900038B941F213413220FCF744F800225A6139
:1051A000ECE723685A7B42F002025A735A6FC3F845
:1051B0001A20B3F87820DA83186D93F95810A830C4
:1051C000FEF786FA2068154907F0C1FB20681449EC
:1051D000036DB3F8AA20A0F833209B7D80F835300A
:1051E0002A3007F0BDFB2068022100F097FCFFF792
:1051F00011FA02B0BDE87040FFF7FCB993F87A10DD
:105200005973596FC3F80E10B3F8781091800021CC
:10521000C3F81A10D983CFE7881300208BD300007E
:1052200047D30000036D10B5044623B940F2613145
:105230003220FBF7F7FF02224272B3F8AA30438113
:10524000FF2380F827304FF6FF730385024907F0EC
:105250007EFB0023236510BD8BD30000F8B5064606
:10526000FDF77AFF174F012178610020FCF7D4FA8F
:10527000054620B940F685013220FBF7D3FF4FF4F5
:105280009072002105F0B2FD01210846FCF7C4FA36
:10529000044620B14FF49072002105F0A7FDBB68D1
:1052A00013B940F68F01E7E7304608F01DF92846AC
:1052B00008F052FB24B12046BDE8F84008F04CBB92
:1052C000F8BD00BF88130020014B024A9A60704766
:1052D00088130020D8530000036810B523B940F6A6
:1052E00077113220FBF79EFF044A13606C33536042
:1052F0009368BDE810401B68184700BF8813002062
:1053000038B5044690F8400000F0FD00003818BFA2
:10531000012084F8410004F14201FDF7E5FF94F813
:105320004030023BDBB2012B94BF0123002384F801
:10533000483015D8FEF71CF9054603F00BFA094B67
:10534000E5FB030194F84830C4E9200143B1002093
:10535000FEF73EF920B940F621213220FBF762FF2B
:1053600038BD00BF40420F000149363007F0F2BAA5
:1053700069D30000CD4700006946000045480000A1
:10538000AFD40000254600001151000099D4000060
:1053900087D40000F5450000254800005DD30000DB
:1053A0008D4800005DD300005DD300005DD3000098
:1053B0005DD300005DD30000DD4B0000154C000004
:1053C0005DD300005DD30000754C00004147000034
:1053D000C1D40000B3D4000055490000845300003C
:1053E0008C53000094530000C8530000D0530000B9
:1053F00008B506F0EDF9054AD2E84F3F0133DBB2BC
:10540000C2E8413F0029F7D108BD00BFA01300202A
:105410002DE9F84F1E46474B04689DF828709DF80B
:105420002C809DF930909DF834A093461A780D4653
:105430000021016032B95868A4F10801BDE8F84FB5
:10544000FFF7D6BF1A2204F1090005F0CFFC0123B3
:10545000A372BBF1060F3CD8DFE80BF00420263B1B
:10546000303B2A00E37A23F0130343F01303E37283
:1054700001232375FF23A375B8F1080F4FF07F03B5
:1054800084F81890E37504F10E0246D004F10D0182
:105490004046FEF773F808BBC3211CE0E37A23F013
:1054A000150343F01503E2E7E37A43F01003DEE768
:1054B000E37A23F0120343F01203D8E7E27A4AF0CA
:1054C0001A0A22F01B020AF01B0A42EA0A02E272DE
:1054D000CEE740F246413320FBF7A4FE637B43F066
:1054E00002036373E37A5B0720D5BA1E012A8BBFE0
:1054F000AA6832681168E26188BFE16104F11C03A7
:1055000094BFB28892889A80E776002323720A4972
:105510002046BDE8F84F07F01DBA6B7C63736B68DB
:105520001968C4F80E109B889380DBE7FF23E376AD
:10553000EBE700BFA01300203D5500002DE9F0432C
:1055400005468DB00C4600200121FCF7A1F9064666
:1055500020B94FF4F1713320FBF764FE903008F06E
:10556000FDF94E4FA5F1080818B196F85430042BF8
:1055700017D1304607F0ADFF98B978684146FFF77C
:1055800037FF4FF40073ADF804309DF8043000206D
:1055900063F307009DF8053063F30F200DB0BDE8FD
:1055A000F08302A905F1230008F0DDF8EE7A16F089
:1055B000100604F10D0906D09DF8186005993246D1
:1055C000484605F095FCEB7AD90601D45B21C2E789
:1055D00013F0040FAA7A95F80DC04FF03E0304F1C2
:1055E000060105F10E002AD095F81BE0BEF1FE0F72
:1055F00025D123700B23A3701301023363700123A1
:10560000E270237184F805C0D5F80E30C4F8063076
:1056100083888B8084F80CE0EB69C4F80D302B8C08
:10562000A9F804302B7EE37478684146FFF7E0FE6A
:10563000237923F0600323714FF40173A3E72370F0
:105640000223A37006F10A0313FB02F30233637013
:10565000E27084F805C0D5F80E30C4F806308388AF
:105660008B80267326442B7E7373EA7A12F008012E
:1056700002D004232371D7E702F00303032B01D1E7
:105680002171D1E7520701D50123F3E7022BF1D0B5
:105690000BB90323EEE7A4215DE700BFA0130020B0
:1056A000233270B592B205460C461E4606F058F8F5
:1056B00025B1034A556014725672147070BD00BF54
:1056C000A013002010B5034C606806F06BF8237A35
:1056D000237010BDA013002038B5134D686806F084
:1056E00067F8044620B940F257113320FBF79AFDC2
:1056F000D5E84F3F013BDBB2C5E8413F0029F7D178
:1057000004F108052322284605F070FB7F23E37788
:10571000FF23A377637584F82330E37C012262F3CF
:105720004613E374284638BDA0130020016810B565
:10573000044631B1034B08395868FFF759FE00237E
:10574000236010BDA01300202DE9F04F8FB09846C4
:10575000BDF86030059304468A46914602F0FAFF90
:10576000D4F8B430039107462046049308F022F899
:105770000546B8F1000F00F06E81B9F1000F00F09E
:10578000E380804617F5FA630693039B43F1000616
:10579000FEF744FE8346594604F1C8000790FEF721
:1057A0000FFED4F8F01011B1079808F049F9CDB107
:1057B000D4F8D050BBF1000F17D0DBE90031DBF893
:1057C0000800C018069B41F10001CDE900362A46C9
:1057D00007F0EFFC8542034608D240F24D3121200C
:1057E000FBF720FDD4F8B050E4E75B46D4F8B010E6
:1057F000069A9D1801F2CF721344B3FBF1F301FB3B
:1058000003F346F10006EB1A66F10002C4E93232F6
:10581000059B002B40F08D804FF0FF326FF000436E
:10582000C4E92423204607F0B2FFD4F89030D4F81E
:10583000941005935A1B834661EB0600012A70F110
:1058400000034FF00003C0F2F680DDF810C094456D
:10585000834100DB0492049BD4F8B400834228BF48
:1058600003460493C4F8BC30B9F1000F05D0D4E965
:105870003223C4E92656C4E92A230423C4E928565E
:10588000C4F8B8B02A468AF8093020463346069153
:1058900007F099FFCAF804B08AF80800B8F1000FC1
:1058A00000F0D48001238AF80030059B039A069902
:1058B000DB1B61EB0202012B72F100004FF00000D4
:1058C000C0F2BB80794D9D42904100DB1D46D4F86B
:1058D000F030D4F8B060002B40F0B48007222046AE
:1058E000A6FB022807F066FF002800F0A880D4E994
:1058F0002630D21848EB00030399974271EB03005E
:105900000DD2D21B6FF0010063EB010390424FF008
:105910000000984102D3954228BF15462E46CAF88A
:105920001060049B5B4534BF002001200FB0BDE830
:10593000F08FBDF8142042F2107328463146E2FB86
:105940000301C4E924016DE790B3D4E924126FF098
:1059500000439A4208BFB1F1FF3F24D0204607F030
:1059600016FF039B099017F1F70243F10003CDE9FD
:105970000C23054640F2024308A88DF82090ADF8AC
:10598000283004F07DF810B940F2964127E7D4E9B9
:1059900024320C995B1A0D9962EB01025B1B62F1D8
:1059A0000002002A40DB039E3D464FF0010839E724
:1059B000D4E93226D4F8B050BB1A5219B3FBF5F330
:1059C00005FB03F346F100069B18A3EB070246F123
:1059D0000006F62A04D8ED1846F10006C84621E76D
:1059E000204607F0D4FE04238DF82930D4E9321381
:1059F000D4F8B050D4F8A0200990521AB2FBF5F2B6
:105A00006A43521843F100032046CDE90C238DF878
:105A1000209007F0D8FE29468DF8280008A806F047
:105A200035FDDDE90C56D9E7039ECDF810903D46D3
:105A30004FF00108F6E604930DE7054647E7D4E981
:105A40002A3056E74FF0FF32134655E7CAE90456AD
:105A50008AF8008065E7B9F1000F7FF493AED4E9CE
:105A600032B1D4F8B080059118EB0B03A7EB0B050E
:105A7000B5FBF8F508FB05F541F100062046ED18E9
:105A8000D4E9262346F1000607F072FE059908FBCB
:105A900000F010EB0B0041F10001C4E932012A468D
:105AA0003346204607F064FE98E700BF0040420FEF
:105AB00038B504460D4690F8F43023B14FF4237105
:105AC0002120FBF7AFFB11B940F28D21F8E70A491D
:105AD0000246F83003F05AFFC4F8F0506B7B03F035
:105AE000FF0113B140F29321EAE784F8F610204653
:105AF000BDE8384008F03EB8A1DA000038B50246EB
:105B000004460D46F830044903F040FF294620467C
:105B1000BDE8384008F02EB8A1DA000001292DE9CF
:105B2000F341044604D9022962D04FF4046135E000
:105B3000D0E9266501F04EFB40F2DA63F6183E4BE1
:105B40005B8803F507534FF47A7245F100053B3348
:105B5000B3FBF2F3F61A65F10005074607F052FBB6
:105B6000BF19D4F8F08000F1660045F100053F1A36
:105B700065F10005D8F8C460FEF74AFC04F1C803DB
:105B800083420ED0CDE900753246D8E96C0107F0AA
:105B900010FB8642034605D240F261312120FBF71B
:105BA00041FB0023254AD4F8F01012689A428FBFB7
:105BB000D1F8C42040F2E240B3FBF0F242438ABF86
:105BC0001846981A9B18C1F8D42041F66A02A1F829
:105BD000D82041F66902904202D94FF4FA61DDE71C
:105BE000DB1945F10005C1E96C3502B0BDE8F08173
:105BF000D0F8F03013B940F2DB71CFE7002540F266
:105C000001125D73A3F81421FF2683F81661D0F802
:105C1000F0002946DC30FDF7AFFFD4F8F00008F0C3
:105C20003DF8C4F8F05084F8F66001F037FC02B09B
:105C3000BDE8F04103F096BEF87D0200AC130020F1
:105C400008B50B4B30B101280DD040F6530121208F
:105C5000FBF7E8FA18601A6841F669039A4206D918
:105C600040F65C01F3E740F6C4121A60F3E708BDA2
:105C7000AC13002038B5094B33F81040084601F04A
:105C8000FDFD054607F0BEFA04F29D74D4302C44A5
:105C90004FF47A73B4FBF3F4204438BDF87D02006E
:105CA0002DE9F84F0C46417D164621F007014C4A7C
:105CB000C26041F0010100224175026194F80E803A
:105CC00005461F461BB10121204600F003FF637B00
:105CD000032B69D8DFE803F002645B6426B940F265
:105CE00017213520FBF79EFA0123637304F1A80006
:105CF00007F096FF4FF0000AD146D4E96C3219EB59
:105D0000030342F10002C4E96C32C5E90032A37B0F
:105D10000A3BDBB21E2B98BF324E20469ABFDE40B4
:105D200006F00106002608F0ABF828B1002E3ED19F
:105D3000607B012818BF022004F1DC0B287558464F
:105D400006F083FEA860002F47D0A8F10C08B8F138
:105D5000010F42D95146284606F0C6FB1FFA80F8CB
:105D6000204608F08DF8074656BB804528D32E758F
:105D7000D4E96C3209FB00F15B1842F10002C5E97D
:105D80000032B9F1000F14D140F29D21A9E7D4F8F7
:105D90001832D4F800A20AEB030903236373ACE7BB
:105DA000D4F8C490CA46A8E74FF4147199E70020CC
:105DB000C2E75146284606F097FB07441FFA87F8CA
:105DC00001224146204600F085FE584606F03DFE81
:105DD000D5E90023A860C4E96C23BDE8F88F00BFB3
:105DE000315E000005000040F7B5104E012333700E
:105DF0000023CDE900336846FBF784FD044618B163
:105E00000023337003B0F0BD009D6B7B002BF2D0FC
:105E100005F5EC77384602F053FD384602F064FD94
:105E20006C7305F5D870FEF7ADFAE4E7B013002007
:105E3000F0B5054687B0A0F5EC7405296BD8DFE80E
:105E400001F003644C6A6A5F637B1BB9EA21352069
:105E5000FBF7E8F9204600F0B7FD00284ED015F812
:105E6000C31C15F8C40C2D4FFFF704FFA5F5987659
:105E700020309528F4697B7894BFC0F1960000200B
:105E8000241A1BB9736B9C4228BF1C46A5F1FC0069
:105E900006F0DBFD00F12005022002F04BFD641B43
:105EA00024EAE474844228BF04460221204602F01A
:105EB0006DFD10B102F054FC254400238F222946C9
:105EC000304606F06DFE7860F06902F045FC14483B
:105ED00007B0BDE8F04003F093BC214668460123BB
:105EE0000022FFF7DDFE6946284602F093FC10B958
:105EF0004FF43471ABE7E3880133E38007B0F0BDC2
:105F000007B0BDE8F04005F095BC637B042BF5D0ED
:105F10004FF483719BE74FF4857198E7B01300202D
:105F20001D770000024B0022C3E90022FFF75CBF8F
:105F3000B0130020014B5870704700BFB013002011
:105F400008B501F047F9044B5A6882422ABF187815
:105F5000002080F0010008BDB013002010B50446F9
:105F600086B0042963D8DFE801F0032522295C000C
:105F7000304B1A7802F0FF03CAB901460122684685
:105F8000FFF78EFE694604F5EC7002F065FC20B95F
:105F90004FF435713520FBF745F9E3880133E38091
:105FA00001F07CFA06B0BDE8104002F081BC042389
:105FB0006373F5E70323637306B010BDD0F8C430F4
:105FC000D0F81C22C0F8003290F81D31C0F8C4206F
:105FD00041F64B518A428CBF002303F0010340F28B
:105FE000E24180F81E31ADF80410B0F8DA30D0F894
:105FF0001812C0F8D410B0F81612A0F8D8105343F5
:10600000D0F82012C0F8CC10019A0093194600F580
:10601000D870FEF799F904F1A80007F001FE0223F9
:10602000C9E7A83006B0BDE8104007F0F9BD40F25E
:106030006531AFE7B01300200D4A0146107890B9E2
:106040000129536807D1B3F80421B3F8E8309A4224
:106050000CD8FFF775BF1289520706D5187C063891
:1060600018BF01207047002070470120704700BF13
:10607000B813002038B5174B1C895A6804431C819B
:1060800000F00304032C04D140F6DF213620FBF797
:10609000C9F8C50748BFD960840706D509680978DB
:1060A0001974062906D00B290ED0820644BF082297
:1060B0001A7038BD917B1C29F7D100240025C2E954
:1060C0001E4501211175F0E7917B1229EDD10021C8
:1060D000F8E700BFB8130020F7B5857B0190A5F164
:1060E0000C03012B044630D8C388B0F814220133C6
:1060F0009BB29A4229D1B0F8AA30A0F8873140F279
:10610000E242D0F81C32B3FBF2F3A0F88931B0F8C8
:106110002032A0F88B310025B0F82232A0F88D3162
:1061200080F88651314900F27D1006F019FC84F8A0
:106130002452B4F82222D4F81C1201A8FDF7D2FA96
:1061400003212046FFF70AFFA573E37B283D282B98
:10615000EDB201D0012D44D8E388B4F81022013308
:106160009B1A1B043DD494F8121294F8143194F83D
:106170001322002908BF19460AB994F8152199423B
:1061800031D194F815319B1A18BF0123012D8CBF12
:106190001E4643F0010684F8141184F81521FF23EC
:1061A00084F81631124B1B6804F1A8070BB138466E
:1061B00098471EB1237B43F001032373384606F052
:1061C0005DFC18B1237B43F00203237304212046B6
:1061D000FFF7C4FE0023012D84F82C3194BFA37374
:1061E000E37303B0F0BD0123D0E700BF9BCE0000F6
:1061F000181A002008B54B78232B02460CD013D870
:10620000142B03D003F0FB0112290DD118460121F4
:10621000BDE8084007F09DBD03689B7B2C2B03D194
:10622000024B1B6803B19847002008BD141A0020D8
:1062300013460A1E08BF1F22162870B51ED009D8A3
:10624000032821D0022803D9122817D0142815D0EA
:10625000002012E025280BD82228F9D920490C6803
:10626000002CF5D0014618462346BDE8704018477B
:10627000A0F1FE0358425841400070BDBDE8704097
:106280001A46002107F065BD1C68A37B192B01D0BD
:10629000132B23D194F8523003BB84F8513084F887
:1062A0004A3094F8973103F0FF0523B14FF4816130
:1062B0003620FAF7B7FFB4F8AA30A4F8993184F879
:1062C000982184F89B51C4F89C5184F85652054992
:1062D00004F28F1006F03BFBA573B9E70220CCE770
:1062E000101A00203FCF00002DE9F743984F804659
:1062F0007C680E46002284F84C20398988055EBFF0
:10630000B4F84020013292B2A4F84020204607F0B1
:10631000FCFC38B10B4604F59B7204F1A801204641
:10632000FDF724FF3B8903F4C06333B1A37C23B999
:106330000121A1742046FFF711FEB8F1000F40F0D3
:10634000D980002E40F0D6803B897D68590705D55D
:106350002A7C062A02BF01227A742E749A0713D56A
:10636000387C0123072885F89F300AD011281FD0D8
:10637000FDF704FE034628B94FF4C3613620FAF74F
:1063800051FF744B744898473B891B0743D57B6882
:1063900093F89E20012A0DD0032A1AD092B9D988E9
:1063A000B3F81402091A0C040CD483F8242209E06F
:1063B0006A4BE7E7DA88B3F80E12521A100401D4D8
:1063C00000229A7393F89E20FE2A11D140F2256193
:1063D000D4E79A7B133AD2B2092A05D840F2412178
:1063E00021FA02F2D107EDD4002283F85622DEE72B
:1063F000FE2283F89E209A7B0C2A2BD0282A2BD0B1
:106400000A2A01D10B229A731A7C072A01BF0222A1
:106410007A7400221A743B89DA0731D5FA687B68EE
:106420001668997B93F85200347807F07FFC28B106
:10643000112C4ED84A4BE340DB074AD51179204650
:10644000FDF7ACF950B9FB6843481A79314606F0BC
:1064500059FC14E00D22D6E72922D4E70D2C32D0C6
:10646000112C32D0072C32D02046FDF77DFD03469B
:106470000028E8D0FA68384812793146984706462D
:106480003B781C0707D5A97B95F8520007F04EFC16
:10649000002818BF08262846FFF71EFE7C6894F8DF
:1064A0009E30FE2B26D1237C063B012B22D994F86B
:1064B000203103F0FF0273B10023A4F8443002231B
:1064C000A4F89E3016E0274BD4E7274BD2E7274BA2
:1064D000D0E70826D4E7A37B002B49D194F83E20CF
:1064E000002A51D01222A4F89E20A4F8463001239D
:1064F00084F84A307C6894F820311BB9237C063B31
:10650000012B04D8B4F844300133A4F8443094F893
:106510004A1021B1B4F846300133A4F8463094F95A
:10652000502022B1B4F84E300133A4F84E30B8F107
:10653000000F40F041827B7C022B00F03982012B5E
:1065400040F0E981637C002B40F0F9810021FFE1FC
:10655000B8130020F5DC0000BC130020DDDC0000D7
:1065600074280200DFDD000017DE0000F561000086
:106570001C2B33D018D8112B2AD0122B22D0032B4E
:106580002ED00F3B102BB5D9E37B222B34D8202BF8
:1065900000F295805A1E032A37D8023B022B79D885
:1065A000DFE803F0866EE800272B1FD0342BE8D1FC
:1065B0001123A4F89E30012384F8A030A4F84620CB
:1065C000A27397E70B23A4F89E30A4F846208EE729
:1065D000D4F82832C4F890300323F4E70623F2E716
:1065E00094F8993084F8A030072369E71823A4F8B9
:1065F0009E30A4F846207DE72C2B00F0BD80342B84
:1066000000F0B180252B00F0948094F89E30FE2B92
:106610007FF470AF7D6895F89E30FE2B00F0AE8061
:10662000A37B002B7FF466AF94F80D32002B3FF470
:1066300061AFE07B06F056FB054600287FF45AAFB9
:10664000E3880A2B7FF656AF6846FDF777F80028F7
:106650003FF450AF052204F11701684604F0A8FB8F
:10666000002800F055819DF80430009884F80C3221
:106670000123C4F80802A4F89E3084F80D5239E7CB
:1066800094F8983084F8A0300723A4F89E300023B3
:10669000E373BAE70C23A4F89E3094F85330002239
:1066A00043F00103A4F84E2084F85330E273ACE7C2
:1066B0001323A4F89E300023A4F84E30E8E794F8A2
:1066C0002331002BA1D194F82231ABB1E37B282BED
:1066D00004F1A80004F5917104F2122227D0A37BE3
:1066E000283B012B8CBF0023012306F0B2F92223A3
:1066F000E373002384F82231E37B222B85D104F15C
:10670000A80006F0BBF918B104F23F10FDF74AFAF1
:10671000B4F8FE30A4F8A030B4F80231A4F8A230E6
:106720001523A4F89E300023A4F84E306DE7012312
:10673000DBE794F82C31012B10D094F82C31022B8C
:106740007FF463AF0023D4F80C21D4F82E119D48B8
:1067500005F030FD1823A4F89E3056E794F82D314B
:10676000002BEAD1EEE71123A4F89E30002384F831
:10677000A030A1E70923EEE72423ECE7AB7B002B55
:106780007FF44EAF95F8243273B1E87B06F0AAFA95
:1067900050B9EB7B332B07D0A5F89E0094F89E30C0
:1067A000FE2B7FF4A7AE3BE795F8563203F0FF02CD
:1067B000ABB1EB7C5BB12B7D13B940F21771DDE51A
:1067C0000A23A5F89E300023A5F846300FE0D5F83F
:1067D0002822C5F890200322A5F89E20F4E795F81A
:1067E000333143B10823A5F89E30A5F84620012394
:1067F00085F84A30D2E795F8323173B195F85330C5
:1068000013F00302CAD10C2143F00103A5F89E1036
:1068100085F8533085F83221C0E795F8223113B35B
:1068200095F82331FBB9EB7B282B05F1A80005F582
:10683000917105F2122214D0AB7B283B012B8CBF47
:106840000023012306F005F9002385F82231B5F86D
:10685000FE20A5F8A020B5F80221A5F8A220142258
:10686000BAE70123EEE795F82C31012B33D195F8E7
:106870002D3183BBE87B06F035FA60BB95F8141127
:10688000012905D0022903D04FF43F71062076E597
:1068900095F81521012A01D0022AF5D1022995F88F
:1068A0002E3106D0012B14BF002301231BB9162360
:1068B00087E7022BF7E7022A95F82F3109D0012B41
:1068C000F5D140480021FCF78BFC002385F82C31E2
:1068D00064E7022BF4E795F8353153B195F82D3183
:1068E00003F0FF022BB9EB7B233B072B01D92323BA
:1068F00079E795F83431012B04D1002385F8343140
:10690000252269E795F83431022B7FF447AFF4E78D
:1069100084F80D02B3E656B1F0064BD431074BD4E0
:10692000B2074BD1B3064BD440F6633126E5B9B17B
:10693000B4F84610B4F84830994211D9222384F8AB
:1069400031302048FDF724FB0023E381A3740221AA
:106950002046FFF703FB03B0BDE8F043FCF796BC0D
:106960002AB1B4F84E20B4F848309A42E6D8B4F8C8
:106970004420B4F842309A420ED2B4F84420B4F81D
:1069800048309A42DAD2A27CB4F840304AB9052B9A
:106990007FF6DCAD3E23D2E794F82031002BCDD139
:1069A000EBE7B4F842209A423FF6D0AD0823C6E7A1
:1069B0001623C4E71E23C2E73D23C0E72A23BEE710
:1069C0002323BCE7BC13002073B53D4D00260446CD
:1069D00068602E812E706E74FF2380F84C30837BAC
:1069E0000A3B012B11D8C388B0F80E229B1A190458
:1069F0000BD400F50271163005F046FEA37B0B2B7D
:106A000008BFA673FF2384F84B30B4F8F821013295
:106A100092B204F1A801204605F07CFE0023A4F800
:106A2000F83194F84A302BB1B4F84620B4F8483025
:106A30009A4214D294F950302BB1B4F84E20B4F8E5
:106A400048309A420BD2B4F84220B4F84430934212
:106A500005D2A17CB4F8403039B9052B07D9002103
:106A60000846FFF741FC002027E09A42F7D994F846
:106A70009E10FE2902D01348FDF792F96C68124A65
:106A8000A17B94F8520007F051F9104B0090104987
:106A90002046FBF7EBFB6C68237BDA0703D509483C
:106AA0000021FCF79DFB237B9B0703D504F23F10DD
:106AB000FDF778F800232373012002B070BD00BFFA
:106AC000B8130020BC13002039600000E962000008
:106AD00075600000B0F8F8310B4470B5A0F8F831DB
:106AE000B0F840300B44A0F8403004460D4616463E
:106AF00007F00BF990B1636B0B44636304F1A801D9
:106B0000204606F004FBD4E90D239A4206D3002365
:106B10001449636304F59B7005F022FF94F84A3032
:106B200023B1B4F846302B44A4F8463094F95030E1
:106B300023B1B4F84E302B44A4F84E3094F82031F1
:106B40001BB9237C063B012B04D8B4F844302B44FA
:106B5000A4F844302046FFF7BFFA16B1E3881D447D
:106B6000E58070BDB9D00000074B93F900301844A0
:106B7000142804DC10F17F0F03DB40B270471420AF
:106B800070476FF07E0070472214002007B57F2306
:106B90000DF107008DF8073000F08EFD03469DF9DA
:106BA000070053B1094B5B785B4240FA83F014282D
:106BB00006DC10F17F0F05DB40B203B05DF804FB8B
:106BC0001420FAE76FF07E00F7E700BF22140020E0
:106BD000024B00221A705A70704700BF2214002026
:106BE000064BD3F8000138B1D3F8040120B1D3F833
:106BF0000801B0FA80F04009704700BF00F0004083
:106C0000034B00221A705A7010229A70704700BF0E
:106C10002414002070B50646022014460D4600F0EC
:106C2000A3F8064B01221A70054B033CC3F810452C
:106C3000C3F80865C3F8045570BD00BF24140020D4
:106C400000F0004008B5022000F08EF8084B012249
:106C50001A70084B0022C3F80021C3F80421C3F8BE
:106C6000082103F580334FF40002C3F8042508BD62
:106C70002414002000F000400E4A08B5137883B1B8
:106C80000D4B4FF40001C3F80815FFF7A9FF68B1D9
:106C900001235370094BD3F80034DBB29370002307
:106CA0001370BDE80840002000F05EB8507010235B
:106CB000F4E700BF2414002000F0014000F0004081
:106CC000094B1A7862B1094BD3F8002152B1D3F8BD
:106CD000040140B1D3F80801B0FA80F040097047D0
:106CE00058787047022070472414002000F00040BC
:106CF00008B5074B1A783AB1FFF772FF30B1054B70
:106D0000D3F80004C0B208BD9878FCE71020FAE779
:106D10002414002000F0004008B50A4BD3F80025E9
:106D2000032A04BF01229A600022C3F80025C3F899
:106D3000002500F0D5FE044B4FF40002C3F80825EF
:106D400008BD00BF00F0004000F00140054B4FF4CB
:106D50000042C3F88020BFF34F8FBFF36F8FFFF760
:106D6000DBBF00BF00E100E010B50446FFF7D4FF31
:106D7000012C06D0022C0CD054B18C213D20FAF706
:106D800051FA0B4B0222C3F800250A4AC3F8142516
:106D900010BD074B0322C3F80025064AC3F814258B
:106DA00003F580334FF40002C3F80425F0E700BF79
:106DB00000F0004027140020044B1868062818BF74
:106DC000B0F1FF3F0CBF012000207047701700207A
:106DD000044B1868062818BFB0F1FF3F0CBF012014
:106DE000002070477017002008B5FFF7E5FF38B1A5
:106DF000044B1868063810F1080F94BF00200120DA
:106E000008BD00BF7417002008B5FFF7E1FF38B1D7
:106E1000044B1868063810F1080F94BF00200120B9
:106E200008BD00BF7417002008B5FFF7C5FF38B1D3
:106E3000044B1868063810F1080F8CBF00200120A1
:106E400008BD00BF74170020064B0022C3F80021C4
:106E5000C3F80C21C3F81021C3F80421C3F808219A
:106E6000704700BF0010004070B5134D6E7F0346A1
:106E7000084626B940F6C1013E20FAF7D3F963B9B6
:106E8000012EAC69297F05D100F018FD20442B6943
:106E9000C01A70BD07F090F8F8E7012B09D1012E58
:106EA000AC69297F02D100F0F9FCEFE707F08FF819
:106EB000ECE70020EBE700BF381500200B4B93F800
:106EC0002B0088B193F82A307BB1094BD3F800220C
:106ED00042F00102C3F80022D3F8500500F0F6009A
:106EE000023818BF01207047012070473815002074
:106EF0000010004008B5094B01281871084B06D056
:106F0000022808D040F645513E20FAF78BF90322BB
:106F1000C3F8102508BD0422FAE700BF3815002089
:106F20000010004008B570B9104B2831D9601846E0
:106F30000F4900F0FFFE0130012816D940F2C2616E
:106F40003E20FAF76FF901280CD1084B2931D9609E
:106F50001846074900F0F4FE0130012805D940F237
:106F6000CC61EDE74FF4DA61EAE708BDEC040020FC
:106F7000807D020008B50C4B5B78012B09D100F035
:106F8000E5FE013001280ED940F611113E20FAF736
:106F900049F9022B07D100F0DFFE0130012802D9A8
:106FA00040F61711F2E708BD38150020094B0A4AD0
:106FB0001B89B3F5166F3ABFA3F6381343F48073F9
:106FC000A3F5166300F07F00C2F80835C2F8540537
:106FD000704700BF381500200010004010B50C4667
:106FE000FFF788FF2046FFF7E1FF0F4A0023C2F8B2
:106FF0001C31D2F8003243F48873C2F8003240F2F8
:107000000313C2F8343540F25B63C2F83835FFF73A
:10701000EBFE40B9FFF708FF28B9D2F8683543F412
:10702000C023C2F8683510BD0010004073B50C468F
:10703000154D0646FFF75EFF2046FFF7B7FF2146D6
:1070400095F9052001AB304600F010FE9DF80500D3
:1070500000F088FE20B140F2E3513E20FAF7E2F85A
:107060009DF90400294600F011FC084B40F2031280
:10707000C3F83425284640F25B62C3F8382502B0D5
:10708000BDE8704000F0D6BD38150020001000406B
:107090002DE9F04106460C46174601F069FB002831
:1070A000FBD02C4B2C4D4FF40022C3F808259EBB7F
:1070B00001236B7095F82A301BB9A9793846FFF780
:1070C000B5FF264B33F817304FF47A7203F5FA7395
:1070D000B3FBF2F3224AE41A1E4BC3F8AC252B692A
:1070E0001C4A204FE1184FF001081F4B85F82A80F9
:1070F000C7F84015C2F8A8352B6A43F400232B6269
:107100004FF40023C2F80435FFF7D8FE0446B8B99F
:1071100000242046BDE8F081012E0CD102236B70C3
:1071200095F82A301BB9A9793846FFF757FF094B64
:107130000E4A293CD1E740F634013E20FAF772F8B6
:10714000C7F84C80D7F84C358B42E1DA3046FFF770
:10715000E9FEDEE700F0014038150020F87D02006E
:1071600000100040008000404081004004100040BA
:1071700008B540221048002103F038FE0F4B1B6871
:1071800023F004020A2A05D0102B03D0082B0ED1BD
:10719000402200E024220A48FF2103F027FE4FF09E
:1071A00080430022C3F8082EC3F8102E08BD0D2B13
:1071B000EED03822EFE700BF38150020701700200E
:1071C000000E0040024B0344187E00F51660704725
:1071D000807D0200024B98691B69C01A704700BF8E
:1071E00038150020FF2808B504D940F2CB213E20F5
:1071F000FAF718F8114B0129188504D0022919D083
:107200004FF44F71F3E700230D4A43F4801340F02D
:10721000007043F4847340F44030C2F81435C2F86F
:107220001805D2F8503503F0F703032B05D140F2CF
:107230005631DCE74FF08073E6E708BD38150020D3
:10724000001000401E4B2DE9F0410226C3F880607B
:10725000BFF34F8FBFF36F8F01F084FA044601F044
:10726000C5FB184D001B184C286100274FF0010882
:10727000C4F8FC7FC4F8FC8F00F08CFC40F20122C3
:10728000C4F83085C4F85026104AC4F80062107C57
:1072900000F080FD0E4A0A4B0E49C2F80415102278
:1072A000AF836F85AF61C3F88061C4F804231E60AB
:1072B0002B6C03B19847BDE8F04100F02FBD00BF33
:1072C00000E100E03815002000100040EC04002030
:1072D00000F001400000020C014B5871704700BFE4
:1072E00038150020034B020E0002C3F82425C3F812
:1072F0001C05704700100040044B054A0344907180
:107300001B7E03F516631381704700BF807D02006A
:1073100038150020F8B52B4C94F82B3006460F4654
:1073200023B940F206713E20F9F77CFF264A01237B
:1073300084F82A30D2F8003243F00103C2F8003258
:1073400001F016FA0028FBD02EBB0123A17963704F
:107350003846FFF76BFE6378012B02D04FF4E961EA
:10736000E1E71A4AD364A2F5E0421360174BD3F861
:107370004C5530462946FFF7D5FD2369ED1AF6B97D
:10738000134B33F817304FF47A7203F5FA73B3FBEB
:10739000F2F35819F8BD012EE8D10223A1796370E8
:1073A0003846FFF71BFE6378022B02D040F2517182
:1073B000B9E7064BDE64A3F5E0435E60D6E705F16E
:1073C0002900E7E738150020001000400080004049
:1073D000F87D020008B5FFF75BFE58B9064BC3F80D
:1073E0004005A3F5E04301221A610220BDE80840F0
:1073F000FCF792BB08BD00BF0080004073B5234B73
:107400002349D3F80443234D02224FF0FF30C3F841
:107410000803C1F880212049C3F8002200226A85B0
:10742000C1F8402501F5B8314FF46026C1F8086570
:10743000D3F85015C9B204F01004D1B18DF807008B
:10744000C3F8102101221A619DF8072012B1D3F868
:1074500010213AB19DF807305BB940F6FF013E209C
:10746000F9F7E0FE9DF80720013AD2B28DF8072027
:10747000EAE7FFF77FFD054B0022C3F810212A80C1
:1074800014B11022C3F8042302B070BD00100040F4
:1074900000E100E0381500200080004038B51B4DA9
:1074A0000024C5F84845C5F84445C5F84045C5F829
:1074B0004C45FFF7A3FF00F037FC154B15491A6A3E
:1074C0001C6242F0446242F40032C1F80825C3E96C
:1074D0000544DC70104BC5F848450222C5F8444508
:1074E000C5F84045C5F84C45C5F84841C5F8444184
:1074F000C5F84041C5F84C41C3F88020BFF34F8F19
:10750000BFF36F8FC3F8802138BD00BF00800040FB
:107510003815002000F0014000E100E070B50F4D8B
:107520002C7806461CB96C70EC706C8570BD18B177
:10753000BDE87040FFF762BF013C18BF0124AA7884
:1075400096212046FFF790FC2E80AA7885F82A60C5
:1075500001462046BDE87040FFF73CBF38150020CB
:10756000014BC3F83C0570470010004010B50FC830
:10757000014C84E80F0010BD7C1500200A490B4B1C
:1075800010B5C1F80405012483F82B405862FFF7B9
:1075900095FC40B9064BC3F840050C610320BDE8DB
:1075A0001040FCF7B9BA10BD00100040381500209B
:1075B00000800040084B10B5C3F80405074B0122BA
:1075C00083F82B205862FFF779FC044608B9FFF7CF
:1075D00015FF204610BD00BF0010004038150020E8
:1075E000174B1A6910449A69824210B5154C09D399
:1075F0000220FCF791FA0023C4F84035124B012217
:107600001A610CE00122DA706264D4F84415053185
:10761000814205D30C4BD3F804110029F0D010BDE2
:107620000022C4F84421C4F844051A6A42F48002D6
:107630001A62064B4FF48002C3F80425EFE700BF3F
:1076400038150020008000400010004000F001408C
:1076500010B50B4C0346607F217F227901284FF043
:10766000960009D100F038F9A36922699B1ABDE898
:1076700010401844FFF7B4BF00F048F9F4E700BF2A
:1076800038150020044BC3F86005D3F8002242F0FF
:107690004002C3F80022704700100040054BD3F8A9
:1076A000002222F04002C3F800220022C3F8602525
:1076B000704700BF001000400A4A0146D2F81C0182
:1076C00082B068B1D2F8483503F07F035B420B709B
:1076D0000023C2F81C31D2F81C310193019B012018
:1076E00002B0704700100040034B002814BF022274
:1076F000012299701A70704738150020054B00223E
:10770000C3F84025044AD2F85035DBB20BB101234F
:107710001361704700800040001000402DE9F047E1
:1077200001F022F84D4C4E4E4FF00109C4E90C0116
:10773000C6F84C90D6F84C35A363FFF71BFC494BB9
:10774000226AC3F808250025474A2562C3F8AC55CC
:10775000D2F8003223F48E7323F00103C2F8003212
:10776000D6F84835A361D6F844356361637863770A
:10777000D2F80C8184F82B50D2F81011FFF764FB7B
:107780006778022F4FD1E37813B1D6F8443113BB99
:10779000B8F1000F26D0FFF727FB50BBFFF744FBE3
:1077A00038BB314BD3F85034D90122D51A0705D054
:1077B00013F0F00F02D013F4706F1AD12A4AC3F3FA
:1077C00004410129D2F8542413D1012A11D0C3F362
:1077D0004253022B0DD80120FFF7A0FE636CBDE8D9
:1077E000F0471847002937D00120FFF797FE236D97
:1077F000F5E7237923770020258DFFF78FFE1A4BBD
:10780000D3F80034DB070CD5636A5878A84294BFDC
:1078100000200120A36C002180F00100BDE8F047AA
:1078200018470120F6E7012F13D123792377B8F108
:10783000000F06D02846FFF771FEE36C3946284654
:10784000ECE749B13846FFF769FEE36C4146404634
:10785000E4E709B14846C8E7BDE8F08738150020DD
:107860000080004000F0014000100040024B03EB9C
:107870008003186C704700BF807D0200024B03EB51
:107880008003D86C704700BF807D0200024BC0B2FD
:10789000C3F80C05704700BF00100040064A4FF4C3
:1078A0007A7332F91120584300F2E7301044B0FBEC
:1078B000F3F00238704700BFE47D0200054A4FF440
:1078C0007A7332F9112000FB03301044B0FBF3F05F
:1078D000704700BFE47D020038B51D460A4B33F9FE
:1078E000114003EB820305359B681C4404F6B73452
:1078F0004FF47A7303FB00441046B4FBF3F4FFF734
:10790000B5FF2544284438BDE47D020070B5064625
:1079100008461546FFF7B2FF094B03EB85039C6849
:107920004FF47A7304F6B73403FB0644241A28464E
:10793000B4FBF3F4FFF79AFF0530204470BD00BF9D
:10794000E47D0200024B00221A705A709A70704750
:107950008C1500202DE9F041054601200C46174604
:107960009846079EFFF700FA9DF8243005F00301C2
:1079700041EA0341244B41F08071C3F80415234BC5
:10798000214604F11002184651F8044B43F8044B09
:107990009142F9D11E499DF81830C0F81480076152
:1079A000CB763368CB6173680B62174B194AC3F807
:1079B00008051268062A09D001321FBFD3F818251E
:1079C000BDF8200060F30702C3F81825124B134AD4
:1079D000C3F8082515F0FB0F01BF114AC3F898251D
:1079E000FC3AC3F89C250122022D4A7081F82450EC
:1079F00007D8054B0A700021C3F80011C3F8001224
:107A00001A60BDE8F08100BF00F000408F15002033
:107A10008C1500207017002000F0014000000202C9
:107A200000F1004070B5194C637823B94FF4D5715B
:107A30003C20F9F7F7FB164BC3F80C15C3F81005FB
:107A400094F824500122A270C5B924780CB997216A
:107A5000EEE7104CC3F804514FF40035C4F8045558
:107A6000D3F8006116B15A60C4F808550B7803705A
:107A70004B78043343708B78837070BD0021227083
:107A8000C3F80411C3F800221A60F6E78C15002031
:107A900000F0004000F001400E4A08B5537823B9C9
:107AA0004FF4DF713C20F9F7BDFB0B4BC3F80C150D
:107AB0000121C3F81005917012780AB9BA21F1E7D3
:107AC0000022C3F80421054B4FF00072C3F80425CF
:107AD00008BD00BF8C15002000F0004000F0014000
:107AE000084B1A784AB10849084AC1F8082500220B
:107AF000C1F89825C1F89C251A7000225A709A7016
:107B0000704700BF8C15002000F001400000020209
:107B1000194B1B7870B523B94FF4F2713C20F9F77B
:107B200081FB164CD4F80431BBB90223C4F80433EA
:107B3000134B144E1D691A6942F0100205F010052E
:107B40001A61D4F804317BB125B90D4A136923F0C9
:107B5000100313610223C4F80833084BD3F8000460
:107B6000003818BF012070BD4FF40043C6F88031C3
:107B700006F0ACFCE5E700BF8C15002000F00040EB
:107B800000ED00E000E100E0014B01229A60704747
:107B900000F0004010B5FFF71BF988B1224B1B68BD
:107BA000063B083333D9214AD2F83C3723F000434F
:107BB00023F0FF0343F0004343F09603C2F83C3741
:107BC000FFF722F9194C38B1D4F8403723F47F433A
:107BD00043F4B053C4F84037154BC4F8783700F07D
:107BE000D3F838B14FF08053D3F830335A1C18BF54
:107BF000C4F84C374FF01023196E4B1C1FBF0B4AB3
:107C0000D2F88C3561F31743C2F88C3510BD074AA2
:107C1000D2F83C3743F48063C2F83C37FFF7D8F81A
:107C20000028C0D1CCE700BF74170020001000402E
:107C30002C00008908B50146FFF7E6F898B10B79EA
:107C40000948022B4FF08053D0F88825D3F8203311
:107C500022F4FE420CBFC3F30663C3F3062342EAD9
:107C60000323C0F8883508BD001000402DE9F04F0F
:107C7000264C85B0054698460E46174600F0C8F8D3
:107C80002378AB42814611D16378B3420ED194F987
:107C90000230BB420AD1E378834207D1A388A8F817
:107CA000003094F9060005B0BDE8F08F012D06D034
:107CB000022D10D040F289410620F9F7B3FA0020D6
:107CC0000DF10F033A46314600F0A8F8824620B184
:107CD0004621A920F1E70120F2E730469DF90FB0D7
:107CE000FFF770FAA91E4A4203464A41CDF800A0A8
:107CF0004146584600F03CF8B8F80030A071A38027
:107D000025706670A77084F80390CAE70405002008
:107D1000014B1B681B68184724050020014B1B689A
:107D20005B68184724050020014B1B689B681847B7
:107D300024050020014B1B681B69184724050020FF
:107D4000014B1B685B69184724050020014B1B6829
:107D50009B69184724050020014B1B68DB69184705
:107D600024050020014B1B689B6A1847240500204E
:107D700030B4044C9DF8085024680295E468A44689
:107D800030BC604724050020014B1878704700BFC5
:107D90001C1A002010B500220C49134640FA02F4C8
:107DA000E40744BFCA545C1C02F1010248BFE3B2BD
:107DB000042AF3D1054AFF24D118032B01D91071ED
:107DC00010BD013301F8014BDBB2F6E7281A0020A1
:107DD00019E000001FE0000021E0000047E0000083
:107DE00025E0000051E000002BE000005BE0000017
:107DF00031E0000067E000003DE0000041E00000ED
:107E000033E0000039E0000057E0000061E00000CE
:107E1000014B187D704700BFC0150020042810B525
:107E200011D883B104280CBF10242824A1420AD2FF
:107E3000064C54F8200018B141568A42A8BF0A46A1
:107E40001A70002010BD6FF01500FBE7C015002070
:107E500030B50346114890F91C209A4219DD90F97B
:107E600024209A4217DA9A1A846AA05C0C4A1556A2
:107E70009D420DD00E32002918BF01309442C0B28D
:107E800006D129B1013BDBB2012B01D80130C0B2D0
:107E900030BD0D20FCE70020FAE700BFC015002030
:107EA000107E020008B5054B93F91C30984203DAA6
:107EB000FFF7CEFF024B1B56184608BDC015002029
:107EC000107E020008B5184B93F82C20FAB9012255
:107ED00083F82C20154A1268A2F10800082803D85C
:107EE00013490141C90709D5911F092910D9013248
:107EF00012D04FF4DF71742002F0B8FC0D4A9A6280
:107F0000D8221A6283F8242008229A611A7708BDC1
:107F1000094A0A41D207ECD4084A9A62D8221A6266
:107F200083F824200422F0E7C015002070170020F9
:107F3000DEFEFFFF4B7E0200EEFCFFFF1E7E020016
:107F400010F0FF0008B508D14FF0804301225A60BD
:107F5000C3F80001034B187008BD7C21B52002F066
:107F600085FC00BFED150020014B01221A707047FF
:107F7000ED15002008B548B94FF08043D3F8003123
:107F800013B9044B187808BD0120FCE7C221B520C5
:107F900002F06CFCED150020044B1868062818BF91
:107FA000B0F1FF3F0CBF0120002070477017002088
:107FB00008B5094B1A680A2A02D1084B1B6823B17D
:107FC000FFF7EAFF08B9082A04D14FF080430222E4
:107FD000C3F8342C08BD00BF7017002074170020B0
:107FE000F8B50F4E0127375404460D4606F048F801
:107FF00060B934B94FF08043B7707560C3F804734B
:10800000F8BD40F225116D2002F030FC002DF7D0B4
:108010001CB92046A8477460F2E74FF4A071F2E75C
:10802000F0150020044B191800228A7003EB800120
:108030001A544A60704700BFF0150020014B988128
:10804000704700BFF0150020014BD889704700BF72
:10805000F0150020014B9889704700BFF0150020F3
:1080600010B5EFF3108472B6064B03441A7C01324C
:10807000D2B21A741B7C012B01D105F0F5FF04B9B3
:1080800062B610BDF015002010B506F021F805F01D
:10809000F7FF4FF08044084940B1FFF789FF012303
:1080A000236104238B740023CB7410BD03238B74D2
:1080B0000123C4F80433F6E7F015002010B5EFF300
:1080C000108472B6094B03441A7C22B940F257213E
:1080D0006D2002F0CBFB1A7C013AD2B21A741B7CE1
:1080E0000BB9FFF72DFF04B962B610BDF0150020E3
:1080F000024B987C003818BF01207047F015002013
:1081000038B5164C237D23B940F206316D2002F0BC
:10811000ADFB637DC3B9A37DB3B1E27C013B9A4261
:1081200012DA05F0ADFF054602F0F2FCA37D012B4B
:1081300082BFE37C0133E37455B1A369C31A0133F1
:10814000022B09D935B1A061BDE83840FFF79CBFCB
:10815000E369F3E7E061F7E738BD00BFF015002001
:1081600073B51B4D6B7D63B9286A00F0030005F001
:108170009FFF30B1EFF3108372B6AA7C1AB103B936
:1081800062B602B070BD0122AA7403B962B64FF0A4
:1081900080430822C3F808234FF42073ADF806305B
:1081A000BDF80640A4B2631E9BB2ADF80630002CA9
:1081B000F6D14FF080460748C6F80C4106F068F942
:1081C00085F82540FFF760FF0823C6F80433D8E799
:1081D000F0150020141600202DE9F347484C237DAC
:1081E000002B00F08A800323ADF804304FF0804369
:1081F000D3F80051F5B9D3F80481B8F1000F09D0D4
:108200004FF080430022C3F804210222C3F8082360
:10821000FFF7A6FF94F825603A484FF08047F6B282
:10822000D7F80C8106F038F948B340F243316D209D
:1082300002F01CFB00258DF804500122D3F80481C4
:10824000C3F808230DF10409271DA61C19F8010B1A
:1082500003280AD0337843B13B684FF0000A86F810
:1082600000A013B19847C7F800A06B1C022B07F1C0
:10827000040706F101064FF00105E7D1BDE745B15E
:10828000A37C032B05D10423A374FFF791FE0123E4
:108290003B61B8F1000F1FD04FF080430022C3F8BC
:1082A0000C21A37C042B02D040F26931BFE7164BAE
:1082B0001A680A2A02D1154B1B6823B1FFF76CFE1E
:1082C00008B9082A04D14FF080430022C3F8342CA7
:1082D0000223A37405F0FFFE4EB1002384F825307D
:1082E000A37C022B01D1FFF7CFFE05F0F4FE054879
:1082F00002B0BDE8F04706F0DEB802B0BDE8F08796
:10830000F0150020141600207017002074170020AC
:1083100010B5054C206A00F0030005F0C9FE0028E6
:10832000F8D0002010BD00BFF0150020F8B50546BC
:1083300050B10278042A07D8437842B9013B1F2B79
:1083400002D88378212B07D96FF0150075E0002B38
:10835000FAD18378002BF7D17B4B0127C3F88070CB
:10836000BFF34F8FBFF36F8F4FF08046C3F880711C
:10837000764C0B23C6F808330023C6F80031C6F844
:108380000431C6F80C3123746374AB88E38105F0C3
:108390007AFE08B127702774D6F80C24D6F80C346E
:1083A000D20303D5DF0701D5FFF7DEFD4FF4AF633E
:1083B000A3812B78A978637500222262A175E274EB
:1083C000042B4DD8DFE803F005033A484A000123A7
:1083D000236205F05FFE00284DD005F062FE236A9F
:1083E00003F00303984246D1AB79002B3DD1FFF750
:1083F0008FFFA37D6BB12B785BB905F041FE05467D
:1084000002F086FB6FF00043002D00F09980C4E974
:1084100006034FF08043D3F80C24D3F80C34D20376
:1084200003D5DB0701D5FFF79FFD474A0123002055
:10843000A0742375C2F880311360F8BD05F048FEC2
:108440004FF08043D3F80C14D3F80C24CE03F9D5A5
:10845000D007F7D50223BBE73D4BB9E73D4BB7E764
:1084600040F21E516D2002F001FA4FF080430222CB
:10847000C3F80423BDE74FF080430122DA600022F5
:10848000C3F80421226AC3F81825334A1368A3F1FC
:108490000E01012904D90A2B02D0FFF77DFD48B156
:1084A0004FF080534FF08041D3F84432C3F342334E
:1084B000C1F83C351368A3F10E02012A04D90A2B36
:1084C00002D0FFF769FD20B14FF080430122C3F8CD
:1084D0004C254FF0804301229A600222C3F8042306
:1084E000AA79002A85D1D3F80423910702D440F257
:1084F000D141B7E7194A1669116941F010011161BC
:10850000D3F8043106F010060BB905F0E1FF4FF087
:108510008047D7F8043183B1FFF7FAFE26B90F4A36
:10852000136923F0100313614FF080430222C3F854
:1085300008230022C3F804215BE705F0C7FFE8E742
:10854000C4E9063065E700BF00E100E0F015002057
:1085500001000200010003007017002000ED00E0A0
:1085600010B50D4C04F1240005F096FF48B9A37C2A
:10857000022B01D1FFF788FDBDE81040074805F048
:108580009ABF074A012384F82530BDE81040C2F89D
:10859000003105F09DBD00BFF0150020141600202D
:1085A00000E100E038B50C4B0C46197919B1832174
:1085B0006F2002F05BF960B95D790DB1002038BD24
:1085C00001225A71FFF74CFD21462846FFF708FDAE
:1085D000F4E76FF01500F2E71816002038B50B4DE0
:1085E0002B7904461BB19A216F2002F03FF950B954
:1085F0006B790BB9002038BDFFF714FD20466C7174
:10860000FFF75CFDF6E76FF01500F4E718160020A1
:10861000014B9B68184700BF18160020014BDB6810
:10862000184700BF18160020014B1B69184700BFF0
:108630001816002008B5064B1B7923B140F23711FC
:108640006F2002F013F9BDE80840FFF759BD00BFE5
:1086500018160020034B1A790AB9FFF7F5BC988D5C
:10866000704700BF18160020034B1A790AB9FFF7AC
:10867000F1BC988A704700BF18160020024B1B7986
:108680000BB9FFF76DBD704718160020014B9B69B1
:10869000184700BF1816002010B5144C2379A3B159
:1086A000636A9847002806DB94F82E3023B1012333
:1086B00084F83030002010BDFFF7E8FF0028F6DA1C
:1086C00040F28D116F2002F0D1F8094BA361094BE4
:1086D000E361094B2362094BA360094BE360094B3B
:1086E0002361FFF723FE0028E1D0E4E718160020FD
:1086F0001183000061850000F1800000D1E00000DE
:10870000D7E00000DDE0000038B5084B1D790446D5
:1087100025B140F2E1116F2002F0A8F801F026F82F
:108720002046FFF78BFC284638BD00BF18160020F6
:1087300008B5074801F008F8054800F021F801F0F5
:108740002BFA01F00DFA00F01FFB012008BD00BF5D
:108750004C16002001F0BEBB103001F029B800BF5C
:1087600001F03EB801F0EEBC01F0B6BD01F0AEBCC8
:1087700001F02CBC08B52721032002F077F800BFD8
:10878000024B186000221A719A607047541600203C
:1087900070B582B01E4C2379012B11D0DAB2022AB7
:1087A0000BD1A0680DF1070100F014FB0023A360BA
:1087B00023719DF8070002B070BD012002B070BDAA
:1087C000A0680DF1070100F0FBFAA5686B7DDB07DF
:1087D000ECD5AB7F042BE9D001F046F80646002823
:1087E000E4D001F047F82A69B3682E686D689619DD
:1087F00045F1000500220A3342F100021B1842EB4A
:108800000102B342AA41D1D3A06800F085FCCDE7B4
:1088100054160020837F0BB10020704710B50A6802
:108820004B688C68D1F80CC0C0F80CC08460026042
:1088300043600A694B694361012402618477054BF7
:108840001A792AB998601C7100F0A4FF204610BD67
:10885000FFF790FF5416002070B5044682B00D4615
:1088600001F002F8A37F012B17D02B686A68A96872
:108870000646E868E060A160236062606A692B696F
:10888000626101222361A2770DF10701204600F009
:1088900097FA2EB1012002B070BD002002B070BD69
:1088A000024B0421186805F0C4FDF3E754160020BC
:1088B000024B0621186805F0BCBD00BF541600200D
:1088C00010B5084B1A7952B90446986002221A7101
:1088D00000F060FFA07FB0FA80F0400910BDFFF704
:1088E00049FF00BF5416002038B5837FC3B104464A
:1088F00009E0A37F042B09D0A37F012B11D005F041
:10890000E5FDA37F63B1A37F032BF2D1EFF31085C5
:1089100072B6204600F0BCFA05B962B6A37F2BB947
:1089200038BD4FF48271032001F0A0FFFF21032026
:1089300001F09CFF70B5054600F096FF08B30446B1
:1089400000F098FFA4680346E41841F100062846A9
:108950003346224600F072FBA04271EB06034FF053
:1089600000050CD3001B6FF0010361EB060183428D
:1089700075EB010100D370BD4FF0FF3070BD28468C
:1089800070BD40F22911032001F070FF2DE9F04184
:1089900004460F4600F068FF10B385680023621993
:1089A0005B41064613B10020BDE8F08100F062FF94
:1089B0002A1841F100033846A51843F1000800F0D9
:1089C0003DFBA84271EB0801EDD301F083FA00F002
:1089D00019FAB368377523440120B360BDE8F0810C
:1089E0004FF4A371032001F041FF00BF00F042BF2C
:1089F000F8B50369002B4ED1044601F06BFA054629
:108A00000E46FFF711FE78B3D4E90003643546F152
:108A10000006A84273EB060223D3C4E90003EFF378
:108A2000108672B600F020FF054698B100F022FFD4
:108A3000AB6800220B3342F100021B1842EB01012C
:108A4000D4E90002834271EB02053CBF03461146A4
:108A5000C4E9003106B962B62046BDE8F84000F02E
:108A600083BB28463346D8E7FFF7FEFD074600F0F4
:108A70000FFFB8422168626838BF3846963546F124
:108A80000006401946F10003884273EB02053CBF23
:108A900008461346C1E74FF4D171032001F0E6FE0A
:108AA0001C4B1868A0B350E9063130B550F8104C93
:108AB00013F10A02036841F100011519A0F1180031
:108AC00041F1000C1BB922E014D31B68FBB153E940
:108AD0000621AA4271EB0C0419D290F814E013F8A5
:108AE000044C7445F0D19C88B0F81CE0A4EB0E0453
:108AF0002404EAD553F8100C0A3241F1000185181C
:108B0000A3F118001B6841F1000C002BDFD130BD30
:108B1000704700BF6016002070B5264D00236B60C3
:108B2000EFF3108172B6AA686A60AB60EB6009B9B6
:108B300062B66A6872B3204C00269379032BA2F1C7
:108B4000180028D0136873B39A79042AA3F1180384
:108B50008446A6460FD1818B9A8B521A12049A69C9
:108B600044BF0CF1180E184642B19C46A2F11803FE
:108B70009A7F042AEFD09B7F032B16D1DEF80020CA
:108B80001368CEF800300221C368867798476A6878
:108B9000002AD2D170BD116852F80C3C9671696000
:108BA00001219847F3E7A646EAE763219F2001F0F9
:108BB0005DFE00BF60160020641600202DE9F04F16
:108BC0006F4B04681B68456883B08283427D06460C
:108BD000894602F00102002B00F0CB80A3F1180CB3
:108BE000002A6ED0DCE90001844275EB0107644A7B
:108BF0002FD39CF81420337D9A421BD8DCF8083020
:108C00001B1841F1000113F10A0E41F100077445F0
:108C100075EB070280F0A8803269121945F1000057
:108C2000964577EB000801D2724638469A42884151
:108C3000C0F08280DCF818300CF11802002B00F034
:108C40009180A3F1180CDCE90001844275EB010767
:108C5000CFD21F466346B068001945F10008002BCB
:108C600044D0CDE90027CA46D3E9007110F10A0CBF
:108C700048F10002674571EB020245D21A7D96F871
:108C800014C0944519D39A68D21941F1000112F128
:108C90000A0941F1000E4C4575EB0E0745D23769C4
:108CA0003F1945F1000CB9457EEB0C0B01D24F4644
:108CB000F44697427CEB010C3DD39B6923B3183BF0
:108CC000D2E7DCE90001844275EB01012C4A0CD3A8
:108CD000DCF818300CF118023BB1A3F1180CDCE9F8
:108CE0000001844275EB0101F2D21F46334643F87E
:108CF000187F1360FFF7D4FE864210D0002389F856
:108D0000003003B0BDE8F08FDDE900273346D146DF
:108D100043F8187F1360FFF7C3FE8642EED10123AC
:108D200089F8003003B0BDE8F08F2746AC46974283
:108D30007CEB010CC1D2D146114A0423B377916870
:108D4000002333767376B376F37606F118020C4B74
:108D500069B1DB681A600B4B09491878CA6001F0E9
:108D60003DFFCBE71F4676E7224628465EE79A603E
:108D7000F1E712B91746024AB8E7014A1F466AE707
:108D8000601600202805002010B50A4C2378FF2B20
:108D90000AD1094801F0F8FE084B207000221A6041
:108DA0009A60DA601A8210BD4FF48D719F2001F035
:108DB0005DFD00BF28050020198B00006016002013
:108DC000034B1A8A02F1010CA3F810C0FFF7F6BE9C
:108DD0006016002038B504460D46FFF761FE0346D5
:108DE000E31AB3FA83F35B0905482B7004F1180109
:108DF00005F045FB10B10023A377012038BD00BF6B
:108E0000601600202DE9F0431F4E34686CB34FF01C
:108E100000083546C6464FF004092346246853F837
:108E2000187C53F8082CD21953F8147C47F1000C25
:108E300082427CEB010C1AD22A6812682A6083F8FD
:108E40000690B26883F800E083F801E083F802E05E
:108E500083F803E07AB1F2681360F3604FF0010821
:108E6000002CDAD1B8F1000F07D1BDE8F0831D4620
:108E7000002CD2D1F6E7B360EFE7044BBDE8F04336
:108E8000187801F0ABBE00BF601600202805002056
:108E900070B5154EB368054600F11801BBB1B36853
:108EA000002423B913E01A681C4682B11346994284
:108EB000F9D10CB1AA692260B268914204BF1B6863
:108EC000B360F36899420AD00023AB7770BD0748BE
:108ED00005F0D5FA0028F9D00023AB77F6E7002398
:108EE000F460AB77F2E700BF601600206416002044
:108EF0002DE9F843484E3468002C00F087804FF08D
:108F000000080F460546B14641464FF0040E234681
:108F1000246853F8180C53F8082C121853F8140C42
:108F200040F1000CAA427CEB070C69D2D9F8002072
:108F30001268C9F8002083F806E0B2681970597009
:108F40009970D970002A5FD0F2681360F3604FF017
:108F50000108002CDBD1B8F1000F03D02F4B18789B
:108F600001F03CFE3368002B50D053E90612A942B1
:108F700072EB070053F8100C3CBF29463A46A3F1A8
:108F8000180C0A304FF000041B6844F10004091863
:108F900042EB04021BB92DE016D81B6853B353E90A
:108FA0000604884274EB020E24D29CF8148013F855
:108FB00004ECF045F0D1B3F804E0BCF81C80AEEB53
:108FC000080E1EF4004FE8D0854277EB040E2946C8
:108FD00038BF014653F8100C3A46A3F1180C38BFBD
:108FE00022461B68091842F100020A3142F10002D0
:108FF000002BD4D10CF1180373616046BDE8F883EF
:109000009946002C83D1A6E7B3609FE700239C46D6
:1090100073616046BDE8F8836016002028050020D3
:1090200010B5054C6169204605F029FA18B1606950
:1090300000231838636110BD601600201C490968C0
:1090400039B3A1F1180C9CF8141081421DD870B5E9
:10905000DCE9004112F10A0543F1000EAC4271EB6C
:109060000E0620D2DCF81060341941F10001AC4248
:1090700071EB0E0115D2DCF8181071B1A1F1180CCA
:109080009CF814108142F6D8E2E7DCF818100029A9
:10909000D7D14FF0FF30014670474FF0FF30014607
:1090A00070BD2C467146B4F10A0041F1FF3170BD2C
:1090B0006016002010B5837F022B06D0837F012B22
:1090C00002D0837F042B1DD110BD437D13F002031A
:1090D00013D103210E4A81779468037600F11801B9
:1090E00043768376C3765CB1D3681960094BD1604F
:1090F000BDE81040187801F071BD0023837710BDE2
:109100009160F3E74FF4FF719F2001F0AFFB00BFC8
:10911000601600202805002070B5114D00F11806DA
:1091200004463146284605F0AAF998B10423A377EE
:10913000AA68002323766376A376E37642B1EB68D0
:109140001E60084BEE601878BDE8704001F046BD27
:10915000AE60F6E74FF402719F2001F087FB00BF7D
:1091600060160020280500202DE9F04F066983B025
:10917000002E70D1D0E900158368077DEFF31084CD
:1091800072B6DFF8DCC0DCF80020002A5CD013F1F6
:109190000A0EBCF81080CDF8048046F10006183A9B
:1091A000B046D2E9003611EB0E0A45EB08099A45A4
:1091B00079EB060C48D38B4276EB050C28D3D2F81A
:1091C00010C01CEB030C46F1000BD4457BEB090BE4
:1091D00034BF4FF0010C4FF0000CBCF1000F13D066
:1091E00092F814C0BC4526D034BF4FF0010C4FF0AC
:1091F000000CBCF1000F07D013F10A01936846F18F
:109200000005591845F100059269EAB1183AC8E716
:10921000D2F808A013F10A0C46F100091AEB0C0C65
:1092200049F10009614575EB090934BF4FF0010CA4
:109230004FF0000CD1E7B2F81CC0DDF80490ACEBA5
:10924000090CCCF3C03CD4E704B962B6C0E9001500
:1092500003B0BDE8F08F40F227219F2001F006FB0C
:1092600060160020024B0521186805F0E2B800BF27
:1092700078160020054B586810B1C36805211847BF
:1092800010B54FF41B71B02001F0F0FA78160020F1
:109290002DE9F0471646002B55D0D3E900894B4CF9
:1092A000804579EB0103A38A3CBF8046894664333D
:1092B000B8EB000569EB01070022AB422261BA411D
:1092C000C4E9028916DBA36903F2A3139D4277F177
:1092D000000769DA3E4AC4F8288040464946C4F887
:1092E0002C9000F01BFD3B4A052384F8303032609F
:1092F000BDE8F087627F237F1AB19A071ED400224F
:10930000627703F0010AA36903F2A3139D4277F188
:1093100000072EDABAF1000FDCD0A08A2C4AB8EB95
:10932000000069F10001C4E90A0100F0F7FC06231E
:10933000284A84F830303260BDE8F087236A012083
:109340009847237FDBE7214C637F2BB1237F9B076B
:1093500002D5236A012098470025657701F040F87F
:10936000FFF75CF92B461C4A84F830303260BDE8C8
:10937000F08701F035F8FFF751F9A08AA369BAF137
:10938000000F01D0984215D8B8EB0300104A69F1DC
:109390000001C4E90A0100F0C1FC02230D4A84F86F
:1093A00030303260BDE8F08701F01AF8FFF736F987
:1093B000A369E9E7B8EB0000054A69F10001C4E9D7
:1093C0000A0100F0ABFC034A01238EE77816002067
:1093D00065920000219500001997000002392DE9DF
:1093E000F04104292DD8DFE801F00309292C0C00F5
:1093F000164A137F003B18BF012353770020BDE8B6
:10940000F081044600F056FC00F064FD0E4607466D
:10941000FFF76EFD0D4D80466868FFF74BFE224654
:10942000384631464346002400260027C5E9026736
:109430006C60FFF72DFF0220BDE8F081FFF7A8F96F
:10944000DCE740F21721B02001F010FA7816002076
:109450002DE9F84F2E4C637FA769804683BB94F8B3
:109460001C9019F0010934D100F034FD10EB070B0A
:1094700041F1000A05460E4658465146FFF738FDB1
:10948000A8B3D0E900329B457AEB02011BD300233D
:10949000204AA56228463146C4E902BAE662236141
:1094A00000F03CFCB9F1000F18D0A38A1A4A9F4281
:1094B00016D0022384F83030C8F80020BDE8F88FB9
:1094C0004FF00009D0E7DD1B9B4662F10006924693
:1094D000DDE7A38A9F4238BF1F46C5E70E4AE8E78B
:1094E000012384F83030C8F80020BDE8F88F637F8E
:1094F0002BB1237F9B0702D5236A012098470023C5
:10950000064A84F830306377C8F80020BDE8F88F49
:109510007816002065920000219500001997000040
:10952000023970B50546032900F2EB80DFE801F04F
:1095300006024508754B002283F83120002070BDDB
:10954000724C94F830301A1F012A40F29F8000F0CC
:10955000C1FCA26A2369801A9842B8BF184694F8E1
:1095600030302061022B7FD0237FD90740F1C480A7
:10957000607F002840F0C080236A9847012363770A
:1095800094F83020022AD4E902034BD0012A70D08B
:109590002269323843F1FF31101841EBE2715C4A25
:1095A000C4E90A0100F0BAFB94F83030062B0CBF76
:1095B0000523042384F83030C0E7544C94F830304D
:1095C000042B0FD8022B25D8013B012B00F28F80F2
:1095D000FFF7DEF80028B1D000F06AFC2846FFF75C
:1095E00037FF15E0053B012B00F28180FFF7D0F833
:1095F0000028A3D000F05CFC00F06CFC06460C4692
:10960000FFF776FC2A46034621463046FFF740FE28
:10961000022070BDFFF7BCF800288FD0012384F82A
:1096200031308BE7227FD2070ED5627F62B9A18AE3
:10963000374A401A63F10001C4E90A0100F06EFBE9
:10964000032384F8303079E72169314A323843F115
:10965000FF33401843EBE171C4E90A0100F05EFBFF
:10966000042384F8303069E700F0B2FEFEF7D0FF43
:1096700086E7A169264A401A63F10001C4E90A019C
:1096800000F04CFB022384F8303057E7042B94F8A9
:10969000316019D0002EAFD1FFF7C2FC0028ABD04B
:1096A0006060C4E90D6600F0F9FA60680223837710
:1096B0003146C3689847D4E90201FFF7A3FB154B75
:1096C00084F830602B60A3E700F092FE0028E1D11F
:1096D00000200021FFF70CFC08B1FFF71DFD00F092
:1096E0007FFEFEF79BFF2846FFF7B2FE90E74FF4A0
:1096F000CD71B02001F0BAF840F2B311B02001F002
:10970000B5F840F2F111B02001F0B0F87816002061
:1097100065920000DD930000032910B506D80129E9
:109720000AD840F25D11B02001F0A0F80429F8D168
:109730000446FFF72DF808B9002010BD2046FFF7BA
:1097400087FE022010BD00BF10B5064A064C02601D
:109750000023206084F830302377FEF785FF5130F6
:10976000A06110BD199700007816002008B5074BBE
:10977000074A19680968914202D15130986108BDC1
:1097800040F25121B02001F071F800BF781600209E
:109790001997000010B5EFF3108472B6034B042143
:1097A000186804F046FE04B962B610BD78160020B1
:1097B00008B5094B5A684AB1D3E902218018BDE8BF
:1097C0000840064A41F1000100F0A8BA40F27221B7
:1097D000B02001F04BF800BF781600207592000011
:1097E00008B5064B5B681BB1BDE8084000F060BBE4
:1097F0004FF41E71B02001F039F800BF7816002038
:1098000008B5054B5A680AB1586308BD40F27E217D
:10981000B02001F02BF800BF7816002008B5054BEA
:109820005A680AB1986308BD4FF42171B02001F065
:109830001DF800BF78160020044B9B6B03B118473E
:1098400010B540F28A21B02001F010F878160020FF
:10985000044B5B6B03B1184710B54FF42471B02073
:1098600001F004F878160020014B5868704700BFDB
:109870007816002008B5054B5A6812B1D3E90201E9
:1098800008BD40F29B21B02000F0F0FF78160020C8
:10989000034B187F10F0010018BF988A704700BF73
:1098A00078160020054B1B681BB1D3E90820042162
:1098B000104710B57221452000F0D8FFB8160020DF
:1098C000054B1B681BB1D3E908200321104710B5D5
:1098D0006C21452000F0CAFFB81600202DE9F041A8
:1098E00004460D4679B9174F3B683BBB16483C60B0
:1098F000FFF786FF1548FFF791FFFFF777F8637DC5
:109900005B07064605D4D4E908302946BDE8F04196
:109910001847FEF727FF2036361A7E6000F056FB08
:109920000028FBD00A4B0022C3F8A8252946C3F81B
:10993000AC25D4E90830BDE8F04118478621452020
:1099400000F094FFB8160020C1980000A598000010
:1099500000F00140024B00221A601A81704700BFDC
:10996000B816002008B5074B1A683AB10648D0600F
:1099700000211960BDE80840FEF79ABFB9214520D3
:1099800000F074FFB8160020DD980000C0E908124E
:109990002022002101F02ABA30B587B04B7A00228C
:1099A0000D460592CDE900220492C3F3800282F0B5
:1099B00001024FF0000162F3820104462A78287AFE
:1099C0008DF815108DF8140069682B4802910390EA
:1099D000002A40D1D5E904209DF815C01CF0040FE1
:1099E000CDE9002028D19DF815202449C3F3400378
:1099F0005B0043F0010322F0030213438DF815309E
:109A00004B68C3F308038BB1103B5BB2002B1CDB2C
:109A100003F1604303F5614393F800335B092BB90D
:109A200069462046FEF718FF07B030BD694620465C
:109A3000FEF7F0FE07B030BD203A01F1200140F101
:109A4000FF30009202910190CDE703F00F0319441B
:109A50000B7D5B09E3E72B690493FEF77BFE9DF822
:109A600015305B07CDE9000104D5029A6B7A2032EC
:109A70000292B8E76B7AB6E7DD98000000ED00E0EF
:109A800010B5037886B0B3B90446D0E90401CDE936
:109A90000433CDE900010393217A63680293684699
:109AA0008DF81410FEF7A4FFDDE900230120C4E9BE
:109AB000042306B010BD4FF4AB71452000F0D6FE74
:109AC00008B50A4B1B6863B15B7D5B0705D5FEF7E4
:109AD0008DFF203041F1000108BDBDE80840FEF7D0
:109AE00085BF4FF4EE71452000F0C0FEB81600208F
:109AF00070B4EFF3108672B617490D78ADB1174BFD
:109B0000D3F80445D3F848314FF6FF7294421FD082
:109B1000E3B147F6FE739C4218D84B68013306B98F
:109B200062B6C0E9004370BC70470C4AD2F80445E5
:109B3000D2F8043153B14B6801334B60C2F8045181
:109B4000D2F80445D2F80431002BF4D14B68E6E793
:109B5000002BFBD11C46F9E7F016002000B00040B6
:109B600010B50A4C002222742277094B09480121C2
:109B70005960C3F84025C3F840214FF40022196111
:109B8000C0F8082501F078F8206210BDF01600201A
:109B90000080004000F001403749384BF0B44D6A76
:109BA000374C002201204A6058609860C3F808438F
:109BB000C3F84843C3F80421C3F84021C3F8442143
:109BC000C3F84821002D55D02E4C2F4EC4F8A8655F
:109BD0002E4AC4F8AC55C4F85C394FF40023C4F8DD
:109BE00004350523C2F840351060D2F84031002B0F
:109BF000FBD02448002301244FF40025C0F8085569
:109C00005460D460C2F84031C2F84035C0F8A8357D
:109C1000C0F8AC35C0F8AC350B7833B391F82840B8
:109C2000184816491A4E1B4DE30003F1804303F513
:109C3000F8330122A2404FF6FF774FF48024C0F89A
:109C40000825C1F84443C1F84875C1F80443C3F876
:109C50001065C3F81455C0F804250F4B4FF400628B
:109C6000C3F88021F0BC1A607047044B0222C3F88D
:109C70000423F2E71860CFE7F016002000B00040A0
:109C80000200070000F001404081004000800040D9
:109C900048B1004008B0004000E100E0044B4FF044
:109CA00080411A6A0123C1F808351360704700BF6C
:109CB000F016002010B4144C1449154A0023C4F8BF
:109CC000A8350120C4F8AC354FF0FF344860086176
:109CD000C1F808430F4891684FF48074C0F8804180
:109CE00041B10D494FF48030C1F808031374C1F835
:109CF00040319360126A10BC4FF080410023C1F8DC
:109D000008351360704700BF00F00140008000403C
:109D1000F016002000E100E000B00040F0B55A4C21
:109D2000A36883B0002B40F09F802578A260002DAF
:109D30005CD1564B994200F29C80430F544E554FD4
:109D400043EAC101A6FB0132C0F34F33920B03EB90
:109D5000014307FB1233A6FB03639B0B43EA024359
:109D60004D4A02FB1300420B48F2376101FB02F23D
:109D7000120C43F60957494907FB120000FB01F199
:109D8000490D43F6085601EB422207FB0161B0EB97
:109D9000512F88BF01320026002D41D01F0C1B041B
:109DA0009D18684647F10007FFF7A2FEDDE9003283
:109DB000053346F100064FF48031E2FB01369D4247
:109DC00077EB060647D32A0C4FF6FF71ADB242EA95
:109DD0000742002D08BF0D4631494FF48030C1F8CD
:109DE0004055E260C1F8040303B0F0BD2D4B994229
:109DF00044D8430D264E274F43EAC121A6FB01322A
:109E0000C0F34F13920B03EB014307FB1233A6FB86
:109E100003639B0B43EA0243234A02FB1300A2E7BE
:109E20001F0A1B069E18684647F10007FFF760FEF1
:109E3000DDE90032053345F100054FF08071E2FBAA
:109E400001359E4277EB050505D3320E42EA072223
:109E500026F07F45C0E7FF232374144B4FF40062C4
:109E6000C3F8002103B0F0BD40F2F921052000F055
:109E7000FDFC4FF49471052000F0F8FC40F2231132
:109E8000052000F0F3FC00BFF0160020FF7F841EC9
:109E900083DE1B43000024F40080841E6F0C01004D
:109EA00000B000407F841E0080841E0000E100E0BE
:109EB000064B9A684AB106494FF48032C1F808232C
:109EC00000221A74C1F840219A607047F0160020F1
:109ED00000B0004070B4EFF3108572B6364C2078B5
:109EE00020B3364BD3F80425D3F848614FF6FF73FF
:109EF0009A4252D043F60951C2F3080301FB03F31F
:109F0000500A01FB00F003F5807300EB53200021A1
:109F1000002E45D047F6FE739A4241D8636801335C
:109F200025B3274A70BCE3FB02017047234AD2F8ED
:109F30000435D2F8041111B3636801336360C2F8C9
:109F40000401D2F80435D2F804110029F4D143F603
:109F5000095CC3F30802580A0CFB02F202F5807395
:109F60000CFB00F000EB532063681DB962B6227849
:109F7000002AD6D1134AE3FB020170BC704743F6B6
:109F80000956C3F30802580A06FB02F306FB00F069
:109F900003F5807300EB5320E6E71EB10A48002169
:109FA0006368BDE7636815B928462946DEE7044AB9
:109FB00030463146DFE700BFF016002000B0004019
:109FC00080841E000080841E61841E0070B4EFF344
:109FD000108072B6384A15780DB3384BD3F8045553
:109FE000D3F848614FF6FF739D4256D043F60954AB
:109FF000C5F3080104FB01F16B0A04FB03F301F54F
:10A00000807103EB51230024002E49D047F6FE71E6
:10A010008D4245D85168013108B3294824E02749C9
:10A02000D1F80435D1F804414CB35368013353607F
:10A03000C1F80451D1F80435D1F80441002CF4D111
:10A0400043F6095CC3F308010CFB01F15B0A01F55F
:10A0500080710CFB03F303EB5123516818B962B60E
:10A0600010780028D9D11748E1FB0034D2E90C124E
:10A070008B4294412CBF0120002070BC7047C3F379
:10A08000080143F609555B0A05FB01F105FB03F3E3
:10A0900001F5807103EB5123DFE71EB10A4B002469
:10A0A0005168B9E7516810B903460446D7E7044838
:10A0B00033463446D8E700BFF016002000B0004019
:10A0C00080841E000080841E61841E00194B1A4883
:10A0D00010B5012200214FF400245A60C3F8401546
:10A0E000C3F840111A61C0F80845D3F8040520F000
:10A0F0000300C3F80405D3F8080540F0030010215D
:10A10000C3F8080591FAA1F1B1FA81F109290CDC33
:10A110000A48C3F810154FF48074DA60C0F8804123
:10A1200004605A60DA601A6010BD054840F29F3141
:10A1300000F092FB0080004000F0014000E100E0F0
:10A140000C8502002DE9F047DFF874815D4E012196
:10A1500000234FF4002284B0C8F80410C8F840353A
:10A16000C8F84031C8F81010C6F80825D8F80425FA
:10A1700022F00302C8F80425D8F8082542F00302AB
:10A18000C8F80825102292FAA2F2B2FA82F2092A3D
:10A1900000F39180C8F810254B4A4C4FC8F80C10BA
:10A1A0004FF48070C2F880011060494AC8F804106A
:10A1B000C8F80C10C6F8A8253A78C6F8AC8502A8ED
:10A1C000002A56D0019306E00123C6F808A5C8F876
:10A1D0000430C8F80C30FFF78BFCDDE90243019D29
:10A1E0004FF4002A4FF48039C6F804A5E3FB094573
:10A1F000FFF77EFCDDE902320199E2FB0931A94259
:10A2000008BFA342E0D1013443F60952C4F3080366
:10A2100045F1000502FB03F3210EC4F34E2441EA8D
:10A22000052102FB04F02D0E03F5807300EB532093
:10A230004C016B01641A43EAD16363EB0506B2017A
:10A24000A3011B1B42EA946262EB0602D20042EABF
:10A250005372DB005B1845EB0205E903DA03801853
:10A2600041EA534141F10001C7E90C0104B0BDE8E6
:10A27000F087019206E00123C6F808A5C8F804306B
:10A28000C8F80C30FFF734FCDDE90243019D4FF4C0
:10A29000002A4FF08079C6F804A5E3FB0945FFF7D3
:10A2A00027FCDDE902320199E2FB0931A94208BF2E
:10A2B000A342E0D1A7E7074840F29F3100F0CCFA73
:10A2C0000080004000F0014000E100E0F0160020B6
:10A2D00000B100400C85020070B4EFF3108572B637
:10A2E000364C207820B3364BD3F80425D3F8486198
:10A2F0004FF6FF739A4252D043F60951C2F3080356
:10A3000001FB03F3500A01FB00F003F5807300EB3F
:10A3100053200021002E45D047F6FE739A4241D8C3
:10A320006368013325B3274A70BCE3FB0201704721
:10A33000234AD2F80435D2F8041111B3636801330B
:10A340006360C2F80401D2F80435D2F80411002980
:10A35000F4D143F6095CC3F30802580A0CFB02F27D
:10A3600002F580730CFB00F000EB532063681DB90D
:10A3700062B62278002AD6D1134AE3FB020170BCF0
:10A38000704743F60956C3F30802580A06FB02F366
:10A3900006FB00F003F5807300EB5320E6E71EB1E7
:10A3A0000A4800216368BDE7636815B92846294655
:10A3B000DEE7044A30463146DFE700BFF0160020F2
:10A3C00000B0004080841E000080841E61841E0056
:10A3D000024B0122C3F84423704700BF00B0004085
:10A3E000024B0122C3F84823704700BF00B0004071
:10A3F00008B5FEF719F930B9074A936B0133312BD1
:10A40000936304D808BD044B00229A6308BD40F250
:10A41000F531052000F02AFAF016002010B53F4C67
:10A42000237882B0002B55D03D4BD3F80423520340
:10A430005BD43B4BE168D3F80423D00334D5D3F885
:10A440004031002B30D0636899425DD800232374DB
:10A45000334AA168C2F840314FF48030C2F8080393
:10A46000002955D0A36088472D4BA169D3F8042358
:10A47000920324D5D3F844310BB363688B423FD3A6
:10A4800000222277264B6169C3F844214FF4003043
:10A49000C3F8080300293BD08847214BD3F840314B
:10A4A0000193019B02B010BD6268237C002BCDD1CB
:10A4B0009142D9D91A4B0022C3F84021D4E76268EF
:10A4C000237F002BDCD18A42E7D2154B0022C3F850
:10A4D0004421E2E7124AD2F804110029A9D0C2F8B7
:10A4E0000431636801336360A3E7D3F84821002A8D
:10A4F0009FD00022C3F8482163680133636098E766
:10A50000237F002BE1D0BBE7237C002BD2D09DE73B
:10A5100040F23741052000F0A9F900BFF0160020F5
:10A5200000B00040034610B3007888B91A79012AB8
:10A530001ED85A79012A1BD89A680E49643A8A4271
:10A5400016D8D8680C4B98422CBF002001207047C9
:10A5500001280CD11A79012A09D85A79012A06D87A
:10A56000DA680449643A8A4201D89868EAE7002028
:10A57000704700BF3C8601000040420F70B50446A2
:10A58000FEF7E8F8D4E90632656A503342F100027A
:10A590005B1942F1000205F5DF6540F2F966B5FB93
:10A5A000F6F55B1942F1000283428A410ED294F81B
:10A5B0002A30052B03D0B3216A2000F057F90A2175
:10A5C000236A94F858009847B621F5E7044C2368AD
:10A5D00013B1984700232360BDE87040FFF7C2B96C
:10A5E0002C17002070B504460D4639B9012380F8B8
:10A5F0005930FFF7C3FF0226304670BD0E78032E98
:10A6000070D801A353F826F0F7A5000019A60000A2
:10A6100083A600003BA600004868C72801D8002692
:10A62000EAE70421FEF7B2F90028F8D0FEF798F81F
:10A630006968204603F065FDDEE790F8286006BBF8
:10A640004D682846FFF76EFF00284BD02B78D3B912
:10A65000012121702B796A79003B18BF0123002A60
:10A6600014BF042202222272AA6843F004036F324C
:10A670006260EA6863720323226184F82A3084F8F6
:10A6800029102046B5E794F82A30052B04D040F273
:10A6900093116A2000F0EAF826702B796A79003B62
:10A6A00018BF0123002A14BF042202222272EA6882
:10A6B00043F004036F3263726260D4E90632A96822
:10A6C0005B1842EBE172C4E90432042384F82A30B7
:10A6D000214604F13000FFF75FF90028D1D140F2A4
:10A6E0009511D6E7012384F85930CAE72DE9F843DC
:10A6F0008846074658B300F02FF84FF0000904468B
:10A700005FFA89F6B44203D86FF00B00BDE8F88316
:10A71000304600F027F890F82A5009F10109002D81
:10A72000EED1304600F01EF80A490585044680F84F
:10A730002A5080F8586002463030FFF727F901238D
:10A74000276284F82A30284688F80060DEE76FF038
:10A750001500DBE711E10000014B1879704700BFDD
:10A7600030170020044B1A79824283BF1B68602295
:10A7700002FB003000207047301700200A4610F01E
:10A78000030110B50AD1074C2271206008B90020DE
:10A7900010BD60235A4300F029FBF8E76FF00D006D
:10A7A000F6E700BF30170020BFF34F8F0549064B77
:10A7B000CA6802F4E0621343CB60BFF34F8F00BF5F
:10A7C000FDE700BF00ED00E00400FA05094B01229F
:10A7D0005A604FF0FF32C3F80823074B4FF4804212
:10A7E000C3F88020BFF34F8FBFF36F8FC3F8802172
:10A7F000704700BF00E0004000E100E0094B01228B
:10A800005A604FF0FF32C3F80823074B4FF48052D1
:10A81000C3F88020BFF34F8FBFF36F8FC3F8802141
:10A82000704700BF00C0004000E100E0084B00227C
:10A83000C3F8FC2F0122C3F8FC2F064B0222C3F8F9
:10A840008020BFF34F8FBFF36F8FC3F88021704715
:10A850000010004000E100E008B572B6024B5B68F2
:10A8600003B19847FFF7A0FF381700201FB572B655
:10A87000134B5D6895B9FFF797FF2346B2FBF6F2DD
:10A880005C1C002AF9D104AEDCB256FA83F303F85B
:10A890000C2C0A2234B901A8A847ECE70246002391
:10A8A0000A26EDE7631E04AEDCB256FA83F3B0FB72
:10A8B000F2F602FB1600303003F80C0C3046E9E7E4
:10A8C00038170020F8B51F4E337805460C4617465A
:10A8D000A3BB00F0C5F9FDF7F5FA77603472FFF716
:10A8E000A5FFFFF78BFFFFF771FF174B002D14BF7C
:10A8F00028461846FDF7D0FE0546E8B9FFF72AF8C6
:10A90000FDF7BCFE03F0E4FCFDF712FF18B9B82117
:10A910001120FFF7ABFF002C0CDB04F01F026409D1
:10A92000A40004F1604404F5614401239340C4F899
:10A9300080312360012333702846F8BD4FF0FF3586
:10A94000FAE700BF381700207C7E0200074B93F91E
:10A950000830002B09DB5A09012103F01F0399403D
:10A9600002F14003024A42F82310704738170020D2
:10A9700000E100E0014B1878704700BF3817002055
:10A9800050B1074B03F1140253F8041B40F8041BA9
:10A990009342F9D1002070476FF01500704700BF57
:10A9A00027B10200F0B5284D284C294F83B02E78EE
:10A9B0000136F6B2D5E84F3F0133DBB2C5E8423F7E
:10A9C000002AF7D101236360C4F80021C4F80421F0
:10A9D000EFF3108272B6C4F80405236052B962B670
:10A9E00008E0D4F804314BB92B789E4206D13B697C
:10A9F000DB0613D4D4F80031002BF2D0D4F80431A4
:10AA0000002BD4D12A78B242D1D10322C4F800312C
:10AA1000C4F80431C4F8082303B0F0BD0D4B032182
:10AA20004FF48042C4F80413C3F88021D4F80031F5
:10AA3000002BDFD1D4F80431002BDBD1019003F0DF
:10AA400045FD0198D6E700BF4117002000E0004017
:10AA500000ED00E000E100E070B51446DA078CB0CC
:10AA60001D4686468C4633D5C36842681BBA0093A0
:10AA7000CB681BBA049383681BBA019303681BBAA3
:10AA800003938B6812BA1BBA029205934A680B684B
:10AA900012BA1BBA6E46069207933046FFF782FF42
:10AAA000AB070DD5DDE90A10DDE9083200BA09BAB5
:10AAB00012BA1BBA20606160A260E3600CB070BD86
:10AAC00008AD0FCD20606160A260E3600CB070BD86
:10AAD000DEF80410DEF80820DEF80C300068EE46E0
:10AAE000AEE80F00DCF80000DCF80410DCF8082009
:10AAF000DCF80C306E46AEE80F00CEE710B500244F
:10AB000082B0CDE90044FFF7A7FF02B010BD00BF3F
:10AB10001A4B4FF4805270B5C3F88020BFF34F8FAB
:10AB2000BFF36F8F164C174D0021C4F80011C3F806
:10AB300080212E692B6943F010032B610123C4F897
:10AB4000043306F010062360D4F800319BB11EB91F
:10AB50002B6923F010032B610123D4F808056360EF
:10AB6000C4F808330023C4F80031044B4FF480527A
:10AB7000C3F8802170BD03F0A9FCE5E700E100E027
:10AB800000C0004000ED00E00B4938B5042301EBA4
:10AB9000C302157905F0FF042DB1013BF7D2402126
:10ABA0006920FFF763FE41F833000121547194716D
:10ABB0001171D8B238BD00BF44170020042808B571
:10ABC00003D947216920FFF751FE034B03EBC00374
:10ABD00000221A7108BD00BF44170020042808B5E0
:10ABE00003D950216920FFF741FE094B03EBC00058
:10ABF0000379012B01D05121F4E7437982790133A4
:10AC0000DBB29A4218BF4371BDE80840FFF79EBE11
:10AC10004417002038B5114D052495F8281005EB90
:10AC2000C1031A79012A09D158799A79904205D03D
:10AC30005A79D2B29A7155F83130984795F8283040
:10AC40000133DBB2052B04F1FF3428BF002314F0DD
:10AC5000FF0485F82830E0D138BD00BF441700203C
:10AC60004FF08052034BD2F830111960D2F83421E2
:10AC70005A60704770170020084B1B68083B082B70
:10AC80000AD840F2211222FA03F313F0010F044B09
:10AC9000044818BF184670470248704770170020D4
:10ACA00000E701400C050040144B1B68062B03D045
:10ACB000013301D020BF7047EFF3108072B6104A05
:10ACC0001369116941F0100111610E49D1F8002199
:10ACD000D1F804110A4303F0100300D040BF20BF95
:10ACE00000BF00BF00BF00BF23B9054A136923F0AE
:10ACF0001003136100B962B6704700BF70170020DF
:10AD000000ED00E000E100E0914270B53FD2B2FA00
:10AD100082F33BB1C3F1200420FA04F499402143AB
:10AD200098409A40150CB1FBF5FC05FB1C1E4FEA40
:10AD30000E4E030C84B20EEB10401FFA82FE0CFB89
:10AD40000EF6864206D9361A964294BF012602268E
:10AD5000ACEB060C03EB01430CFB1233B3FBF5F039
:10AD600005FB103304EB034400FB0EFEA6454FEA3F
:10AD70000C4C09D9AEEB040E964594BF4FF0010E72
:10AD80004FF0020EA0EB0E0040EA0C0070BD7321E4
:10AD90009620FFF76BFD00BF70B51D4604461646B2
:10ADA000FFF7B2FF049B286000FB16441C6070BDD7
:10ADB0008AB1013A16D010B500EB020C01E06045F3
:10ADC0000BD08E46044611F8012B10F8013B93423C
:10ADD000F5D0981A10BD1046704763789EF8012090
:10ADE000981A10BD03780A78981A704710F0030F6C
:10ADF000C9B2034607D0BAB303F8011B13F0030F1F
:10AE000002F1FF32F7D170B5032A01EB012404EB04
:10AE100004441ED9161FB508032E05F1010521D9DA
:10AE20004FEA550E03EBCE0E9C46CCE900440CF1E4
:10AE3000080CF445F9D115F0010F04D025F00105F7
:10AE400003EB85052C6026F003060433334402F03F
:10AE5000030232B1012A197003D0022A597018BFB7
:10AE6000997070BD1D46EDE7704700BF10F0030FED
:10AE7000C9B2034607D0CAB303F8011B13F0030F8E
:10AE800002F1FF32F7D170B5032A01EB012404EB84
:10AE9000044420D9161FB508032E05F1010523D956
:10AEA0004FEA550E03EBCE0E9C46CCE900440CF164
:10AEB000080CE645F9D115F0010F06D025F0010583
:10AEC000C5EB8575A3EB85052C6026F003060433DE
:10AED00002F00302334432B1012A197003D0022A6E
:10AEE000597018BF997070BD1D46EDE7704700BFDF
:10AEF000844641EA000313F003037DD1403A51D365
:10AF0000F0B4F0C9F0C0F0C9F0C0F0C9F0C0F0C9A9
:10AF1000F0C0403AF5D2F0BC44E0403A42D300BF22
:10AF200051F8043B40F8043B51F8043B40F8043B23
:10AF300051F8043B40F8043B51F8043B40F8043B13
:10AF400051F8043B40F8043B51F8043B40F8043B03
:10AF500051F8043B40F8043B51F8043B40F8043BF3
:10AF600051F8043B40F8043B51F8043B40F8043BE3
:10AF700051F8043B40F8043B51F8043B40F8043BD3
:10AF800051F8043B40F8043B51F8043B40F8043BC3
:10AF900051F8043B40F8043B51F8043B40F8043BB3
:10AFA000403ABDD2303211D351F8043B40F8043B53
:10AFB00051F8043B40F8043B51F8043B40F8043B93
:10AFC00051F8043B40F8043B103AEDD20C3205D363
:10AFD00051F8043B40F8043B043AF9D2043208D05B
:10AFE000D2071CBF11F8013B00F8013B01D30B88CD
:10AFF00003806046704700BF082A14D38B078CD0AB
:10B0000010F0030389D0C3F10403D21ADB071CBF7D
:10B0100011F8013B00F8013BFFF47FAF31F8023B30
:10B0200020F8023B79E7043AD8D3013A11F8013B02
:10B0300000F8013BF9D20B7803704B7843708B78A2
:10B0400083706046704700BFD5E40000E1E4000073
:10B05000E5E40000EDE40000F1E4000053B94AB972
:10B06000002908BF00281CBF4FF0FF314FF0FF3010
:10B0700000F00CB8ADF1080C6DE904CE03F054FA01
:10B08000DDF804E0DDE9022304B07047704700BF3B
:10B0900008B5F6F7EDF9F8F74FF8F6F7FFF80020E6
:10B0A00008BDFFF76DBCF8F703B800F072BF00F001
:10B0B00073BF10B586B0044601A8FFF761FC0223F8
:10B0C0002370A3709DF804306371BDF80530E380F0
:10B0D000DDF80730A36000206070E070207106B0DA
:10B0E00010BD00F062BD70B5044602F00DFF0128EE
:10B0F00005461AD1601C02F00EFFB0B1A37963F0CF
:10B100003F03A3710020F8F709F9E61D38B11022BA
:10B1100000213046FFF76AFE2570002070BD3046E2
:10B1200002F00CFF0028F2D0F6E70025F4E710B596
:10B13000102204460021FFF759FE04F110031022EB
:10B1400000211846FFF752FE02F011FF0020F8F729
:10B15000E5F820B1204602F0F1FE002010BD02F01B
:10B16000D3FE0028F6D0F8E710B50446FFF7D0FC70
:10B17000B0F5007F09DA10F5007F08DD031EB8BFC7
:10B1800003339B102370002010BD7F23FAE76FF07C
:10B190007E03F7E70078003818BF012000F0E2BC1A
:10B1A00037B505460C4600880DF1060100F0E0FDBC
:10B1B0002B882380BDF80630638003B030BDF8B51E
:10B1C00004462046F8F7CAFB0228054612D0042898
:10B1D00010D1204600F012F82678A7783046F6F70E
:10B1E0005BF90028EDD03E2E04D13846F6F798F9E9
:10B1F0000028E6D02846F8BD01F063BB10B50378FF
:10B20000813B04460E2B2FD8DFE803F02F353B3F60
:10B21000496167085B556B6F2E7B75002920F6F737
:10B220007FF930B13E232370222363702923A3705A
:10B230001AE00A20F6F774F93E23237018B11F2391
:10B2400063700A23F3E70123A37013236370E37988
:10B2500003F00103E371D4F81A30C4F80E30E38B25
:10B26000638294F82030237510BD3E2303700423BD
:10B2700043701423DBE73E2303700A234370032348
:10B28000D5E705232370042307E05A20F6F704F9D5
:10B2900008230028F6D05A2222706370E4E75B206E
:10B2A000F6F7FAF818B15B2323700623F5E730238D
:10B2B00023700323F1E73E2303700B23437007231E
:10B2C000B5E73E230370062343700C23AFE7132337
:10B2D000037083789B000133DFE757230370022359
:10B2E000DBE73E2303700D23A1E73E230370012318
:10B2F000437011239BE7FF2303700D2343708023CA
:10B3000095E7FF2303702923437081238FE708B556
:10B3100010B96FF0150008BDFFF76EFF0028F8D0D8
:10B320000020F8E710B50C4648B141B1FFF747FFE0
:10B33000002820700CBF6FF02200002010BD6FF0BD
:10B340001500FBE7F8B5941C0C446343B3F5004FBC
:10B35000A8BF4FF0FF330E4610F003010546174615
:10B360009CB203D0B0211420F5F75CFFB4F5004F78
:10B3700001D9B121F7E714220430FFF737FDEF744C
:10B380006C802E80F8BD38B50388C48805898B424F
:10B39000C4F30E0203D2D1211420F5F743FF84EA4F
:10B3A0000503C3F30E030BB9AC4206D102F1180337
:10B3B0000122C1528274184438BD1846FCE702319C
:10B3C00001444A43B2F5004FA8BF4FF0FF3290B29C
:10B3D0001B3020F00300B0F5004F34BF00B24FF037
:10B3E000FF30704740881B3020F00300B0F5004F5D
:10B3F00034BF00B24FF0FF3080B2704738B50388D9
:10B400008B4203D2F7211420F5F70CFF857C65B140
:10B41000C388C3F30E031833C25A8A4207D3C152FA
:10B42000811DF6F78DF800238374284638BD00256A
:10B43000FBE70346F0B59E88DD88B4B2A54200F173
:10B440001800C6F30E0616D05F89DD7C845B3D4490
:10B4500002353544E41B28440D88A4B2A54288BFB8
:10B460000C805989B1FA81F14FEA511188BF254604
:10B470001170DD81F0BD00252846FAE7F8B5828815
:10B48000C389002604460D4692B20E60CBB1C2F3CA
:10B490000E024189183287180B44825A9BB293429C
:10B4A000438104D94FF4A2711420F5F7BBFE04D1F7
:10B4B000011DF6F745F846812F600023E381012046
:10B4C000F8BD1846FCE7838802899BB29A42014680
:10B4D00002D00831F6F734B870478388C0889BB231
:10B4E000C31A584258417047828873B5C48895B2D0
:10B4F000AC42C2F30E0202F1180212D04189C68991
:10B50000835A314499420EDB0DF10601ADF8065025
:10B51000F6F716F8BDF80600001B18BF012002B0B0
:10B5200070BD0020FBE70120F9E770B5C4880689EB
:10B5300084EA0602C2F30E020346C4F30E05183075
:10B540000AB9B4420FD19C891A880CB1465B921B90
:10B55000914207DCDA7C2C440232224410440A4631
:10B560001A8270BD00221046FAE7F8B5038A002B54
:10B5700038D08B4236D3C488858900F11803C4F3D0
:10B580000E041E1995B91D55757085891E5B0D44F5
:10B59000ADB2314485811953D2B1811DF5F7D0FF89
:10B5A00000238381002303820120F8BD1E5BAE428D
:10B5B00004D04FF4F6711420F5F734FEC57C878A69
:10B5C0002644023535445E195F53857DB570DCE74E
:10B5D000C27C254402322A4499189B5A83828B7874
:10B5E0008375DFE70020E0E78388C2889BB29A4238
:10B5F00006D0428922B9C3F30E03183318447047AA
:10B6000000207047C37C0233C8187047023070476F
:10B6100038B58388C2889BB29A4207D045892DB934
:10B62000011DF5F78DFFC581012038BD0020FCE725
:10B6300003881380C388C3F30E03183303440B60DD
:10B64000808970470368002223B9C0E90132031DD5
:10B650000360704759681B680A44F5E7072970B50D
:10B66000034604D84FF4EC711520F5F7DBFD0068B4
:10B67000C0B144681A688C42064610D0106860B9A0
:10B6800001F10805AC420DD3546850501868651A92
:10B69000541800686560505002E01346E9E71468EA
:10B6A0001C60304670BD0023C1E9003203680B60A6
:10B6B0000160704730B590B18478B1FBF4F304FBBE
:10B6C000131300EB430252898A4201D1D8B230BD34
:10B6D000C27822B900F10803D0B2844201D8FF2019
:10B6E000F5E733F8025F8D4202F10102F4D1EEE793
:10B6F0008278038805324B4303EB420318447047BA
:10B7000037B50024CDE9004405468DF806006846AB
:10B71000ADF80440F6F7F6F8BDF8044008B103B000
:10B7200030BD29462046F6F7C9F80028EFD040F290
:10B7300035211720F5F776FD70B50D4609211E4617
:10B74000FFF73DFE3246044609212846FFF737FE43
:10B7500040EA04031B0454BF00194FF0FF3070BDD2
:10B76000D31D23F0070370B5083390B110F0070420
:10B7700003D058212220F5F755FD0460C280818056
:10B7800000F108040A464FF6FF75013A92B2AA4248
:10B7900003D103FB01F0083070BD06682660046029
:10B7A0001C44F2E718B1C2888188FFF7D9BF7047FF
:10B7B0000346EFF3108272B6006830B10168196079
:10B7C0000023037043708370C37002B962B6704780
:10B7D000EFF3108372B602680A60016003B962B6C3
:10B7E0007047F6F721B9F0B590F86C200B46012AA6
:10B7F000D1E91C6787B001F1800103F190034FF09C
:10B80000010406D0022A13D040F225410620F5F7A4
:10B8100009FD00250020FB22CDE90132CDE90350CE
:10B820000594009432463B46FCF794F807B0F0BD0F
:10B830002546EFE7F6F75AB900EA400000EA400073
:10B8400000EA400000EA400000EA400000EA400050
:10B85000B0FA80F040097047F7B5002523262F463F
:10B86000F8F7BAF90446F6F7C5FD78B1CDE90077E7
:10B870006846F6F747F820B12046F6F7E5FD25467D
:10B8800005E0009BD3F8C8309C42F1D10020013E76
:10B8900001D00028E4D025B940F215210F20F5F79A
:10B8A000C1FC284603B0F0BD1FB50022009240F64F
:10B8B000881303A9FCF75CFA05B05DF804FB10B52A
:10B8C000044638B1F7F762FC24EA0000B0FA80F0D1
:10B8D000400910BD0120FCE730B5841FA4B240F63A
:10B8E0007A45AC421CD88C1FA4B2AC4218D888420E
:10B8F00016D80132B2F5FA7F12DCA3F10A0080B249
:10B9000040F67644A0420BD842F2107058434A43A6
:10B9100040F6C4135A43904294BF0020012030BD2A
:10B920000020FCE72DE9F0410F46B0F85E60B0F86A
:10B93000605002F089F90221044600F000FE022165
:10B940008046204600F0FBFD464528BF4646B6B27D
:10B950001B2E38BF1B26FB2E28BFFB26854228BF87
:10B960000546ADB21B2D38BF1B25FB2D28BFFB257F
:10B97000B4F5A47F38BF4FF4A47440F648039C424A
:10B9800028BF1C467E80FD80BC803C81BDE8F081E4
:10B9900008B501210020F5F77BFF30B901210846E9
:10B9A000F5F776FF40B9012008BD903001F0D6FFD1
:10B9B0000028F3D00020F7E7903001F0CFFF80F0AF
:10B9C0000100C0B2F0E72DE9F04186B0054602A9BA
:10B9D000008800F0C3FD0446002870D1029A92F856
:10B9E0005031D91E4B424B418DF80630D37B212B71
:10B9F0000ABF9DF80630034683F001038DF8073037
:10BA000092F862309B0603D49DF80730002B5CD07F
:10BA1000EB881B3B9BB2E02B59D82989A1F5A47375
:10BA20009BB244F24810834251D86B881B3B9BB2B7
:10BA3000E02B4CD8AA88A2F5A4739BB2834246D8C7
:10BA400040F64807B94244D8BA4242D8029E4FF065
:10BA5000FF0886F823819DF80630A3BB03A906F1F1
:10BA6000A800FFF75FFF6A88BDF81230BDF8141018
:10BA7000E888934228BF1346A6F82831BDF80E3057
:10BA8000AA88B94228BF3946834228BF0346A6F890
:10BA90002431BDF810302889BB4228BF3B46834281
:10BAA00028BF03468A42A6F82631134628BF0B4614
:10BAB000A6F82A3186F82281002386F82331204611
:10BAC00006B0BDE8F0813A24F6E71A24F7E712241D
:10BAD000F5E71124F3E71122027041F23903C27035
:10BAE0005922A0F801308280C3800020704708B539
:10BAF0000821F5F7CFFF002008BD73B50646008882
:10BB000008800C4680B201A900F028FD054640B926
:10BB1000B3784BB9019B93F91C01A070FBF724F893
:10BB2000A070284602B070BD7F20FFF7BDFEF4E78D
:10BB300010B504466FF07F00FFF7B6FEFBF714F870
:10BB400020707F20FFF7B0FEFBF70EF8607000203A
:10BB500010BD08B50A46072300F11001FEF7CEFF1D
:10BB6000002008BD012138B505460846F5F790FECE
:10BB700020B940F2EF713920F5F754FB903001F015
:10BB8000EDFE044620B92846FAF75AF8204638BD9B
:10BB90000C20FCE710B5014604460020F7F7A4FB93
:10BBA00008B92060A080002010BD10B50446F7F74A
:10BBB000BDFA28B900202146F7F77EFB002010BD12
:10BBC000FFF7E6FE0028F5D10C20F8E710B5044693
:10BBD000FFF7DEFE28B101202146F7F76DFB0020BC
:10BBE00010BD0C20FCE7FFF7EEBE1FB502880A80EF
:10BBF000838844F290218B4215D840F648018B424D
:10BC0000ADF804204288ADF8062028BF0B4601A8F5
:10BC1000ADF80830ADF80A20ADF80C30FFF7D3FED0
:10BC200005B05DF804FB1220FAE737B508800D4631
:10BC300001A900F093FC044620B901982946A830D8
:10BC4000FFF770FE204603B030BD10B503466FF01D
:10BC500004040020482108221C7058709970DA7082
:10BC60001C7158719971DA7110BD13B50088088084
:10BC70000C4680B201A900F071FCC8B9019B83F8A1
:10BC8000160193F81421012A06D0022A04D04FF499
:10BC90003F710620F5F7C6FAA27093F81521012A24
:10BCA00001D0022AF3D1E27093F81621002AE6D1DE
:10BCB00002B010BD1FB5044603A9008800F04EFC79
:10BCC00038B9A388022B14D8E078FFF7F8FD10B933
:10BCD000112004B010BDA078FFF7F1FD0028F7D0C7
:10BCE00001230093A388E278A17803A800F0D1F99A
:10BCF000EFE71220EDE737B58378C178027903F0DA
:10BD0000010451EA040503F002031DD052EA0305C1
:10BD10001AD0002C18BF0021002B18BF00228DF86C
:10BD20000320037842788DF8021043EA0223ADF82D
:10BD3000003043798279684643EA0223ADF8043043
:10BD4000FFF7B8FF03B030BD1120FBE707B503785C
:10BD50008DF8003043788DF8013068460023ADF847
:10BD60000230ADF80430F6F7F5FD03B05DF804FBE2
:10BD700013B50C4601A900F0F1FB10B9019BDB885B
:10BD8000238002B010BD13B5044601A9008800F05D
:10BD9000FEFB20B96289A3899A4202D9122002B01F
:10BDA00010BD2389E288A1886088FFF795FDF8B16E
:10BDB000019B93F8242202F0FF00DAB9A28840F236
:10BDC000E2414A438A42E9D9A3F81612C3F81C2279
:10BDD000E179A27942EA0122A3F82022227A617A4B
:10BDE00042EA0122A3F82222FF2283F82422D6E786
:10BDF0003020D4E73A20D2E713B5044600F030FBF8
:10BE000088B12046F7F7AAFC0023CDE90033FF24D0
:10BE10006846F5F777FD10B1002002B010BD009B19
:10BE200083F80D42F4E71220F7E707B5008801A96F
:10BE300000F0ADFB30B9019B93F8332112B9FF221A
:10BE400083F8332103B05DF804FB10B50446F7F71F
:10BE500097F920606160002010BD73B5044601A908
:10BE6000008800F094FB064638BB019D95F85632D9
:10BE700003F0FF0623BB95F86230DB0722D5D4F828
:10BE80000230C5F84C32D4F80630C5F85032638918
:10BE9000A5F8543205F50F7204F10C031C3453F865
:10BEA000041B42F8041BA342F9D10C2105F50A70CA
:10BEB000F5F7F0FDFF2385F85632304602B070BD2D
:10BEC0003A26FAE71A26F8E730B589B003466A46FB
:10BED00000F1180518685968144603C40833AB42CA
:10BEE0002246F7D11868206002236846ADF81C305E
:10BEF000FFF7B3FF1E22044600216846FEF7B6FF97
:10BF0000204609B030BD13B5008808800C4680B2C9
:10BF100001A900F023FB10B9019B9B8F638002B045
:10BF200010BD37B503880B80044698B2638813B9F7
:10BF3000122003B030BD01A900F010FB0028F8D199
:10BF40006588019B42F21072A9B2D3F8C4405143F4
:10BF5000B3F8DA206243B3F8CC4004FB02229142EA
:10BF6000E6D3D3F8C420D3F8C4409442F9D10022D8
:10BF70005A63621E0A449D87B2FBF4F29A63D8E7C3
:10BF800008B50078003818BF0120F9F7D3FF00206A
:10BF900008BD0820F7F7E8B801F070BF10B50446F7
:10BFA00004B910BD236898476468F9E703680BB9C2
:10BFB000016070471A465B6813B18A42FAD1704734
:10BFC0008A4218BF5160704708B501F038FEF6F795
:10BFD00041FB01F089FABDE80840F8F7A1B908B5BE
:10BFE000F8F798F9F9F79EFFF6F734FBBDE808403B
:10BFF000F9F734B908B50020FFF782FBF5F70CFD1F
:10C00000F7F714F9F6F706F920B140F2431193203F
:10C01000F5F708F908BD08B5FFF7D6FF01F028FFCE
:10C0200020B14FF4E8719320F5F7FCF808BD08B58E
:10C03000F9F74AF9FFF7D3FF00F0D0F9F6F7FAF86D
:10C040000020FFF75DFB01F015FFBDE80840F7F7A2
:10C050007DBC0B46892203F8032BD0F80920C1F8D8
:10C060000320427B1A71704738B50D460446F7F736
:10C070008DF82B78002B08BF034684F868306B7866
:10C08000002B08BF034684F869306B88A4F86A3037
:10C0900038BD2DE9F7430468994694F8633094F865
:10C0A0000F8043EAD303DB070F46164602D4B8F1EC
:10C0B000250F36D16FBBF7F769F80546BEBBF7F71A
:10C0C00065F845BBB8F1250F2ED100200546FF23AA
:10C0D00084F82D3194F82C3103F0FF08F3B99DF862
:10C0E000283084F82F0184F82C3184F82E5101A9CE
:10C0F00004F1A8008DF804708DF80560ADF8069085
:10C10000FFF7B2FF002384F82D31404603B0BDE8AD
:10C11000F0833D46D2E70028D4D0D8E74FF03A0864
:10C12000F0E74FF01A08F0E74FF00908EDE7002DAF
:10C13000C8D03046CBE708B503689A7B22B14FF4EC
:10C14000E671AE20F5F76EF823229A7308BDCBB2E4
:10C15000012BC2B284B0C0F30720C1F3072115D16F
:10C1600001291BD0012A15D1012817D01140034005
:10C17000880754BF01F0010002209A0754BF03F062
:10C180000103022340EA032004B07047022BE9D1E7
:10C190000229E6E7022AE9D10228E6E71040034037
:10C1A00019400B46E4E7012803D0831E584258414A
:10C1B000400070477FB50B46046811461846FFF7EC
:10C1C000C6FF94F8146194F81551C3B2C0F3072068
:10C1D000B34208BF0023854208BF002084F8123212
:10C1E00084F8130204B070BD2DE9F0410D680446D7
:10C1F00095F81302FFF7D7FF064695F81202FFF7EE
:10C20000D2FF95F89F308846074673B946EA000387
:10C2100013F0FF0307D0284600F083FDD8F8003064
:10C22000DB8803449BB2A5F81032B5F81032E370F6
:10C230001B0A2371A67067700520BDE8F081F0B578
:10C2400005680C46E97B85B006461746002964D18F
:10C25000AB7B273B022B62D903A8F7F709F801460D
:10C2600028B1039BDB788DF80B300DF10B01A87B17
:10C270001622F7F7E3FC054630B102461621304698
:10C2800000F024FD054633E0637813F007033ED049
:10C29000A27812F007023AD0346884F80C312523D2
:10C2A00084F80D21E37394F82D31F3B994F82C310F
:10C2B000012B1AD094F80C7194F8150194F8101110
:10C2C00094F81121B4F81231874214D194F80D7109
:10C2D00094F8140187420ED1022084F82C0184F8CE
:10C2E0002E1184F82F21A4F83031304600F0E1FC03
:10C2F000284605B0F0BD022000903046FFF7C9FE89
:10C300000028F2D04FF46671AE20F4F78BFF3A4666
:10C310002146304600F0F6FCB4E70125E8E7202589
:10C32000E6E737B50468A37B232B21D14B7813F0C4
:10C33000070519D08B7813F0070215D00023ADF84C
:10C3400006308DF804508DF80520019AD4F82E118E
:10C35000FFF730FF012384F84A3000202723A4F898
:10C360004600A37303B030BD0023A4F81232F1E7F6
:10C370000120F7E738B50368DA7BB3F81242252AC3
:10C38000054614D184B9DC7393F82C31012B02D10A
:10C390002146F6F725FF2B68002283F82C2128463A
:10C3A000BDE8384000F08DBC2822DA73F7E79A7BAD
:10C3B000272A0ED154B99C732146F6F711FF2B683A
:10C3C00083F82C41002283F84A2038BD28229A7332
:10C3D000F8E740F2CC51AE20F4F724FFF6F726BF81
:10C3E000704730B542401C7808785D7860404C78E2
:10C3F0006C4020449D788C786C402044DD78CC786B
:10C400006C4020441D790C795B7949796C4020445B
:10C410004B4018441044B0FA80F0400930BD024649
:10C4200000200139C9B2FF2900D17047535C83F065
:10C4300001030344D8B2F4E708B5F6F77BFF0828F8
:10C4400003D0BDE80840F6F797BF08BD08B501F076
:10C4500048FD18B1BDE80840FAF74ABC082008BDFD
:10C4600070B503791F2B0FD8461E051D002416F842
:10C47000010F00F0D0FBAE420444E4B2F7D1012C2E
:10C4800094BF0020012070BD0020FCE7F8B5D0E982
:10C49000047605460C46FDF7F3FA18B95221292017
:10C4A000F4F7C0FEE4B1D5E90423D21B63EB060325
:10C4B000012A73F100014FF0000113DB6FF001005E
:10C4C0009042994101DA5C21E9E7631E1344B3FB12
:10C4D000F4F35C43E41946F10006C5E904461C4642
:10C4E0002046F8BD0C46FBE7F8B50C46D0E90076CF
:10C4F0000546FCF77DFAF4B1D5E90023D21B63EBC6
:10C500000603012A73F100014FF0000115DB6FF003
:10C5100001009042994103DA76212920F4F782FE46
:10C52000631E1344B3FBF4F35C43E41946F10006C5
:10C53000C5E900461C462046F8BD0C46FBE702292B
:10C5400005D13C2808D980100F3880B27047702878
:10C5500002D9C0100E38F8E70020704710B50C461D
:10C560000021F5F795F92060B0FA80F0400940000D
:10C5700010BD0368587BC0B293F830302BB900F07F
:10C58000FB00003818BF012070470020704710B52D
:10C590000C46FFF7E3FF38B92046FFF7EAFF80F0CB
:10C5A00001004000C0B210BD0220FCE738B54FF4D6
:10C5B000167204460D460021FEF718FC0123A375F0
:10C5C0006FF0360384F86330042384F864306FF02E
:10C5D0003B0384F865306F2384F86630032384F8C6
:10C5E0006730002384F868306FF07F0384F8693087
:10C5F0002B2384F86230FE2384F89E307F23E3727D
:10C60000A4F8AA5038BD07B540F6B833B0F8CE202C
:10C61000D0F8C4100190838701A8F7F763F803B03E
:10C620005DF804FBC2B292FAA2F2030A93FAA3F3F2
:10C630001B0E100E40EA0320704770B50131C9B2DD
:10C640000530002210F8013F8B4216D310F8054C3C
:10C650000023012505FA03F626421CBF01F1FF3134
:10C66000C9B269B10133082BF4D10132D2B2052A23
:10C67000E8D19B214620F4F7D5FDC91AC9B2F4E7E9
:10C6800003EBC200C0B270BD0B6870B5C0F80130DA
:10C690000B7903F01F03437100230446C372054660
:10C6A000461D15F8010F00F0B6FA6871E37AB5423D
:10C6B0001844E072F5D170BD70B581EA11418CB2B9
:10C6C0000546C17A032682EA0400FFF7ABFF013E6C
:10C6D00000EB0010221816F0FF0690B2F5D144408E
:10C6E0002522B4FBF2F302FB1343C3F3C4022A4432
:10C6F000D8B2567803F00703012202FA03F31E4270
:10C7000007D161432846C1F30741BDE87040FFF7F8
:10C7100094BF70BDF8B590F821506B1E242B0446D1
:10C7200003D9E1214620F4F77DFDDAB1807D0028B0
:10C7300043D194F8233094F8221002FB01322523D0
:10C74000B2FBF3F103FB1123DBB204EBD30284F859
:10C750002330D17D03F007060122B240114202D0FE
:10C7600084F82430F8BDB3FBF5F205FB1233013336
:10C7700003F0FF0304F11B0111F8012F9A4219D3B2
:10C7800011F8055C0022012606FA02F72F4208D0B4
:10C79000013B13F0FF0304D102EBC00284F8242014
:10C7A000E0E70132082AEFD10130C0B20528E3D119
:10C7B000D721B7E79B1ADBB2F6E7E288096A04F1F2
:10C7C0001600FFF779FF84F82400CBE7D0F8033098
:10C7D0000B60B0F807308B8070470378890123F035
:10C7E000400301F040010B4303707047037803F0EE
:10C7F0007F0343EAC113037070470078C009704794
:10C800000278437802F00F02062A0FD8DFE802F020
:10C810000804080E0E0E08000C3B584258417047A1
:10C82000981F1F288CBF00200120704700207047F0
:10C83000037803F00F03042B06D1407806381F2835
:10C840008CBF002001207047002070472DE9F3477E
:10C850000E4601A914469946FFF780FE054618B911
:10C86000019F2CB901237B75012002B0BDE8F08740
:10C87000D7F8BC8021464046FEF785FD824608B9C0
:10C880000020F2E7F5F78CFE8442F9D85146404685
:10C89000FEF7B8FE7B7DA0F80150002B18BF0226E2
:10C8A000494600F8036B2246FEF722FB214640462C
:10C8B000FEF7A4FD18B983212B20F4F7B3FC7D7596
:10C8C000D2E74378C3F30111012910B502460ED017
:10C8D000022915D0047803F00F00131D528802219D
:10C8E00044EA0020FFF7B2FF38B1012010BD047800
:10C8F00003F00F00131D5288F2E7F7F7FFF8F4E793
:10C900000020F3E71A230B7001234B708B707047E4
:10C91000F6F7CCBF10B521B940F2A9211020F4F7E9
:10C9200081FC4A600B72EFF3108472B6031D0B603A
:10C9300042681AB1127A012A08BF036003681960BD
:10C94000016004B962B6BDE81040F6F7F9BF0222F3
:10C95000F7F7C2B80322F7F7BFB80422F7F7BCB85D
:10C960000222F7F7FDB88A230B7030F8953CA1F846
:10C97000033030F8573CA1F8053030F8533CA1F8AB
:10C98000073030F8553CA1F8093030F8513CA1F897
:10C990000B307047012908B503D10E30C00080B2BA
:10C9A00008BD022902D10F308000F8E74FF40C7166
:10C9B0000620F4F737FC30B587B004460D46F5F78E
:10C9C000F5FD80B334F89E4C69462046FFF72DF9FB
:10C9D00018B1FB212C20F4F725FCBDF80630ADF88A
:10C9E0000E30BDF80830ADF81030BDF80230ADF8AB
:10C9F000123003A8BDF80430ADF80C40ADF8143087
:10CA0000FFF7F1F810B14FF48271E3E7ADF80C00D5
:10CA10009DF80C30002063F307009DF80D3063F3A0
:10CA20000F2007B030BD2B468D2203F8032BD4F81E
:10CA30000920C5F80320D4F80D205A60B4F811205D
:10CA40001A810423ADF80C30E2E740687047C08AD1
:10CA5000704710B58A880B89CC884988A0F8541093
:10CA6000A0F85840A0F85620A0F85A3010BD838393
:10CA7000BDF8003001834283C3837047034670B51D
:10CA8000B3F84C10B3F85820B3F85A40B3F84850F4
:10CA9000B0F84260B0F84600914228BF1146B3F8A2
:10CAA0005020A3F84210A24228BF2246B3F84A40C1
:10CAB000A3F84620944238BF14468D4238BF0D4635
:10CAC0008E42A3F84850A3F84A4021D1801A18BFDB
:10CAD0000120B3F84E10B3F85420B3F85660B3F801
:10CAE0004050B3F84440914228BF1146B3F8522059
:10CAF000A3F84010B24228BF32468D42A3F844202A
:10CB000008D1944218BF40F0010000F0010070BD50
:10CB10000120DEE70120F8E738B5C58B438C0446D9
:10CB20009D42007A28BF1D46FFF734FF6389AB4260
:10CB300028BF2B46984238BF184680B238BD2DE931
:10CB4000F04106460F468089194698461446FFF77D
:10CB500021FF414605463046FFF7DEFF854228BFEC
:10CB600005469DF81810B08AFFF714FFF38A834238
:10CB700028BF0346ADB2A01D15FA83F3384418440C
:10CB8000BDE8F08107B590F86D30009390F86C30F7
:10CB9000002296213430FFF7D2FF03B05DF804FB8A
:10CBA00038B50D4619461446FFF7ECFF963420447D
:10CBB000A84294BF281A002038BD38B50D4611464A
:10CBC0000446FFF7DFFF2844A06338BD01F19C0352
:10CBD00083423DBF9C38401A40080020704700F057
:10CBE0005533400800F05530034403F033329B08BE
:10CBF00003F033331A4402F00F33120902F00F32FC
:10CC0000134403F0FF101B0A03F0FF13184400EB5A
:10CC10001040C0B2704700F05503400800F05500C6
:10CC2000034403F033009B0803F03303034403F091
:10CC30000F0000EB1310704780EA6000FFF7CFBFD2
:10CC400032280CD006D8162818BF012894BF01201E
:10CC500000207047A0F13E03584258417047012020
:10CC6000704708B50246FFF7EBFF40B10846FFF7F3
:10CC7000E7FF20B18A420CBF23202A2008BD8A4248
:10CC80000DD1A2F13000C0B20B2808D840F6210324
:10CC9000C34013F0010F0CBF00202320EEE700205B
:10CCA000ECE7036800229A7383F84A20A3F8462031
:10CCB000704703680022A3F84E20012283F8502019
:10CCC00070470368002283F85020704708B5036856
:10CCD00083F89B1083F89A203422DA73FFF7E9FF78
:10CCE000002008BDA0F10903042B09D9A0F14603D7
:10CCF000012B05D9233807288CBF0020012070475D
:10CD00000120704710B50368DC7B44B90A7883F8CA
:10CD100098200322DA73FFF7CCFF204610BD0124D0
:10CD2000FBE7B0F8CC00063080B2704730F8023C28
:10CD3000F7B5B0F8827005460E4673B10122684619
:10CD40008DF80020ADF80170ADF80330F5F77AFCEE
:10CD500018B195216320F4F765FA8323002433701A
:10CD6000B470A6F803706B7AD5F898007371FEF76B
:10CD7000B4FB08B9BA21EDE721463846F4F79EFD29
:10CD80004FF4017303F00402204662F307001B0A0C
:10CD900063F30F2003B0F0BD03681A7C063A012A42
:10CDA00081BF4A785A7406221A74002070470268BC
:10CDB000137C063B012B84BF07231374704708B50F
:10CDC00003689A7B1AB13B215520F4F72BFA0A220B
:10CDD0009A7308BD2DE9F74F0646894690460193A0
:10CDE000FFF79FFFD6F8CC71044657B90023C8F867
:10CDF0000030F38823449CB2019B1C8003B0BDE843
:10CE0000F08FF7F799FA0028F0D1D6E96C32D6F80E
:10CE1000C4C00CFB04FE1EEB030ED7E902130B4447
:10CE2000D7E9001542F100025B1845F10005734592
:10CE300075EB020114D2BEEB03016FF0010B62EB44
:10CE4000050A8B4570EB0A0A03D23D215620F4F700
:10CE5000E9F93869471E3944B1FBF0F1E0FB0135CF
:10CE6000B3EB0E0365EB02056FF001029A424FF03F
:10CE70000002AA4101D24821E8E7B3FBF9F209FB1D
:10CE80001233B3FBFCF291B20CFB1133C8F8003043
:10CE9000F3881C441444A4B2AEE70B46822203F884
:10CEA000032BD0F80920C1F80320D0F80D205A60D8
:10CEB000427C1A720023CB70704708B503689A7BD6
:10CEC0001AB1A2215620F4F7ADF90C229A7308BDCD
:10CED00038B50D680446D5F81C12B5F8162240F294
:10CEE000E240B1FBF0F32371C3F307236371B2FB9C
:10CEF000F0F26270B5F82032A3711B0AE371B5F845
:10CF0000223223721B0A637295F89F3033B905F5FC
:10CF1000057305F506722846FFF75CFFB5F8143275
:10CF2000A3721B0AE372D5F8183240F2E242B3FB57
:10CF3000F2F3A370C3F30723E3700C2038BD0B4654
:10CF4000842203F8022BD0F80920C1F80220D0F87F
:10CF50000D205A6070470B46852203F8022BD0F84B
:10CF60000920C1F80220B0F80D209A80704710B552
:10CF700004460068837B192B12D100F1800200F572
:10CF80000B71052300F50F70FDF7B8FD2368002035
:10CF900000210122C3E91C01DA741C229A7310BD1E
:10CFA0000220FCE703689A7B132A10D1D1F80120F4
:10CFB000C3F83422D1F80520C3F838220368D1F829
:10CFC0000920C3F8942019229A7300207047022088
:10CFD000704703689A7B0F2A01BF00201222D87481
:10CFE0009A7318BF0220704708B503689A7B122A0B
:10CFF00004D040F277111F20F4F714F9012283F8CE
:10D00000522011229A7308BD08B503689A7B1C2A26
:10D0100004D040F2FE211F20F4F704F91E229A7377
:10D0200008BD08B503689A7B22B14FF441711F20F7
:10D03000F4F7F8F8012283F851200F229A7308BD03
:10D0400008B503689A7B3AB193F8522022B940F2AE
:10D050000B311F20F4F7E6F8012283F85120132248
:10D060009A73002283F89E2108BD3E230B700C2387
:10D070004B7004238B70D0F80930C1F80330D0F81E
:10D080000D30C1F80730B0F81130A1F80B30C37C77
:10D090004B73704708B503689A7B1AB1CF211C20E7
:10D0A000F4F7C0F804229A7308BD03680022DA730B
:10D0B000A3F84E20FFF705BE87230B7030F88C3C99
:10D0C0004B80704703689A7B052A01BF002283F8D2
:10D0D0003E2083F84A209A730020704738B50568CF
:10D0E000EC7B2CB9FFF7E5FD0223EB73204638BD3E
:10D0F0000124FBE7FFF7E5BD08B503689A7B1AB189
:10D1000072214B20F4F78EF805229A7308BD10B5F2
:10D11000D0E90D42A24206D38B8C498E05334B4396
:10D12000121B934202D3012380F83E3010BD0C2322
:10D130000B7008234B7000238B70B0F85630A1F8A9
:10D140000330437A4B714389CB8083890B817047CD
:10D1500010B5046894F853309B070CD4A37B1BB123
:10D1600077214020F4F75EF80122A27384F84A2068
:10D17000A4F8463010BDE37B0BB9FFF7A2FD0023F6
:10D1800084F83231F6E710B50B794C790A6801283A
:10D1900043EA042108BF41F48031104610BD07B5B1
:10D1A000FFF7F1FF0DF10702F7F75AF803B05DF84A
:10D1B00004FB30B585B01546089BC01A099B61EB8E
:10D1C0000304002C214602DA404264EB440103AB25
:10D1D00000932A4602ABFDF7DFFD002C039801DA2D
:10D1E00000B1281A05B030BD07B5002301A801938E
:10D1F000FAF78EFD019810F0030018BF012003B06C
:10D200005DF804FB08B5FFF7EFFF002814BF1420FA
:10D21000002008BD08B503689A7B1AB12621A32017
:10D22000F4F700F820229A7308BDF7B50568AB7BC8
:10D23000203B022B06460C462BD8B1F805101A29C4
:10D2400021D9B4F80730B3F5A47F1CD3B4F801207A
:10D250001A2A18D9B4F80300B0F5A47F13D30090AC
:10D2600005F1A80405F1DC00FFF701FC2046376852
:10D27000FFF704FC18B107F23F10F6F793FC306893
:10D280000421F8F76BFE002085F84A00A87303B06C
:10D29000F0BD0120FBE7F7B504460068C57B002D13
:10D2A00040D1B1F805601A2E04D9B1F80730B3F5B2
:10D2B000A47F05D2204603B0BDE8F040FFF722BDB1
:10D2C000B1F801701A2FF5D9B1F803C0BCF5A47FED
:10D2D000F0D33A46CDF800C03146DC30FFF7C7FB4B
:10D2E00023689A7B202A08D123682222DA732046F9
:10D2F000FFF7DFFC284603B0F0BD93F82331002B85
:10D30000F2D1236893F82231002BEDD1236821223A
:10D31000DA73B3F8AA0003F5A47203F1DC01F6F79F
:10D3200047FCE4E70125E5E710B503680446002261
:10D33000DA73A3F84E20FFF7C4FC20680421BDE88F
:10D340001040F8F70BBE0B46812203F8032BB0F810
:10D350000920A1F80320C27A9A70704708B540F2FC
:10D36000BD213220F3F75EFF13B503460C4690F85B
:10D37000BE2002F0FF0032B1A3F1360000F0A7FAA0
:10D380008C232370042002B010BD70B50E460446F5
:10D3900020B940F206313220F3F744FF437A002BE4
:10D3A0003BD1036DD0F80E20C3F8AD20428AA3F81C
:10D3B000B120437B026D03F0FD03003B18BF012346
:10D3C00082F8AC3094F8545094F889302BB194F82A
:10D3D0008A301D43002384F88930204600F077FA14
:10D3E000AB0708D025F00405002284F854501146FC
:10D3F0002046F8F783FB3346882203F8032B04F119
:10D400000902293452F8041B43F8041BA242F9D143
:10D4100012781A700023B37170BD40890021F4F7AF
:10D4200037FA10B940F21231B5E7B0F8AA0000217E
:10D43000F4F744FA0028C5D040F21531ABE738B50F
:10D4400004460D4600F082FA94F87030012B03D0A8
:10D4500094F87030002BF7D13F2200212046FDF7D1
:10D46000C5FC0722002384F8492040F2011284F809
:10D47000543084F8883084F85850A4F84A20236641
:10D4800084F8893038BD08B5F7F7BCF8F9F7B6FF6E
:10D49000BDE80840F7F7FAB908B5F7F7B3F8F7F7BA
:10D4A000B3F9F9F7ABFFBDE80840F7F7EFB9F7F7C5
:10D4B000B9B908B5F7F7A6F8F9F7A0FF032008BD3A
:10D4C00008B5F7F79FF8F7F79FF9F9F797FF0320EB
:10D4D00008BD90F83E00003818BF01207047007A60
:10D4E000003818BF0120704710B501210446002004
:10D4F000F4F7CEF910B12146FFF7A1FF012108464C
:10D50000F4F7C6F910B12146FFF799FFBDE81040C6
:10D51000F8F7D8B8F7F786B980F84910704710B512
:10D5200004460846194694F84030023B012B0AD9BC
:10D5300094F8400000F0FD000038BDE8104018BF2E
:10D540000120F5F7EBBE0028F2D102F0FD02101E1B
:10D5500018BF0120FEF770FF0828E9D0012010BD98
:10D5600090F8400000F0FD00003818BF0120F5F7EA
:10D57000D5BE38B504460D4690F8893003F0FF005B
:10D58000F3B994F85430013B012B18D8042916D173
:10D59000D4F8F03023B140F6F8113220F3F742FE10
:10D5A000216D11B940F6F911F7E704F1C80000F058
:10D5B00047FA84F88A50FF2384F88930012038BD67
:10D5C0000020FCE780F84010704701F0FD03B3FA3B
:10D5D00083F35B0980F84A3080F85510704710B526
:10D5E00004460846002819460CBF0123002384F88E
:10D5F0004B304FF0080384F8560084F84C3008D1C3
:10D6000002F0FD02101E18BF0120FEF715FF84F87E
:10D610004C0010BD08B522B940F63F213220F3F787
:10D6200001FE80F859101368C0F85A309388A0F8AA
:10D630005E30036D90F8412083F8B320D0F842208B
:10D64000C3F8B420B0F84620A3F8B82008BD10B540
:10D65000D0F8B04094420BD190F840208A4207D1D4
:10D66000D0F8B4001B682030C31A5842584110BD8E
:10D670000020FCE7012910B5044601D1F7F7C4F8F2
:10D6800004F16C00F8F752F8002384F8703010BDF4
:10D6900010B5012104460020F4F7FAF820B940F64D
:10D6A000CB213220F3F7BEFD637880F85430A378A5
:10D6B00080F84030E178FFF788FF237980F849301F
:10D6C00010BD233070471FB5002403949DF92040FE
:10D6D00002949DF81C4001949DF818400094F7F7BF
:10D6E00097FE04B010BD1FB503939DF91830CDE926
:10D6F0000123FF23009304220023F7F789FE05B0DE
:10D700005DF804FB70B50378C3F380134B740C46CB
:10D7100016460546FFF771F8062EA07407D80123B8
:10D7200003FA06F212F0550F06D19E4212D00023E2
:10D73000C4E90133637013E06370EB1C6360002382
:10D74000A3606B78063B13F0FF030AD009352374FE
:10D75000E56070BD03236370EB1809356360A56055
:10D7600000231D46F3E7027802F00F02FFF7CABF5D
:10D7700008B5D0F8C830D21A04D540F28A31212039
:10D78000F3F750FDD0F8B000B2FBF0F008BD10B5D3
:10D7900004460120FAF772F800F52343A1334FF451
:10D7A0007A72B3FBF2F303F27920D4F8F03003B1CC
:10D7B000400010BDD0F8B430D0F8B00020331B1AB0
:10D7C000584258417047D0F8F01070B506461D46D3
:10D7D000FFF7F0FF11B10130C0B270BDD6F8B01044
:10D7E0000724A1FB041450B1D6E92630C91844EB34
:10D7F00000048A4275EB04040AD20320EDE7D6E95F
:10D800002A30C91844EB00048A4275EB040401D2A3
:10D810000220E2E70120E0E72DE9F0410446FAF7B3
:10D8200099FFD4E92623074620468846FFF7CBFF19
:10D830000646FBF77FF83128034603D8002630461A
:10D84000BDE8F081421CD4E92E1513D04218AA423B
:10D85000D4E9242028BF6B1AD21B60EB0800012AF0
:10D8600070F100054FF000052FDB9342854100DB8E
:10D8700013465D186D1A41F288339D4228BF1D463C
:10D88000FAF768FFC7F1740303449D42D6D33146CB
:10D890002846FBF77BF806460028CFD0FAF760FF52
:10D8A000D4F8C020D4F8B830A818D4F8BC20C4F8F4
:10D8B000C0002B449342C4F8B83003D1D4E93223DA
:10D8C000C4E92A23FAF748FFB9E72B46D1E738B570
:10D8D000044690F8F43003F0FF0043B3FF2384F8CC
:10D8E000F53004F1F8052846FAF7EAFF2846FAF77A
:10D8F000FBFF00212046FFF7BDFE94F8F63004F14F
:10D90000C805ABB1D4F8E830E3B12846F6F7AAFD74
:10D91000002384F8F53094F8F60010F0FF0018BFEB
:10D920000C2084F8F630C4F8F03084F8F43038BDB8
:10D93000D4F8F00030B1D4F8E8301BB900F5D87055
:10D94000F6F720FD2846F6F71DFDE1E790F8F430E4
:10D950000BB1FFF7BCBF7047FFF7F8BF90F864004A
:10D96000003818BF0120704708B50B7813F0060F78
:10D9700004D040F29F212120F3F754FC90F8F420CA
:10D9800002F0FF0312B140F2A521F4E70A7812F089
:10D99000010218BF8B684968C0F8B010C0F8D810F1
:10D9A00040F27121A0F8DC1012B1203BC0F8B43075
:10D9B00008BDD0F8F0300BB1FFF789BF0C207047DD
:10D9C00070B506460C4690F8F530002B34D1FAF7C6
:10D9D000C1FE0546062C24D8DFE804F02823232BBB
:10D9E000042330004FF40272D6F8B8306FF480711F
:10D9F0000B44D6F898106D1A1544AB428CBF012425
:10DA000000240CD83046FFF707FF40B1D6F8B840E5
:10DA10006FF480731C44A5422CBF002401242046CF
:10DA200070BD4FF44B712120F3F7FCFB4FF40472EF
:10DA3000DAE74FF45772D7E70024F0E70124EEE766
:10DA4000F8B50D46064601F5D877D5F8B80100219E
:10DA5000F6F7EEFCB042044606D18268D5F8B8313C
:10DA60009A4213D2816989B121463846F6F7A8FC5B
:10DA7000002333622CB194E80E005B1842F10002DF
:10DA800001E000231A46C5E96C32F8BD9A422CBF6A
:10DA9000B260B360F2693762002AF2D00ECAECE7D6
:10DAA00070B5044688B0052961D8DFE801F0033578
:10DAB0003C37605390F8F5304BB10121FFF7DAFDA8
:10DAC000F9F7ECFC08B0BDE87040FBF74BBFFAF784
:10DAD0008DFFC4E926010B460246064620460D4648
:10DAE000FFF746FEB0FA80F040098DF8100032468C
:10DAF0002B4620460294FFF73BFE003818BF01205A
:10DB00008DF8110002A8F7F7E7FBD4F8B800E73862
:10DB1000C4F8C000FAF720FE08B070BD08B0BDE838
:10DB20007040F9F7FBBD00220092012302A9F7F72C
:10DB30000BFE58B102A904F1F800FBF72DFF0028F5
:10DB4000EAD140F273712120F3F76CFB2046F7F71E
:10DB50000BFCE1E790F8F53023B108B0BDE8704068
:10DB6000FFF7D8BCFFF758FE0028D5D1F5E74FF4F2
:10DB7000E571E8E710B5044688B090F8F43003F09A
:10DB8000FF0223B140F267212120F3F74BFBFF2373
:10DB900080F8F43080F8F520FFF70CFE78B9D4F85F
:10DBA000B4302033C4F8D03001220091002302A900
:10DBB0002046F7F7C9FD28B94FF41F71E4E741F299
:10DBC0008833EFE702A904F1F800FBF7E5FE10B98E
:10DBD00040F27D21D8E708B010BD10B5044688B0EA
:10DBE00090F8F52002F0FF039AB900931A4602A9B3
:10DBF000F7F7AAFD50B102A904F1F800FBF7CCFE3B
:10DC000038B940F25A712120F3F70CFB2046F7F7A0
:10DC1000ABFBF9F743FC08B0BDE81040FBF7A2BE30
:10DC200010B5044690F86D1090F86C00F8F722F8E3
:10DC3000002201462046BDE81040FEF7BEBFF8F7BF
:10DC4000D3B8C0F8B811704710B50446FFF7DAFA38
:10DC5000E269636B9A4228BF1A4600F59F7110462D
:10DC6000FEF7B4FF40F64803984228BF184680B23A
:10DC700010BD08B520B940F277113520F3F7D2FA7C
:10DC8000437B03F0FF0113B14FF4BC71F5E7BDE82E
:10DC90000840202200F5EC70FDF7A8B810B5044646
:10DCA00086B020B94FF4BF713520F3F7BBFA427B41
:10DCB00002F0FF0312B140F27F11F5E701460122A5
:10DCC0006846F7F7EDFF694604F5EC70FAF7C4FD16
:10DCD00010B940F28311E7E706B010BD036893F86E
:10DCE000A02022B100229A7383F84A207047DA7389
:10DCF000FEF7E7BF03689A7B032A04D1002283F86A
:10DD00004A209A737047FEF7DCBF037D63B9837BBB
:10DD1000A3F10F02032A07D990F8520028B11F2B54
:10DD20008CBF00200120704701207047A1F1110332
:10DD3000012B0AD910B9182902D87047112906D920
:10DD40001E298CBF00200120704701207047002051
:10DD5000704738B5136814289B7B0D4614460CD0C9
:10DD600016281AD0122835D1052B14D100222046AE
:10DD70001146BDE83840FFF7A5B9203B022B0AD871
:10DD80001046FEF78EFF35B1226892F8623023F01C
:10DD9000200382F86230002038BD232BFBD11046CF
:10DDA000FEF77FFF6DB1226892F8633023F0010324
:10DDB00082F86330226892F8633023F0080382F817
:10DDC00063301A212046F5F70BFA2368002283F806
:10DDD0002C21E0E740F2AE413620F3F723FA036846
:10DDE00049789B7B0246A3F10F0010280BD92C2BFE
:10DDF0000BD0202B0BD0052B0BD0232B0CBF1620C8
:10DE0000FE20F8F715BA0320FBE72320F9E71420DA
:10DE1000F7E71220F5E7024600680B4690F862101B
:10DE200041F0040180F8621099785878F8F700BA48
:10DE300070B50C460546D1E92F01F3F7D9FD637B98
:10DE40003BB104F5EC763046FAF73AFD3046FAF786
:10DE50004BFD04F5D8742046F6F786FA10B120463B
:10DE6000F6F790FA28460221BDE87040F3F726BD88
:10DE700000207047F5F704BFF5F762BFF5F778BFEC
:10DE800010B5827CB0F840300146B2B9C3F102044B
:10DE900091F83E3013B18B7B052B13D10846FFF769
:10DEA00034FF88B18B6B486B043B181AA042A8BFA3
:10DEB000204620EAE07080B210BDB0F84240E41A7B
:10DEC000043CE5E70020F1E72046EFE708B5F9F765
:10DED0004FF9F8F73BFFF8F793FEBDE80840F9F774
:10DEE00031BD10B5C824F8F7EBFE022808D1013C7B
:10DEF00014F0FF04F7D10620F5F70EFE204610BD02
:10DF0000431E58425841FAE74FF08053D3F8A0001F
:10DF100000F0010070474FF08053D3F8A420D3F8ED
:10DF2000A830511C9BB203D14FF6FF718B4203D036
:10DF30000260838001207047002070474FF08053BB
:10DF400030B5D3F89050D3F89440D3F89810D3F864
:10DF50009C2005EA04030B40134001331FBF0560FA
:10DF600044608160C2600CBF0020012030BD4FF0D2
:10DF7000805330B5D3F88050D3F88440D3F888105C
:10DF8000D3F88C2005EA04030B40134001331FBF74
:10DF9000056044608160C2600CBF0020012030BD7C
:10DFA00038B504461546F8F75FFF2A460146204675
:10DFB000BDE83840F9F70EBA10B504460846F9F73F
:10DFC0005DFC4FF47A73B0FBF3F0201A10BD10B56E
:10DFD00004460846F9F752FC023C00F2E7334FF4DE
:10DFE0007A72B3FBF2F3E01A10BD08B5FCF738FE05
:10DFF000BDE80840F9F766BF801A00F3070038B59E
:10E0000040B20D4659B21446F9F74CFF0023287070
:10E010006B70204440B238BD0023036070477047E6
:10E02000002070474FF0FF3070474FF0FF307047CF
:10E0300070474FF0FF307047002070470020704756
:10E040000023037070479DF800300022FFF7D4BF13
:10E050004FF0FF307047002070474FF0FF3070479F
:10E060004FF0FF3070477047C0B208B520B94FF08D
:10E07000804301221A6008BD4D21B520FCF7F6FB54
:10E080000020F9F777BF4FF08043D3F8080400F081
:10E09000010070474FF08043D3F8140400F00100F2
:10E0A00070474FF08043D3F81C0400F00300704722
:10E0B0004FF08042D2F81834D2F81824C3F300434A
:10E0C00002F00302824214BF002003F001007047F7
:10E0D0000020F9F7C5BF0020F9F7F0BF0020F9F7DD
:10E0E00049BF08B500230B8581F82A300B6A092146
:10E0F000984728B103781BB1E9216A20FCF7B6FBE9
:10E1000008BD436A19444162A1F15000FAF724BBEB
:10E11000F8B5044620B940F2AD116A20FCF7A6FB21
:10E1200090F85850052900F2CA80DFE801F0038317
:10E130004668727C90F82A30033B012B02D94FF4D9
:10E14000DC71EAE7052380F82A30002380F8593093
:10E150000378EBB12378012B27D1FBF7B1FC94F8BE
:10E16000286063686362C4E906010EBBFAF7FEFA31
:10E1700031462046FFF7C5FF236A314628469847B7
:10E1800001462046FCF72EFA022840F09B80F8BD9D
:10E19000FAF7E0FA06460F46FBF792FC1F3647F106
:10E1A000000786428F41F3D3D4E7D4E90401D6E7D0
:10E1B0002046BDE8F840FCF7E1B990F82A30DA1EB5
:10E1C000012A02D940F2ED11A7E790F828202AB1E0
:10E1D00021462846BDE8F840FFF783BF042B18BF4F
:10E1E000012180F82A10036A052128469847002853
:10E1F000CDD00378002BCAD04FF400718DE790F892
:10E200002A30052B02D040F2062186E7036A02215C
:10E21000B4E790F82A30052B02D04FF403717CE765
:10E22000036A0121AAE790F82A30052BC0D040F2FA
:10E23000122172E790F82A30052B07D090F8292098
:10E240000AB1032B02D040F2172166E794F8282088
:10E25000002ABDD194F8593083B1022384F82A30C2
:10E2600084F85920236A08212846984700288ED030
:10E270000378002B8BD040F223214EE794F829201D
:10E2800062B184F82930214604F13000FBF784FBA9
:10E2900000287FF47CAF4FF40A713EE7022384F834
:10E2A0002A300721236A2846984700283FF46FAF99
:10E2B0000378002B3FF46BAF40F22F212DE74FF492
:10E2C0000D712AE70128236A0CBF0421032155E7B9
:10E2D00070B5FCF741FA002405462646E0B28542B7
:10E2E00000D870BDFCF73EFA0134068580F82A603C
:10E2F000F4E7F8B504460D46FCF72EFA002706466B
:10E30000F8B2864204D8082D0CD96FF0150008E049
:10E31000FCF728FA90F82A300137002BF0D04FF0A4
:10E32000FF30F8BD2CB129462046BDE8F840FCF787
:10E3300025BA21462046F8E710B50446FCF712FA44
:10E34000014688B190F828308BB990F82A3073B123
:10E35000013B012B04D82046FFF7C3FE002010BD6F
:10E36000012380F82830F9E76FF00100F7E76FF03C
:10E370002200F4E770B50D46FCF7F4F904460028D6
:10E380004CD090F82A60731E012B4DD8002D48D038
:10E390002846FCF7C7F8002843D02B780BBB012395
:10E3A00023702B796A79003B18BF0123002A14BF20
:10E3B000042202222272AA686F3243F004036260D0
:10E3C000EA6822616372032384F82A30214604F14B
:10E3D0003000FBF7E1FA50BB40F2C1216A20FCF7A4
:10E3E00045FA022E20D1002323702B796A79003B55
:10E3F00018BF0123002A18BF04262672EA6843F0DA
:10E4000004036F3263726260D4E90632A9685B1854
:10E4100042EBE172C4E904320423D5E76FF0010056
:10E4200070BD6FF01500FBE76FF02200F8E70020E9
:10E43000F6E7F8B5037904461BB11B219D20FCF7D4
:10E4400015FA4679017126B901234371217909B979
:10E450006171F8BD276826712046B8470228054635
:10E46000F4D103212046B84708B12F21E6E72368FD
:10E470002946204698470028E8D03021DEE70346A9
:10E48000006800B970478842F9D102681A60704785
:10E490000346002018707047EFF3108272B60378BD
:10E4A0000121DBB2017002B962B6012B0CBF6FF023
:10E4B000220000207047EFF3108372B60022027032
:10E4C00003B962B600207047FCF7A4BBFCF7ECBBB5
:10E4D000FCF7EABB00280CBF6FF015000020704766
:10E4E000002070470723037000207047002070470A
:10E4F0000020704710F8012B11F8013B012A28BFBA
:10E500009A42F7D0D01A7047034611F8012B03F84E
:10E51000012B002AF9D17047034613F8012B002A7A
:10E52000FBD1181A013870472DE9F0478C468E460A
:10E53000089E154604461946002B40F0D0807245CF
:10E5400047D9B2FA82F74FB1C7F120030EFA07FCA0
:10E5500020FA03F3BD4043EA0C0CBC404FEA154ED1
:10E56000A8B2BCFBFEF8230C0EFB18CC08FB00F98C
:10E5700043EA0C43994528D9EB1808F1FF3204D23D
:10E58000994502D9A8F102022B44A3EB0903A4B2D6
:10E59000B3FBFEFC0EFB1C330CFB00F044EA03440F
:10E5A000A04214D92C190CF1FF3304D2A04202D995
:10E5B000ACF102032C44241A43EA02401EB1FC4091
:10E5C000002334607360BDE8F0874246DDE76346B0
:10E5D000F1E7002A79D0B2FA82F3002B3FD0194636
:10E5E000C1F1200302FA01F52EFA03F20EFA01FE40
:10E5F00020FA03F343EA0E034FEA154E00FA01F442
:10E60000B2FBFEFCAFB20EFB1C201A0C0CFB07F891
:10E6100042EA004290455AD9AA180CF1FF3004D2C0
:10E62000904502D9ACF102002A44A2EB08029BB249
:10E63000B2FBFEFC0EFB1C220CFB07F743EA024375
:10E640009F4246D9EB180CF1FF3204D29F4202D907
:10E65000ACF102022B44DB1B42EA004202E0AEEBCB
:10E66000020301224FEA154EAFB2B3FBFEFC200CB1
:10E670000EFB1C330CFB07F840EA034398452AD9EC
:10E68000EB180CF1FF3004D2984502D9ACF102002E
:10E690002B44A3EB0803A4B2B3FBFEFC0EFB1C331C
:10E6A0000CFB07F744EA0344A74216D92C190CF1D6
:10E6B000FF3304D2A74202D9ACF102032C44E41B7D
:10E6C00043EA00400F46114678E71F2188E760467D
:10E6D000ABE76246BFE76046DBE76346EFE77345BB
:10E6E00006D916B9002108466DE7C6E9000EF9E71C
:10E6F000B3FA83F787B9734501D3824207D8841AE6
:10E700006EEB030301209C461EB900215BE73846EF
:10E71000FAE7C6E9004CF8E7C7F1200CBB4022FA43
:10E720000CF51D4320FA0CF12EFA0CF30EFA07FE3D
:10E7300041EA0E014FEA154900FA07F4B3FBF9F874
:10E740001FFA85FE09FB18300B0C08FB0EFA43EA92
:10E7500000439A4502FA07F240D9EB1808F1FF305E
:10E7600004D29A4502D9A8F102002B44A3EB0A0374
:10E7700089B2B3FBF9F809FB183308FB0EFE41EA36
:10E7800003418E452CD9691808F1FF3304D28E4518
:10E7900002D9A8F10203294443EA0040A0FB0298F1
:10E7A000A1EB0E014145CE46434602D306D14C456E
:10E7B00004D2B9EB020E68EB05030138002EA4D099
:10E7C000B4EB0E0261EB030101FA0CFC22FA07F331
:10E7D0004CEA0303F940C6E9003196E74046C5E735
:10E7E0004346D9E738B50849144600221D4615F0BE
:10E7F000F2FA28B1054904222846A047002038BD76
:10E800006FF00100FBE700BF6C8502001C350020A3
:10E8100070B50378092B0D4625D14678A6F108037B
:10E82000092B20D8446811490722204618F05EFEC3
:10E83000C8B9E379302B16D0E21D34440A2612F809
:10E84000013B303BD9B209290DD8D943B1FBF6F1D0
:10E85000814208D3A24206FB0030F0D1431C02D013
:10E860002860002070BD0120FCE700BF7385020016
:10E8700008B5084818F02AFC074818F027FC074B91
:10E880001A782AB100221A70BDE8084008F042B890
:10E8900008BD00BFE01A0020B01A00203B4F002046
:10E8A000F8B50378083B012B04460E462FD845786F
:10E8B000052D10D9476817490622384618F016FE6C
:10E8C00048B9154B1548182D2A46394628BF182235
:10E8D0001A7018F0DCFD124B1B685A1C0CD16378BF
:10E8E000062B07D90F490722606818F0FFFD08B909
:10E8F000012333700020F8BD002BFBD00A48FFF73E
:10E900000BFE637898420246F4D10749ECE70120F8
:10E91000F1E700BF7B850200F14E0020F24E00209F
:10E9200020350020738502000C4F0020421C084A4D
:10E930000346106003D107490748FFF7E5BD08B952
:10E940000649F9E7064A0448142113F0CDBB00BF7D
:10E9500020350020828502000C4F00207B850200BC
:10E960008B85020038B50A460546EFF31184402333
:10E9700083F31288BFF36F8F0D48818983885B1AF8
:10E9800001699BB2C91A8A420DD8294614F0CAFB04
:10E99000084B186883685B6903B1984784F3118852
:10E9A000BFF36F8F38BD04490B6813440B60EFE76A
:10E9B000840700205835002054350020F0B5B2F50A
:10E9C000807FC5B014462FD8184B0193130A01ADB0
:10E9D00028716A71AB711AB10DF10B0018F057FD77
:10E9E00021464FF6FF7302AE41F2210716F8012BC4
:10E9F000082083EA02231AB2002AB5BF87EA42023E
:10EA00005B0093B29BB20138F5D10139CA1CEDD13C
:10EA10000DF10B0204F10901135503AA1B0A13554A
:10EA200089B22846FFF79EFF45B0F0BDCB1D702B85
:10EA3000104608B51A4608B9088108BD064B1B7870
:10EA40002BB101469020FFF7B9FF0120F5E71146F1
:10EA5000FFF788FFF9E700BF3C4F002030B50446C0
:10EA600091B0A368DB6B002B52D1A3689B6B002B8A
:10EA700054D1A368DB6A13B12046984728B1A36834
:10EA80001B694BBB284810F0E7FBA368DB691BB18F
:10EA9000204698470028E4D0EFF31185402383F304
:10EAA0001288BFF36F8F21480146C38831F80A2FBF
:10EAB0009B1A9BB2402B6A4628BF402314F0E3FA0E
:10EAC0000246A0B9A3689B690BB12046984785F31D
:10EAD0001188BFF36F8FC4E74022694620469847EC
:10EAE000021ECFDD6946124814F01CFBC7E7A3687D
:10EAF0000099DB684BB1204698470E4920EAE07246
:10EB0000A1F10A0014F0F5FAE1E76FF05700F4E71D
:10EB1000204698470028A8D111B030BD204698471C
:10EB20000028A6D1F8E700BFDC0B002084070020F6
:10EB3000700700208E0700201FB50B4607490246CC
:10EB4000086848B10649098831B10024CDE901447B
:10EB500000949BB216F0BEFF04B010BD50350020EB
:10EB6000CC4E002013B5164B1B780446C3B1154A92
:10EB70008DF8000013681288ADF802201A0C8DF889
:10EB800001108DF804201B0E0622694694208DF892
:10EB90000530FFF713FF022C04D10B4818F096FA4A
:10EBA00002B010BD002CFBD1084B1B78002BF7D016
:10EBB0004FF470220023044810F0A2FDF0E700BFDC
:10EBC0003C4F002020350020B01A0020394F002093
:10EBD00070B50C460C4A0D480B46032113F0F3FCAC
:10EBE00021460B4C0020FFF7BDFF0A4B2068002593
:10EBF0001D8010B108F090F82560BDE8704006480F
:10EC00000022002310F0B0BD95850200307B020089
:10EC100050350020CC4E0020101B0020F7B53C4F93
:10EC200006463D780C4641B93A4A2B4602213A48FD
:10EC300013F0C9FC002003B0F0BDEDB9084616F092
:10EC4000F1FD364B3649188142F60213ADF8063015
:10EC500001AB0B60238A8DF8045002330B81012431
:10EC6000042330460B743C700AF0C6FF03460028AC
:10EC7000E0D02C4A2146DAE7012D38D127492A4B2A
:10EC80000B60238A4B818D810BF06AFC034640B3F5
:10EC900010F1780F25D0254A1F48294613F093FC20
:10ECA000234B244A03F11000114653F8044B42F859
:10ECB000044B8342F9D11B781370194A4FF6FF7346
:10ECC000D3810323116013740124022311463046BB
:10ECD0003B7014810AF090FF03460028AAD0164A20
:10ECE000C8E7164A0C48032114F01DFED8E7084671
:10ECF00016F098FD124A03461080124A0648032176
:10ED000013F061FC00210220FFF72CFF92E700BF07
:10ED1000204F0020B3850200307B020038350020F0
:10ED200024350020E685020031EA0000FF8502005C
:10ED300063B10200214F00202686020015860200E2
:10ED4000CC4E00204386020010B50C4B1C88A4B9A1
:10ED50002046FFF7EBFD0A4B1C700A4B186848B1C0
:10ED6000132115F0BAFCBDE81040742205211420CF
:10ED700013F048BC07F0CEFDF5E710BDCC4E0020E7
:10ED8000394F0020503500201FB5431EDBB2002252
:10ED9000132BCDF80520CDF8092098BF0F4A8DF828
:10EDA000040098BFD25C0E4904460DF1050018F02E
:10EDB0006EFB0C480022002301A917F0DEFF48B1CA
:10EDC000094B1B7823B100220621204613F01AFCC0
:10EDD00004B010BD054810F023FCF9E74BB1020068
:10EDE000E24E0020840B00203C4F002060070020F2
:10EDF0002DE9F04FDFF8D8808FB00027019008F19F
:10EE00000809344BDFF8D0C01B78FEB2B34220D8DB
:10EE10008DF82530314BDCF800201B788DF826303A
:10EE20002F4B08921B68019A8DF824201A0A8DF83E
:10EE300028201A0C8DF827308DF829201B0E0B2264
:10EE400008A993208DF82A30FFF7B8FD0FB0BDE870
:10EE5000F08FEFF3118B402383F31288BFF36F8F92
:10EE60004FF0180A0AFB06F608EB060E75460FCDA2
:10EE700002AC0FC495E8030084E8030006EB090127
:10EE800018F8063059F8062049689EF914500446CF
:10EE90008BF31188BFF36F8FDCF800008DF82C30F6
:10EEA000DDF80930CDF82D30BDF80D300A92CDE9EE
:10EEB0000801ADF831308DF8335013F086FB001B9C
:10EEC0000D90524608A99220FFF778FD013798E788
:10EED00010320020F04E002008320020EF4E0020BB
:10EEE0005435002010B5054B00241C7007F012FDAE
:10EEF0002046BDE81040FFF77BBF00BF3B4F00201E
:10EF00002DE9F04FBFB07F484FF48042002310F04E
:10EF1000D7F9002839D17C4F7C4840220EA914F043
:10EF200021F906460028EED04FF00008DFF8E09106
:10EF30000EAD4446397815F8012B00294AD1DFF887
:10EF4000D4E175489EF8003010F803C0944526D0EF
:10EF500084461EA800EB040A5FFA81FB5B4533D8A8
:10EF6000CB2A1C440CBF012300238EF8003005D0AF
:10EF700004F1F8036B44013403F8802C7B2C18D97E
:10EF80002146FFF7D9FD002413E0614A00231370E6
:10EF9000624A13705F4A13705B4A1370B3E7013320
:10EFA000DBB2042B8EF8003003D101233B708EF8C6
:10EFB000001008F101084645BCD1002CACD0214618
:10EFC0001EA8FFF7B9FDA7E71CF801BB0AF801BBB3
:10EFD0000131C1E70129514940F08180504B1A703D
:10EFE00000230B70511EC9B2132955D84D4B5B5CE1
:10EFF000191E18BF01214900022A89F80030397012
:10F0000066D1494B0193494B1B688DF809301A0AA8
:10F010008DF80A201A0C1B0E8DF80C30444B8DF81D
:10F020000B201A68434B1B789B00002A18BF43F043
:10F030000103414A127843EAC203404A1288003A67
:10F0400018BF012243EA42038DF80D303C4B1B6888
:10F050008DF80E303B4B1B888DF80F301B0A8DF856
:10F060001030394B1B888DF811301B0A8DF8123087
:10F07000364B1B788DF81330354B1B788DF81430D8
:10F08000344B1B7882208DF808003BB10C220DF127
:10F090000901FFF793FC8CE71946ADE701A81121A0
:10F0A000FFF760FC204B069383238DF81C302A4B1E
:10F0B0002A4993F800A08DF81DA052460DF11E00BC
:10F0C00018F0E5F90AF1060106A8FFF74BFC70E716
:10F0D000002B7FF46EAF1046FFF756FE69E7087805
:10F0E000431CDBB20B701E490A5499F800209A4267
:10F0F0003FF65FAF0A4B1878FFF746FE00233B70E0
:10F1000057E700BFDC0B0020EB4E0020700700200B
:10F11000EE4E0020EC4E00205FB10200ED4E0020CC
:10F12000EA4E00204BB10200CB1D702A2035002092
:10F13000503500203B4F0020394F0020CC4E00209E
:10F1400018350020CA4E0020C84E00200B4F00206A
:10F150000A4F00203C4F0020F14E0020F24E0020CC
:10F16000E24E0020094B1B8823B1012208480621EA
:10F1700013F038BA074B1B681BB9074B1A78002AE3
:10F18000F4D00348836840215B691847CC4E0020C7
:10F1900020770200203500203B4F0020F8B50546BF
:10F1A00000AF0C46B1B12F4A2F480B46022113F095
:10F1B0000AFA21462D4C0020FFF7D4FC206807F006
:10F1C000ABFD002323602A480022002310F0CCFA74
:10F1D000BD46F8BD6E4688B06A46264B0593264B61
:10F1E00006934FF40073ADF81C30244B42F8103FE7
:10F1F0001D480B464FF4E65101F0B6FF2146B546D7
:10F200000120FFF7AFFC1E4A1E4B13601146284633
:10F210000AF0C2FC1C4B1D4A1C701D4B114603F129
:10F22000100053F8044B42F8044B8342F9D11B7889
:10F230001370184A184B53604FF6FF731160D38157
:10F240000124032311462846137414810AF0D4FCC8
:10F2500003460028BCD0114A0348214613F0B3F9F5
:10F26000B6E700BF6E860200307B020050350020FA
:10F27000101B0020938602000C4F002003000001A9
:10F280001035002039F30000204F0020214F0020CE
:10F2900074B10200243500201DEC0000A686020097
:10F2A00090B51C4A85B01068516800AF3B1D03C380
:10F2B000906818601849381D07F0DCFA174A0346B1
:10F2C000106080B110F1780F0DD0154A1548022159
:10F2D00013F079F9144842F26762002310F044FAFF
:10F2E0001437BD4690BD6C4688B06A460F4B0593F7
:10F2F0000F4B06934FF40073ADF81C300D4B42F8E2
:10F30000103F084800234FF4E65101F02DFFA546B9
:10F31000E6E700BF307C020089F7000018350020C6
:10F32000C2860200307B0200101B0020F48602001F
:10F330000C4F00200300000198B50E4B0E4C00AF9F
:10F34000002908BF1C4616F0C7FA8AB06A460B4B64
:10F350000790CDE905344FF40073ADF82030084B29
:10F3600042F8103F074800234FF4135101F0FCFE10
:10F37000BD4698BD0F870200BA87020012870200BF
:10F3800004000001307B02002DE9F04FDFF8A49269
:10F390008FB000AFA8480022002307F114010FF03E
:10F3A00005FE044618B13C37BD46BDE8F08FA34BBF
:10F3B000387D1A783AB999F80030002BEAD001214B
:10F3C00013F020F9E6E7012830D19D4DD7F815302C
:10F3D0002B6089F80040FFF74BFA9A4B28681C70A5
:10F3E000994B6D461860FFF7A1FA88B06A46974BB3
:10F3F0000593974B06934FF40073ADF81C30954B73
:10F4000042F8103F944823464FF4E65101F0ACFE19
:10F41000924B1868AD4618B1132115F05EF9B9E7A3
:10F420008F480022002310F09FF9B3E710281FD166
:10F430008A4B1B682BB98B4B1B6813B98A4B1B7803
:10F440003BB199F80030002BA4D0002201211020FC
:10F45000B6E7012389F80030844B186838629B882E
:10F46000BB84062207F120019120FFF7A7FA91E75C
:10F4700099F80030BB60002B8CD0A0F11103042B55
:10F4800000F27581DFE813F005006E008000940043
:10F490005701724B1B683BB9724B1B6823B9DFF8ED
:10F4A000C8A19AF800501DB100220121112087E760
:10F4B000B7F81560A6F164039BB247F2CC429342C1
:10F4C00002D92A460221F1E7654817F0FFFD07F04F
:10F4D00021FAEFF31184402383F31288BFF36F8F77
:10F4E000634BDFF890811D70634B64481D704FF4CF
:10F4F0004072294617F0F2FFD7F81730C8F80030ED
:10F5000001238AF8003084F31188BFF36F8F5C4ABF
:10F510001068516807F1200303C3906818605949C7
:10F5200007F1200007F0A6F9574B0446186020B1F8
:10F530008AF8005002460521B8E740F2E73021463C
:10F540004FF400454FF47A720023E6FB0501FBF708
:10F5500085FD02460B464D4810F006F9D8F800200C
:10F560002146A3E7404B1A7812B90221122027E75F
:10F57000FFF77EF93F4B12201A68002113F042F882
:10F580000120FFF735FC05E7374B1B782BB9334BD0
:10F590001B6813B9334B196819B1002201211320DC
:10F5A0000EE7344B13201A6813F02CF80220E8E71A
:10F5B0002D4B1E7846B9294B1B682BB9294BD3F824
:10F5C0000080B8F1000F03D0002201211420F7E6DB
:10F5D00007F1200BD7F81530D7F819A0FB601822D7
:10F5E0004146584617F07AFFEFF311833B60402302
:10F5F00083F31288BFF36F8F1D4B204D1B787B6008
:10F60000AE4644467A685FFA88F39A4240D8002CA6
:10F6100065D04FF0180808FB0258454551D13B68AA
:10F6200083F31188BFF36F8F002C5AD1FA6803213E
:10F63000CCE700BF3C4F0020840B00203A4F002055
:10F6400014350020394F00201C3500202787020088
:10F650000C4F002003000001307B020050350020D9
:10F66000101B0020203500203B4F00203C7C020076
:10F67000F04E002008320020EF4E00201032002013
:10F68000307C020089F7000018350020E01A0020C5
:10F69000DEF80C30FA6893420ED1DEF8083053459C
:10F6A0000AD1F446BCE80F0007F120040FC49CE81F
:10F6B000030084E80300BC6808F101080EF1180E8D
:10F6C000A0E7AB68534508D107225946284617F0F2
:10F6D0000DFF002818BF46F0010618359DE72646A5
:10F6E0009DE712F072FF3B6BC01A42F21073984212
:10F6F0009CD816B15246022168E71E4B386ABBF807
:10F7000004109BF80620186099809A711A4B012208
:10F7100050461A70FFF70AF9FA683146142012F0C1
:10F7200071FF00220023154810F01EF814484FF412
:10F730007022002377E6FFF79BF8104817F0C6FC0D
:10F740000D4B00201870FFF7F1F80E4B1D6855B1F6
:10F750001321284614F0C1FF041E0CBF002105210F
:10F76000224615202CE607F0D5F82946F8E70022B6
:10F77000042125E6324F0020394F0020101B0020C5
:10F78000B01A0020503500202DE9F04F1D465C4B8B
:10F790001C6889B006460F4694BB012A30D8594AE6
:10F7A000DFF8649113880133138099F80030002B3F
:10F7B00064D05649049404AA284604F0A7FE049B8A
:10F7C000F3B1EFF31188402383F31288BFF36F8FF7
:10F7D00099F8003083B1DFF838A1DFF838B19AF832
:10F7E00000905D46E3B24B450DD32DD1B9F1200F0A
:10F7F00014D1494B01221A7088F31188BFF36F8F1F
:10F8000009B0BDE8F08F59460722304617F06EFE6A
:10F810000BF1180B631CB8B11C46E3E718236343D4
:10F820003068E850EA18B188B37991803B49937108
:10F830000B6801330B60D36013B901230B60D360F5
:10F8400009F101098AF80090182303FB0453049876
:10F850009A6852B1824208D030490A6801320A607F
:10F86000DA6012B901220A60DA60182303FB04553A
:10F87000A8602F7512F0A9FE2861BDE7284B1B7800
:10F880002BB12849072217F031FE0028B8D10023F8
:10F8900025498DF807300DF10702284604F036FEA1
:10F8A0009DF80730002BABD0204A1388013313801A
:10F8B00007F030F80028A3D11D4A137801331370E4
:10F8C0001C4B0FCB04AC84E80F001B4A4FF0C873ED
:10F8D000CDE9022321460A4B02AA304607F030FF49
:10F8E000164A0346107000288AD0154A154801218F
:10F8F00012F069FE0022002313480FF035FF7FE766
:10F9000050350020CA4E00203B4F002011E8000077
:10F91000F04E002010320020EF4E00200C3200206C
:10F92000394F0020324F0020A1E80000C84E0020CF
:10F930000B4F0020447C0200180028000A4F0020D2
:10F940003B870200307B0200101B002008B50B4BE8
:10F950001B6893B90A4B1B787BB906F0DBFF094B98
:10F960001B6833B9084A0948BDE80840032113F071
:10F97000DABFBDE80840FFF793BC08BD5035002052
:10F980003B4F00202035002061870200307B0200C1
:10F990002DE9F0434E4C4F4887B002AF206017F07E
:10F9A00037F948B94C4A4D48012113F0BCFF0020FB
:10F9B0001437BD46BDE8F083002002F043FB024649
:10F9C00008B1474AEFE7206883681BB11B6C0BB195
:10F9D00044499847206883681B6A03B19847424CA2
:10F9E000204617F015F990B12269A168136843F019
:10F9F000400313600B683D4A0621204698474FF4A8
:10FA0000005200233A48CDE9002310F081FC394927
:10FA1000394817F04DFB3949394817F049FB394946
:10FA2000394817F045FB03F0C7FA08B914F0D0F9CC
:10FA3000364B9868FEF77AFF002006F00BF9034674
:10FA400008B1334AAFE7DFF8CC906C468AB0D9F8FA
:10FA5000001002AA304E31485061C2E906614FF4ED
:10FA600000752F49158442F8101F1C484FF413519C
:10FA700001F07AFB2B4B4FF00108A54683F800807C
:10FA8000D9F80030002B92D0274A106851683B1DEE
:10FA900003C3906818602549381D06F0EBFE034645
:10FAA00028B1234A0D48414612F08DFD7FE788B00A
:10FAB00002AA20499583C2E905161F4942F8101F82
:10FAC00006484FF4E65101F04FFBA5466FE700BF33
:10FAD000583500203C7702009A870200307B0200F4
:10FAE000AF8702005DEA00002077020001000A00F3
:10FAF000500A00204DF90000101B0020E5EE000028
:10FB0000E01A002049ED0000B01A0020987E0200A3
:10FB1000C1870200203500200C4F0020D287020050
:10FB2000040000013A4F0020307C020089F70000F9
:10FB3000FB870200F4860200030000012DE9F84F64
:10FB40008A4600AF002974D004680E1F361BF508E2
:10FB500026F0070604EB0608B8F802B01BF0010B0C
:10FB600016D1E94688B06A46334BCDE90531032307
:10FB700042F8103F31485B464FF4C25101F0F4FAAD
:10FB8000CD468BF31188BFF36F8F0423184602DF35
:10FB90002946204612F04BFD284434F83030C01A74
:10FBA000854217D0E94688B06A46254BCDE9053A2B
:10FBB000032342F8103F214800234FF4C25101F0C3
:10FBC000D3FA0023CD4683F31188BFF36F8F04234C
:10FBD000184602DFB8F8023023F00103A8F802301B
:10FBE0002946204612F023FD05EB000804EBC8036C
:10FBF0005B88DA0708D44146204612F061FD424690
:10FC00002946204612F0A1FDA65BAE1B04EBC603FD
:10FC10005B88DB0709D43146204612F051FD2A46A5
:10FC20003146204612F091FD35462946204612F015
:10FC300003FDBD46BDE8F88F73880200B07B02006B
:10FC40004A8802002DE9F04F91B08407009302F03A
:10FC500004030293C2F3C20303F10103DDF868A0B9
:10FC6000039205460E46059340F09D81041D002831
:10FC70004AD101F00706341DC6F10806009B002793
:10FC80005A1E4FF004084FF0FF3301930497B94612
:10FC9000BB4643460DB1009921600598002800F34A
:10FCA000D78090480099814203D38F488142C0F0A9
:10FCB000CF80039911F0020CA4EB050040F0D68030
:10FCC000B9F10F0F00F2CF80002D00F0D68009F1BE
:10FCD00040010DEB010EC0F3870001990EF8200CD6
:10FCE0000EF8101CBCF1000F00F0C38060F07F0024
:10FCF0000EF8200C013709F10109C5F1080104349F
:10FD000006914FF6DA7E8CE00729B7D86FF01B001A
:10FD100011B0BDE8F08F7A285BD84B280FD8472860
:10FD200057D829282ED8252850D052D8202818BF97
:10FD300023280CBF4FF0010B4FF0000B71E04C3843
:10FD40002E2846D8DFE800F06D4545454545454538
:10FD5000454545454845454545454545455645483C
:10FD6000485656566D486A456D4518481845457FB2
:10FD70007C48454548457C0000204FF0000B4FF083
:10FD8000040835E02A38C0B2012101FA00F010EA77
:10FD90000E0F46D110F0625C2CD110EA010B40D05E
:10FDA0006046013C4444B4FBF8F408FB04F425B17C
:10FDB000A3EB050CA444B445A8D8002870D005993D
:10FDC000013905915AF8041B009163E70199013943
:10FDD00001914FF0000B24E012F8010C6C2834D193
:10FDE00012F8023C00206C2B8346C8D14FF0080863
:10FDF0004346D6E70AF1070A2AF0070A0734FAE869
:10FE000002BC24F0070435B106982044B0423FF606
:10FE10007DAFC4E900BC08344FF0000B4FF0080878
:10FE2000434612F8010F002853D0BBF1000F7FF4B6
:10FE300072AF2528F5D1019B013301934FF0010BDF
:10FE40004FF00408ECE7584697E700208346A8E700
:10FE5000039988077FF551AF601B4FF0010CB0F597
:10FE6000007FFFF42DAF6FF0150051E74FF0000C4D
:10FE7000F5E70498013004903DE7BCF1000F01D094
:10FE8000013638E70298023600287FF434AF009834
:10FE9000CDE90632FEF740FBDDE9063206442AE7EB
:10FEA000042B08D10AF1040015B1DAF80010216022
:10FEB00004348246B5E70AF1070323F0070303F190
:10FEC000080A1DB1D3E90001C4E900010834082380
:10FED000A7E7631BB3F5806FC5D23DB9A6F108044F
:10FEE000E01815E71076020064B20200029A28605A
:10FEF0009B082B709DF81030AAB1EB70AF702FB13A
:10FF000008A80022C5F1010C91450ED1C5F10103ED
:10FF10000DF120084FF0000A01930DF1300BD1458F
:10FF200012D1601BF4E66B70E8E710F8013B19068C
:10FF300008D50CEB040EB64503F07F033FF6E6AEA2
:10FF400004F8013B0132DFE71FB198F90020002AD5
:10FF500017DB029BD3B11AF80B2004F8012B002207
:10FF6000019B18191044B0423FF6D0AE98F800003B
:10FF700004F8010B00990392204617F088FA039ABF
:10FF800014440AF1010A08F10108C8E798F80020B2
:10FF900055F822300093029B45F822300098FEF776
:10FFA000BBFA421CDCE76FF00D00B1E62DE9F04F23
:10FFB00097B000AFC7E90A3205468A4649B90378C7
:10FFC0004678807800EB83002844564524D8A0EB7F
:10FFD000050AD7F8803095F80280D7F8804003F002
:10FFE0000103FB61EB787B62B8F1000F0CBF0024CA
:10FFF00004F001041BB1D7F880309A0715D4A4B9D6
:020000021000EC
:10000000FB6A1BB1BA6A51462846984756463046A5
:100010005C37BD46BDE8F08F441C2046FEF77CFAF5
:10002000013020440AF1010ACFE7D7F88030C3F34A
:10003000C0033B622B78BB619B003B616B687B61BB
:10004000BB6905EB830BFB6A002B77D15646D8447E
:10005000BCB11C461BF8013B55F82300FEF75CFAC7
:10006000D7F88430013043B1D7F88830A34282BF3B
:10007000D7F8843023F814000134C3450644E9D18D
:10008000D846D7F8803013F0050F0CBF4FF0020BA5
:100090004FF0010B4FF000097B6A9945B7D298F8F1
:1000A000013055F823A0AE4B9A4508F10208C0F084
:1000B0004B81AC4B3A6A9A452CBF002301230AB30B
:1000C00018F8021C7869FB6212F014FCFB6AC8B1D4
:1000D000EA468AB06A46A44B05937B69CDE90631AE
:1000E0004FF40073ADF82030A04B42F8103FA04809
:1000F00000234FF4125101F037F8023ED54609F1C2
:100100000109C9E723B1FB6933B9A6EB0B06F6E792
:10011000D7F880309B07F2D55046FEF7FDF9D7F8A7
:1001200084304BB1D7F888309C423FBFD7F8842049
:10013000431C22F8143001340644E0E7002C69D156
:10014000B8F1000F6CD0D7F8803058076BD5C14696
:1001500007F148004246594617F099F90BEB08039E
:10016000FB6000220233796A8A425ED3D7F880208E
:1001700095F801B0F969920704EB0B03DBB254BFA9
:100180004FEA59020022002940F0A680D7F88010DB
:1001900011F0040F14BF494600216B70A970EA707A
:1001A0003969BA6AFB6A28469847061EFFF62FAFE0
:1001B000BB692B707B6AEB704946BA6AFB6A85F8AB
:1001C00001B085F8028007F148009847B0F10009B6
:1001D000C0F2B6803B697A6A786A03EB4201FB6839
:1001E000BA6A414403EB4000AAEB0101FB6A98475D
:1001F0000028C0F2A780B14409EB00064FF0000BC5
:1002000007F1380AA34569D30021BA6AFB6A084698
:100210009847FCE6444607F138004FF0000999E79B
:100220004446C1469AE7A14698E713F8016CDFF807
:1002300030C155F8260013F8021C6045C0F08A80D2
:10024000DFF820C16045386A2CBF4FF0000B4FF03B
:10025000010B38B17869C7E9013212F04BFBD7E9DD
:100260000132F0B9BBF1000F1ED0F96949B1611C30
:1002700004F1280007F13004041904F8206CCCB212
:100280000FE0D7F8801049070BD509F1280007F1D6
:10029000300C09F1010100EB0C0909F8106C5FFA50
:1002A00081F9013202335EE7D7F880008007DED49F
:1002B00009F1280C07F1300EF44409F101000CF8A3
:1002C000101C07F1580151FA80F009F102095FFA98
:1002D00089F900F8106CE4E700215EE71BF80A30AA
:1002E00087F8373055F82390D7F884302BB3D7F8F8
:1002F00088309B4521D2D7F8843033F81B80BA6A06
:10030000FB6A012107F13700984700281ADB0644F1
:10031000B8F1000F06D14846FEF7FEF800F10108DB
:100320001FFA88F8BA6AFB6A41464846984700288F
:1003300008DB06440BF1010B64E74FF00008DEE731
:100340004E4664E6064662E63B6A002B3FF4E0AEAA
:100350000023B5E6386A0028A6D04FF0000B79E7F5
:100360001076020064B20200A088020004000001BE
:10037000387B020080B505460E46174698460FF0BA
:10038000DBFC034603F066FCDFF81890044649F8EE
:100390000030424630463946A84754F8090003F079
:1003A000F5FB00BF080000002DE9F047058B04466F
:1003B000280717460CD501290CBF45F0100545F05C
:1003C0002005258387F31188BFF36F8FBDE8F08781
:1003D000022905F0070540F09480204612F049FDFF
:1003E000052864D801A353F820F000BFC50301001D
:1003F00003050100AF040100710401008B0401003A
:100400009D04010001F007035A1F012A1FD8002292
:1004100021F00701062BD4F8008089B2C4E900223C
:1004200009D1434603E0628B013262831B68002BD3
:10043000F9D141F002012183204612F01AFD4FF05C
:10044000000900286DD041F02001218369E0042BD0
:100450000AD121F0070189B22183204612F009FD5B
:1004600010B141F0200121834FF00008C14658E04F
:100470002369D3F80090238B23F0070343F006038E
:1004800023834FF0000846464BE02369D3F80490DD
:10049000238B23F0070343F00403F1E72369D3F828
:1004A0000890238B23F0070343F00503E8E74FF0A0
:1004B0000008C146E7E7012243F00803238387F3DE
:1004C0001188BFF36F8F002A3BD1B8F1000F4AD1DA
:1004D000B9F1000F02D02D492046C847EFF311872C
:1004E000402383F31288BFF36F8F238B23F008031D
:1004F0009BB22383D9063FD523F01002228303F059
:1005000007056669218B002EBFF67CAF0023D4F867
:10051000008021F00701C4E9003341F0010121838B
:100520009946238B03F0070AAA4502D0A268002A45
:10053000C1D1B8F1000F02D1B9F1000FDAD0002219
:10054000BAE7A1680029C0D00D680029BDD04F6866
:10055000334652462046B8471DB12B6829461D46F2
:10056000F3E72B46FAE74146334652462046D8F891
:10057000008012F0AAFCA8E79A067FF523AF23F0CB
:100580002002228303F0070527E700BFF72E0200B1
:1005900037B504460821C06A124D12F015FF00233A
:1005A0004FF6FF72ADF804306368ADF800208DF8A7
:1005B0000620E26819182B401344181A6060684638
:1005C000ADF8021012F058FE6946204612F01BFFEB
:1005D000211D204612F028FE63682B40A36003B063
:1005E00030BD00BF0000FFFF2DE9F7430F468146F5
:1005F0000821C06A144D12F0E7FE3C68241A8046B8
:100600003C6004EA0506B4421CD3A0B210B903B0A2
:10061000BDE8F08308236A462146484612F0CBFD28
:100620000028F4D16946A0B212F0BAFE38B1BDF884
:100630000230BDF804203C602E4013441E44A4EB5D
:100640000804E0E70020E2E70000FFFF2DE9F047A3
:1006500004468AB000F11407384616F09DFBA06AE4
:100660008368DB689847E06250B99F4A9F48012140
:1006700012F0E7FD6FF0150528460AB0BDE8F087D7
:10068000A06A8368DB6898470368013B1F2B01D988
:10069000974AEBE7E368B3F5803F08D94FF480321F
:1006A00000929248934A012113F050F9E2E7A06AC0
:1006B000216807AA15F00EFC08B18F4AD6E7E56855
:1006C0002DB1089BB5FBF3F203FB12550DB18B4A1C
:1006D000CCE7238A012B01D8894AC7E7E36A029550
:1006E00093F805804FF0FF334FF0FF3238460EF09D
:1006F000BFFCE06A082112F067FEA9460646238A7D
:100700001FFA85FA534544D8238A4B4500F02D81C2
:1007100053450BD1029908234246891B204612F00B
:1007200058FD18B902A9204612F07EFD02A9204604
:10073000FFF75AFF0546002840F0B2800299616039
:100740004FEA11494FEA0949C4F80890A3688B425F
:100750000DD8082303AA204612F02DFDB8B903AB2B
:1007600013F8012B904532D101300828F8D1636885
:1007700002A96FF30F032046029312F055FDE368C0
:1007800002994246204612F024FD00283CDA054634
:1007900086E0E1682B04891B13FA81F142460823A5
:1007A0002046029112F015FD78B102A9204612F000
:1007B0003BFD09F1010902990823424620461FFA30
:1007C00089F912F006FD00289ED0013597E7A08830
:1007D00003A912F0E5FD626810B9911B6160B5E7ED
:1007E000BDF810A0BDF80E10E06AC4F8089051449E
:1007F00012F0EAFD48448242A060EED1BAF1000F47
:10080000EBD06FF01C054BE000F08B8063684FF677
:10081000FF7906EB0308E368CDF808801FFA88F239
:100820009B1B9A4223D3374A3048032112F009FD1B
:100830006168204612F007FD014680BB6368324ABA
:10084000E06813400344A3EB460363601340A360D6
:10085000204612F079FE002899D1E368A288A3EB24
:1008600046039A421CD1204612F0EAFD8FE7082386
:1008700005AA4146204612F09EFC002887D105A912
:100880001FFA88F012F08CFD38B1BDF814304B45DA
:1008900003D1BDF81830002B6AD0B044BBE70D4639
:1008A00038460EF057FC002D7FF4E6AE0123A3740A
:1008B000E268238A0D4800920321144A13F046F897
:1008C00063689AB200920948114A1B0C032113F085
:1008D0003DF8A3689AB2009204480E4A1B0C03210B
:1008E00013F034F8C8E600BF73890200607B020091
:1008F00095890200B2890200DB890200F3890200B7
:10090000078A0200798A02000000FFFF2A8A02009B
:10091000418A0200538A0200E26AA3681268134403
:10092000A360D4E901318B4208D95B1A42462046C4
:1009300012F04FFC0028FFF62AAFEDD16168E368A2
:1009400001EB46029A4288D1124BA06801EA0302E9
:10095000904282D0204612F076FC00287FF417AF38
:1009600062680C4B1A40A26077E76FF02C0597E79E
:10097000094A0A48032112F064FC636802A96FF374
:100980000F032046029312F04FFC0299204612F00A
:100990005AFC60E70000FFFF648A0200607B0200EF
:1009A0002DE9F04F1E46837C95B00446894690465B
:1009B00053B96B4A6B48012112F043FC6FF00C05F0
:1009C000284615B0BDE8F08FC26A0821104612F023
:1009D000FBFCB1B20190104612F0F6FCE368019AFC
:1009E000A3EB820383420746C0F0B6801EB1B8F184
:1009F000000F00F0B180D4F804A0CDF810A005AA33
:100A000004A9204612F056FD05460028D8D1BDF8AD
:100A100014304B4507D0DDF810A063685345EED184
:100A2000002E39D1CCE705A91FFA8AF012F0B8FCE4
:100A30000028F0D0BDF8183066B3B3422CD14FEA8D
:100A40001A43BDF816A0CDF800801B049A44E36A4F
:100A50001B685B4203F020030293B346029B5B4595
:100A600028BF5B460CAA51462046039312F0A3FB15
:100A700000284DD1039B00981A460CA916F036FDAC
:100A800050B9039B009ABBEB030B1A449A440092A3
:100A9000E4D195E7002B93D0002F3CD1BA4604F166
:100AA000140B4FF0FF324FF0FF3358460EF0E0FAD0
:100AB000238A9D424DD0D4E901320AEB02018B42D8
:100AC0002ED39BB263B3FF23ADF81E200021182262
:100AD0000CA88DF82230ADF81C90ADF8206016F00F
:100AE000FDFC0CA92046CDE90E8612F077FC0746E6
:100AF00048B907A812F0C0FB07A9204612F083FCF2
:100B0000074600B9374658460EF024FB3D4657E7E6
:100B1000C2DC054654E7019B1F441FFA87FABEE773
:100B20002046FFF735FD3DB9ADF82490CDF828807B
:100B3000ADF82C608DF82E5009A9204612F004FD66
:100B400007460028DFD19DF82E300135002BAFD0AD
:100B5000D8E76FF01B07D6E76FF0150530E700BF49
:100B60005F890200607B02002DE9FF471E46837CFF
:100B7000BDF8309004460F4690464BB92848294AA4
:100B8000012112F05EFB6FF00C0004B0BDE8F087AD
:100B9000C06A082112F018FCE368A3EB4003B342DB
:100BA0003AD3656801954FF0000A02AA01A92046D0
:100BB00012F080FC0028E8D1BDF80830BB4206D115
:100BC00002A9A8B212F0ECFB50441FFA80FA019B74
:100BD00062689A4219D0CA4515D9BDF80C30C3B124
:100BE000CA4516D3BDF80A10B3426FF30F0528BFEC
:100BF000334642462944204612F0DDFA0028C4D18B
:100C0000BDF80C00C1E71D46CFE7BDF80830BB4278
:100C1000E3D06FF00100B8E76FF01500B5E700BF53
:100C2000607B02005F8902002DE9F047DFF8548005
:100C3000044607464FF0010994FAA4F5B5FA85F584
:100C400009FA05F32E0108EB05156FEA030A24EAF9
:100C500003042B7B63B158F806301B696BB946441B
:100C6000042273682846196807EA0A0712F0EBFDA8
:100C7000002CE1D13846BDE8F08728469847002887
:100C8000F6D1ECE7007C020010B50F490F4888B0A0
:100C9000002216F0E8FB00220023CDE90623002401
:100CA0000E23CDE90334CDE90144094B09490094F1
:100CB0004FF4407208480EF0A9FD0849064816F0A6
:100CC0001EFA204608B010BDE10C0100C81F00202C
:100CD00011100100C0590020401B0020A78A02000B
:100CE00001480EF0B9BA00BFBC0B00202DE9F04757
:100CF000804621480F4612F086FD0646002833D074
:100D000000252846BDE8F087237B83B12368DB6894
:100D10000BB120469847636883F8069023681B69E7
:100D2000D3B9636804221968204612F08CFD01369D
:100D300010345445E8D3B8F1000FE2D0002DDFD0D5
:100D40002846FFF771FF0546002FF7D000214FF42A
:100D5000A47016F095FAF1E7204698470028E0D0F5
:100D600009FA06F31D43E2E7044CDFF814A0054638
:100D70004FF00109DDE700BF6C350020007C020068
:100D8000107C0200014B53F820007047B87E02002F
:100D900008B5034608462BB1044A136000F044FC32
:100DA000002008BD6FF01500FBE700BF980700208A
:100DB00010B5044C237813B903480EF04DFA012303
:100DC000237010BD3D4F0020BC0B002010B5044621
:100DD0000B4812F018FD5CB1BFF35B8F094B53E871
:100DE000001F013943E80012002AF8D1BFF35B8FDE
:100DF00005480FF0C5FA0548BDE810400EF02CBAC2
:100E00006435002068350020C81F0020BC0B00207E
:100E1000064BBFF35B8F002253E8000F43E800212D
:100E20000029F9D1BFF35B8F704700BF6435002004
:100E300070B5FFF7EDFF084C084E0546B44200D3ED
:100E400070BD63685B792BB123685B6813B1294679
:100E5000204698471034F1E7007C0200107C020025
:100E600010B5044C0449204611F07DFE034B1C6074
:100E700010BD00BF140A0020A47E02005C350020D3
:100E80000D4A0E48002310B513700D4A13600D4A29
:100E90004FF400411360FFF77BFFFFF7E1FF0A4BC0
:100EA0000A4918468B4200D310BD1A1A5C68121109
:100EB000013222711033F5E73E4F00200338020063
:100EC0006435002068350020007C0200107C0200A0
:100ED000014600220148002311F066BE140A0020DA
:100EE000014811F0FDBE00BF140A0020024B01466C
:100EF000186811F050BF00BF5C350020014811F0A8
:100F000085BF00BF140A002070B52A4B1B78002B48
:100F10004ED0FFF7E5FF0446002846D1264B274D6B
:100F20001B68002B19DD16F056FA4FF47A76A0FBF9
:100F3000063206FB0121D5E90020DB0B43EA4143E1
:100F40009B1A4FEAD13140F2E93261EB0001934242
:100F500071F1000101D3FFF76BFFD5E9003213F502
:100F60007A7342F10002C5E900320CB3BDE870406B
:100F7000FFF7C4BF6B685B7923B12B6821461B6800
:100F8000284698471035B542F4D32046FFF7AEFF08
:100F9000BFF35B8F0A4B53E8001F013943E800128F
:100FA000002AF8D1BFF35B8FB8E7064D064EEAE79B
:100FB000002070BD3D4F002064350020C01F002080
:100FC00068350020007C0200107C020070B50D4DD9
:100FD000297861B90120FFF789FE0B4C0B4EB44212
:100FE00006D3FFF791FF0028FBD101232B7070BDC2
:100FF00063685B791BB1236820469B68984710346F
:10100000EDE700BF3E4F0020007C0200107C020094
:1010100000212DE9F8430846FFF768FE044648B36F
:1010200040F267684FF0000902F014FE1A4B1B4AA9
:101030001B58136033B11A4B1B68092B02DD19488A
:101040000EF00AF9184F002544B12046FFF7ECFDD9
:10105000044618B94FF0FF384FF0FF39FFF754FF3F
:10106000064628B9B5B90F4842464B460EF028F956
:101070003546E9E74FF0FF384FF0FF39D4E72B68EA
:101080009B691BB100221146284698471035BD4286
:10109000F5D3E8E7054DFAE70800000060350020C9
:1010A00068350020BC0B0020107C0200007C020090
:1010B00013B5184812F0A7FB174B1B7873B1EFF369
:1010C0001184402383F31288BFF36F8FFFF71CFF57
:1010D00084F31188BFF36F8F02B010BD0F4B1B68F4
:1010E000002BF9D050B900220023CDE900230C4891
:1010F0004FF4004200230FF00BF9EDE70928EBD184
:1011000007480FF03DF9074802B0BDE810400EF067
:10111000A3B800BF683500203E4F00206035002096
:10112000C81F0020BC0B002010B5064B1B680446EE
:1011300098472146A060044811F0B3FDBDE8104077
:10114000FFF7B6BF98070020140A0020044A054B99
:101150009B1AB1EBD30F34BF52F831000020704717
:10116000D07A0200007C02002DE9F04F8FB004AF6E
:10117000C1F34A26B8600D4690467B600C0D002EE8
:1011800061D04FF000090A234FF0040B07F1140A55
:10119000FE60C7E90799C7F824900093CDF808B01E
:1011A000CDF804A007F11C03F9684A464046FEF753
:1011B000FDFEB0F5006F03461CD36C468AB0D8F82C
:1011C000041004AB2448C3E9050140F2FF71D96162
:1011D0001A464FF400711984204B42F8103F204802
:1011E0004B464FF41251FFF7BFFFA5462C37BD46C3
:1011F000BDE8F08FC0F30A0604F11700184420F090
:10120000070080083B60FFF763FE66F35325044642
:1012100080B13B68134A00F11001C7E90839F96150
:10122000CDE901AB0A230093F96807F11C0340469E
:10123000FEF7BCFE66F353257B68B9682A46204654
:1012400012F021FBD2E704F1170020F0070080081C
:10125000FFF73EFE0446EDE7BC8A020004000001F1
:10126000687B0200593802002DE9F04F87B0DDE9B4
:10127000127ADDE9106B0546884614469946BFB1DF
:101280001021CDF800A03B465A460020CDF814A00E
:10129000FEF7D8FCB0F5006F01460BD3194A1A4887
:1012A00040F2FF73022107B0BDE8F04F12F044BBDB
:1012B0003946384604F0070305F00704E40044EA21
:1012C000831444EA402444EA065406F11700084413
:1012D00020F0070080080391FFF7FAFD054640B1B2
:1012E0003FB10399CDF800A03B465A461030FEF7B7
:1012F000A9FC4B4622464146284607B0BDE8F04FC0
:1013000012F0C1BAFB8A0200687B0200406820B17B
:10131000034BC01A40F3CF0070474FF0FF307047C7
:10132000D07A02000EB403B503AB014653F8042B88
:101330000448019302F014FE02B05DF804EB03B020
:10134000704700BF9B390200CA0605D48B064CBF0C
:1013500002490349FFF7E6BF704700BF348B020024
:10136000338B02002DE9F04F89B09846159B069308
:10137000DDE916A39DF85090189F059204460D468E
:101380000493B9F1000F00F0B08007F48073079365
:1013900012F057FA07F0020B0246002874D0784981
:1013A0002046FFF7BFFF0646BBF1000F08D017F03D
:1013B000440F6BD173492A462046FFF7B3FF06441A
:1013C00007F0010353B1704B704953F82920704B5B
:1013D0002046002A08BF1A46FFF7A4FF07F48073CF
:1013E000002B07F0080318BF4FF00008002B79D03E
:1013F000684B694953F829202046FFF793FF0546BB
:10140000059B2BB165491A462046FFF78BFF054423
:10141000B8F1000F05D0624942462046FFF782FF2F
:10142000054460483544069B1BB15F49224611F0D4
:1014300030FA049B002B00F08E80DDF810803946D6
:10144000B8F1100F204628BF4FF01008FFF77CFFBF
:101450000026B54250DC002633461AF803205349D3
:101460002046FFF75FFF0136102E4BD0710703D1E6
:101470004F492046FFF756FF46453346EDD34D49C9
:101480002046FFF74FFFEEE706468DE74A4B186808
:10149000002894D0494B4FF47A7B1B68B5FBF3F5D9
:1014A0004FF46163B5FBF0F100FB11550BFB05F543
:1014B0004FF03C0CB1FBF3F203FB1211B5FBF0FE55
:1014C000B1FBFCF300FB1E550CFB13110BFB05F5E8
:1014D0000091B5FBF0F53A49CDE901E52046FFF76B
:1014E00021FF6CE707F008058AE7B8F1010F0CBF90
:1014F0002C4834484D4696E72D492046FFF712FF09
:101500000136A6E7304920460026FFF70BFF334699
:101510001AF803202D49A2F120035F2B28BF2E22A9
:101520002046FFF7FFFE0136102E0DD0720703D1C3
:101530001F492046FFF7F6FEB0453346E8D81C4960
:101540002046FFF7EFFEEEE7049BB3EB0803C2442F
:1015500004937FF472AFB9F1000F0AD0FB0704D5F2
:101560000B4A0A492046FFF7DDFE39462046FFF7C1
:10157000EBFE204609B0BDE8F04F12F001BA00BF03
:101580003B8B02003F8B0200C87E0200519A020092
:10159000368B0200DC7E0200648B02006A8B020044
:1015A0006E8B02009B390200613F0100738B0200C9
:1015B0007B8B0200798B020074350020703500208F
:1015C000488B0200D13902007D8B02007F8B020024
:1015D00073B542F20F738B4228BF0B4605680F4A62
:1015E00004460521684610F07FFD63680C495B687E
:1015F00006460B22284612F0B5F963683246694662
:1016000028465B6812F0AEF9636806495B681B22E6
:10161000284612F0A7F902B070BD00BFBEAF0200AD
:10162000A1B1020085B10200074A002101239042C6
:1016300006D8064A01B901231360054B18607047AC
:1016400040085B000121F2E740420F0070350020A6
:1016500074350020014B01221A7070473F4F002063
:10166000014B0020196070478C3500200148FFF7BE
:10167000AFBF00BF0C7F020010B5064B18680C46C8
:10168000FFF780FB21460346BDE8104002480F22C9
:10169000184700BF8C3500200C7F0200F8B5094DBB
:1016A000094B0A4ED5E9004701221A700CB92C608B
:1016B000F8BD214630463A4600F01EF8241A06448A
:1016C000F4E700BF80350020404F0020414F00204C
:1016D00010B9074B18707047064B1B781BB141F2CD
:1016E000883015F079BAA420002115F0C9BD00BFDB
:1016F0003F4F0020404F00202DE9F047DFF8809059
:10170000204E80460F46042599F80040ACB915F0EC
:1017100056FA3A468246414620460DF085F904467F
:10172000504615F054FAECB10123337099F80030AB
:101730007BB93C462046BDE8F0873A46414600204A
:101740000DF072F90446EEE72846FFF7C1FF6C1E64
:10175000254600200DF0B2F90028EAD03378002B9E
:10176000F2D1E6E7337833B1013D2846FFF7B0FF09
:101770003378002BC8D13378002BDAD0DAE700BFFA
:10178000404F00203F4F0020014B03600020704776
:101790001C7F020070B5104B1C680D46B4B10F4B96
:1017A000196800238B4202DB6FF0010070BD2246F6
:1017B00012F8106B864202D001331446F2E7E0685B
:1017C00015F026FA28B12C600020EFE76FF00C002E
:1017D000ECE76FF01200E9E79C0700201C7F020095
:1017E00010B588B0436802938368C068CDE90332BE
:1017F0000A680023CDE906230C4601AA0449059393
:1018000014F06CFB079808B9059B236008B010BD65
:101810005B3A0200F0B40D4B0D4E5F6A0D4BB342C4
:1018200003D36FF08500F0BC70475C68BC420AD3FC
:101830001D6945B194F802C08488E4B2A44502D180
:101840002B46F0BC18472433E9E700BF9035002051
:10185000DC0D0020B80D00202DE9F047144CDFF816
:101860005480DFF8549005460E461746444503D38E
:101870006FF08500BDE8F0876268D9F824309A429D
:1018800013D3A3698BB1A9889078C9B2884205D1D6
:101890003A4631462846BDE8F04718475279012AB2
:1018A00003D13A463146284698472434DEE700BF44
:1018B000B80D0020DC0D0020903500202DE9F0410E
:1018C0000B4CDFF8308005460E461746444502D3E0
:1018D0006FF0850009E063690BB92434F6E73A46F6
:1018E0003146284698470028F7D1BDE8F08100BF6F
:1018F000B80D0020DC0D0020024B00221A605A6057
:10190000704700BF4B36002070B50B4B0B4CA34209
:1019100001D3002070BD196A1E7F00220439D5B2A0
:10192000AE4201D82433F2E7013211F83250854239
:10193000F5D10120EEE700BFB80D0020DC0D00203E
:1019400073B58488E4B263060D468DF8074007D06E
:101950002046FFF7D9FFB0B1144B93F8BA0090B10D
:10196000124E95B1124A13482346032112F0B0F8E3
:101970009DF8070009F05CFCF3691BB10DF107014C
:1019800008209847012002B070BD0B4A0948234641
:10199000032112F09DF89DF8070009F07BFCF36924
:1019A000002BEFD00DF107010920EAE79035002068
:1019B000AE8B0200E87B0200C18B020008B5034633
:1019C000034A0448012112F083F8002008BD00BF3B
:1019D000D68B0200E87B020038B5054614F045F9C5
:1019E00010F1780F044611D10D4A0E482B46022102
:1019F00012F06EF8284612F06DF80B4AD2F8C43097
:101A000023EA0003C2F8C430002407E00028F1D024
:101A1000064A04482B46012112F05AF8204638BDE8
:101A2000F18B0200E87B020090350020128C02004E
:101A300008B509480378C3F341130A3350F823303B
:101A40003BB100F1080200F110019847C043C00FFC
:101A500008BD1846FCE700BF9035002004282DE99A
:101A6000F74FDFF89C9004460F4615D001282FD180
:101A7000DFF8908098F8B93053B300F085FE224D1E
:101A80004D4522D22A6A4FF0000A2B7F5FFA8AF670
:101A9000B34204D82435F3E7FFF72EFFE8E702EB63
:101AA000C6060192307914F0E0F88346307912F0DE
:101AB00011F8D8F8C430019A23EA0003BBF1000FF3
:101AC000C8F8C4300AF1010ADFDA002388F8B93017
:101AD0000D4D4D4508D30B4B1B6A6BB13946204663
:101AE00003B0BDE8F04F1847EB681BB13A462146FA
:101AF000284698472435ECE703B0BDE8F08F00BFD7
:101B0000DC0D002090350020B80D002073B5044690
:101B100080788DF8000023796279294D43EA022309
:101B2000ADF80230E37803F003038DF8043011F0D0
:101B3000D1FFD5F8C430184206460CD0A478204610
:101B400000F004FE2046FFF747FF15F0D2FA10B967
:101B500096200EF0D3F8684609F03EFB10F1780F9E
:101B60009DF800301BD1174A1748022111F0B0FF31
:101B70009DF8000009F0CAFB10F1780F19D19DF80B
:101B80000030124A1048022111F0A2FFD5F8C430EB
:101B90000120334385F8B900C5F8C43007E00028B8
:101BA000E6D00B4A0848012111F092FF002002B054
:101BB00070BD0028EAD09DF80030064AF2E700BF69
:101BC00090350020348C0200E87B02007B8C020000
:101BD000578C02009B8C02002DE9F047A64DAB69A3
:101BE00004460E46174663B9207800F01F0001280E
:101BF00078D0022800F0DF8040B16FF01500BDE81A
:101C0000F08798470028EFD10020F8E794F90020EA
:101C10006378002A28DA062B09D0082B3A681ED0F0
:101C2000002BEAD15370012313700223FEE0638876
:101C3000190A0A1F012A8C46DFD90729DDD8DAB232
:101C40006B6A1C78002CD8D05D78654503D1824240
:101C500000F0E78001302344F3E71B78E6E095F8D5
:101C6000BA3013700123E1E0052B16D0092BC4D143
:101C7000638833B1FF276E6AB8463378A3B900286A
:101C8000BBD0FFF739FE638885F8BA30EB69002BCB
:101C9000BAD07A4903209847B6E76088C0B209F005
:101CA0005BFA0028B0D0A8E77378042B0DD0052B81
:101CB0000ED0022B06D177796388BB4208BF40F073
:101CC0000100C0B233781E44D7E796F80380F9E7E5
:101CD0006388BB42F6D1B8F1000FF3D13046FFF76D
:101CE00015FFEFE795F8BA30002B86D0A188D5F81C
:101CF00024805FFA81FC43461A78002A3FF47DAFC6
:101D00005878022804D193F804E0E64500F2908068
:101D10001344F1E713705370306075E7984494E012
:101D20000B2B7FF46AAF0026FF27B946B24608E0C6
:101D300098F80130042B11D0052B21D098F80030F1
:101D4000984498F80030002BF2D1EB6913B151465A
:101D500007209847002E7FF457AF4EE798F802709F
:101D6000A38898F803909F42E8D163889945E5D10C
:101D7000072F1DD8EB19C24683F8BB900126DDE77B
:101D8000A388BB42DAD16388DBB24B450BD098F80D
:101D90000260304600F0DAFC3046FFF71DFEB0FA74
:101DA00080F67609CAE74046FFF7B0FE0646C5E76B
:101DB000C2460026C2E794F900206378002A1ADAA6
:101DC000002B7FF41AAFA3885FFA83F85B060AD072
:101DD0004046FFF799FD00283FF40FAF95F8BA3061
:101DE000002B3FF40AAF3C684046214609F072FAE6
:101DF0000023637019E7012B08D0032B7FF4FDAE9D
:101E00006388002B7FF4F9AE012103E0618800298B
:101E10007FF4F3AE2046FFF793FD00287FF4F4AE85
:101E2000EBE602293B607FF418AF5B883360EBE69A
:101E300094F900206378002ABFF672AF3A68002B4D
:101E40003FF468AF0A2B7FF4D8AE98F80030002B2F
:101E50003FF4D3AE98F8010004287FF45FAF98F800
:101E6000020081427FF45AAF072996BF4919002327
:101E700091F8BB30F5E600BF903500204A360020CF
:101E80002DE9F84305460F469046994604264B46F1
:101E900042463946284609F063FA10F10B0F044612
:101EA00009D1064A06482B46022111F011FE0DF019
:101EB000A7FE013EEBD12046BDE8F883BC8C0200B2
:101EC000E87B020013B5164C237DF3B9E268A168E4
:101ED000019201AB8020FFF7D3FF019AA36813445E
:101EE000A360E3689B1AE3606BB962B12369E2887F
:101EF0009A4208DD94F8C82093FBF2F102FB1133FB
:101F00000BB90123237502B010BD00231A461946F0
:101F10008020237502B0BDE8104009F021BA00BF4F
:101F2000903500207FB500230D460193064600281A
:101F300062D100293AD108220B460DEB020113F0C1
:101F4000ADFE002804DA802009F072F904B070BDFB
:101F50002E4C029A2260039A626004F13802A26059
:101F60009DF90820BDF80E302575002AC4E90355F7
:101F70000FDB802B09D9264A2648012111F0D3FC1A
:101F8000802009F055F92846DEE713B1C4E9033390
:101F9000DCE7FFF74DFD0028D5D0E28823699A429F
:101FA000D4BFE260E360FFF78DFFCFE7174CD4E9C1
:101FB0000212002A01AB05DC024613F06FFE002876
:101FC000C4DAC0E713F06AFE002804DA802009F0C2
:101FD0002FF93046B8E7019AA3681344A360E36879
:101FE0009B1AE360002BB1D104F13803A360FFF723
:101FF0001FFD0028D7D1A6E78028A7D1034BDA68B8
:10200000002AD0D11B7D002BCDD19FE79035002039
:10201000E38C0200E87B0200054B064A9A62064AFE
:10202000DA62064A1A63064A58629A6100207047CB
:1020300090350020D91B010015180100BD180100C2
:10204000591801002DE9F34104464C4D4C484FF01E
:10205000FF334FF0FF320DF00BF895F8B8306BB14D
:10206000484A4948022111F05EFC6FF07704444869
:102070000DF070F8204602B0BDE8F0816E6A6EB9CE
:1020800000F0D4F8FFF7C8FF6E6A3EB93F4A3E48F9
:10209000012111F048FC4FF0FF34E8E73C482C6286
:1020A000E86109F099FA09F029F8041EDFDB00F075
:1020B0008DFB041EDBDB7378012B01D1F3793BB977
:1020C000344A3148012111F02EFC6FF01504CEE79F
:1020D0000026684685F8C830ADF802308DF80460F7
:1020E0008DF8006009F078F8041EC0DB8027684690
:1020F0008DF8007009F070F8041EB8DB26493046F0
:1021000009F056FA041EB2DB2349384609F050FAAA
:10211000041EACDB214CDFF8888044451AD3002034
:1021200009F0F4F8041EA2DBD5F8C430802043F097
:102130000103C5F8C43009F0E9F8041E97DBD5F8AF
:10214000C43043F48033C5F8C430012385F8B83077
:1021500000248CE7276A0026227FF3B29A4201D836
:102160002434DAE707EBC30257F83310107909F08B
:102170001FFA01360028EFD08DE700BF9035002010
:10218000700B0020FC8C0200E87B02001F8D020017
:102190005D1A0100448D0200251F0100B80D0020CA
:1021A000DC0D002030B51F4B8BB005AA03F11005E4
:1021B00018685968144603C40833AB422246F7D165
:1021C0001B78237001AC10220021204615F086F9FF
:1021D00012220021144815F081F91021204613F035
:1021E00033FF00281ADD0828B8BF082009380E4A36
:1021F0000444002114F8013F0AA800EB131003F077
:102200000F0328336B44013110F8140C13F8143CFD
:1022100010700829537002F10202EBD102480BB092
:1022200030BD00BF7E8D0200524F00202DE9F04FDF
:10223000884B87B093F800A000AFBAF1000F04D02C
:1022400085481C37BD46BDE8F08F834C00264FF013
:102250000119FE603546B04623783BB97F4B023406
:102260009C42F3D17B4A01231370E9E76378052B85
:1022700005D8DFE803F0AE0703AE1E4FA046237873
:102280001C44E9E7402307F1100087F810A07B8287
:1022900087F814A008F072FF40B1082307F110007E
:1022A0007B8208F06BFF08B1A7F812A07B8AE3716C
:1022B000E5E7E378002BE2D1A37813B3FB680133A1
:1022C000DBB2FB60DBE76B689C421CD02435644BBF
:1022D0009D42F8D36D4688B06A46624BCDE905341D
:1022E000032342F8103F604800234FF4C251FEF729
:1022F0003BFFAD465C485D4A012111F014FB002014
:102300009FE75B4DE3E7AB68002BD7D0F968204629
:102310009847D3E7002D5AD1564A5348012111F06E
:1023200002FBE7E72B6AA07803EBC2010B79984226
:1023300047D14FF0010BE07894F805C000F003009E
:102340003875207940EA0C20788294F90200002840
:102350005FFA8BF328DA0BF110004FF0010C0CFA46
:1023600000F010EA090F27D143F08000387407F11C
:102370001000C7E90031BA6008F000FFD7E9011288
:102380003B68C8B93A7CA27012F0800F18BF1033B6
:102390000A7118BFDBB24FF0010214BF9A4002FA73
:1023A0000BF249EA02096AE7012000FA0BF010EA91
:1023B000090F01D11846D9E70BF1010BBBF1100F42
:1023C000B9D101322B7F9A42ACD32B4AA5E7002228
:1023D000F8E7032E24D1FFF7E5FE8346A0B1FCF712
:1023E0009BF8034680B1102806D0B860234A1E48E7
:1023F000022111F098FABB68102BA8BF10231A46CF
:102400005946A01C15F043F823786FF002011A1901
:10241000091B04EB5303D14209D50136F6B22EE76E
:10242000002EF1D1B8F1000F08D1154A75E702F876
:1024300001AC13F8010902F8020DECE7A4EB080364
:1024400088F80230C3F3072388F80330FB6888F864
:102450000430E2E7514F0020080D0020B70D0020A6
:10246000DC0D00208F8D0200E07B0200758E0200E3
:10247000B80D0020AF8D0200F08D02000D8E02001D
:10248000588E020010B5094B00211A461C78844270
:1024900004D15C6814B102EB811010BD0131042934
:1024A00003F14003F2D10020F7E700BF5C360020C3
:1024B0002DE9FF4150F8283C10F82C6C10330446ED
:1024C0000AD1036950F8202C98073DD5D2B9590795
:1024D00015D5002344F8283C54F8283C10330BD081
:1024E00054E9077554F8148C14F003FE002857D0F3
:1024F0003248214614F0ABFD04B0BDE8F08143F052
:102500000403236103AB54F8241C3046FFF7B8FCE6
:10251000034640B12A4A2B480096012111F016FAD1
:102520006FF01503D6E7039A54F8243C134444F89B
:10253000243C54F8203C9B1A44F8203C54F81C3CA2
:10254000134444F81C3CC7E703AB54F8241C304642
:1025500008F08AFF03460028DCD1039D54F8243C90
:102560002B4444F8243C54F8203C5B1B44F8203CAA
:1025700054F81C3C2B4444F81C3C002DA9D0304698
:1025800009F030F8B5FBF0F303FB1055002DA0D196
:1025900054F8203C002B9CD0304608F0BBFF9BE752
:1025A00044F8180CA4F110000CF056FE002DA3D036
:1025B000424639463046A8479EE700BF002000202B
:1025C000A38E0200F87B02004B1E012B73B506465A
:1025D0000D4614D8FFF756FF044690B9012D0ED1D1
:1025E00001AB01220DF10301304608F03DFF019BD4
:1025F000002BF5D10C4A0D48012111F094F902B0DD
:1026000070BD14F076FD04F12C0108B1012D05D147
:10261000084602B0BDE87040FFF74ABF044802B068
:10262000BDE8704014F013BDC08E0200F87B0200BC
:10263000002000202DE9F74F0546019116469846E7
:1026400011F089FA002871D1EFF311834022009331
:1026500082F31288BFF36F8FDFF8D8908346002291
:10266000002348460CF02CFEA0B9DFF8CCA04FEABE
:102670008B170AEB8B1BDBF8044014F1100F20D1F1
:102680002E4A2F482B46012111F056F948460CF0EE
:10269000E3FD0DE00BF1010BBBF1040F09F1400963
:1026A000DDD1284A2648012111F03DF96FF00B04D5
:1026B000009B83F31188BFF36F8F204603B0BDE802
:1026C000F08F0C99019BCBF814100D99CBF81000EA
:1026D000CBF8181028466FF00F01CBE902360AF844
:1026E0000750CBF83C80CBF8041008F07BFF68B1B2
:1026F000284608F077FFB6FBF0F101FB10662EB11B
:10270000DBF83C1041F00401CBF83C1018F0020F4C
:1027100007D007F12C010C48514414F098FC002418
:10272000C6E7284608F0F6FE0446C1E76FF00F043E
:10273000C3E700BF783600205C360020F58E02002B
:10274000F87B0200DA8E02000020002010B5EFF3C3
:102750001184402383F31288BFF36F8FFFF792FE3B
:1027600050B14368103307D16FF08B03436000F121
:102770002C01044814F06BFC84F31188BFF36F8FB5
:1027800010BD00BF00200020F8B50E4C04254027E6
:10279000EFF3118687F31288BFF36F8F63681033EE
:1027A00007D16FF08B030848636004F12C0114F02B
:1027B0004EFC86F31188BFF36F8F013D04F1400496
:1027C000E6D1F8BD5C3600200020002038B5094C69
:1027D00000250949204614F00FFC0122A4F1100045
:1027E0001146013514F080FB042D04F14004F0D1B2
:1027F000002038BD88360020B12401000169012382
:1028000081F84B300B6833B191F849301BB1024865
:10281000083114F01CBC704700200020016901231E
:1028200081F84A300B6833B191F848301BB1024847
:10283000083114F00CBC70470020002070B5056909
:10284000EFF31186402383F31288BFF36F8FD5F81F
:10285000900010F067FC044686F31188BFF36F8F79
:1028600030B104480022002305F118010CF01EFFCE
:10287000204670BD0020002070B5012382F848304A
:1028800013680D4614463BB192F84A3023B10E4806
:1028900002F1080114F0DBFBD4F89030DA885B8990
:1028A0009A4205D17DB904F1180140F6CD4204E009
:1028B00004F11801002DF8D00022BDE87040024854
:1028C00000230CF0F3BE70BD002000200D4A03462B
:1028D0000021A0F848101068C3F8940090889279FD
:1028E000A3F8980083F89A2083F89C1083F89B1033
:1028F000A3F89E1083F8A010402203F14C0014F0BE
:10290000EDBD00BF847E020080B500AF88B06A468E
:10291000064BCDE90530032342F8103F044800235D
:102920004FF4C451FEF720FCBD4680BD2B8F020042
:10293000D87B020010B504690023C4F8A8300C4B02
:10294000C4F8A400596804F1A80269B9C3E90022D7
:1029500004F10800074914F04FFB04F11800064980
:1029600014F0A6FB002010BD0A605A60F0E700BF1B
:1029700060370020813B0200592A010030B54FF436
:102980000033426805690D4C85B042F2A100CDE9E3
:102990000103002385F89D30106AADF80C10007912
:1029A0000A2201A9FFF76CFA95F89D3023B901209E
:1029B00014F012F9013CF7D105B030BDA186010039
:1029C00073B504698DF80710002384F8483040255A
:1029D000EFF3118685F31288BFF36F8F0122D4F8CD
:1029E00090000DF1070110F09DFB86F31188BFF3F5
:1029F0006F8F012816D014F07CFBE0B1124BBFF3AF
:102A00005B8F012253E8001F002903D143E8002017
:102A10000028F7D1BFF35B8F04D10C4A0C48022188
:102A200010F081FF2122002304F1180109480CF065
:102A30003DFE02B070BD94F8A130002BDED0002125
:102A4000212014F01DFCC3E75C3700204C8F0200EE
:102A5000D87B020000200020F0B5D0F88C305B68F5
:102A60001B6A1F7D85B00546384611F074F806468E
:102A700050BB95F886303BB3A86F0146C38831F848
:102A80000A2F9B1A9BB2B3F5806F28BF4FF4806367
:102A900003AA10F0F8FA0446B0B18306A5F11803B2
:102AA00008BF00F1FF3485F830600193074B0399AC
:102AB0000093224602233846FFF7BCFDA86F22464A
:102AC00000F10A0110F015FB05B0F0BD79280100F6
:102AD0000346024A0248022110F02EBF6B8F02000B
:102AE000D87B020010B501460446064811F01DF8D7
:102AF00020B92046BDE81040FFF7EABF012300F8E7
:102B0000073C10BD6037002070B50E468188044632
:102B1000C9B21848154610F0FAFF40B9A388164804
:102B2000164A022110F008FF6FF0120070BD94F9F0
:102B300000206378002A16DB202B04D0222B0ED035
:102B40006FF08500F2E72B681A6840F8102C9A881D
:102B500020F80C2C9B7900F80A3C0020E6E76388FB
:102B600000F8093CF9E7212BEAD110380723286047
:102B70003360F2E760370020D87B0200918F0200BB
:102B800073B50D1E064614462ADDD4F88C002A467D
:102B900004F14C0110F0C6FA854205D9184A2B1AE7
:102BA0000121184810F0C8FE012384F84930236839
:102BB0003BB194F84B3023B1134804F1080114F0F1
:102BC00046FAD4F88C209388918912695B1A9BB2DB
:102BD000D31A3F2B04D8012384F8A03002B070BD73
:102BE00094F89E30002BF9D0084B009301940123F8
:102BF000402204F14C013046FFF71CFDEEE700BF18
:102C0000B88F0200D87B020000200020812B010039
:102C100073B506460D4601462C4810F06CFF04467D
:102C200028B9304602B0BDE87040FFF76DBE691E9E
:102C3000A0F1A406052922D8DFE801F0282103230A
:102C40002E3703685D680321214A224810F06BFE8D
:102C500014F8061C99B9012304F8063C2B6A324685
:102C6000187BFFF78DFF14F85C2C42B92B6A187D96
:102C7000194B0093019602231146FFF7DBFC02B0CB
:102C800070BD164A1348032110F04DFE304602B0C5
:102C9000BDE87040FFF71ABE114A0E48032110F03C
:102CA00042FE012304F8053CE9E70E4A09480321E6
:102CB00010F039FE14F8053C002BE0D00A4A054814
:102CC000032110F030FE0023ECE700BF6037002046
:102CD000D98F0200D87B020079280100EB8F020017
:102CE000FF8F0200109002001F90020013B5002415
:102CF0000749084800944FF0FF334FF480620CF00E
:102D000095FC0549034814F0FAF9204602B010BDBD
:102D1000005D002000200020469002000023036098
:102D2000044B5A6812B9C3E900007047106058603C
:102D3000704700BF6C370020014B1860704700BF20
:102D40006837002030B585B00023CDE90233054651
:102D5000019000F021F9094B1C6844B9284600F0A5
:102D6000BDF8044600F022F9204605B030BD636886
:102D700020461B6801A998472468EEE76C370020BD
:102D8000024B0022C3E90022704700BF6C370020CD
:102D9000024B0022C3E90022FFF7F2BF7437002084
:102DA0002DE9F74307460C4609B100230B601F4D80
:102DB000DFF87C9000264D450FD31E4B1D6885B370
:102DC00055F8188C01AA41463846183D11F003F811
:102DD00010B3D6B914BB2E461EE0D5F8008001AA68
:102DE0004146384610F0F7FF50B116B954B92E4697
:102DF00006E031680022404610F0EDFF0028F5D1D2
:102E00001835D8E7019B2360F1E73168002240467E
:102E100010F0E1FF0028DDD1AD69D0E7019B236010
:102E2000D9E7304603B0BDE8F08300BF107C020054
:102E3000287C0200743700202DE9F04784B002AFEF
:102E40000446D7F8289078600D4616469846B9F1A2
:102E5000000F07D0D9F8001031BBD9F804A0BAF19F
:102E6000000F28D1391D2046FFF79AFF08B3D0F88C
:102E70000C907868434632462946C847C8B16D462B
:102E80008AB002AA124BD061C2E905344FF4007334
:102E90001384104B42F8103F0F4800234FF4115198
:102EA000FEF762F9AD4604E03A1D10F094FF0028E9
:102EB000D3D1002007E0D9F8083000937868434662
:102EC00032462946D0470837BD46BDE8F08700BFE7
:102ED0004F90020004000001B87B02002DE9F0478A
:102EE000DFF8A890DFF8A8A080464FF00047002642
:102EF000284C3D464C450DD3DAF80040002C40D01C
:102F0000183CB8F1000F24D1226952BBA469F5E73F
:102F10002F46EDE7B8F1000F03D122694AB9183402
:102F2000E8E720680022414610F055FF0028F4D160
:102F3000F5E76368BB4206DDAF4202D0AB42A8BFF3
:102F40002B461D46EBE7EAD19047002E08BF064608
:102F5000E5E720680022414610F03DFF0028D3D16C
:102F6000D4E76368BB4206DDAF4202D0AB42A8BFE4
:102F70002B461D46CAE7C9D19047002E08BF06461A
:102F8000C4E7AF42C4D13046BDE8F087287C0200D8
:102F900074370020107C020003484FF0FF324FF0DE
:102FA000FF330CF065B800BF480B002001480CF05F
:102FB000D1B800BF480B002038B5094DFFF7ECFF32
:102FC0002B785BB9FFF7E4FE00F068F8044608B917
:102FD00001232B70FFF7EAFF204638BD0024F9E7F4
:102FE000644F00202DE9F043048F013499B0064668
:102FF0000F46A4B200F10808651EADB2B5F5004F4A
:1030000047D04A2305AA2946404610F0E1FB04F5C3
:103010007F543F34A4B28146214601230DF10B02B7
:10302000404610F0D5FBB9F1000F014610DC002836
:1030300010DC338FAB4209D132466B1E22F8383F89
:103040004FF4004102234046FDF7AAFC2C46D3E78B
:10305000002808DC2946404610F0B6FB21464046D1
:1030600010F0B2FBE5E709F160030DEB0309002363
:1030700009F84C3C084A009703AB05A8CDF80C8032
:10308000ADF81040FFF7D8FE0028DFD019B0BDE83A
:10309000F0830020FAE700BF233E02007FB5012342
:1030A000694603200193FEF775FB044660BB02AA44
:1030B00001A9032010F0F3FC044610B110F10C0F2D
:1030C00022D10399B1F5803F23D2009A002394685E
:1030D0001846084484421AD30133082BF9D10E4D07
:1030E00069612B835368AB602846D368EB6310F0AB
:1030F0002EFF044640B9094E6E602846FFF70EFECB
:1031000028466E60FFF718FE204604B070BD9BB2E3
:10311000E5E76FF02004F7E77C370020C47F02006A
:1031200008B504480FF005FC03480FF002FC00202E
:1031300008BD00BF83900200B890020001480DF066
:10314000CBB900BFE07F020038B5044618B90F4B79
:103150000F485B6898476168B1F5683F10D0B1F5DA
:10316000680F0DD00B4DA9420AD011F46861206898
:1031700007D00146084813F0B1FD002323606560C5
:1031800038BD142214F0AAF9F9E700BF7009002035
:10319000E59002002C5F5CA9BC3C002008B520B380
:1031A0004368B3F5683F10D101220368BFF35B8F1A
:1031B00053E8001F002903D143E800200028F7D17D
:1031C000BFF35B8F0DD1002008BD094A93420AD09E
:1031D00000684FF0FF324FF0FF330BF049FF00283B
:1031E000F1D00448F0E70448EEE76FF4E040EBE785
:1031F0002C5F5CA9E98FFFFFEA8FFFFF08B5D8B10C
:103200004368B3F5683F10D100220368BFF35B8FBA
:1032100053E8001F012903D143E800200028F7D11B
:10322000BFF35B8F0BD1002008BD074A934208D043
:1032300000680BF08FFFF6E76FF4E040F4E7034817
:10324000F2E70348F0E700BF2C5F5CA9E98FFFFFBE
:10325000EA8FFFFF10B5044618B91D4B1D485B6887
:1032600098476368B3F5683F2FD0B3F5680F2CD04B
:10327000194A934219D1236803BB18484FF0FF3213
:103280004FF0FF3321460BF0FFFD08B923681BB94F
:103290000F4B13485B68984720681422002114F0F4
:1032A0001DF94FF46863636008E0B3F5680F0DD84B
:1032B0003A2B03D040F6BA629342DED1206813F075
:1032C0006BFD636843F03A03636010BD054AF3E7A2
:1032D00070090020E59002002C5F5CA9BC3C002036
:1032E0000B9102003A00003A08B50649064840230F
:1032F000142213F0E6FCBDE80840044904480DF030
:103300007BBB00BFBC370020BC3C0020E87F020034
:10331000FC7F020008B50348034A0021121A10F08E
:103320004CFE08BDE00D0020605100200748084A0F
:10333000084908B5121A10F042FE0748074A084922
:10334000BDE80840121A10F03ABE00BFC0040020C9
:10335000DC0D00206CB20200B8040020C004002084
:1033600064B202002DE9F047064600AF0C46002982
:1033700036D0E9468AB0D1E90012A3686D462148EB
:10338000E8464FF0050ACDE90501CDE9072348F8E5
:1033900010AF1D48424600234FF42151FDF7E4FED3
:1033A000CD46D4E903126369AD461848C5F810A0AC
:1033B000C5E90501C5E907231348002342464FF438
:1033C0002151FDF7D1FECD46E369114A0E48012196
:1033D00010F0B2FAA3690F4A0B48012110F0ACFAC1
:1033E000012E07D1EFF305830B4A0748103B314606
:1033F00010F0A2FA214630460BF090FBBD46BDE826
:10340000F08700BF38910200A87B0200679102009C
:1034100096910200A5910200D391020030BFFFF700
:10342000FDBF00BF2DE9F0410B4EDFF8308006EB09
:103430000807CC1B054632460949204614F027F8F8
:10344000A01942460021083C14F048F82C6707F107
:103450000800BDE8F08100BF00000000040000008B
:10346000287C020010B5204C2049214810F0B4FD02
:10347000A36A990136D51E481E4910F0ADFD1E20E5
:10348000A36ADA0104D51A481B4910F0A5FD1F20D4
:10349000154CA36A1B0304D51548184910F09CFD70
:1034A0002120A36A590304D51148154910F094FD51
:1034B00022200D4CA36A9A0304D50D48114910F03F
:1034C0008BFD2320A36ADB0304D509480E4910F0C5
:1034D00083FD2420044A936A6FEA03436FEA13438F
:1034E000936210BD1D20CBE700ED00E0E6910200E5
:1034F000A87B0200FE910200119202002B920200B2
:10350000499202006E9202008892020070B506464F
:103510000D46284C2849294810F05EFDA36AD904BD
:103520003CD52648264910F057FD1720A36A1A05F6
:1035300004D52248234910F04FFD18201D4CA36AE2
:103540009B0512D51D48204910F046FDA36BA26AC9
:10355000100409D51D4A1948012110F0EDF91EB1DA
:10356000A36A23F40043A3621920124CA36A5905ED
:1035700004D51248164910F02FFD1A20A36ADA0567
:103580000ED50E48134910F027FD1B20094A936AF7
:1035900043F47F43936200232B7070BD1620C5E770
:1035A000A36A9B04F2D505480B4910F015FD1C20B9
:1035B000ECE700BF00ED00E0B3920200A87B020040
:1035C000C9920200DA920200ED9202000693020014
:1035D0001B930200369302004E9302002DE9F8433C
:1035E000804689461746354D3549364810F0F4FC7B
:1035F000AB6ADE0627D53449324810F0EDFC1124C1
:10360000AB6A1D0704D531492E4810F0E5FC1224A1
:103610002A4DAB6A980718D52D492A4810F0DCFCD2
:103620006E6BAB6A190646D52A4A264833460121F5
:1036300010F082F9B9F1000F03D0AB6A23F08003D8
:10364000AB62132403E01024DAE76FF015061B4D7C
:10365000AB6ADA0704D520491A4810F0BDFC1424DF
:10366000AB6A9B0604D51D49164810F0B5FC15241D
:10367000124B9A6AD50602D49A6A90070AD55B68FB
:10368000190507D54146304600F036FA10B180F3EF
:1036900009880224094B9A6A920642BF5A6A22F4A8
:1036A00000525A629A6A42F0FF029A6200233B700B
:1036B0002046BDE8F8836FF01506C2E700ED00E094
:1036C0007D930200A87B020093930200DA9202002D
:1036D000C6930200DE930200F49302004E930200B0
:1036E0002DE9F041684B8AB0D3F8048000AF04465E
:1036F000C8F30806002585F31188BFF36F8F02F029
:103700007F43B3F17F4F07D102F00C03082B12D196
:103710005E495F4810F060FC00252C460023FB71D9
:10372000F31E092B00F28F80DFE803F00A85888101
:103730008D8D8D8D8D8B10074CBF0C460125EDE7CF
:1037400054495348504E10F047FC0023FB71F36A74
:103750009A0705D550494E4810F03EFC00232DE055
:10376000F36A002B01DA4D49F5E7F36A5B00F5D502
:103770004B49474810F030FC7369A26943F48073E9
:103780007361BFF34F8FBFF36F8F32F8023C7269E2
:1037900022F480727261BFF34F8FBFF36F8F03F417
:1037A0007F42B2F55F4F2BD1DBB2022B28D12368C9
:1037B0003C4A3748012110F0BFF82368FA79DAB99A
:1037C00007F1080604F1200C20686168324603C244
:1037D000083464451646F7D17A6A002D50D0C2F3FA
:1037E000080121B96FEA52226FEA42227A6207F198
:1037F00008011846FFF7B6FD2837BD46BDE8F08141
:10380000214B9A6AD2B22AB1FA1D01212046FFF754
:10381000E5FE0EE09A6A12F47F4F04D0F91D0120F4
:10382000FFF774FE05E09B6AB3F5803F96D3FFF780
:1038300019FE0346C2E7FA1D0021E7E7F91D002043
:10384000EEE7194987E7194A194B18F4F87FE8465B
:103850008AB008BF13466A461649CDE905134FF4EE
:103860000073ADF82030103E134B079642F8103F1E
:10387000074800234FF41151FDF776FCC5466DE76C
:103880006FF30802B2E700BF00ED00E041940200D0
:10389000A87B02006C94020083940200A4940200AE
:1038A000B2940200D1940200ED940200139402003D
:1038B000289402001195020004000001044B5A698B
:1038C00042F010025A615A6922F008025A617047A8
:1038D00000ED00E0EFF30880EFF3098101B57246D7
:1038E000FFF7FEFE01BD00BF002080F31488BFF388
:1038F0006F8F0F4880F308880AF022FD00200D49E1
:103900000860BFF34F8F00F02BF8402080F3118840
:1039100009484FF40461401880F30988EFF31480DC
:103920000221084380F31488BFF36F8F00F0B4F8CE
:103930000083002094ED00E0407100200749D1F899
:1039400090200023C2F307221846934200DB704701
:10395000C1F89830C1F8A0000133F6E700ED00E0AF
:1039600008B572B6002383F31388FFF7E7FF144B03
:103970004FF0FF32C3F88020C3F88420C3F88820BA
:10398000C3F88C20C3F89020C3F89420C3F8982083
:10399000C3F89C20C3F88021C3F88421C3F8882190
:1039A000C3F88C21C3F89021C3F89421C3F898215F
:1039B000C3F89C2162B6BFF34F8FBFF36F8F08BD72
:1039C00000E100E01EF0040F0CBFEFF30880EFF3FE
:1039D0000980816911F8021C0229FFD001B57246E5
:1039E00010F0EFFA01BD00BF40B2002807DB044A27
:1039F0004109012300F01F00834042F82130704745
:103A000000E100E040B200280CDB4309064900F069
:103A10001F0020330122824041F82320BFF34F8F43
:103A2000BFF36F8F704700BF00E100E0054B420914
:103A300000F01F0053F82220012303FA00F0104089
:103A4000704700BF00E100E040B2D30754BF02312D
:103A500000210028ACBF00F16040074A4FEA411343
:103A6000ACBF00F5614000F00F00DBB2B4BF1354EF
:103A700080F80033704700BF14ED00E0044B054AA6
:103A800023F07F039360BFF34F8FBFF36F8F7047B7
:103A90000010000000ED00E008B5FFF7EFFF074A57
:103AA000D2F8883023F47003C2F88830FFF732FC74
:103AB000FFF73CFC00F0B0F80BF056F900ED00E029
:103AC00042F8203C009B42F81C3C0A49019B42F80A
:103AD000183C029B42F8143C21F001014FF0807326
:103AE00042F8043C42F8081C0023203A0265436770
:103AF000704700BF75030100094A0346906870B122
:103B000013F1160F006E05D0A0F14002934205D3C9
:103B1000834203D2814228BF0020704700207047B3
:103B20002C4B002008B515460B4A0C4B9060026FD9
:103B30001A600E4600F0A0F82C4686F30988002093
:103B4000034B98472046002100220023014C2047C8
:103B5000EF3F0200750301002C4B0020D83C0020F1
:103B6000014B10221A61704700ED00E0054B5A69C5
:103B70009B689A421FBF044A536843F080535360C6
:103B8000704700BF2C4B002000ED00E0084B9B6805
:103B900083420BD1EFF3058343B1064B5A6842F0E1
:103BA00080525A605A6A22F400425A620CF0CAB833
:103BB0002C4B002000ED00E014498A684FF03000E3
:103BC0001044EFF3098C80E8F01F402080F3128846
:103BD000BFF36F8F0E4F4FF000664A698A603E60F8
:103BE000106F0C4C2060506F0023536780F31188D6
:103BF00004B5104600F040F8BDE8044002F1300082
:103C000090E8F01F8CF30988704700002C4B0020CF
:103C100004ED00E0D83C0020044800234021C218F5
:103C20000133302B82F80013F9D1704700E100E036
:103C300008B5EFF30583064A103B02EBC30152F8C7
:103C4000330049688847BDE80840FFF78FBF00BFD1
:103C5000E47702000148006870470000D83C00206B
:103C6000024B034A0348012100F08AB800000420F7
:103C7000000000200C800200036E054A403B1360E8
:103C8000044B4021C2E901131046012100F082B823
:103C9000DC3C002000000B1508B503461048D0F8A6
:103CA0009020C2F30722013A934207D90D480E4AE9
:103CB00001210FF041FE6FF0150008BDC0F89830EB
:103CC0000A6822F01F021A4342F01002C0F89C203A
:103CD0008A6842F00102C0F8A0201846EDE700BF54
:103CE00000ED00E0807B020028950200F0B50E4652
:103CF00085B01F4604460025B5420DDA606810B352
:103D000097B1431E18420AD0104A11482B46012190
:103D10000FF012FE6FF01502104605B0F0BD1F281F
:103D2000F2D921680B42EFD12368019310F082F998
:103D3000A36801A90343D0B20393FFF7ADFF10F1CD
:103D4000160FE7D0421C01350C34D5E74E95020022
:103D5000807B0200044B0522C3F89420BFF34F8FF1
:103D6000BFF36F8F704700BF00ED00E0BFF35F8FC0
:103D7000024B0022C3F89420704700BF00ED00E022
:103D800010B5034C01232278FFF7B0FF207010BD5F
:103D9000654F002008B50B4A00231278FFF7A6FFF5
:103DA00010F1160F07D0084A0021D2F89030C3F363
:103DB0000723984200DB08BDC2F89800C2F8A010A3
:103DC0000130F2E7654F002000ED00E02DE9F043FF
:103DD0005D485E49D0F890300C68C3F307239C42DD
:103DE00085B000F2AE80FFF7C1FF4968002294421F
:103DF00001F10C011AD1564F564D3C706846FDF743
:103E0000C3FC554C554E81464FF00008C14520D1AA
:103E10003B784D490020D1F89020C2F3072293420D
:103E2000C0F28980FFF796FF002050E0C0F898208C
:103E300051F80C3C23F01F03134343F01003C0F868
:103E40009C3051F8043C43F00103C0F8A03001322B
:103E5000CDE7009800EB08114FEA081CCB6823401F
:103E6000B3F5000F49D00BD8B3F5001F32D0B3F52E
:103E7000800F37D0B3F5801F14D008F10108C5E7D3
:103E8000B3F1007F42D0B3F1805F48D0B3F1807FBF
:103E9000F3D150F80C3088684A6810F0CBF840F045
:103EA000887009E050F80C3088684A6810F0C2F851
:103EB00040F0885040F43020039001A93878CDE9D3
:103EC0000123FFF7E9FE002831DA6FF0150005B095
:103ED000BDE8F08350F80C3088684A6810F0AAF802
:103EE0003043E9E750F80C3088684A6810F0A2F8CF
:103EF00040F0007040F40030DEE750F80C30886885
:103F00004A6810F097F840F08270D5E750F80C300E
:103F100088684A6810F08EF840F48020CCE750F8AA
:103F20000C3088684A6810F085F82843C4E73B786D
:103F300001333B70A1E7C1F89830C1F8A00001330C
:103F400069E74FF0FF30C2E700ED00E018800200A3
:103F5000654F0020000002110000F0FF0000081172
:103F6000F0B587B007460E46144600211022684679
:103F70001D4613F0B3FA02238DF802302A46054B92
:103F8000019321466846CDE904760EF0D7F807B0D4
:103F9000F0BD00BF5540020008B50649064821F0B3
:103FA0000701C1F1005202F580220EF031FC002021
:103FB00008BD00BFC3F00020E83C002070B5416997
:103FC000867A0B4D044659B1437ADB0706D4242385
:103FD00003FB0653DB691B689B68984700236361FA
:103FE0002420214600FB0650BDE8704012F06EBF51
:103FF0000C0C0020024B242202FB0030704700BF53
:104000000C0C0020827A064B242101FB02331A6A31
:104010001B7D1B33801A23F00303B0FBF3F07047C2
:104020000C0C002038B5074B827A242404FB0233A1
:10403000DB69D3E901240C601568FFF7E3FF04FB9B
:10404000005038BD0C0C00202DE9F04385B005462A
:104050006846039190461C4613F0BFF9DDE90067FE
:10406000EFF31189402383F31288BFF36F8F6B8ABC
:10407000002B41D02A8A9A4225D9002200232846C3
:104080000BF0B8F80446F0B189F31188BFF36F8FD5
:10409000039B002B41D032463B46684613F0C2F9E1
:1040A000A27A264B242101FB02332046DB691B68E0
:1040B00003A91D68DDE90023A847606170BB2046A5
:1040C000FFF77CFF24E0698A4B1E6B8289F311881D
:1040D000BFF36F8F2B7D2A8A2C6A1B3323F00303D7
:1040E000521A02FB0344154B154AEB1A9B1053431B
:1040F000A3722B7DE372CBE789F31188BFF36F8F37
:104100002346424628460BF075F804460028BFD1E6
:104110000024204605B0BDE8F0836361012300253B
:104120002381039B6382E27A6560294604F11800CB
:1041300013F0D4F963692582E360EAE70C0C0020F0
:10414000398EE33870B50D4C242500B970BD037A63
:104150004668002BFAD0013BDBB20372002BF5D18D
:10416000C3604360837A05FB03439B6913B198479F
:104170003046EAE7FFF722FFFAE700BF0C0C002009
:104180002DE9F84F06460D4617460446A3466468D7
:10419000002CFBD1DFF87CA04FF02409BBF81030D5
:1041A000BBF81220DBF81410D21ADBF80C305B1AC3
:1041B000D21AAA4228BF2A461FFA82F83946424636
:1041C0000BF10C000FF0BEFFB5EB0805444447446B
:1041D0001DD00C9B53B1DDE90A010D9A9847834627
:1041E000A8B1014630460FF085FFD7E7B07A09FB4A
:1041F00000A0C3699B6843B1AB4228BF2B46194658
:10420000DDE90A23FFF720FFE9E72946F8E7204622
:10421000BDE8F88F0C0C00200C4B0122C3F84025A0
:104220004FF080434FF08051C3F87825D1F830012A
:10423000082805D1D1F83411022908BFC3F838265F
:104240000122C3F880250020704700BF00E0014034
:1042500048B1054B054A1B68B3FBF2F35843044BC6
:1042600043F00103184770475C09002040420F00EB
:10427000907E020008B5054A054B136010463F23A7
:1042800053600AF039F9002008BD00BFF43C00205B
:10429000FFFF01004FF08043D3F84036DB072ED5F7
:1042A0004FF01023D3F8043303F00703072B26D174
:1042B000134A0123C2F80435D2F80034002BFBD096
:1042C0004FF01021D1F8043323F0070343F0040327
:1042D000C1F804330023C2F80435094AD2F8003487
:1042E000002BFBD0BFF34F8F0649074BCA6802F47F
:1042F000E0621343CB60BFF34F8F00BFFDE7704711
:1043000000E0014000ED00E00400FA0570B50B7814
:1043100092B006460C4607AD032B31D8DFE803F018
:10432000022A2C2E19492846FAF7EEF805956378EB
:104330000493A3780393E378029323790193637939
:104340000093A379124A1E210AA80DF0CDFE10ADEC
:104350000AAB32461C4603CCAC4210605160234687
:1043600002F10802F6D120681060A38893803046DD
:1043700012B070BD0749D6E70749D4E70749D2E72D
:10438000074A0A2128460DF0AFFECFE79E950200AE
:10439000C0950200A5950200AC950200B6950200FA
:1043A00086AB02000E4B402970B528BF40210D4C52
:1043B00046181D46B04203F1020304D1002305F85C
:1043C0001130074870BD02781209A25C03F8022C74
:1043D00010F8012B02F00F02A25C03F8012CE9E7B0
:1043E000664F0020C0B1020030B50378012B11D018
:1043F000022B21D06BB9154B0A4603F1100453F878
:10440000045B42F8045BA342F9D143881A0A8A701C
:10441000CB7030BD0D4B0A4603F1100453F8045B1A
:1044200042F8045BA342F9D143681A0C180E4A7093
:104430000870C3F30722EAE700F11003013913F80B
:10444000012901F8012F9842F9D1E2E7D1B1020028
:1044500010B50FF02DFF12F04CFE044608B90BF01A
:1044600089FBBFF35B8F064B1B68BFF35B8F0BB100
:104470000A2098471CB9BDE810400BF08FBB10BD57
:10448000FC3C002038B5044608480FF0EFFD054617
:1044900048B1631EDBB21F2B96BF054A0021D15CD9
:1044A0000C300FF058FE284638BD00BFC00C00206D
:1044B000E1B10200054BBFF35B8F53E8002F43E8E7
:1044C00000010029F9D1BFF35B8F7047FC3C00204D
:1044D0000F2810B50CD80D280CD90A480FF0C6FDCE
:1044E000044618B104210C300FF035FE204610BDF3
:1044F0001328F2D009B10448F0E7BDE810400220CB
:10450000FFF7C0BFE40C0020540C0020F0B50546B6
:1045100085B00E461746AB88012B0ED928460FF002
:104520004DFE044648B1AB88984208D90E4A009324
:10453000022103460D480FF009FA05B0F0BD2846E8
:104540000FF03CFE013C2B688DF80800394602A8AC
:104550008DF809400393B0470028EED02146284645
:104560000FF01CFED7E700BFEA950200E87A0200D0
:10457000C3681B78024A034802210FF011BF00BF35
:1045800015960200F87A020038B5C5682B7893B901
:10459000B5F801400F21204602F018FDEB780546E2
:1045A00050B90A4A118831B96FEA04506FEA1050C5
:1045B0001080074A137038BD4372012102F002FCDB
:1045C0002846BDE8384002F0A7BB00BFCE4E002011
:1045D000E74F002070B5C3681D788DBBB3F801604C
:1045E0000F21304602F0F2FC044638B9154A16484D
:1045F00033460121BDE870400FF0D2BE294602F0DB
:10460000E1FBA378012B04D02046BDE8704002F006
:1046100083BBBFF35B8F6368BFF35B8FDB07F3D5AF
:104620000321204602F0CEFB03200FF0EDFF0346EE
:104630000028E9D0054A044802210FF0B1FEE3E763
:1046400070BD00BF3D960200F87A0200639602003A
:1046500010B5C368B3F801400121204602F0B6FC52
:1046600038B9064A064823460121BDE810400FF03C
:1046700097BEBDE8104002F04FBB00BF8996020014
:10468000F87A020010B5C3681C880121204602F0A8
:104690009DFC38B9054A064823460121BDE8104073
:1046A0000FF07EBEBDE8104002F036BB89960200D6
:1046B000F87A020010B501210C300FF077FD037875
:1046C000034A0448BDE8104001210FF069BE00BF55
:1046D000AD960200F87A0200014610B508480FF0C6
:1046E000C9FC0849084812F0B2FC031E06DA074A62
:1046F0000748BDE8104001210FF052BE10BD00BFB9
:1047000014070020B008002040210020CF960200AE
:10471000F87A020073B5C568B5F80160012130462A
:1047200002F054FC044640B92E4A2F48334601217A
:1047300002B0BDE870400FF033BE2B781A2B19D1B0
:10474000C378012B4AD14FF4804104300FF02AFE88
:1047500043040FD4D4F88C3000936946D4F89430D5
:104760000193204603F07AFB204602B0BDE870407A
:1047700002F0D2BA2B788BBBB5F803301B4940F25C
:10478000E2425343C4F88830B5F80520A4F89020DD
:10479000B5F80720A4F89220A3F5EA520C3A8A4211
:1047A00004D9134A104802210FF0FAFDB4F89030F2
:1047B000B3F5FA7F04D30F4A0B4802210FF0F0FD46
:1047C000B4F89230A3F10A0292B240F676418A42DE
:1047D00004D9094A044802210FF0E2FD204602F004
:1047E000FDFDC1E789960200F87A020095F03C00D1
:1047F000EC960200139702003A97020010B586B0BB
:1048000003AB002400930749074805944FF0FF339A
:104810004FF44072CDE903440AF008FF204606B089
:1048200010BD00BF40610020A0200020024A0348C4
:1048300001210FF0ACBD00BF66970200F87A0200BC
:10484000B0B50B460D8A00AF04462946D868FFF77D
:10485000A9FD8AB06A46094BCDE9053440F202430E
:10486000ADF82430064BCDE907504FF4325142F8F1
:10487000103F04480FF0A5FDBD46B0BD8097020073
:1048800005000001F87A020070B5C568B5F801604E
:104890000121304602F09AFB044638B90D4A0E4811
:1048A00033460121BDE870400FF07ABD2B783BB94B
:1048B000D5F80330C0F89830D5F80730C0F89C30F0
:1048C000201D4FF400310FF06DFD2046BDE8704013
:1048D00002F022BA89960200F87A02002DE9F84F18
:1048E000D0F80C90018A99F80040A30001338B4264
:1048F00000AF63D96D468AB06A463248CDE90731C8
:104900000523CDE905044FF4215142F8103F2E480C
:104910000FF057FDAD46BD46BDE8F88F2B4A2A483B
:104920002B4601210FF03CFD013699F800309E42E4
:10493000F1DA09EB86030F21B3F80150B3F80380D5
:10494000284602F043FB04460028E7D000F1BC0AE9
:10495000B8F1000F06D0656945B91D4A1A48012112
:104960000FF015FD204602F0D7F9DDE7A2692B68AC
:104970006361954208BFA361204602F0EFF80AF098
:104980006BFCC5F800B0236AABB9C4E90755BFF3A7
:104990005B8F5AE8003F013B4AE80032002AF8D119
:1049A000BFF35B8F0021204608F1FF3802F0E2F8E8
:1049B0001FFA88F8CCE71D602562E8E70026B346B9
:1049C000B3E700BFA2970200F87A0200CD97020079
:1049D000E997020037B502EBC303044608469A4242
:1049E00002D16FF05E0010E0114611F8085BA5429D
:1049F00011D1038A5178994209D90848084A00948C
:104A000001210EF0A3FF6FF0150003B030BD536815
:104A100098470020F9E70A46E1E700BFF87A02006C
:104A2000009802002DE9F0470C460BF0A3F8E5686A
:104A30002B78022B75D0042B0AD03E4A3E48012128
:104A40000FF0AEFC2046FFF77DFB6FF015040EE083
:104A5000B4F81080B8F1020F0ED8384A43463648F1
:104A600001210FF09DFC2046FFF76CFB00240BF0AA
:104A700095F82046BDE8F08768783E280CD1B8F15B
:104A8000030F02D12E4A4346E9E7EB78012B01D010
:104A90000A2B46D1032704E00FF066FC0746F8070F
:104AA0003FD504F10C0601213046D4F814A00FF0D4
:104AB00075FB022130460FF079FB814600783E28D5
:104AC00007D1E3681B78012B01D00A2B06D10326FE
:104AD00014E00FF049FCC10706460FD4194A1A49E1
:104AE0001A4841F268130DF031FF002383F3118857
:104AF000BFF36F8F0323184602DF0226144A99F88A
:104B00000000062321460FF06CFCB2070DD5636947
:104B1000A4F81080A5EB0A0513FA85F5E560BB073C
:104B2000A4D52046FFF7D8FDA0E72046FFF70AFBF3
:104B3000F5E700BFC8980200F87A02002298020048
:104B40003E9802005E98020092980200AB98020024
:104B5000BC80020010B5012104460C300FF026FB8A
:104B60002146034A0078BDE8104002230FF039BC0B
:104B7000EC80020073B53E480FF091FA044600281D
:104B800073D000F10C0528460FF018FB02280346ED
:104B900003D0042847D0374A03E0238A032B05D8E3
:104BA000354A364801210FF0FBFB13E0042128466B
:104BB0000FF0FCFAFF23428806882376238AC6F387
:104BC0000B009A42608309D02C48009201212C4AA4
:104BD0000EF0BCFE2046FFF7B5FA12E00F2102F0FE
:104BE000F5F9054610B9638B264ADAE702F014FAA4
:104BF000320B20762146284602F012F8284602F0B1
:104C00008BF8214BD3F82C317BB32049204812F08C
:104C10001EFA031E29DA1F4A1848012102B0BDE816
:104C200070400FF0BDBB284602210FF0BFFA0546C9
:104C300000783E2812D00FF097FB10F002060DD13D
:104C4000154A1649164840F69A430DF07FFE86F342
:104C50001188BFF36F8F0323184602DF114A2878AB
:104C6000042321460FF0BDFBB4E702B070BD00BFC6
:104C70001407002071990200DC980200F87A020003
:104C8000FD98020021990200E8050020B0080020EC
:104C900040210020CF9602005E9802004399020056
:104CA000AB980200FC80020010B5012104460C30D4
:104CB0000FF07CFA2146034A0078BDE81040082333
:104CC0000FF08FBB1C810200F8B5012100AF044634
:104CD0000C300FF06BFA0678114A0023214630465B
:104CE000FFF778FE5F3019D1258AE0682946FFF783
:104CF00059FB6C468AB06A460A4BCDE9053640F24C
:104D00000243ADF82430084BCDE907504FF432513F
:104D100042F8103F05480FF054FBA546BD46F8BDCC
:104D20005C8102008599020005000001F87A02000A
:104D30002DE9F74FDFF818A1BFF35B8F8046894656
:104D4000174600235AE8004F4AE80032002AF9D1FA
:104D5000BFF35B8F264644B93E4A3F484346012194
:104D600003B0BDE8F04F0FF01BBB2046FFF74AF938
:104D70003A4D4FF00C0B0BFB0050438843451FD0BE
:104D80002046FFF73FF90BFB00504388344A00935D
:104D90003148434601210EF0D9FDBFF35B8F5AE83D
:104DA000003F4AE80062002AF9D1BFF35B8F002B75
:104DB0004BD01E46304603B0BDE8F04FFFF7C2B9F6
:104DC000A74208D020460FF04CF93A8AF96804F15E
:104DD0000C000FF0B7F92046FFF714F90C2707FB7A
:104DE00000504368ABB1B9F1000F12D12046FFF774
:104DF00009F907FB005001214268536803F01F00C6
:104E0000814010685B0900EB8300137ACBB10FF08F
:104E1000C9FA2046FFF7F6F80C2707FB0050836815
:104E2000002BC7D02046FFF7EDF8784305F8009037
:104E30002046FFF7E7F807FB0055A8680AF00CFAD0
:104E4000B8E7C9430FF0C0FAE3E703B0BDE8F08F5D
:104E500010070020B7990200F87A0200003D0020F8
:104E6000DF99020008B501F09DFB094BBFF35B8F92
:104E70001A68BFF35B8F02F00B02BFF35B8F53E83E
:104E8000001F43E800200028F9D1BFF35B8F08BD65
:104E9000BC06002010B5C1E900239DF808300B7254
:104EA0000C46FFF7AFF8034B0C2202FB00335C60AB
:104EB00010BD00BF003D0020F8B502460B4610486B
:104EC0000FF0D4F80446C0B104210C300FF029F9DA
:104ED0002046FFF797F80B4D0C2707FB00500026E4
:104EE00046802046FFF78EF807FB0050866020467C
:104EF000FFF788F807FB00556E602046F8BD00BF3D
:104F00009C0C0020003D002010B592B004460749DB
:104F10004822684612F0BBFA112C9BBF12AB03EB80
:104F20008404034854F8480C12B010BD547C0200AD
:104F3000129A0200034B0146D3F84401826892683A
:104F4000104700BFE80500202DE9F04F91B0042183
:104F500000AF4B480FF026FA6D4601F023FB88B0F6
:104F60006A46484B0593484B06934FF40073ADF8DF
:104F70001C30464C464B42F8103F4648464E4FF4D4
:104F8000E6510FF01EFA454BE17907F12008AD46D6
:104F9000012998BF1E4640462146FFF7B7F98AB05F
:104FA0006A463F4BCDF81C80CDE905363D4B089352
:104FB0003D4B42F8103F37483C4EDFF8F4804FF449
:104FC00023510FF0FEF9A246AD460125E3799D423B
:104FD0000AF1070A3BDB94F870502846FFF794FF6C
:104FE0006E468CB0B4F87210B4F876306A46DFF8CA
:104FF000C4C00993CDE907512F4B4FF40075CDE99B
:1050000005C0ADF828504FF4535142F8103F2148E5
:105010000FF0D7F9B54694F871603046FFF774FF8A
:105020008AB0B4F874306A462449ADF82450CDE90A
:105030000763234BCDE9051042F8103F15484FF4A4
:1050400033510FF0BEF94437BD46BDE8F08F5146ED
:105050003846FFF75BF9E9468AB06A4640F2013309
:10506000CDE905650797ADF820300A4842F8108F62
:105070004FF413510FF0A5F90135CD46A6E700BF57
:10508000BC0600201E9A0200309A0200E8050020AB
:1050900003000001F87A02001A9A0200358B020020
:1050A000349A02000002010304000002439A020045
:1050B00004000001549A020006000001929A0200C6
:1050C0000500000100487047B99A020001490248F2
:1050D00011F0BDBFA0080020A020002070B505463B
:1050E0000C4639B1CB684A699B1A032B0ED86FF076
:1050F000150509E04FF0FF304FF0FF31FFF7DCFE00
:10510000044618B96FF06805284670BD2046FEF7C2
:1051100079FF174B0C2202FB0033A61803213046FF
:105120005D800FF02AF80580238A033B83700121FC
:1051300030460FF02AF840F635439D420FD1204605
:10514000FFF7F8FE05460028DED00A4A0346012193
:1051500009480FF025F92046FEF7F4FFD4E7074889
:10516000214611F0A8FE0025FFF7B0FFCCE700BFF5
:10517000003D0020C39A0200F87A02001C070020BC
:105180002DE9F04784B0804600AF91460C4671B9D6
:105190004FF0FF304FF0FF31FFF78EFE044660B94D
:1051A0006FF0680528461037BD46BDE8F087887A5D
:1051B000FEF720FF3C4B83426FD10122002138468D
:1051C00011F092FE2046FEF71DFFDFF8E0A00C2351
:1051D00003FB00A0876020460EF077FF01464046A3
:1051E000FFF77CFF054618B12046FEF7ABFFD9E775
:1051F0004FF4A022002338460AF062F8064690B128
:105200004FF4F1732A4A2B492B480DF09FFB2B4892
:10521000324641460DF09AFB85F31188BFF36F8F3C
:105220000323184602DF2046FEF7ECFE0C2358430A
:105230001AF800605EB36D468AB06A46204B079646
:10524000CDE905381F4B089340F20243ADF82430F6
:105250001D4B42F8103F1D484FF432510FF0B1F88A
:105260002046AD46093EFEF76DFF092E0CD8DFE85B
:1052700006F0050B0B08170B0B0B0B146FF06E05EC
:1052800090E76FF00C058DE76FF004058AE7B9F140
:10529000000FA9D0C9F8004084E76FF0150581E739
:1052A0006FF00B057EE700BF9C0C0020003D002046
:1052B0005E980200E59A0200AB980200EE9A0200A6
:1052C000339B0200358B020005000001F87A0200D2
:1052D00073B506460D4601AA002142F22F00FFF7E2
:1052E0004FFF044638B1154A154801210FF04FF819
:1052F000204602B070BD0198C368B3F80120328027
:10530000B3F803302B80FEF71DFF3388A3F11B0297
:10531000E02A04D90B4A0A4802210FF041F82B88F1
:10532000A3F5A47292B244F248118A42E0D9064A27
:10533000034802210FF034F8DAE700BF529B020065
:10534000F87A0200729B0200979B0200F0B585B0CC
:1053500006460DF10301002000F0BCFF04460028C2
:1053600045D14FF0FF304FF0FF31FFF7A5FD074665
:1053700000283FD019210C300EF0DEFE21460546F4
:10538000192212F0ABF89DF803302B7306F170016F
:10539000681D0EF0FEFF194B9A892A80DA896A800F
:1053A000B6F88C20A5F80D20B6F88E20A5F80F20B1
:1053B000B6F89020A5F81120D433B6F892200193C6
:1053C0000723A5F813200293384601238DF80C30EB
:1053D000FEF718FE0A4B0C2202FB003301AA5A60AA
:1053E0003946224642F20D00FFF7CAFE0446204627
:1053F00005B0F0BD6FF06804F9E700BFE8050020D4
:10540000003D0020F8B5022800AF05463FD100213D
:105410000246084602F018F9044680B9274A28488F
:1054200001210EF0B4FF03200FF0EEF8034620B187
:10543000244A234802210EF0B3FFBD46F8BDBFF356
:105440005B8F4368BFF35B8FDB0706D5032101F059
:10545000B9FC204601F060FCE5E7403011F034FE75
:1054600010F00C0608D11648174A29460EF08FFF97
:10547000657231462046EAE72046FFF767FF0028BD
:10548000E7D0124A0E4801210EF081FFE1E76C4699
:105490008AB06A460E4BCDE905300E4B079340F2B9
:1054A0000133ADF820300C4B42F8103F04484FF464
:1054B00012510EF086FFA546BFE700BFBA9B02005F
:1054C000F87A020063960200D89B0200FE9B02005D
:1054D0001A9C0200358B02000400000130B54FF029
:1054E000FF3085B04FF0FF31FFF7E6FC0446B0B166
:1054F0000C4B01930025072302938DF80C50FEF707
:1055000081FD094B0C2202FB003301AA5A6021469F
:105510002A4642F20E00FFF733FE05B030BD6FF0B1
:105520006800FAE7BC060020003D00202DE9F043AA
:105530008DB05A4BB0F80190198849F470429142ED
:105540004FF0000602BF1E80554B1E78C378012B1A
:1055500008BF544B00F1040800AF054640460CBF9D
:1055600093F86F4000240EF09FFE4146C8B307F148
:1055700008000EF08EFED5F81130C7F80130B5F8EE
:105580001530A7F8053001233B70E87840B90222B6
:1055900007F1080102F058F8EB78044673B39CBB9E
:1055A00007F1100441462046FEF7B0FE6D4688B074
:1055B0006A463D4B3D48CDE905344FF40073ADF8E4
:1055C0001C303B4B42F8103F4FF4E2510EF0F9FE15
:1055D0001321AD4648460EF03AFF3437BD46BDE8CC
:1055E000F08320460EF0E0FF014607F108000EF0C0
:1055F000D0FE414638460EF0CCFEC6E72D486FF08F
:1056000080010EF0E1FECAE72046B5F8013020F82F
:10561000703B07F108010EF0BCFEB5F8173040F200
:10562000E2425343C4F88830B5F81930A4F89030FA
:10563000B5F81B30A4F89230EB78E3700022627268
:105640006BB9394604F17E000EF0A3FE217A154BAA
:10565000C1EBC101194404F177000EF09AFE072155
:10566000204601F0AFFB26B166720121204601F011
:10567000A9FB204601F00CFD204601F04DFBE3782C
:10568000002BAAD103200EF0BFFF03460028A4D0B0
:10569000094A064802210EF083FE9EE7CE4E002006
:1056A000E74F0020E8050020369C0200F87A02004F
:1056B00003000001BC0600206396020000B5C1682B
:1056C000087889B020B109B05DF804EBFFF79ABE05
:1056D000B1F80130ADF80130CB788DF800008DF8CD
:1056E0000330B1F80B30ADF81730B1F80D30ADF82C
:1056F0001930B1F80F30ADF81B304B7C8DF81D30F0
:10570000043101A80EF045FE084B68461A689B88D4
:10571000CDF80B20ADF80F30CDF81120ADF81530D5
:10572000FFF704FF09B05DF804FB00BFBAB1020047
:10573000F0B5002285B0114602AF40F60340FFF7F6
:105740001FFD044600285BD1FFF78CFB21463A1D64
:1057500041F20300FFF714FD0446002850D17A6897
:10576000C54DD168D1F80100D1F8051005F17803D5
:1057700003C31046FEF7E6FC21463A1D41F2010044
:10578000FFF7FEFC044600283AD17868C3685A78CF
:1057900085F870205A88A5F872201A7985F871204A
:1057A000B3F80720A5F87420B3F80530A5F87630D3
:1057B000FEF7C8FC21463A1D41F20200FFF7E0FC6B
:1057C0000446E8B9D7F804C0DCF80C2005F18006DF
:1057D000531C413218685968344603C40833934255
:1057E0002646F7D16046FEF7ADFC95F87C305906A9
:1057F0000AD4A24AA24801210EF0C9FD6FF012049A
:1058000020460C37BD46F0BD3A1D002142F2030090
:10581000FFF7B6FC04460028F2D17A68994BD168AC
:10582000D1F80100D1F8051003C31046FEF78AFC39
:1058300021463A1D42F20200FFF7A2FC044600286E
:10584000DED17E68F468B4F801309AB292B1E278A1
:1058500082B1A5F8FC30E378032B06D00322009236
:105860008748894A02210EF071F8E278874811468C
:1058700011F03AFB3046FEF765FC95F87C6016F0B7
:10588000200619D14FF0FF304FF0FF31FFF714FB26
:105890000446002800F09D8102210C300EF04CFCE3
:1058A0000123037046702146324640F66D40FFF7F3
:1058B00067FC04460028A3D195F89C301A0712D53E
:1058C0003A1D002142F21C00FFF75AFC0446002852
:1058D00096D17868C368D3F80120D3F80530C5E9BC
:1058E0003823FEF72FFC95F8D8309B0622D5B91C3B
:1058F0003846FFF7EDFC0446002881D14FF0FF3019
:105900004FF0FF31FFF7D8FA0646002800F061811A
:1059100004210C300EF010FC3B8803807B88438010
:105920002246314642F22400FFF72AFC04460028B2
:105930007FF466AF4FF0FF304FF0FF31FFF7BCFA56
:105940000446002800F0458108210C300EF0F4FBDD
:1059500095F8D82012F0020F14BF2F230F239606BC
:1059600095F8D92048BF43F0400312F0090F18BF43
:1059700043F4006300220370C3F307234370827073
:10598000C270027142718271C271214642F20100FD
:10599000FFF7F6FB044600287FF432AF95F87C3021
:1059A000B5F8FC1098065DD4C9B93A1D41F205005E
:1059B000FFF7E6FB044600287FF422AFB5F8FC3081
:1059C0007C684BB9E368B3F80120A5F8FC209A88FD
:1059D0002E48114611F088FA2046FEF7B3FB4FF02F
:1059E000FF304FF0FF31FFF767FA0446002800F060
:1059F000F08008210C300EF09FFB102303708823E9
:105A000000224370022620238270C6700271427108
:105A10008271C371214640F60140FFF7B1FB044695
:105A200000287FF4EDAE01463A1D4FF60140FFF726
:105A3000A7FB88B3164A124802210EF0A8FCEB79A6
:105A4000002B40F0B68000F05BFC044600287FF499
:105A5000D7AE01F091FF044600287FF4D1AEFFF7E6
:105A600073FACDE60029BAD10A4A054801210EF0A1
:105A70008EFC6FF00404C3E6E8050020529C02008F
:105A8000F87A0200C0060020769C0200E80600209A
:105A9000DF9C0200BC9C02007B68DC68B4F801302B
:105AA000042B96BF584A594952F823106E468AB0C3
:105AB00002AA5748D3614FF400731384554BC2E9CF
:105AC000050142F8103F54484FF413510EF079FC91
:105AD000B4F80120B4F80330022AB54649D1052BA9
:105AE00047D84E4A52F823106E468AB002AA4C4854
:105AF000D3614FF400731384464BC2E9050142F8A9
:105B0000103F4FF4135144480EF05BFC637994F856
:105B100006C0D4F80900032BB54698BF414AB4F833
:105B2000076094BF52F8231038496C468CB002AA23
:105B3000DFF8F4E0C2E9073C4FF4007393853B4B78
:105B4000C2E905E1C2E909604FF4735142F8103F20
:105B500031480EF036FCA5467868FEF7F3FA3A1D98
:105B600000214FF60240FFF70BFB044618B1304A04
:105B700061E72649B8E77868C368B3F80130A5F84B
:105B8000C130FEF7DFFA95F8C1305A077FF557AFFD
:105B90003A1D21464FF60340FFF7F2FA08B1254AB5
:105BA00049E77868C3685B7885F8C030FEF7CAFAC1
:105BB00045E72E78002E7FF446AF95F8C1309B065E
:105BC0001FD54FF0FF304FF0FF31FFF775F9044656
:105BD00010B96FF0680413E606210C300EF0ACFA31
:105BE000D5F801300360144B9B88838021463246F0
:105BF0004FF60640FFF7C4FA044600283FF423AFEF
:105C0000FEE56FF08504FBE5A8800200129A020011
:105C1000039D020004000001F87A02009080020057
:105C20001C9D020080800200349D020007000001DC
:105C3000619D02008A9D0200E905002010B5FFF772
:105C400077FD034B1B6813B1BDE81040184710BD2A
:105C5000243D002073B52A4D0646D5F8440110F0C6
:105C6000D7FF48B9274A284801210EF090FB6FF072
:105C70001204204602B070BD6FF0020105F1D4009D
:105C80000EF0A2FB01210EF08DFB10EA010434D1CD
:105C90001E4B1E600A4605F58C7011F025F905F5BE
:105CA0009A7011F000F91A4811F0FCF919491848D6
:105CB00000946FF007034FF4806209F0B7FC1649B7
:105CC000134811F01CFAD5F84401144983681B6885
:105CD0009847044630B1124A034601210A480EF0A3
:105CE0005FFBC6E726B902B0BDE87040FFF720BDF4
:105CF00005F1C40009F094FCBBE76FF07704B8E746
:105D0000E8050020B39D0200F87A0200243D00203F
:105D10004021002080640020CB9D0200254A010024
:105D2000D49D020073B5C368D9789A781E8842EA78
:105D30000122ADF8002059791A7942EA0122ADF822
:105D40000220D9799A7942EA0122ADF804201A7A20
:105D50005B7AB4B242EA032301212046ADF8063053
:105D600001F034F9054658B91D481E4A0121234661
:105D70000EF016FB022120460EF0F0FB02B070BDC3
:105D8000694601F07BFB38B91E2120460EF0E6FB88
:105D9000284600F0C1FFF1E74FF0FF304FF0FF3130
:105DA000FFF78AF804460028F2D00E210C300EF0DE
:105DB000C3F900230680C0F80A30BDF800304380E4
:105DC000BDF802308380BDF80430C380BDF80630D2
:105DD0000381214642F22000FFF780F9D8E700BF97
:105DE000F87A02008996020038B5042104460C3086
:105DF0000EF0DCF9034640885D7818B11978224628
:105E0000FEF796FF35B1044809F026FABDE83840A0
:105E1000FFF75CB938BD00BF00070020B0B5032113
:105E2000044600AF0C300EF0C1F9E2680346B0F84A
:105E30000100117840F63542904216D16C468AB086
:105E40006A46104B1048CDE90531104B079340F2DC
:105E50000133ADF820300E4B42F8103F4FF4125191
:105E60000EF0AFFAA546BD46B0BD1D7810B1224672
:105E7000FEF75EFF002DF6D0064809F0EDF9FFF7BA
:105E800025F9F0E7F09D0200F87A0200358B020058
:105E9000040000010007002038B509F06BFE2F4D0B
:105EA000D5F83431002B56D00022002305F58C7034
:105EB00009F006FA00284ED10022002305F59A7059
:105EC00009F098F9044668B9254A2649264840F65B
:105ED000AA430CF03BFD84F31188BFF36F8F0323BB
:105EE000184602DFD5F828315BB1204A204801214D
:105EF0000EF04DFAD5F82801FEF724F90023C5F875
:105F0000283120460EF0E1F8C5F828012046FFF7B9
:105F100011F80346C8B1174A154801210EF040FA9E
:105F2000154809F099F92046FEF76CF8134B0C223E
:105F300002FB0033588818B122461F21FEF7F8FEF5
:105F40002046FEF7FFF8FFF7C1F8FFF7BFF8BDE8FE
:105F5000384009F023BE01F0ABF8F8E7E80500206F
:105F60005E980200E6950200AB980200289E0200AF
:105F7000F87A0200C39A020000070020003D0020CA
:105F8000F8B50A4DEF7906460024E3B29F4202D8E5
:105F90006FF0010007E0294630460EF0FBFA0735A6
:105FA000631C08B12046F8BD1C46EEE7E80500205A
:105FB00070B51A4E06223146054611F097FA38B3ED
:105FC0004FF0FF304FF0FF31FEF776FF044608B385
:105FD000062229460C300EF0B5F82146002242F286
:105FE0000500FFF7CDF8044648B110F10D0F04D1BC
:105FF0000B4A0C4802210EF0D5FA204670BD3346FC
:106000002A6843F86929AA88B280012283F86820A7
:106010000024F2E76FF06804EFE700BF51060020AC
:10602000689F0200007B020073B504460D4689B1EB
:10603000174928460EF0AEFA60B9164A2968C4EB33
:10604000C404A3181151AA889A80AA799A710020D1
:1060500002B070BD6E4630460EF00DF90028F7D143
:106060003046FFF78DFF0028F5DA0A4A0098B1792B
:10607000C4EBC404A3181051B08898809971002D06
:10608000E5D012592A609A88AA809B79AB71DEE725
:10609000ADB10200E805002070B5044629BB38B355
:1060A00027490EF077FA18BB2046FFF769FF002852
:1060B00040DA23786BB9234AD379002B3AD1206890
:1060C0001060A179A088917101219080D17118464A
:1060D00070BD012B04D1A37903F0C003C02B07D0FE
:1060E000194A1A4801210EF05DFA6FF01500EFE72A
:1060F000144DEB79012B20D0BFF35B8FD5F8D43052
:10610000BFF35B8FDB0707D4002CEED00C49204691
:106110000EF040FA0028E8D1EE792146731C304693
:10612000EB71FFF781FF08B93046D1E7EB79013B0E
:10613000EB71CDE76FF07700CAE76FF00B00C7E7B0
:10614000ADB10200E8050020779F0200007B02004D
:106150002DE9F341044640B91A4A1B4802210EF0CA
:1061600021FA002002B0BDE8F08101AA002141F22D
:106170000900FFF705F8054608B1144AEDE7019E4E
:106180001349D6F80C8008F101070622384611F0B1
:10619000ADF928B10F490622384611F0A7F918B910
:1061A0003046FDF7CFFFDCE7D8F80130C4F8013006
:1061B000BB88A4F8053030462570FDF7C3FF0120E9
:1061C000D0E700BFA59F0200007B0200BE9F020037
:1061D000BAB10200B4B1020007B56846FFF7B8FFD4
:1061E000044BD87118B169460020FFF71DFF03B0BA
:1061F0005DF804FBE80500202DE9F041304EF1790F
:1062000088B0002954D196F8C24014F0010411D18D
:106210002C4A2D4802210EF0C5F90024F4711625F0
:1062200000240127F379E0B283422BD8002B3FD022
:1062300000203AE06A464FF60940FEF7A1FF08B198
:10624000224AE6E7DDF800C0DCF80C5095F8018042
:10625000B8F1000F0ED0AB1C02AA123518685968AD
:10626000174603C70833AB423A46F7D1186838607F
:106270009B88BB806046FDF765FFB8F1000FCDD16C
:10628000134AC6E708AB05FB0033694653F8182CE0
:1062900033F8143CCDF80120ADF805308DF80070CE
:1062A000FFF7C2FE01340028BCD008B0BDE8F08181
:1062B0000021084608B0BDE8F041FFF7EDBE00BF81
:1062C000E8050020DC9F0200007B020008A002001D
:1062D00028A0020038B50C4661B108480578012DA8
:1062E00005D10130FFF764FE00B9257038BD0020EC
:1062F0000870FBE76FF01500F8E700BFE805002025
:1063000038B5104DEB7913B10024204638BDFFF7A6
:1063100063FF044628B10C4A0C4801210EF042F9F3
:10632000F3E7EB79002BEFD1FFF766FF0446002877
:10633000F1D1681CFFF73CFE04460028E5D0044A72
:10634000EAE700BFE805002051A00200007B020040
:1063500070A0020070B5054686B00E464FF0FF30C3
:106360004FF0FF31FEF7A8FD0446A0B102210C302A
:106370000DF0E2FE094A4670057003A9204600951B
:106380000523FEF787FD0022214642F20C00FEF7AE
:10639000F7FE06B070BD6FF06800FAE7BC0600209B
:1063A00008B50C4B0246400903EB80000EF026F9BD
:1063B00002F01F0340FA03F313F0010006D122B9E3
:1063C00005480EF01BF940F3C01008BD6FF07700D0
:1063D000FBE700BF283D0020BC0600200A4ABFF3AF
:1063E0005B8F430902EB830200F01F00012383400F
:1063F000DB4352E8000F184042E800010029F8D1C1
:10640000BFF35B8F704700BF283D002030B587B0D9
:106410005E480022002308F02BFE0446002840F0CE
:1064200092805B485A4D0EF0E9F810F0010346D017
:106430002B1D93E8070006AB03E9070055480EF053
:10644000DDF8C0F3401352480EF0D8F80446002897
:106450006CD07BB10C2250490DEB020011F046F8D4
:10646000044600286CD000210846FFF773FF04465D
:10647000002865D100239DF80C00ADF80930BDF867
:106480000E30ADF80530BDF81030ADF80730431EC2
:106490008DF8040058420DF1090158410EF0A1F8A1
:1064A000044600284CD14FF0FF304FF0FF31FEF78B
:1064B00003FD0546002849D16FF0680440E03548E7
:1064C000364A0EF09BF810F0800F0ED09089D189DB
:1064D0001269ADF80E004FF48074ADF80C40ADF8C1
:1064E0001010ADF812300592A8E72D4C20686168B5
:1064F00003AB03C3A068186092F8D930180748BFEF
:106500000523234848BF8DF80D300EF077F881073A
:1065100006D53023ADF810306023ADF80E308DE78E
:106520001B480EF06BF84207F3D487E743B10146EE
:10653000FFF710FF044618B9174B2861C3E90100A3
:10654000124808F007FE204607B030BD072201A917
:106550000C300DF0F7FD2246294642F20B00FEF703
:106560000FFE04460028EBD19DF80D10012001F02C
:106570000101FFF7EFFE04460028E1D106AA12E967
:106580000700054B83E80700DAE700BF443D002021
:10659000283D0020BC060020383D0020E8050020F2
:1065A000047E020010B544220021084810F096FF36
:1065B000064B03F11C001C4610F0EEFB04F130000A
:1065C00010F0EAFB024B00221A6010BD283D0020AB
:1065D000743D0020032838B5054603D1BDE8384096
:1065E000FFF714BFFFF7DCFE0446C8B9BFF35B8FAB
:1065F0000C4B6A0903EB820305F01F0101228A405C
:1066000053E8000F104343E800010029F8D1BFF31D
:106610005B8FFFF7FBFE044610B12846FFF7DEFE56
:10662000204638BD283D00202DE9F04F00F10C0830
:106630008BB0044640460DF0C1FD064685480DF07E
:10664000DDFF00F00103834803930DF0D7FFC0F393
:106650008003029316B90BB0BDE8F08F039B13B90A
:10666000029B002BF7D0238A082B07D87A4A7B4855
:1066700001210BB0BDE8F04F0DF055B9092140469E
:106680000DF094FD037A228A01339A420546EDD338
:106690000123ADF824307F238DF81E30037A0344A4
:1066A000471C5B7A8DF81D30FF238DF81C300023CA
:1066B000ADF8223002788DF81F20042A9CBF684B69
:1066C0009B5CADF82030037A624801930DF096FF91
:1066D00000F001095F480DF091FF8246B9F1000F0B
:1066E0000BD0BDF820305A0707D5297A4046013132
:1066F000013E0DF053FDF6B2ACE738460DF0D4FD87
:106700000DF1100B00284FD0394658460DF0C1FD51
:10671000B9F1000F02D11AF0040F59D1514BD3F83F
:1067200000A0BAF1000F14D0E2686369B4F810B0A9
:106730009DF91D10A2EB0309019B23829DF81F20E8
:10674000434604A8D0476369A4F810B013FA89F34C
:10675000E36004AB0693444B1B68002B36D053F820
:106760000899B9F1000F01D0A9F108091A688AB196
:10677000E1686269B4F810B0A1EB020A019A2282C2
:106780001B68414606A898476369A4F810B013FA3D
:106790008AF3E360B9F1000F18D0D9F8082002B1EC
:1067A000083A4B469146E1E76B78FF2B09D12F4B16
:1067B000186804909A889B798BF80630ABF804200F
:1067C000A6E739460DF0F0FE0346F1E700230693F5
:1067D0002048BDF820300DF011FF10F0010984D1E0
:1067E000DB0782D5032204A9484600F02DFF82462C
:1067F00000283FF47AAF02200DF006FFD5F80130F3
:10680000CAF87E30BB88AAF88230BB798AF8843017
:1068100050460DF01AFEA8B11F238AF809304946E8
:10682000504600F0CFFA504600F076FAFFF7EEFD42
:10683000034600283FF459AF0D4A084802210DF0E5
:106840007BF852E75046022100F0BCFA504600F0B7
:1068500063FA4AE7283D002093A00200107B020063
:1068600001B20200743D00206C3D0020ADB1020079
:1068700063960200F8B5054622480DF0BFFE4307B7
:106880000F463CD52A78012A03D96FF0150420461B
:10689000F8BD6B780F2BF8D86888031F9BB243F6BE
:1068A000FC74A342F1D8A9880B1F9BB2A342ECD879
:1068B0008842EAD37AB914480022002308F0D8FBB2
:1068C00004460028E3D1FFF76BFD044640B10E48B3
:1068D00008F040FCDBE70DF082FE0028EBD1D4E7A6
:1068E00028686968094E0A4B03C6A86830602046CC
:1068F0001F60FFF76FFE044606F12400E8E76FF023
:106900000A04C4E7BC060020583D00202C3D0020AE
:10691000743D0020024B002018600DF075BE00BFD2
:10692000743D002008B503480DF068FE00F001003A
:1069300008BD00BF283D002070B50C4B1C68054603
:1069400044B154F8143C143C13B1697A2846984772
:106950006469F5E7064C074EB44200D370BD236866
:1069600013B1697A284698471834F5E7AC3D002002
:10697000A87A0200C07A020010B50446FDF742FB77
:10698000044901EB001120460DF0CFFCBDE810409A
:10699000FEF79CBB783D002070B5D1E9015600227E
:1069A0000446C1E90122064810F085FA3DB131469E
:1069B00020462B466FF06D02BDE87040184770BD51
:1069C000EC0B00201FB504460430BFF35B8F50E88A
:1069D000003F43F4806240E800210029F7D1BFF373
:1069E0005B8F5B053CD40DF028FE800324D5E17855
:1069F000002937D0012941D0A37A072B30D1264B6B
:106A000093F8D8309B062BD50DF0F9FC40B30DF16F
:106A10000E0103A8FEF75CFC10BBBDF80E20BDF80C
:106A20000C1020460DF052FD0346C8B11B4A1C480D
:106A300001210DF008FE13E0E37823B1164B93F823
:106A4000D8301907D3D520460DF025FD034620B1D7
:106A5000144A134801210DF0F6FDA37A072BC6D086
:106A600004B010BD0C4B93F8D930DA0708D40223D8
:106A70000D4A02210A480DF0E6FDBDE70023F7E7C5
:106A800002231A46009120460DF03FFD03460028E0
:106A9000B2D0064A0121EDE7E805002005A1020079
:106AA000E07A0200B4A00200D5A00200EEA002002D
:106AB00070B505460F480022002308F001FCB8B964
:106AC0000D4B1C6834B154F80C3C143C03B198478E
:106AD0006469F7E7094C0A4EB44204D32846BDE87E
:106AE000704008F09DBDA36803B198471834F3E7E0
:106AF00070BD00BFCC0B0020AC3D0020A87A020086
:106B0000C07A02002DE9F041044640270025EFF34A
:106B1000118287F31288BFF36F8FE16929B1206A70
:106B20000B68E361814208BF236282F31188BFF3DF
:106B30006F8F71B1D1E901680748C1E9015510F0C3
:106B4000BAF91EB1002241462046B047FEF7BEFA10
:106B5000DDE7BDE8F08100BFEC0B00200448B0F891
:106B6000FC30002B00F5807008BF0020704700BF8C
:106B7000E805002030B50446FDF76CF80D4A0D46D7
:106B80000D490858D2F88010884289B005D12046B6
:106B900009B0BDE83040FFF7B5BF243421461046A8
:106BA00010F055FA1DB16946204610F060FA09B0A0
:106BB00030BD00BF903000200800000038B5002232
:106BC00004468A4202D10024204638BD04F1C403A1
:106BD0000120BFF35B8F53E8005F002D04D143E831
:106BE000000CBCF1000FF6D1BFF35B8F02D0C834AC
:106BF0000244E6E7002CE6D0C4220021204610F033
:106C00006DFC04F14000044910F052FA034904F10C
:106C1000240010F0F1F9D7E7697801005746020027
:106C2000F7B516460D4601210446FFF7A3FF012ED6
:106C300023D0022E52D123693BB13148314A012180
:106C40000CF071FE20460DF024FD256121690B8AB0
:106C5000012B53D9CA681288043292B293424DD3A1
:106C600043D9274800920121274A0CF06FFE2046A5
:106C700003B0BDE8F0400DF00CBD206940B9234AD7
:106C80001F4831460CF04FFE20460DF002FD01E09A
:106C90002A8A2AB9284603B0BDE8F040FDF752BA67
:106CA000018A438A47695B1AC168C91B5B1A9A4209
:106CB0000CD9174A124831460CF035FE21690022E2
:106CC000204601F09FF800232361E3E7E9680C30D8
:106CD0000DF038FA2846FDF735FAB7E70D4A0848AF
:106CE000334601210DF0AFFCCEE700230122204600
:106CF000236103B0BDE8F04001F084B803B0F0BDFB
:106D0000E07A020021A10200A1A102003EA102003E
:106D10005CA1020083A1020008B500F1C403BFF327
:106D20005B8F53E8002F013A43E800210029F8D196
:106D3000BFF35B8FAAB90B4B984212D303F1C80281
:106D400090420ED2C01AC823B0FBF3F203FB12002C
:106D500038B9054808F080FABDE80840034808F053
:106D60005FBC08BDE0210020CC0B0020D008002033
:106D700010B504460DF096FC08F0FCFE104AD2F85F
:106D8000101104F1B80361B9C4F8B810D2F81411A5
:106D900059B9C2E9443308F001FFBDE81040FEF7DD
:106DA00095B98B4205D00968EDE70B60C2F8143144
:106DB000F1E708F0F3FE2046FFF7AEFFEDE700BF76
:106DC000E8050020F8B5857A8D4200AF04460E46EE
:106DD0001BD1082D96BF634B634B53F825306C468F
:106DE00088B06A466149CDE905134FF40073ADF8E8
:106DF0001C305F4B42F8103F5E4800234FF4E451D3
:106E0000FAF7B2F9A546BD46F8BD8172D5B1022D9B
:106E10001BD0A37A082B00F2A18001A252F823F024
:106E2000616E0100036F0100CB6E0100076E01006F
:106E3000076E0100076E0100076E0100596E010028
:106E4000076E01000DF02EFCE3E78378012BE0D103
:106E5000403010F03BF9DCE70023C4E90D33D2E702
:106E6000082DD0D8DFE805F02A0521172626212A8B
:106E70002A0004F14005284610F028F90121204697
:106E8000FFF778FE20460DF004FC00220023284680
:106E900008F06AFCB7E702200DF0B6FB034620B10C
:106EA000354A344802210DF0CEFB637A13B12046F7
:106EB000FFF742FD2046FFF72FFFA4E72F4A334696
:106EC0002C4802210DF0BFFB9DE7A378012B9AD13E
:106ED0002B4B9D8A002D96D00A235D434FF400462C
:106EE00040F2E73000214FF47A720023E5FB0601FF
:106EF000F4F7B4F802460B4604F1400008F000FC39
:106F000081E7637A3E2B0FD16D4688B06A461D4BF0
:106F1000CDE90534032342F8103F164800234FF40F
:106F2000C451FAF721F9AD46154D05F58076616932
:106F300011B9FEF7CBF866E7A2690B68636191426D
:106F400008BFA3612046FFF727FDB5F8FC30002BF2
:106F500014BF3046002008F07FF9E8E70A4A3346BC
:106F6000AEE700BF70810200BCA10200C6A1020012
:106F700003000001E07A0200D7A1020008A202008B
:106F8000E80500201FA2020046A20200F8B507464D
:106F900009480D4616460DF085FB044650B183782E
:106FA0001F4203D1BDE8F840FFF7B6BE3146A847FF
:106FB0002046F7E7F8BD00BFE0210020024900228B
:106FC0000120FFF7E3BF00BF4B46020070B5054646
:106FD0000E480E460DF066FB0446A0B1837A012BE5
:106FE00002D0073B012B0CD82388AB4208D1A378F1
:106FF0001E4209D1064A07482B4602210DF023FB09
:107000002046FFF789FE0024204670BDE0210020C5
:1070100062A20200E07A0200034BC01A034BC010C8
:107020005843C0B2704700BFE0210020295C8FC2E6
:1070300070B51C46144305460E460DD00F49FCF7AB
:1070400009FED1F880400E4909588C4206D10D4AFC
:107050000D4802210CF067FC002213460B49002D5D
:1070600014BF284608460DF001F8044618B1711DFA
:107070000C300DF056F8204670BD00BF9030002057
:107080000800000079A20200E07A02000C0C002047
:1070900010B50446054808F0C3FA204600F0A4FDE8
:1070A0002046BDE81040FFF747BC00BFC0080020E5
:1070B0002DE9F04F87B000AF0023FB607B61BE4B32
:1070C0005A8A3AB1BD4DD5F810413CB91C37BD467E
:1070D000BDE8F08F1B68002BF4D1F7E754F8B839FE
:1070E00003B1B83BB649002601E01C461346B5F88B
:1070F000FC20002A00F07081D5F808214AB904F17B
:10710000B806002BE2D0D3F8B820002AEDD0B83A68
:10711000EBE70A68002AF2D0D4F8A420002AEED0C7
:10712000D4F8A820002AEAD0D4F8AC20002AE6D06F
:10713000A37A072B6AD120469047002866D004F135
:10714000BC000DF07AFA022860DC20460DF0AAFAA5
:1071500004460028BAD0A37A072B40F02A81D4F83D
:10716000A430B5F8FC1007F110022046984781467C
:10717000002800F00E81B5F8FC203B699A4208D344
:107180000146D4F8A86007F1140307F10C02204669
:10719000B0477B693B60B9F81030D7F80C80002B02
:1071A00000F001814846D7F810A00DF0D4F87860BF
:1071B000002840F0FB80B5F8FC30DFF808B2002B67
:1071C00014BF584600200022002308F079F878B94F
:1071D0007B480022002308F00DF8064600283BD12A
:1071E000B5F8FC30002B18BF5E46304608F034F886
:1071F0006FF00B054846FCF7A5FFB8F1000F00F053
:10720000B38039682A462046C047ADE0D4F8B8308C
:1072100004F1B802C6B9D5F81411C5F810318A4284
:1072200001D1C5F814310023C4F8B8302046D4F891
:10723000AC30984700288ED0A37A072B40F0B98055
:107240002046FFF795FD86E73360D5F814319A4262
:1072500008BFC5F81461E6E73B68C0F804808360A6
:10726000B5F8FCB05448DA454FF000024FF0000387
:107270004FF0000198BF1FFA8AFBFCF7E5FE80463D
:1072800050B1FCF7BFFE504B5A4603EB0013494682
:1072900040460DF025F88046B5F8FC3094F8C090D3
:1072A0009A4584BF01237B607B6884F8C0309CBF13
:1072B00009F102095FFA89F904F1BC0ABFF35B8F97
:1072C0005AE8003F01334AE80032002AF8D1BFF300
:1072D0005B8F00233360A369002B5ED1C4E9056690
:1072E000A378012B5CD108F10C0B042158460CF05B
:1072F00044FF238809F0FD0943EA09330380B8F805
:107300001030043B4380022158460CF03EFF4046BB
:10731000FDF710FE814600284BD0BFF35B8F5AE883
:10732000003F013B4AE80032002AF8D1BFF35B8FEF
:10733000314604F114000DF091F9244A24484B46DB
:1073400001210DF080F94046FCF7FCFE2046314655
:10735000FFF722FBB5F8FC301A48002B08BF0020CD
:1073600007F07AFF6FF004056E4688B0194A07945B
:10737000CDE905256A46042342F8103F14484FF42E
:1073800001510023F9F7F0FE1321B54620460DF018
:10739000A4F92046FFF7C0FC98E61E60A6619FE7AF
:1073A0006FF01509B9E76FF0790523E76FF0040571
:1073B00020E7FDF78BFEECE7780C0020E8050020C5
:1073C000EC0B0020E8060020783D0020C39A020064
:1073D000E07A0200A2A202009368FFDE2DE9F041EC
:1073E00040F2E243D0F88860B6FBF3F6031D044692
:1073F00018460DF022F98204B6B217D5B4F88C20E5
:10740000B24213D8B4F88E20B2420FD3D4E924127A
:1074100091420BD1BFF35B8F53E8001F21F4005161
:1074200043E80012002AF7D1BFF35B8F104B1D68B1
:1074300065B155F8047C143D37B1B4F89230B4F816
:10744000902031462046B8476D69F1E7094DDFF8D5
:107450002880454501D3BDE8F0812F6937B1B4F8E4
:107460009230B4F8902031462046B8471835F0E7FE
:10747000AC3D0020A87A0200C07A02002DE9F0415C
:10748000074608460D460CF0BCFF064618B9002614
:107490003046BDE8F081144B1C6884B154F8083CB8
:1074A000143C0BB96469F8E7294638469847002828
:1074B000EDD028460CF0A5FF0028F3D1E7E70B4CF0
:1074C000DFF82C804445E3D2E3680BB91834F9E7C0
:1074D0002946384698470028D9D028460CF091FF15
:1074E0000028F3D1D3E700BFAC3D0020A87A02000A
:1074F000C07A020038B505460C460E480121FFF758
:107500005DFBB0B1057223680367A388A0F87430EF
:10751000A37980F8763001238370074BC0F8A4303C
:10752000064BC0F8A830064BC0F8AC30054BC0F88D
:107530008C3038BDE0210020E57A010027460200AA
:107540001B4602001800280070B505460A480E4682
:107550000DF0A8F8044620B18378012B04D0FFF782
:10756000DBFB0024204670BD324629460DF00EF9A3
:107570000028F7D12046F2E7E0210020F0B589B0DD
:1075800000AF0D46FFF7E0FF044610B3294638462A
:10759000FCF7BCFEA37A082B96BF0F4A0F4B52F89C
:1075A00023306D468AB06A460D49CDE907730D4B0D
:1075B00009930D4BCDE9051442F8103F0B48002309
:1075C0004FF44251F9F7D0FD2046AD46FFF7A4FB3A
:1075D00001202437BD46F0BD70810200BCA102002D
:1075E000C5A202000103020405000002E07A0200C5
:1075F00038B5044613480DF020F8420702D46FF066
:107600000A0038BD08460CF0FCFE10B96FF01500FA
:10761000F7E7FFF787F90028F1D10A480DF00DF8D8
:107620000306C0F3C0150AD40CF0D9FF0028EDD032
:1076300021462846FFF7A2FF0028E2D0E6E76FF0D8
:107640007700DEE7BC060020F8B505460E480E467A
:1076500017460DF027F8044620B18378012B03D09C
:10766000FFF75AFB00240DE036B1324629460DF0F3
:107670008DF808B92046F3E7A37ABB42FAD1237A02
:10768000AB42F7D12046F8BDE021002070B58B78E1
:10769000012B92B006460C4642D191F8703007ADEE
:1076A000032B37D8DFE803F0023032341E49284676
:1076B000F6F72AFF059594F87130049394F8723028
:1076C000039394F87330029394F87430019394F810
:1076D0007530009394F87630144A1E210AA80AF0F7
:1076E00003FD0AAB324610AD1C4603CCAC42106021
:1076F0005160234602F10802F6D120681060A38889
:107700009380304612B070BD0949D0E70949CEE7F1
:107710000949CCE7094A0A2128460AF0E5FCC9E7ED
:1077200000238DF82830DCE79E950200C09502000A
:10773000A5950200AC950200B695020086AB02004A
:107740002DE9F04105460E4690461F46002B49D0D4
:107750001B6823B1264A274802210CF0E4F8414671
:107760002846FFF745FF0446002836D12846414603
:107770000CF0E2FF0546002837D096E80F001E4CBB
:1077800004F1080C8CE80F00A38A002B08BF4FF40B
:107790009673A382238A03B9A3892382638A03B9D8
:1077A000E389638202212846FFF70CFB28460CF090
:1077B0004CFE0446A0B1002169722846FFF702FB87
:1077C0002846FFF7A9FA0320FEF704FF034620B17D
:1077D0000A4A084802210CF036FF2046BDE8F08135
:1077E0003D60FAE76FF01504F7E76FF00B04F4E77C
:1077F000FEA20200E07A0200E80500206396020083
:1078000038B5044608460D460CF0FBFD38B3154B61
:1078100093F8D830990707D4E37873B12946204606
:10782000BDE8384000F01ABB94F898309A07F3D5B9
:10783000201D0CF002FF4304EED4294620460CF034
:10784000C5FF58B92B88A4F88C306B88A4F88E300B
:10785000AB88A4F89430EB88A4F8963038BD6FF06C
:107860001500FBE7E8050020F7B510F8363C0446A4
:10787000A0F140060BBB30460CF0FBFF384B1D68F7
:107880004DB155F8103C143D1BB114F8371C30466F
:1078900098476D69F4E7334D334FBD4205D3304609
:1078A00003B0BDE8F040FFF737BA6B681BB114F8BE
:1078B000371C304698471835EFE710F83E3C012B4F
:1078C00046D110F83D3C8BB9FDF708FE69303FD139
:1078D000264A274802210CF026F84FF4A472002310
:1078E000204603B0BDE8F04007F03EBFA0F13C05E4
:1078F000BFF35B8F55E8003F23F4005245E80021B9
:107900000029F7D1BFF35B8F9B0415D5E36C00937F
:107910006946636D01933046FFF772FF0346C8B9AD
:10792000BFF35B8F55E8003F23F4805345E80032F6
:10793000002AF7D1BFF35B8FBFF35B8F55E8003FA1
:1079400043F4006345E80032002AF7D1BFF35B8FB0
:1079500003B0F0BD074A064802210CF074FEEBE7C5
:10796000AC3D0020A87A0200C07A020033A30200D6
:10797000E07A020066A3020038B517480FF093FAC8
:10798000164915480FF097FA154913480FF093FA66
:10799000144911480FF08FFA0DF0C8FB02F07CFF7C
:1079A0000446B8B90EF046F9044698B90DF00AF845
:1079B0000D480CF077FE054660B104300CF03DFE3A
:1079C000C30704D52C7203212846FFF7FBF928468C
:1079D000FFF7A2F9204638BDEC0B0020883D0020BF
:1079E000943D0020A03D0020E02100200346024AF3
:1079F000024801210BF0A0BF07A40200087B02008F
:107A000080B500AF88B06A46074BCDE90530032347
:107A100042F8103F054800234FF4C251F9F7A4FB88
:107A20006FF00B00BD4680BD2FA40200087B020052
:107A300008B5064A136823B9054850600A6018461D
:107A400008BDFFF7DDFF6FF00B00F9E7B43D002044
:107A5000BC81020070B5044652EA030008D0FCF76E
:107A6000F9F8074D074ED5F880503058854201D1BE
:107A70000022134620460431BDE87040FFF7D8BA13
:107A8000903000200800000073B5054618462B68AA
:107A90000BB39B7A072B1ED1002A0E7A0CBF012351
:107AA00002239E4209DD0D4A0D48009601210BF08C
:107AB0004DFF6FF0150002B070BDCB7A072BF8D9DF
:107AC000C8618A6105F130000FF0F5F928460CF025
:107AD000A7FE0020EFE76FF07F00ECE756A402005E
:107AE000087B02002DE9F84FD0F8B04000AF88467F
:107AF000914644B1403C236B63B92068B0300CF030
:107B0000AEFE246CF5E7FDF7E1FA00263046BD46EF
:107B1000BDE8F88F04F1300A50460FF0E1F9054650
:107B20000028F0D00CF017FC80B16C4688B06A4693
:107B30002A4BCDE90535032342F8103F284800239E
:107B40004FF4C251F9F710FBA546DEE728460CF0CA
:107B5000BCFA656C06469DB9A38C058A403B9BB276
:107B60003F2B03D8238D9D4228BF1D46042106F1DB
:107B70000C000CF002FB0580A38C43800435656487
:107B8000454520D8B6F810B0AB4506D100220023F9
:107B9000504607F02FFBFCF7D5FAA38CA3F1400267
:107BA0003F2A07D8AB4514BF00220E4AB26118BF66
:107BB0001346F3612068B0300CF051FE236B13B113
:107BC00020460CF02DFE636CC9F80030984534BF98
:107BD000A3EB08010021616498E700BF76A40200CE
:107BE000087B020075490200F7B5284D284F04466E
:107BF0000026BD4201D303B0F0BD298820460CF019
:107C0000AFFE6B68019001A920469847002838DB39
:107C1000019B2A889A829A8403F11002BFF35B8F3A
:107C200052E8001F42E800600028F9D1BFF35B8FE3
:107C30001E645E649E60A16B03F1080219BBC4E977
:107C40000D221C60DE6003F130000FF02CF901986A
:107C500043681B6803B19847019BBFF35B8F1033E8
:107C600053E8001F41F0010143E80012002AF7D158
:107C7000BFF35B8F01984368DB6913B100F110011A
:107C800098470835B5E70A60A263DAE7907A020000
:107C9000A87A02007FB50D460646042105F10C00C6
:107CA0000CF084FA2A8A43889342044608D0009351
:107CB0001346444A444801210BF048FE04B070BD0D
:107CC000417839B9414A01213F4804B0BDE87040CC
:107CD0000BF029BE0278122A22D0132A1AD0012AC8
:107CE000ECD0394813460221394A0BF025FE617861
:107CF0003568022201200CF019FE04460028DDD070
:107D000002210C300CF018FA002303704370214656
:107D1000284624E0022BD1D0022200922D4AC9E746
:107D2000082B03D0082200922B4AC3E73468A37AB9
:107D3000072B02D0294A0221C6E7E378A3B1022229
:107D400001200CF0F3FD05460028B7D002210C30CD
:107D50000CF0F2F90023037043702946204604B06A
:107D6000BDE870400CF013BEEB681A88ADF808202F
:107D70005A88ADF80A209A88ADF80C20DB88ADF857
:107D80000E30022213200CF0D1FD0546002895D0BC
:107D900002A92046FFF772FB0221064605F10C00FE
:107DA0000CF0CAF986F00103DBB2038029462046B5
:107DB0000CF0EDFD002E81D002A920460CF006FD4E
:107DC0007CE700BF8EA40200087B0200AFA4020083
:107DD0003BA50200D0A40200FBA402002DA50200D6
:107DE00008B50B8A032B06D8044A054801210BF07D
:107DF0009AFD002008BDFFF74DFFFAE763A50200DA
:107E0000087B020038B50B8A032B05460C4609D8BF
:107E10000F4A104801210BF086FD2046BDE838408E
:107E2000FCF790B9042104F10C000CF0BFF9418873
:107E300028460CF0BDFD30B9074A06480B46022122
:107E40000BF07AFDE9E7436821465B699847E4E770
:107E500081A50200087B02009EA5020070B5144AAD
:107E6000137801330C4613F0FF010CBF01230B46BE
:107E70001370064608BF1946082212200CF056FD62
:107E8000054688B108210C300CF056F92288028092
:107E900062884280A2888280E288C2802946304679
:107EA000BDE870400CF073BD6FF00B0070BD00BFFB
:107EB000E84F002023281FD81A2804D8431E182B67
:107EC0000ED906207047A0F11B03082B1ED8DFE84F
:107ED00003F0051D1B231D19251D050003207047F8
:107EE0000F4A012383401A40C2B90E4A1A40002AA1
:107EF0000CBF06200120704700F07F03522B05D1F4
:107F000000207047012070470520704710F0400F97
:107F100014BF0020062070470420704702207047DD
:107F2000AAAA8A02545545012DE9F74F064608468C
:107F30000C46FCF767F82E4F18234343FA18054602
:107F400091680191E168BFF35B8FF06CBFF35B8FC9
:107F5000C0070AD4274A284801210CF056FD6FF0CB
:107F60001509484603B0BDE8F08FE068007810714D
:107F70000022FA500B78D22B0FD1336821461868B3
:107F80000DF055FE814640B11C4A1B4801210CF002
:107F90003CFD2046FCF7D6F8E3E7182303FB057306
:107FA000D4F80C80D4F814B0B4F810A09E6000236C
:107FB0001A462146301DFFF767FD81460028D0D0C4
:107FC00010F1690F04D10E4A0B4801210CF01DFD80
:107FD0006269019BA4F810A0A8EB0B0812FA88F2C2
:107FE000E260182255437A1947F805909360B8E784
:107FF000043E0020DAA50200D07A0200F4A50200B7
:1080000007A6020008B5EFF31181402383F312881D
:10801000BFF36F8F002303600F4B5A68C2B9C3E9E7
:10802000000081F31188BFF36F8F0C4807F0F8FA56
:10803000031E0CDA0A4A0B4801210BF07DFC0023D9
:1080400083F31188BFF36F8F0323184602DF08BD47
:1080500010605860E5E700BFFC3D002008090020E3
:108060002AA60200D07A0200011F01480EF036BE97
:10807000A40A0020024A034801210CF0C6BC00BF3C
:1080800053A60200D07A020010B500F1480304465E
:10809000BFF35B8F53E8001F41F0010143E800127A
:1080A000002AF7D1BFF35B8F201F0CF006FD04F10F
:1080B000640004490EF0FCFF2068BDE8104002F0A7
:1080C0005DBB00BFD990010073B50E46438D418B57
:1080D0008B4202F1010228BF0B469A42054609D99C
:1080E0001E48009202211E4A0BF030FC002420465C
:1080F00002B070BD3046FFF7DDFE6FF014030341A0
:1081000013F0010310D0FBF7A5FD164B1958164BC1
:10811000D3F8803099421ED0144B1B685A1A18BFEE
:108120004FF0FF32134601E04FF470221048002157
:10813000FFF790FC04460028D9D0FBF763FF0D4BF6
:10814000182202FB0033012104F10C009D600BF0AA
:10815000F3FF0670CBE70022E4E700BFD07A02000D
:1081600070A6020008000000903000204C3E002065
:10817000300C0020043E002070B5044601F10C00D4
:108180000D460CF023F826682B8AEA680146306811
:108190000DF0FDFC1E2100222046FFF795FF014651
:1081A00030B9054A054801210CF02FFC002070BDB4
:1081B00020460CF074FCF9E795A60200D07A020084
:1081C000F0B51D4603680E46003987B0044618BF57
:1081D0000121186817460DF0EBFC40B904F14C0082
:1081E0000CF068FD002846D0002007B0F0BD002D3F
:1081F00043D01822002168460FF070F96FB10022B9
:1082000013212046FFF760FF019030B91C481D4A3A
:1082100001210CF0FAFB1120E7E723681A4A1B68DA
:1082200000930023ADF812300C9B0393BDF834305B
:10823000ADF8103001238DF8143029466B462846DE
:108240008DF808600CF012FD9DF8143063B1002F1A
:10825000CAD00198FBF776FF9DF814302A463146C4
:1082600020460CF036FDBFE701990029BCD020461E
:108270000CF015FCB8E71220B7E70120B5E700BF06
:10828000D07A0200B2A60200234B02002DE9F3418E
:108290000B8A04460D4643B9294A2A4801210CF0AD
:1082A000B4FB002002B0BDE8F0810768012105F1B0
:1082B0000C000BF07BFFBB7A072B0646F1D154F87C
:1082C000043C002BEDD003781F4F043C002217F82C
:1082D000320098424FEAC20807EBC20114D12A8A41
:1082E0004878904226D91748009301211346174A2F
:1082F0000BF02CFB04234744BA78012AD1D1002B80
:10830000CFD03178002211E001321C2ADFD1104A8F
:108310000C4802210BF010FB31780846FFF7CAFD2C
:108320002122C24012F00102BBD1062320460CF0EC
:10833000D0FCB6E74B682046294698470346DAE763
:10834000CBA60200D07A0200E481020000A702005E
:10835000E6A60200F8B54FF4702207460023114844
:108360000D460BF083FE044638B90F4A0F482B46E2
:1083700001210BF0E1FA2046F8BD00F10C060921BD
:1083800030460BF0CEFE2046FBF73CFE084B182291
:1083900002FB0033012130469F600BF0CDFE0570DB
:1083A000E9E700BF300C002007A40200D07A0200E9
:1083B000043E00202DE9F0410E8A043EF6B2022E62
:1083C00004468CB0084601D0102E64D104210C3034
:1083D0000BF0ECFE0DF1080805884788011D3246B8
:1083E00040460BF028FF002857D0A5B300268FB3D6
:1083F000AF4230D34FF4205301A940468DF80460BA
:10840000ADF806300BF0EAFE48BB1422002107A8A5
:108410000FF064F811212046FFF79CFF0990002817
:1084200037D001210C30CDE907480BF085FE002341
:108430000A90394603701A4A0B93284607AB0CF092
:1084400015FCDDE909131B78FBB90846FBF77AFE3A
:108450000A2301E03D4601232A4610210EE042F6A0
:10846000010307A940468DF81C60ADF81E300BF0E3
:10847000B5FE0028C9D010232A46194620460CF024
:1084800028FC00200CB0BDE8F08120460CF007FB72
:10849000F7E71120F6E70420F4E70E20F2E700BF2B
:1084A000F98901002DE9FF41036804460D4618686B
:1084B00001210DF07DFB40B904F14C000CF0FAFBFA
:1084C000A0BB122004B0BDE8F08110220021684654
:1084D0000FF004F821212046FFF73CFF029038B34B
:1084E000009405F10C074FF001082B8A012B04D8EA
:1084F000029920460CF0D3FA18E038460BF066FEDD
:108500006B460C4A8DF80C80014606460CF0AEFB1B
:108510009DF80C30002BE8D00298FBF713FE9DF875
:108520000C303246202120460CF0D3FB0020C9E756
:108530001120C7E73D4F02002DE9FF4103680446C3
:108540000D46186801210DF033FB40B904F14C00D1
:108550000CF0B0FBA0BB122004B0BDE8F0811022EB
:10856000002168460EF0BAFF0F212046FFF7F2FE09
:10857000029038B3009405F10C074FF001082B8AE4
:10858000012B04D8029920460CF089FA18E03846ED
:108590000BF01CFE6B460C4A8DF80C80014606461B
:1085A0000CF064FB9DF80C30002BE8D00298FBF730
:1085B000C9FD9DF80C3032460E2120460CF089FB97
:1085C0000020C9E71120C7E7C14F0200F0B51D46E2
:1085D000036885B004460E461868012117460DF061
:1085E000E7FA38B904F14C000CF064FB50BB1220E0
:1085F00005B0F0BD65B31022002168460EF06EFF95
:1086000039462046FFF7A6FE029018B3BDF8283081
:10861000ADF8043001238DF80C3029466B460E4A24
:10862000009428460CF022FB9DF80C3002995BB1B7
:108630000846FBF787FD9DF80C302A463146204658
:108640000CF047FB0020D3E720460CF028FAF9E7AE
:108650000120CDE71120CBE7C14F02002DE9F04109
:108660000E8A043EF6B2022E04468CB0084601D0B3
:10867000102E76D104210C300BF098FD0DF104087A
:1086800005884788011D324640460BF0D4FD00287E
:1086900069D085B377B3BD422DD8606801210DF054
:1086A00087FA064678BB8DF8000042F60203694659
:1086B0004046ADF802300BF091FD20B342F60303C3
:1086C00006A940468DF81860ADF81A300BF086FD0B
:1086D000C8B1012D03D14FF6FF739F4213D004F1AF
:1086E0004C000CF0E7FA002814BF002012200CB058
:1086F000BDE8F0813D4601232A46082120460CF0C2
:10870000E8FA0020F3E7182200210DEB02000EF03A
:10871000E5FE09212046FFF71DFE0890F8B1012172
:108720000C30CDE906480BF007FD002309900370DB
:108730000A238DF82C30394606AB0C4A28460CF03B
:1087400095FA9DF82C3008992BB10846FBF7FAFCF6
:108750009DF82C30D0E720460CF0A1F9D1E711208C
:10876000C5E70420C3E70E20C1E700BFB18A0100BE
:108770002DE9F0430F4687B00446062107F10C00AF
:108780000BF014FD0588EDB1B0F80280B8F1000FD0
:1087900017D0454516D8002382888DF800308DF813
:1087A000043001A94FF420536846D7F80C90ADF877
:1087B0000220ADF806300BF011FD064660B10A2329
:1087C00001E0454601232A46062120460CF081FAA5
:1087D000002007B0BDE8F0830146142201A83F7CC9
:1087E0000EF07CFE07212046FFF7B4FD0290D8B1C1
:1087F0000A238DF81530414601AB0C4A01942846F6
:10880000CDE903698DF814700CF030FA9DF815303D
:1088100002992BB10846FBF795FC9DF81530D2E77D
:1088200020460CF03CF9D3E71120D2E79D880100E7
:108830007FB5CB681D8804468DB15E8876B1B542A0
:108840000DD81022002168460EF048FE0521204672
:10885000FFF780FD019058B9112007E0354601234C
:108860002A46042120460CF034FA002004B070BDE2
:108870006B463146084A009428460CF0F7F9DDE9CA
:10888000011323B90846FBF75DFC0A23E8E72046FD
:108890000CF005F9E9E700BF954B02002DE9F04324
:1088A00091B0D2F8008006460F46002542F601033B
:1088B0000068D8F804908DF82C500BA91446ADF838
:1088C0002E300BF08BFC00286DD04FF42053306815
:1088D0008DF82C500BA9ADF82E300BF07FFC38B181
:1088E000A3681BB15A88BA4200D25F80012010E011
:1088F000616808460CF071F8B8F82A20B8F81A3008
:108900009A4294BFC0EB0200C0EB0300032803D8D7
:10891000002011B0BDE8F08308460BF0DAFB616877
:10892000054608460CF059F86B8A2A8AA3EB020C1C
:108930006B69EA68D21AACEB0203B8F82AC0B8F83F
:108940001A20944594BFC0EB0C00C0EB0200834298
:1089500028BF03466BB9887AFBF74CFB0022002343
:108960000BF084FB05460028D2D0014660680BF06E
:10897000C1FB00230093D6F804803146102302AADD
:108980004846C047061E0EDB227CE068964227D090
:1089900001460BA80BF04FFC40B9237C134A144846
:1089A00002210AF0C9FF0023A3609FE7F2B202A9E7
:1089B00006A80BF040FC10B90E4A3346EFE706A9B3
:1089C0000BA80BF00BFC0028EDD1002363740421ED
:1089D00005F10C000BF0B0FBA0600780A36884E7F2
:1089E000324602A90EF082FDEDE700BF1FA702008C
:1089F000D07A02003EA702002DE9FF4105460E464F
:108A00004FF000084FF42053006817688DF8088075
:108A100002A91446ADF80A300BF0E0FBA0B142F613
:108A2000010328688DF80C8003A9ADF80E300BF017
:108A3000D5FB48B123691BB15A88B24200D25E808F
:108A4000012004B0BDE8F081616828680BF0C6FB26
:108A500010B100232361F3E7E368A0681A786AB1D4
:108A6000B7F81AC0798D038A8C4594BFC3EB0C0309
:108A7000C3EB0103934201DA0020E2E704210C304A
:108A80000BF05AFB2061068023695E80074B009340
:108A90000194A2680023294638460CF0C6F9002844
:108AA000EADB2069003818BF0120CAE74D4C0200FC
:108AB0002DE9F34717680546894600685168D7F8DD
:108AC00004A014460BF08AFB804600284BD1952267
:108AD000294650460CF002FF0646207540B1E36877
:108AE0001B780BB184F81480002002B0BDE8F08739
:108AF000294650460DF05EF810B908232375F3E7B8
:108B0000A06826750BF0E5FA02210C300BF014FB7F
:108B1000164B2061A0F8009000930194A2683346A0
:108B2000294638460CF081F9002807DA10F1FF0FCA
:108B300026BF4042C0B20E202075D5E72369002B26
:108B4000D2D0A0680BF049FF7B8D7A8B9A4294BFFC
:108B5000C0EB0200C0EB0300E3681B78984294BFAF
:108B600000200120C1E70120BFE700BFEB49020060
:108B70002DE9F04182B000AF044688463E4800220D
:108B80000023394606F080F90546B0B16D4688B03D
:108B90006A463A4BCDE90534032342F8103F384882
:108BA00000234FF4C251F8F7DFFAAD466FF00B0621
:108BB00030460837BD46BDE8F081FBF74BF8314B36
:108BC0001A58314B38681A60294624220EF086FC68
:108BD0003B682E481C603C687D60C4E90155C4E9CF
:108BE000075500220023391D06F04EF9064688B1CC
:108BF00023686C4688B06A462549CDE905130323EE
:108C000042F8103F1E482B464FF4C451F8F7ACFA17
:108C1000A546CBE70146A02278680EF05FFC786895
:108C20001C4B836054300EF03EF97B68BFF35B8FC2
:108C30004C3353E8002F43E800610029F9D1BFF31A
:108C40005B8F7B681C60E3697D681BB904F10C00D5
:108C50000EF029F9E269C5F89820226A05F1980317
:108C6000E36102B923627B6817225A855A83043371
:108C7000C8F800309CE700BF880A00205DA702000A
:108C8000D07A0200080000004C3E0020A40A002018
:108C900082A70200E008002008B5837A072B06D0DF
:108CA0000C4A02210C480BF0B0FE002008BD042144
:108CB0000BF07EFE10B9094A0121F3E7BFF35B8F89
:108CC000836CBFF35B8FDB0701D4054AF4E750F8F0
:108CD000040CEBE72DA50200D07A0200A7A7020042
:108CE000DAA502002DE9F04F85B000AFB860EFF3D0
:108CF0001188402383F31288BFF36F8F5B4D2846A2
:108D00000BF061FE2E68044688F31188BFF36F8F65
:108D100000285FD0FBF776F95549182202FB00F3D3
:108D2000C81851F803A00369FB600021D0E902587C
:108D300090F80490B0F806B00EF0D0FBA07AFBF7E4
:108D400059F96169034659B1627AD00706D4DA69E4
:108D50007B6012682046926890477B6800226261BF
:108D6000214618460EF0B2F8B9F1000F0DD065B1EA
:108D70002B6853B11B6843B1BAF1000F2ED03D4AA6
:108D80003D48534601210AF0D7FD1EB3B9680020C3
:108D90000EF05DF900281DDA6C468AB06A46374B42
:108DA0000593374BCDE906304FF40073ADF8203012
:108DB000344B42F8103F304800234FF41151F8F77C
:108DC000D3F90023A54683F31188BFF36F8F0323E4
:108DD000184602DF1437BD46BDE8F08F281D0CF0A1
:108DE0001FF94846FFF766F80528CED801A353F8C7
:108DF00020F000BF3D8E01000D8E01008B8D010023
:108E00003D8E01008B8D01000D8E0100BFF35B8F45
:108E1000EB6CBFF35B8FDA0705D41B4A16480121C0
:108E20000BF0F3FDB1E72B6D002BAED04FF47022A9
:108E3000002305F1680006F097FCA6E72B68D3F83D
:108E40000090BFF35B8FEB6CBFF35B8FDB07E4D568
:108E5000B8F1000F99D0002403E0F9684846C047F4
:108E60000134A3B29B45F8D88FE700BFFC3D00203A
:108E7000043E0020C2A70200D07A0200E1A702004F
:108E800006B2020004000001DAA50200F8B50F46A0
:108E90001646FFF701FFB0B1C46920461CB150F877
:108EA000984904B1983C731C194638B1428B458DE2
:108EB000AA4228BF2A469A4207D264B90A4A0B48F6
:108EC00002210AF039FD0020F8BD32463946BDE8DE
:108ED000F840FFF7F9B8D4F8985005B1983D20460E
:108EE0000B462C46E2E700BFFCA70200D07A020046
:108EF00007B50B4602460021FAF7ACFE01910E4978
:108F000009580E480068884204D00D48D0F8800007
:108F1000884201D10022134601A90A4805F0B4FF96
:108F2000014638B9019810220EF0D8FA019803B022
:108F30005DF804FB0020FAE7080000004C3E00202A
:108F400090300020DC0A002010B50446806818B17B
:108F5000FBF7F8F80023A36021460248BDE8104063
:108F60000DF0BCBEDC0A00202DE9F7430446683052
:108F70000F4690461E460EF0A9F8206D50B9154ACE
:108F8000154802210BF041FD204603B0BDE8F04337
:108F900000F08AB8114B98424FF0000317D0456893
:108FA0004360206DD0F80C90FFF7CEFF00232068BF
:108FB00023650CF06AF83DB12068CDF80090006898
:108FC00043463A463146A84703B0BDE8F0831D4604
:108FD000ECE700BF17A80200D07A0200503E002044
:108FE000F7B550F8044C0546002C59D000F1940117
:108FF00004F11C000BF045FE2E1F05F15007002266
:109000000023384606F0F6F8024678BBEB6C2BB12D
:1090100001466FF067033046FFF7A6FF002345F8CF
:10902000043C05F14803BFF35B8F53E8001F21F0B8
:10903000010143E80012002AF7D1BFF35B8FE36917
:1090400073BB04F10C0600220023304606F0D2F870
:1090500078B9666886B91348266021460DF03EFE51
:10906000286803B0BDE8F04001F0B8BBFBF76AF830
:10907000C5E7FBF767F8E6E7A268336863609642E6
:1090800008BFA36077683FB1F368009300232068AE
:109090001A466FF06701B8473046FFF755FFD8E72B
:1090A00003B0F0BD880A002010B504460430FFF775
:1090B00097FF606813210BF010FB034630B1044AA0
:1090C0000448BDE8104001210AF036BC10BD00BFC5
:1090D0002EA80200D07A0200F0B5044689B054F8F8
:1090E000683D00AF19683846FEF7D0FA6E4688B082
:1090F0006A460B4BCDE905374FF40073ADF81C30D1
:10910000084B42F8103F00234FF4E2510648F8F7AD
:109110002BF82046B546FFF7C7FF2437BD46F0BD04
:109120004CA8020003000001D07A020008B5036DCC
:109130006BB1084A93420AD0CB68DB78002B08BF9A
:109140000E2300221146FFF70FFF002008BD0E235B
:10915000F7E700BF503E002010B50C4608B301B33E
:10916000FFF79AFDE8B1C3693BB153F8982902B102
:10917000983A196D8C4206D062B9043021460BF042
:1091800080FD204602E0074A1A652046BDE81040EF
:10919000FFF7DABED2F8981001B1983913460A46A3
:1091A000E7E710BD503E0020F8B51D460F461646B5
:1091B000FAF728FF044C182303FB0040C0E90376AC
:1091C0000123C3800575F8BD043E002010B5074C8F
:1091D0002378834207D1601C0CF08DF8002814BF5F
:1091E0002046002010BD0020FCE700BFD44E002028
:1091F00038B50C4619466BB103F114055B698AB9A1
:10920000E268A360954200D1E36000230D684B61E2
:109210001A46A847A3685BB9601C0649BDE83840F8
:109220000CF073B81360E3689D4208BFE260ECE79E
:1092300038BD00BFADB1020010B54A1C0C4628B1C4
:1092400009780BF0A3FA30B1204610BD034910464F
:109250000CF051F8F7E70020F7E700BFADB10200CE
:1092600008B530B9074908480CF045F838B1074847
:1092700008BD054A12F8011C0BF088FAF6E7002039
:10928000F6E700BFADB10200853E0020843E00201D
:109290002DE9F04180460F4616461D46FFF796FF22
:1092A000044680B91249FFF791FF044630B9114ACC
:1092B0001148BDE8F04101210CF025B800F8018B00
:1092C00039460CF022F823892BB962892AB9268104
:1092D0006581BDE8F0819E4204D36289AA42F8D23A
:1092E0009E42F5D263892681AB42F2D2F0E700BFFD
:1092F000ADB102007FA80200F07A02002DE9F04132
:10930000214B154682689A42074602D1C468638998
:10931000E3B90120BDE8F08105F17008287A4146E3
:109320000BF091F868B9194B9C4202D128460CF019
:10933000C9F9174930460BF0E8FF00232370238159
:1093400019E0414630460BF0E0FF14E0238993B169
:109350002646284616F8011B32460BF017FA00285D
:10936000DAD120783146FEF7EFF820B1857AFDF7A3
:10937000D3FC072DCDD0E36800216181002BC8D03C
:1093800038469847C5E700BFC59301002009002073
:10939000ADB1020073B50C460546082104F110007A
:1093A00016460BF0BBFF12230422CDE900323146F2
:1093B000034B224628460CF0ABF902B070BD00BF4B
:1093C000975502002DE9F8431E46BDF82030D1F82C
:1093D0000C8081460F46002B45D1731E012B45D8CA
:1093E000012E41460CBF15781588FFF725FF04466E
:1093F000C0B915B93046BDE8F8834146FFF71CFFF8
:10940000044638B91B481C4A02210BF07CFF6FF060
:109410001000F0E709F1700101300BF076FF99F8C8
:1094200008302370D8F810308BB92581B8F80A308D
:10943000AB4203D0414638460BF07FFF002DD9D117
:109440000E49601C0BF061FF25702581D2E72A468A
:109450003946484698470028CDDB01380128E4D931
:109460006FF00D00C7E76FF00600C4E76FF00C0067
:10947000C1E700BFF07A02009EA80200ADB1020071
:109480000C48BFF35B8F50E8003F23F0020340E835
:109490000032002AF7D1BFF35B8FBFF35B8F036805
:1094A000BFF35B8FDB0704D500220023303806F0C2
:1094B0005BB97047F822002010B5104801210BF06D
:1094C0002DFFC30719D402210C480BF027FF0840D9
:1094D00007D10B490B4A0B880B4CA24207D300B1B2
:1094E0000B80BDE81040094909480DF0E1BD506806
:1094F00003449BB208320120EFE710BD783E002004
:10950000E04E0020C07A0200D07A02005D9901008E
:10951000C82200202DE9F041034648B1008A38B93D
:109520001249DFF84CE001244FF0140C714501D3CF
:10953000BDE8F081D1E90076BB4204D30CFB067292
:10954000143A93420ED93444A2B208311446EDE7DE
:109550000CFB0578434507D001356219AE4292B243
:10956000F6D1F2E70025F8E71046E1E7C07A0200FD
:10957000D07A02002DE9F74FBDF83050009199469E
:109580004FF6FF73002D08BF1D46244B1B888342F6
:10959000074690463CD203B0BDE8F08F7368234481
:1095A000BB4232D29CB208361D4B9E42F6D3F2E744
:1095B0008958019340460AF011FE019B90B1013495
:1095C0000AF1010AA4B273685345ECD9009B9C428E
:1095D000E1D8BC42F3D331680BFB0AF28B18B8F127
:1095E000000FE5D1B9F1000F0BD1013DADB2184626
:1095F0000E9A0D9B21469847002DCCD00028DED135
:10960000C9E7DA689145DAD1EFE74FF0000ADAE707
:10961000044E01244FF0140BC6E700BFE04E0020BB
:10962000D07A0200C07A020007B500230193FFF749
:1096300071FF411C89B20846034A01AB0CF041F9A5
:10964000019803B05DF804FBAB5202002DE9F04332
:1096500087B0837A072B02AF80460C46154640F050
:10966000A68000233B73206842F6030307F10C0138
:10967000FB810AF0B3FD0646002834D1D4F80490EB
:10968000B9F1000F05D14C4A4C4801210BF03BFECB
:109690008DE00123009007F108022146C847031E10
:1096A00011DA6D4688B002AA4549D3610423C2E9A4
:1096B000051442F8103F414833464FF40151F7F783
:1096C00053FDAD4673E0012B05D03E4A3B480121D6
:1096D0000BF022FE6BE03B7A13F0300F67D0204690
:1096E000FFF7A2FF0446002320683B7307F10C013B
:1096F00042F60213FB810AF071FD18B12046FFF714
:1097000093FF0446002642F6021920683E7039464F
:10971000A7F802900AF062FD18BB002320683B7393
:1097200007F10C0142F60213FB810AF057FD0646D1
:1097300000283CD1D4F80490B9F1000FA3D00090D8
:10974000022307F10C0221464046C847031EA8DB4E
:10975000022BBAD1BB8905EA0300003818BF0120EB
:1097600026E020683E7142F60303391DFB800AF0B3
:1097700035FD0028D1D020683E724FF4205307F108
:1097800008017B810AF02AFD0028C6D020683E73BC
:1097900042F6010307F10C01FB810AF01FFD0028CE
:1097A000BBD02046FFF740FF04460028ADD1002083
:1097B0001437BD46BDE8F083B8A80200F07A020075
:1097C000CCA80200F2A802002DE9F84389465168AE
:1097D000B1F8128018F09408074615463CD10222D1
:1097E000FFF734FF00283AD04FF470200021AE8AF2
:1097F000FFF77EFB0236044660B11A4B4360C5603A
:1098000032461D213846FFF741FB064638B920464F
:10981000FFF79AFB6FF00B052846BDE8F88301239C
:1098200042464146FFF7C0FCA98A06F10C0002310E
:109830000AF082FC20F8029BAA8A29690DF027FE13
:10984000A660214638460BF0F9FC05460028E3D017
:109850002046FFF779FBDFE74FF0FF35DCE76FF0DD
:109860001505D9E7B152020070B504468AB00D461D
:10987000374BBFF35B8F1B68BFF35B8F5A0761D514
:1098800010B1837A072B60D16E6805963046FFF7DA
:1098900041FE2A68ADF8180032B305A902912D499E
:1098A00001910121002300914FF6FF710593FFF70D
:1098B00061FE059E1EB96FF001000AB070BD6E60BA
:1098C000002330688DF8103004A942F60303ADF888
:1098D00012300AF083FC70B90598C3689B799B0627
:1098E00005D46FF01500E8E70028E9D1E3E70BF0B5
:1098F00099FFADF81800BDF818003CB101230146EE
:10990000AB752A462046FFF75FFFD6E76FF07F036F
:1099100007930223ADF8203042F60213ADF812305F
:1099200005ABAC7502930C4B01930123009304AA81
:1099300023464FF6FF7109958DF81040FFF71AFE88
:109940000798BAE76FF00A00B7E76FF07F00B4E757
:10995000BC060020DF520200AD9A010013B550F89A
:10996000082C01920346A0F1200100F13004BFF35E
:109970005B8F54E8002F22F0010244E80020002809
:10998000F7D1BFF35B8F0D4A43F81C2C0C4A43F808
:10999000182C01AA002043F8102C042223F8080CEC
:1099A00023F8060C23F80C2CFFF75EFF18B90221F0
:1099B00020460BF0B3FC02B010BD00BF00830200D4
:1099C00081940100F8B5304B8168994200AF04469C
:1099D00021D1C66815683389EBB13246284612F8A2
:1099E000011B0AF0D3FEB0B14FF495722146284610
:1099F0000BF074FF032811D16D4688B06A46234BE3
:109A0000CDE9053442F8100F214800234FF4C4512A
:109A1000F7F7AAFBAD460120BD46F8BD314620460A
:109A20000BF08BFC1B4B9E42F5D1287A05F170019F
:109A3000FFF7CCFB04460028EDD0038913B9438916
:109A4000002BE8D02846FDF7E7FA134B228923F8CC
:109A5000202003EB8003628910495A80182202FB00
:109A600000110F4A4A600B610E4A8A60042328469F
:109A70008B82FFF7F9FE0028CDD00B4A0448012164
:109A80000BF041FCC7E700BFC59301000BA9020022
:109A9000F07A020020090020D04E0020603E002015
:109AA00000830200B35402001FA90200F8B5364B30
:109AB000154682689A42044601D00120F8BDC76865
:109AC000324B9F4246D03A89AB899A42F5D139460A
:109AD00011F8010BFDF738FD06460028EDD0837A1A
:109AE000072B05D0FDF718F9E7E7FDF715F9EAE7C9
:109AF0007B6923B12146984708B93046F2E7648A6A
:109B000014F09404F9D1AB89022B16D13C8914F0DE
:109B100002040AD02A69A9883046FFF755FE044698
:109B200018B92A69937D013393753046FDF7F4F82F
:109B3000002CAC60C1DA0020C0E7012BF5D13C89D4
:109B400014F00104F1D02A69A98830460BF0E4FE34
:109B50000446EAE70E4E0F4930460BF0CCFB0028D6
:109B6000B1D116F8010C07223146FDF76DFD002832
:109B7000BBD12B6916F8010C1A693146538812883B
:109B8000FFF786FB9FE700BFC59301002009002077
:109B9000D54E0020ADB1020073B5837A072B044681
:109BA0000E461FD1051D4FF4803128460BF0B6FB41
:109BB000C3031AD40223CDE900330D490D4B3246BD
:109BC00020460BF0A5FD58B1BFF35B8F55E8003F71
:109BD00023F4803345E80032002AF7D1BFF35B8FCE
:109BE00002B070BD6FF07F00FAE76FF07700F7E723
:109BF000E75202006B53020070B5837A072B86B0E0
:109C000005460C4640F0A1800B7C062B10D8DFE8FF
:109C100003F004045A5A629528000B68CBB11B78F4
:109C20004BB1022B13D04A4A4A4801210BF074FB76
:109C30006FF0150009E008230193062300934649BD
:109C4000464B224628460BF063FD06B070BD162336
:109C5000F2E710230421CDE900312246404B41496F
:109C6000F0E708680028E3D00678002EE0D14FF432
:109C7000245302A98DF80860ADF80A300AF0AEFA54
:109C800008B342F6021320688DF80C6003A9ADF802
:109C90000E300AF0A3FAB0B142F6031320688DF833
:109CA000106004A9ADF812300AF098FA58B142F6E3
:109CB000041320688DF8146005A9ADF816300AF079
:109CC0008DFA0028B4D108230422CDE900322649B8
:109CD000264B2246B6E7086880B300264FF420538F
:109CE00002A98DF80860ADF80A300AF077FA00286A
:109CF0009ED042F6010320688DF80C6003A9ADF8F0
:109D00000E300AF06BFA002892D042F60203206867
:109D10008DF8106004A9ADF812300AF05FFA00283F
:109D200086D042F6030320688DF8146005A9ADF8CB
:109D300016300AF053FA00283FF47AAF0423CDE935
:109D400000330B490B4B22467CE76FF07F007CE72A
:109D50003CA90200F07A0200BF5902004B550200F4
:109D6000DB530200799D01009D9E01000B5402000F
:109D700005A20100975302002DE9F0478EB0064678
:109D8000169D17461C4631B16B682A4600210EB05D
:109D9000BDE8F047184763B93D4A3E4802210BF041
:109DA000B2FA6B682A460021304698470EB0BDE8EB
:109DB000F0871378062B08D0142B05D0364A354887
:109DC00001210BF0A9FAECE70221013C4FF0000859
:109DD0008DF81010A4B207F1010AC1469C420CD2C2
:109DE000002CDED1B8F1000FDBD02A4641463046C8
:109DF0000EB0BDE8F0470BF0C4BD1422002109A845
:109E00000DF06CFBBAF8002093B2002BC9D0BAF861
:109E100002101FFA81F8B8F1000FC2D04345C0D834
:109E20009DF8103013B3022B25D02B7CADF80C100D
:109E3000002B42F6010308BF4FF42053ADF8063063
:109E400004AB029301AB099302ABADF834200C9341
:109E50008DF804906B682A4609A930469847002877
:109E6000A4D03B78E41AA4B29A44B7E7BAF8043015
:109E7000ADF81230D9E70AF104030DF111000AF12F
:109E8000140C53F804EB40F804EB6345F9D1CCE72C
:109E900051A90200F07A02005BA902002DE9F04FFF
:109EA00093B017461C9D80461C460A4631B16B682C
:109EB0002A46002113B0BDE8F04F1847297C02293B
:109EC00040F083804BB9A84AA8480BF01CFA6B6895
:109ED0002A460021404698475BE03B78062B08D095
:109EE000082B05D0A24AA14801210BF015FAEEE794
:109EF0001146013C8DF82010A4B207F1010B002699
:109F000042F6020A9C420BD2002CE0D1002EDED099
:109F10002A463146404613B0BDE8F04F0BF031BD44
:109F2000BBF800901FFA89F6002ED0D0BBF80200D3
:109F3000ADF81C009DF82020BBF80410ADF81E10F1
:109F400062B1022A15D0296831B308A80AF046F98F
:109F500010B33B78E41AA4B29B44D3E708AA069254
:109F60009BF806209BF8071042EA0122ADF8222058
:109F7000E9E70A236881A981A5F808907D49019243
:109F800000932A467C4B40460BF0C2FB86B2002E63
:109F9000BED113B0BDE8F08F4FF0000310220021B6
:109FA0000EA88DF81430ADF816A00DF097FA05AA9A
:109FB0000D9206AA10926B68ADF844902A460DA93E
:109FC000404698470028C4D1E3E7032966D113B976
:109FD000654A022178E73B78072B02D0152B81D107
:109FE0000222013C8DF82020A4B207F101090026CD
:109FF0000DF1200A9C4287D3B9F800B01FFA8BF606
:10A00000002E3FF464AF9DF8203063B1022B13D0D3
:10A010002968F1B150460AF0E1F8D0B13B78E41A72
:10A02000A4B29944E6E799F8053099F8062043EA86
:10A030000223ADF82230EBE709F105030DF121020F
:10A0400009F1150153F8040B42F8040B8B42F9D1C6
:10A05000DEE799F80230B9F803208DF81E304FF092
:10A060000003ADF81C208DF81430102242F60303D3
:10A0700000210EA8ADF81630CDF818A00DF02EFA7C
:10A0800005AB0D9306AB1093ADF844B06B682A4650
:10A090000DA9404698470028C0D17AE72B681E7862
:10A0A0002EB94CB9304A314802210BF02CF96B68BB
:10A0B0002A4600214046FDE6B3F802A0013CA4B2C6
:10A0C00007F10109AAF5245A3B78A34204D9002CD0
:10A0D000EDD1002EEBD01BE7012C01D8274AE2E797
:10A0E000B9F800B01FFA8BF6002EE0D0BAF1040FD9
:10A0F000DDD801A353F82AF00DA10100AFA00100A3
:10A1000015A101001DA1010061A10100032C09D8C6
:10A110001B4AC8E7032C05D81A4AC4E7032C01D808
:10A12000194AC0E7B9F80230ADF820302B68039324
:10A13000102200210EA80DF0D1F9039B0D9308AB5E
:10A140001093ADF844B06B682A460DA94046984775
:10A1500000283FF41EAF3B78E41AA4B29944B3E759
:10A16000082C15D8094A9EE751A90200F07A02008E
:10A170005BA90200CDA10100835302006FA9020078
:10A180007DA902008BA9020099A90200A7A90200DB
:10A1900099F802308DF8203099F803308DF821308D
:10A1A00099F8052099F8043043EA0223ADF82230EB
:10A1B00099F806308DF8243099F8073099F808207E
:10A1C00043EA0223ADF82630B0E700BF70B5102B8C
:10A1D000049C054611460BD0084A094801210BF0A2
:10A1E0009BF86368224628460021BDE87040184766
:10A1F0002246BDE870400BF02EBC00BF5BA90200F8
:10A20000F07A02002DE9F04F8FB00746189D1846EE
:10A2100029B953B9544A554802210BF074F86B68B8
:10A220002A460021384698479BE01378012B07D037
:10A23000022B20D04E4A4D4801210BF06DF8EEE77D
:10A240000B464FF00409013880B248458DF81030B4
:10A25000E5D3B0FBF9FB4FF00008541CCDF80080AB
:10A26000C24604AEBBF1000F08D100992A46384619
:10A270000BF087FB75E04FF01209E4E723880193A8
:10A28000BDF804300093B8F1000F53D19DF81030A1
:10A29000002B37D0022B3CD02968002945D12B7CDC
:10A2A000042B4DD14FF4205302A930468DF808A05D
:10A2B000ADF80A3009F092FF00283BD042F60103C6
:10A2C00003A930468DF80CA0ADF80E3009F086FFDA
:10A2D00080B342F6020309A930468DF824A0ADF8F8
:10A2E000263009F07BFF28B342F6030309A9304664
:10A2F0008DF824A0ADF8263009F070FF00BB4FF0B8
:10A30000010819E0A378E27843EA0223ADF812309D
:10A31000C2E7A31C0DF1110204F1120153F8040B62
:10A3200042F8040B8B42F9D1B6E7304609F056FFEC
:10A330000028B4D04FF000080BF1FF3B4C4491E7EC
:10A34000102200210AA80DF0C9F8BDF80430ADF8BC
:10A35000343009966B682A4609A938469847002880
:10A36000EAD10FB0BDE8F08F51A90200F07A0200E7
:10A37000B5A9020007B5837A072B0A462CD14B6892
:10A380003BB908234FF0040ECDE9003E144B1549AC
:10A3900009E0012B11D0097B5B00019341B120231F
:10A3A00000931149114B0BF0B3F903B05DF804FBB6
:10A3B0000E2300930E490F4BF5E74B8933B10C2365
:10A3C0004FF0040CCDE9003C0B4BE0E70A230221DF
:10A3D000CDE90031094BDAE76FF07F00E5E700BF18
:10A3E0004756020001A40100C95402006F54020044
:10A3F0007354020047540200C3530200AF530200DB
:10A400002DE9F04F83B002AF8046BC6A91461D46ED
:10A410000E4641B96BB92568002300932246F1B27C
:10A420004046A8472EE0B1F5807F256828BF0E265C
:10A43000F2E76368002B6ED1013D2689B4F80AB0BB
:10A44000ADB202F1010A002D4CD099F80030AB42B8
:10A4500028BF2B46012B0AD83D4A3E4802210AF06C
:10A460005BFF00230093256822460421D8E7BAF851
:10A470000020023B91B29BB241B9374A35480121D5
:10A480000AF041FF0437BD46BDE8F08F8E4201D887
:10A490008B4517D26D468AB002AA304BC2E905310E
:10A4A0000523C2E9076B42F8103F2A4800234FF406
:10A4B0002251F6F759FEAD46002300932568224647
:10A4C0000E21ADE722810093D4F800C00AF1020307
:10A4D000224600214046E0470028D3D099F80030BA
:10A4E000AB4206D921464046FFF744FF0028C9DAAF
:10A4F000E2E7238962899A4205D100230093256807
:10A50000224619468CE70133238199F80030ED1A71
:10A51000ADB29A4497E700951346D4F800C022469E
:10A52000E0470028AED0238A013B9D4203DA009623
:10A5300025683346E4E763891D446581214640462A
:10A54000FFF718FF00289DDA009625683346B6E726
:10A55000C7A90200F07A0200FFA902000EAA0200B9
:10A5600070B5837A072B06460D463DD1FEF778FE7F
:10A57000044658B9FEF774FE0446002837D006F1A9
:10A58000700101300AF0C1FE337A2370A36893B1E1
:10A59000143B00229D422DD018892989884205D17B
:10A5A0009889A989884228BF42F001025B690BB1F2
:10A5B000143BEFE772B9114A29463046FEF7EAFE2E
:10A5C000024638B1A3681BB90D49601C0AF09DFE14
:10A5D000104670BDA2686A61E26805F11403A360C9
:10A5E00002B9E3600022F3E76FF07F02F0E76FF05B
:10A5F0000B02EDE76FF07702EAE700BFC1550200FA
:10A60000ADB10200F8B5837A072B06460C4644D15B
:10A61000FEF726FE0546002842D08368002B3FD077
:10A620000022143B17469C4209D018892189884290
:10A6300008BF47F001075B691BB1143BF3E7012238
:10A64000F9E76AB3BFF35B8F2369BFF35B8F5B07E7
:10A6500003D5214630460BF07BFA77B104F11401A3
:10A6600005F108000BF00AF8AB681BB90E49681C2D
:10A670000AF04BFE57B9002007E00C4AA78121469B
:10A680003046FEF787FE0028E8D0F8BD0023256895
:10A690001A4621463046A847EDE76FF07F00F4E701
:10A6A0006FF01500F1E700BFADB10200C155020027
:10A6B0002DE9F0478C68BDF820A0064690469946E3
:10A6C00024B154F8145905B1143D0CB9BDE8F08714
:10A6D0002389434511D1276853464A4621463046CF
:10A6E000B84750B921463046FFF78CFF034620B1EA
:10A6F000064A074802210AF00FFE2DB1696901B12F
:10A7000014392C460D46E0E72946FAE775AA0200FF
:10A71000F07A0200F0B587B007460E461546FEF700
:10A720009FFD0446C8B12A46314603A809F0F3FC50
:10A73000BDF81030042B10D9042103A809F036FD10
:10A74000BDF8101046880288B14208D2094A0A486A
:10A7500000953346012109F0F9F807B0F0BD031D5B
:10A76000214638460096FFF7A3FF314603A809F0BB
:10A770001DFDDDE794AA0200F07A020007B5064A43
:10A7800000906B4601204FF6FF718DF804000BF02E
:10A7900098F803B05DF804FBC59901002DE9F0417C
:10A7A0000D4B1B6806460F46904623B153F80449EB
:10A7B00004B1043C0BB9BDE8F0811B681BB14246F3
:10A7C0003946304698472CB1656805B1043D2346AB
:10A7D0002C46EFE72546FAE77C3E00202DE9F047BE
:10A7E0000346274A05464FF6FF7101200BF069F832
:10A7F0002846FEF735FD064600283FD08468002C29
:10A800003CD054F8147907B1143F4FF0000805F11B
:10A810007009C24601E03C461F4604F11003BFF335
:10A820005B8F53E8001F21F0080143E80012002A63
:10A83000F7D1BFF35B8F4946287A09F004FE68B967
:10A84000A4F80CA02346424631462846FEF7D0FC29
:10A85000A7B17B69002BDED0143BDCE7BFF35B8F35
:10A860002369BFF35B8FDB07EAD473781BB14946DA
:10A87000701C0AF04AFD04F11408E9E7BDE8F0870E
:10A88000FD920100034B42689A4204BFC3681982DB
:10A89000704700BF01A401007FB54FF42052ADF80E
:10A8A000162004AA02920B4A00230120CDE90032AF
:10A8B0004FF6FF7105AA04938DF81430FEF75AFE87
:10A8C000049B012B14BF6FF01500002007B05DF84A
:10A8D00004FB00BFBD5B020080B500AF88B06A46D4
:10A8E000074BCDE90530032342F8103F054800230C
:10A8F0004FF4C251F6F738FC6FF00B00BD4680BD37
:10A90000B5AA0200287B020008B5064A136823B9DD
:10A91000054850600A60184608BDFFF7DDFF6FF07C
:10A920000B00F9E7943E00202883020010B5094C83
:10A930000A44914200D110BD11F8013B584003096F
:10A940000001E35CC0B2434018091B01205CDBB28C
:10A950005840EEE722B2020000F07F03082B42B21B
:10A9600004D010F0780F01D000207047002A00F0CA
:10A970000F0300F0080004DA30B9054800EB43107B
:10A98000704718B90348F9E7034870470348704710
:10A99000283F002048400020284000204841002057
:10A9A000014902480CF053BB043F00200023002063
:10A9B000014601480CF07FBAFC0B0020024800223F
:10A9C000002304F017BC00BFFC0B002013B5114896
:10A9D00000F07EFF0446C8B90F4803F05DFF0F4842
:10A9E00003F098FF0E490F4800944FF0FF334FF4E7
:10A9F000806204F01BFE0C490A480CF080FB0B49F6
:10AA00000B480CF0F9FA204602B010BD6FF00404B8
:10AA1000F9E700BFB1AF010035B202005083020078
:10AA2000C068002000230020E1AA0200ADAB0100B5
:10AA3000043F002010B50E49BFF35B8F002351E89F
:10AA4000002F012A03D141E800300028F7D1BFF3DD
:10AA50005B8F0CD151F8044C1439204608F0DAFA17
:10AA6000783004D12046BDE8104008F0AFBA10BDE0
:10AA7000FC3E002038B5002464F07F00C0B2FFF730
:10AA80006BFF01340BF0D8F8082CF5D10E4D0024E3
:10AA9000E0B2FFF761FF036903B9056101340BF010
:10AAA000CBF8082C05F14005F2D108480BF0C4F8AA
:10AAB000074BD3F87C2212B9064AC3F87C22BDE8C2
:10AAC000384005480BF0B8B86C45002028400020FD
:10AAD000DC3E00206C4100204841002008B5FFF713
:10AAE0006DFF20B1416802480CF0F8F8F7E708BDA7
:10AAF000C00A002007B500231448002201A904F071
:10AB0000C3F9E8B1124A134801210BF0A8F8FFF786
:10AB1000E5FF0E480022002301A904F0B5F930B189
:10AB20000D4A0C4801210BF09AF800200AE0019828
:10AB3000042340600374FFF73BFFFFF731FFF4E7A6
:10AB40000198406003B05DF804FB00BFC00A00201C
:10AB5000ECAA0200F07B02000AAB02000346024AA4
:10AB60000248012108F0E8BE26AB0200F07B02009B
:10AB7000022810B511D80B4A145CFFF7BBFF80B157
:10AB8000002202740472FFF713FF074B93F824307E
:10AB90003BB1BDE81040FFF703BFBDE81040FFF731
:10ABA000DDBF10BD32B20200DC3E00202DE9FF41C6
:10ABB000A04C8046FFF702FF074610B904B0BDE87D
:10ABC000F08194F825203B7C3AB9002B00F0978067
:10ABD000796899480CF082F8ECE7042B00F2728156
:10ABE000DFE813F08D00050012013A015B0118F84F
:10ABF000043C33B9BB685B7A904A9148012108F064
:10AC00009BFE3B7BBD68032BE2D8DFE803F0023CF0
:10AC100060656E698B4B002232607260D3F88014DD
:10AC20003170D3F884147170D3F88814D3F88C047D
:10AC300041EA00217180D3F89014D3F8940441EADA
:10AC40000021B180D3F89814D3F89C3441EA03234F
:10AC5000F3800823EB60306871687B4B03C31146B7
:10AC60002B68687A984796F90030002B07DBF38849
:10AC70009AB222B1A4F88C3201F076F9A8E7002349
:10AC8000A4F88C32A4E76B7F002BA1D02B7F002B84
:10AC90009ED000266D486E774FF0FF324FF0FF33A5
:10ACA0002E770AF0DEFF6B6901936B68CDE90236FF
:10ACB00001A9687A00F05EFE034620B1644A60484C
:10ACC000012108F039FE61480AF0CDFF80E72B68CA
:10ACD0000121687A98477BE7AB7A6BB9EB7F5BB968
:10ACE0005A484FF0FF324FF0FF330AF0BAFF01F03D
:10ACF00041F956480AF0B7FF2B680221E9E73B7A91
:10AD0000042B3FF665AFDFE803F05B0325697500B0
:10AD100000F09EFD054600287FF45AAF00F0D8FCF5
:10AD2000BFF35B8F4B49012351E8002F002A03D169
:10AD300041E800300028F7D1BFF35B8F7FF448AFC4
:10AD400041F8085C41F8105CE0696361143908F06F
:10AD5000F2F83DE7002565F07F00C0B2FFF7FCFD8B
:10AD6000037A13B1407A01F067FA0135082DF2D168
:10AD700094F854311BB194F8550101F05DFA0025A7
:10AD8000E8B2FFF7E9FD037A13B1407A01F054FA13
:10AD90000135082DF4D194F874321BB194F8750282
:10ADA00001F04AFA002000F037FD012384F8253035
:10ADB0002368002B3FF40CAF00210220984707E7DF
:10ADC000002584F8255001F09DF9FFF733FE236834
:10ADD000002B3FF4FDAE29460420EFE7002A3FF4A4
:10ADE000F7AE00F03FFD2368002B3FF4F1AE0021E9
:10ADF0000520E3E72368002B3FF4EAAE002A3FF486
:10AE0000E7AE00210620D9E708F110054FF0FF3327
:10AE10004FF0FF3228460AF024FFFFF72BFE2846AA
:10AE20000AF021FF58F8283C002B3FF4D1AE002156
:10AE30000120C3E7DC3E0020C00A002041AB020035
:10AE4000F07B020000700240E03E0020143F002032
:10AE500067AB0200FC3E002094F8743263B1012518
:10AE600084F8895284F88852FFF744FE60B9184A82
:10AE7000184829460AF0F3FE58F8283C002B3FF406
:10AE8000A7AE00210A2099E7134A05740573826072
:10AE9000FFF78EFDFFF784FDEEE7104A0D48012114
:10AEA0000AF0DDFE0BF078FE01F02CF900F006FC54
:10AEB000FFF714FEFFF7DEFD0BF067FE084800F019
:10AEC00007FD85E6074A0348012108F035FD7FE6C6
:10AED0008DAB0200F07B020048410020A1AB0200D4
:10AEE000B1AF0100B8AB020073B5817806460846E1
:10AEF000FFF732FD0B06F47805461DD554B1032C3F
:10AF000006D0284A009128482346012108F01EFD5A
:10AF100002B070BDFFF7EEFD03460028F8D0012215
:10AF2000AC770274032202739D60FFF741FD02B00B
:10AF3000BDE87040FFF734BD54B1012CE1D1FFF7FB
:10AF4000D9FD03460028E3D06C7704740473EBE763
:10AF5000FFF7D0FD0028DBD0B278144B12F0800F41
:10AF600002F0080111D041B1D3F8A836EB600123FB
:10AF70000374022303738560D7E702F00F021421E4
:10AF800001FB0233D3F80836F0E711B1D3F8A83744
:10AF9000ECE702F00F02142101FB0233D3F808376B
:10AFA000E4E700BFD0AB0200F07B0200007002407B
:10AFB000F0B514228BB0064600210DEB02000CF018
:10AFC0008DFA3378013B052B21D8DFE803F08B03A2
:10AFD00014147B1603238DF81C300024FFF78AFD20
:10AFE0000346A0B1047400F10802DDE9070182E81C
:10AFF0000300184626E00423EDE7B1780846FFF782
:10B00000ABFC837A054623B1013B022B54D90BB02C
:10B01000F0BD0B06F4781CD54CB1032CF7D0324AA6
:10B02000009132482346012108F090FCEFE7FFF73A
:10B0300061FD03460028EAD00122AC7702740322A6
:10B0400002739D60FFF7B4FC0BB0BDE8F040FFF762
:10B05000A7BC54B1012CE2D1FFF74CFD03460028F8
:10B06000D5D06C7704740473EBE7FFF743FD044617
:10B070000028CCD002230127037307748560B078C1
:10B0800005F10C010AF034FE034620B1184A1748B6
:10B09000394608F051FC174AE968B2F88C328B4205
:10B0A00006D95B1AA2F88C3200F05EFF2046C9E791
:10B0B0000023A2F88C32F9E730460BB0BDE8F0402F
:10B0C000FFF712BF03A800F02DFF9DF80D30052BF0
:10B0D00004D19DF80C3013F0600F98D0064B079305
:10B0E00001247BE7022479E7D0AB0200F07B020069
:10B0F000FCAB0200DC3E00204840002038B5144C78
:10B1000094F824500DBB04F138000BF045FE28469E
:10B1100001F0E2F92A460121E0612720F8F794FCCA
:10B120000BF033FDFFF7A6FC012384F82430094B14
:10B130001B680BB1FFF734FC4FF08043D3F8383471
:10B14000DB0702D50020FFF713FD002038BD00BF4C
:10B15000DC3E0020FC0B0020074B93F824203AB182
:10B1600093F82530002B0CBF6FF0120000207047C1
:10B170006FF01200704700BFDC3E002008B50246A9
:10B180000378127903F00F0042B930B10D4A012162
:10B190000D480AF064FD4FF0FF3008BD082801D9C2
:10B1A0000A4AF4E7012A03F0080303D143B9084A25
:10B1B0000221EDE703F0FF00002BEED0054AF7E790
:10B1C0000020EAE71CAC0200F07B02003BAC02006E
:10B1D0005AAC020070AC020010B5124B93F8243048
:10B1E0000146E3B104782046FFF7B6FB80B1447214
:10B1F0000B7983724B8843600878498803070AD427
:10B200004B1E0B4207D0084A084801210AF027FDCF
:10B210006FF0150010BD0AF066FD0020FAE76FF030
:10B220001200F7E7DC3E00208DAC0200F07B02004C
:10B2300038B5154B93F8242005460AB393F825300A
:10B24000F3B1FFF789FB044610B96FF0150038BD64
:10B25000817A01290FD007D90239012907D96369F9
:10B26000A3610020E060F2E700F08AFEF7E72846DD
:10B2700000F02CFEF3E7054A05480AF0F0FCE4E78D
:10B280006FF01200E3E700BFDC3E0020B5AC020027
:10B29000F07B020038B50E4B93F82420054682B1AE
:10B2A00093F825306BB1FFF757FB68B115F0080430
:10B2B0000AD1284600F02CFE284600F0F5FF204673
:10B2C00038BD6FF01200FBE76FF01500F8E700BF24
:10B2D000DC3E002038B50C4B93F8242005460C4684
:10B2E00062B193F825304BB1FFF736FB48B141B15D
:10B2F000284600F0F3FD2070002038BD6FF01200EA
:10B30000FBE76FF01500F8E7DC3E002070B5134E48
:10B3100096F824300446C3B1FFF71EFB0546B8B1CA
:10B32000230705D4204600F0F3FD204600F0BCFFC3
:10B330002B7A83B901232B7296F825300BB90020A4
:10B3400070BD204600F078FFF9E76FF01200F7E7D4
:10B350006FF01500F4E76FF07700F1E7DC3E0020B6
:10B360002DE9F043DFF8EC801F4698F8243085B0D3
:10B37000054689461646002B69D098F82530002BE3
:10B3800065D003060BD5FFF7E7FA044638B1037A18
:10B390005BB9314A31482B46012108F0CDFA6FF0F4
:10B3A0001505284605B0BDE8F0834FF0FF334FF098
:10B3B000FF3208F138000AF054FCA37F33B108F1E2
:10B3C00038000AF050FC6FF00A05EAE716B9E37F8F
:10B3D00003B1E677A37ABBB95EB1B8F80A309E42F2
:10B3E00007D26268B6FBF2F302FB13630BB90123C9
:10B3F000E37700F0CBFD854206D000F0BBFD184896
:10B400000AF031FC0025CCE701232846A3774FF052
:10B41000000801A9CDE90196CDF80C8000F0AAFA48
:10B42000054680B184F81E800FB1C7F800800D4A30
:10B430000A482B46012108F07FFA6FF004050848FE
:10B440000AF011FCADE7002FF9D03E60F7E76FF08E
:10B450001205A6E7DC3E0020D7AC0200F07B02001C
:10B46000143F0020F6AC02002DE9F0411D46254BAB
:10B47000174693F8242080460E46002A3FD093F8C2
:10B480002530002B3BD010F0800F0ED101B967B9E9
:10B490004046FFF761FA044638B1037A43B91A4AC5
:10B4A0001A484346012108F047FA6FF0150013E0EF
:10B4B0004FF0FF3316484FF0FF320AF0D2FBE3683B
:10B4C0009F42B84628BF984646B93FB905B12B60A0
:10B4D0000F480AF0C8FB0020BDE8F081A169424690
:10B4E00030460BF0D4FFA3694344A361E368A3EBA8
:10B4F0000803E360002DEBD0C5F80080E8E76FF0AB
:10B500001200E9E7DC3E0020D7AC0200F07B02002D
:10B51000143F002070B5224D95F824300146002BD1
:10B520003AD095F82530002B36D003060BD4FFF720
:10B5300013FA044638B1037A43B91A4A1A480B463B
:10B54000012108F0F9F96FF0150070BD4FF0FF33DD
:10B550004FF0FF3205F138000AF083FBE368B3B91E
:10B56000012663692677A361637F83B1FFF7C2FA7F
:10B5700030B905F138000AF076FB6FF00B00E4E714
:10B58000067484600673FFF713FAFFF709FA074899
:10B590000AF069FB0020D8E76FF01200D5E700BF82
:10B5A000DC3E0020D7AC0200F07B0200143F0020FC
:10B5B00008B5084B93F824302BB1FFF7CDF928B12B
:10B5C0000160002008BD6FF01200FBE76FF015006E
:10B5D000F8E700BFDC3E0020014B1860704700BF59
:10B5E000DC3E002008B5074B93F8243023B1FFF769
:10B5F000B3F920B1406808BD6FF01200FBE76FF0AF
:10B600001500F8E7DC3E0020064B10F0800F03F138
:10B61000D80218BF134600F00F00182202FB0030BA
:10B62000704700BFAC470020EFF31180402383F345
:10B630001288BFF36F8F0A4BD3F8001C032261B945
:10B6400049F27531C3F8001CC3F8142DC3F8001C6F
:10B6500080F31188BFF36F8F7047C3F8142DF7E79D
:10B6600000E00640EFF31180402383F31288BFF31C
:10B670006F8F0A4BD3F8001C61B949F27532C3F8D9
:10B68000002CC3F8141DC3F8002C80F31188BFF3FD
:10B690006F8F70470022C3F8142DF6E700E00640D4
:10B6A0004FF08053D3F83031082B02BF024B0022F9
:10B6B000C3F81C2C704700BF00700240024A0023F0
:10B6C0001360024A1370704764490020ED4F002058
:10B6D00008B54A4B4FF40062C3F800240AF0EDFAB3
:10B6E00008B1FFF7A1FF4FF08053D3F83031082B9A
:10B6F00018D1EFF31180402383F31288BFF36F8FCB
:10B700003F4BD3F8001CC02200296ED149F275319D
:10B71000C3F8001CC3F8142CC3F8001C80F3118874
:10B72000BFF36F8F354B0122C3F80025D3F80024F7
:10B730001205FBD54FF40062C3F800244FF080538C
:10B74000D3F83031082B17D1EFF31180402383F366
:10B750001288BFF36F8F2A4BD3F8001C002947D102
:10B7600049F27532C3F8002CC3F8141CC3F8002C3E
:10B7700080F31188BFF36F8F0AF09FFA30B1FFF7A3
:10B7800071FF0AF09AFA08B1FFF74EFF4FF08053AD
:10B79000D3F83031082B194B0AD140F2E372C3F8C9
:10B7A00000284022C3F80428BFF36F8FBFF34F8FE8
:10B7B0008022C3F81C250122C3F83025114B40F22A
:10B7C000FF121A60104B00211960104B1970FFF71F
:10B7D00067FF0F4B19700F4B02221A700AF06DFAB7
:10B7E00050B1BDE80840FFF73DBFC3F8142C95E702
:10B7F0000022C3F8142CBBE708BD00BF0070024054
:10B8000000E00640604900205C490020E94F00202C
:10B81000EB4F0020ED4F0020094B002210B51A70AD
:10B82000084A094B094C002808BF1346C4F80033E6
:10B830002720F8F7D9F80123C4F8043510BD00BF5C
:10B84000EC4F0020FDFFDF01FDFFFF010070024013
:10B85000034B1878012894BF00200120704700BFD7
:10B86000ED4F002010B54FF0FF324FF0FF33154879
:10B8700003F026FDEFF31181402383F31288BFF319
:10B880006F8F114B1B7803F0FF0483B10F4BD3F87C
:10B89000002412F400720AD10120C3F82C05D3F859
:10B8A0002C05D3F80004800502D5C3F82C2500240C
:10B8B00081F31188BFF36F8F024803F0CDFC20465F
:10B8C00010BD00BFAC0B0020EC4F00200070024008
:10B8D000F8B51C4B1C7894BB1B4A106001221A70EF
:10B8E00040F2FF17264664F07F0514F0080FEDB212
:10B8F00014BF3946402128460AF0F5F92846FFF7DB
:10B9000083FE0134092C867506730661EBD1002491
:10B9100040F2FF17254614F0080FE6B214BF39466F
:10B92000402130460AF0DFF93046FFF76DFE013462
:10B93000092C857505730561EDD10020F8BD6FF008
:10B940007700FBE7ED4F002064490020084B10F022
:10B95000800F14BFD3F81035D3F8143500F00F0260
:10B96000012090401840003818BF0120704700BFE8
:10B97000007002402DE9F84302460AF0ACF9EFF3FB
:10B980001188402383F31288BFF36F8F130703D10D
:10B99000174B1B78934224D1164B174F1C683E68F7
:10B9A000E4434FF00109A4B209FA00F534432C40F6
:10B9B0001AD11046FFF728FE80F80C90034607C9FD
:10B9C0001C6183E807009C750C4B2E4380223E606F
:10B9D0002046C3F8042188F31188BFF36F8FBDE8B8
:10B9E000F8836FF00D00F6E76FF00F00F3E700BF8C
:10B9F000EB4F0020604900205C49002000E100E09E
:10BA000010F0080F074B06D0D3F8C00410F4803FA5
:10BA100018BF0020704700F00F0000F5947053F835
:10BA200020007047007002402DE9F74F594BDFF8B6
:10BA30006881D3F85421EAB10022C3F85421D3F825
:10BA40000413890216D58DF80420D3F82025ADF80B
:10BA50000620D3F8C034002BD8F8003014BF4FF0C4
:10BA600001224FF480721343C8F800304B4B01A8F9
:10BA70001B689847474BD3F8604134B10022C3F8A4
:10BA80006021D3F86C44C3F86C44D3F828214AB140
:10BA90000022C3F82821424B18780AF01CF9012330
:10BAA00083401C43DFF8FCA09AF800509AF900602C
:10BAB00015F0080005F00F0238D1002EB4BF3A4B44
:10BAC0003A4B91000B441968DFF8E49051B3002120
:10BAD0001960304B88BB8E424FF0140101FB0233DA
:10BAE000B4BFD3F80836D3F80837324A117803F0D8
:10BAF00001034B401370FFF7D3FD2F4803F0ACFB5D
:10BB00002846FFF781FD837D032B1DD128460AF0CF
:10BB1000E2F8012303FA00F0D9F8003023EA000329
:10BB2000C9F800301D4F0125062672E0234B244939
:10BB300033EA260328BF0B46C5E7002EB4BFD3F86F
:10BB4000A836D3F8A837D0E7037BE3B928460AF034
:10BB5000C2F8012303FA00F0D9F80030002E23EADE
:10BB60000003C9F8003001DA882DDBD106238DF8F7
:10BB7000043000238DF80730084B8DF806501B6801
:10BB800001A89847CEE7002DCCD1024B0122DA6400
:10BB9000C8E700BF007002406049002064490020EF
:10BBA000EB4F0020EA4F0020087102403071024044
:10BBB0005C490020E94F0020AC0B0020507102408E
:10BBC0002C71024094FAA4F3B3FA83F30F2BD8F844
:10BBD00000201946C8BFA3F1100105FA03F342EA99
:10BBE0000302C8F80020D9F80020CCBFC9B241F048
:10BBF000800124EA030413400A0640F1938043B90C
:10BC00008DF804608DF806108DF807303B6801A8A8
:10BC10009847002CD6D1A74BD3F800215AB1C3F8CE
:10BC20000041A54B1C70A54B1C7001230193A44B34
:10BC300001A81B6898479F4BD3F85821002A2ED0A3
:10BC40000022C3F85821D3F80044C3F80044E605A5
:10BC500008D5994B01221A7002230193984B01A831
:10BC60001B689847A50508D5934B00221A7003233B
:10BC70000193934B01A81B68984764050FD58E4B21
:10BC80001A7862B100221A708A4B0122C3F8082583
:10BC90009A65042301938A4B01A81B689847854B3A
:10BCA000D3F85C3123B3874B9B681BB99AF80030FB
:10BCB00058061DD07F4B0022C3F85C21D3F8803496
:10BCC0007E4A23F07F031370D9F8003023F001136C
:10BCD000C9F80030D8F8003023F4803343F0010372
:10BCE000C8F8003005230193754B01A81B689847DD
:10BCF000D9F80020D8F800301A4200F0C880714806
:10BD00000022002303F0DCFA002840F0C080694BD9
:10BD1000D3F82C35002B44D06A4803B0BDE8F04F6F
:10BD200003F09ABA002B7FF474AF8DF804608DF89D
:10BD300006108DF8075069E70B4661E0003A69E0AC
:10BD40002046FFF75DFED5E90032B5F814C09042F9
:10BD50009FBF121AC7182F606A6094BF074600275A
:10BD600060450CBF4FF0010C4FF0000C002A08BFDB
:10BD70004FF0000C002B53D0874251D20123B34027
:10BD800021EA0303C9F8003006238DF804304C4B38
:10BD90008DF8064002221B68AA758DF8072001A8BD
:10BDA0009847D9F80010D8F800600E40B4D016F0CB
:10BDB000012314BF93FAA3F696FAA6F6B6FA86F60E
:10BDC000F4B20F2EC6BF103CE4B244F0800420460B
:10BDD000FFF71AFC4FFA84FBBBF1000F0546AFDA00
:10BDE0004368878A01689F4228BF1F4601F060436D
:10BDF000B3F1005FA0D034483A460BF048FB324B19
:10BE000029686A6839442960A968D21BC9076A6031
:10BE100094D53A1E18BF01222AB900222A7302E0E3
:10BE2000BCF1000FF9D04FF080520120D2F8302140
:10BE3000082A02BF1F4A8221C2F81C1CD8F8002021
:10BE40008AF8004000FA06F622EA0602C8F8002046
:10BE50002A6914F0080F3A442A61164A1AD1BBF134
:10BE6000000F04F00F044FF0140101FB0421A9BFDF
:10BE70000A3402EB8402C1F80037C1F80477AFBF7F
:10BE800042F82400C1F80036C1F80476506003B0CF
:10BE9000BDE8F08FBBF1000FB5BFC2F8A036C2F805
:10BEA000A037C2F8A476C2F8A477B4BF50629064F9
:10BEB000EDE700BF00700240EC4F0020EB4F002088
:10BEC00064490020AC0B00206C470020024B40F47A
:10BED0008070C3F81805704700700240030713D440
:10BEE00000F00F0310F0800F084A0BBF03F58873B2
:10BEF00003F5847302EB830252F8230008BF5068F5
:10BF0000003818BF012070470020704700700240C1
:10BF1000034BC3F80C0540F48070C3F80C05704760
:10BF2000007002400023036043600E4BD3F880246E
:10BF30000270D3F884244270D3F88824D3F88C1488
:10BF400042EA01224280D3F89024D3F8941442EAC2
:10BF500001228280D3F89824D3F89C3442EA032348
:10BF6000C380704700700240014B0122DA647047C1
:10BF700000700240014B01221A65704700700240B8
:10BF8000014B01225A65704700700240014B18783E
:10BF9000704700BFEB4F002010B50246EFF311844D
:10BFA000402383F31288BFF36F8F09F094FE0B498F
:10BFB000012303FA00F00B6823EA00030B6012F080
:10BFC000080101BF02F00F02054B02F5947243F81D
:10BFD000221084F31188BFF36F8F10BD60490020D9
:10BFE00000700240F7B50146EFF31185402383F35B
:10BFF0001288BFF36F8FFFF707FB0646084609F06C
:10C000006AFE012211F0800F02FA00F22D4818D1C9
:10C01000036832EA03040AD00846FFF7BDFF032392
:10C02000B37585F31188BFF36F8F03B0F0BD264958
:10C03000347323EA020303600B6823EA02030B60F4
:10C04000EDE70B0715D48029204B2FD001F00F040A
:10C0500004F2DA346400C3F80048D3F80448D3F893
:10C060000478E4B244F002043C43C3F80448D3F833
:10C070000438154F04683B6864EA030C1CEA020F9D
:10C08000CFD013433B60002333730323B3758DF884
:10C0900007300F4B8DF8061024EA020406220460D4
:10C0A0001B688DF8042001A89847BAE740F2B474E1
:10C0B000C3F80048D3F80448D3F80478E4B244F055
:10C0C0000404D1E75C490020604900200070024070
:10C0D0006449002010B504464FF0FF324FF0FF33A3
:10C0E000064803F0EDF82046FFF77CFF034803F015
:10C0F000B3F8034B8022C3F8042110BDAC0B002021
:10C1000000E100E0F8B54FF0FF324FF0FF332B486D
:10C1100003F0D6F82A4B8022C3F884212720F7F7B2
:10C1200085FC98B1274E284B34681B686FF30F04C9
:10C130001C43012764BB254D40F2FF1333602720C9
:10C14000C5F80445F7F75EFCC5F80043204A1378AC
:10C150008BB11E4B0021C3F808110121C3F8002642
:10C16000C3F804165960D3F808110029FBD0002148
:10C17000C3F808111170154B0022C3F80025FFF712
:10C180008FFA0E4803F068F8124B01221A70F8BDBE
:10C1900094FAA4F5B5FA85F50F2D2846C6BFA5F18A
:10C1A0001000C0B240F08000030701D4FFF71AFF6F
:10C1B00007FA05F524EA0504BCE700BFAC0B002034
:10C1C00000E100E0604900205C490020007002406E
:10C1D000E94F0020ED4F002010B504464FF0FF322C
:10C1E0004FF0FF33114803F06BF82046FFF7FAFEDB
:10C1F00004F00F02012393400D4A14F0800F14BF86
:10C20000D2F81015D2F814156FEA030315BF0B40CE
:10C210000B40C2F81035C2F81435044803F01CF87E
:10C22000044B8022C3F8042110BD00BFAC0B0020DA
:10C230000070024000E100E070B50446FFF786FBA5
:10C2400068B904F00F02012514F0800F144B05FAB1
:10C2500002F205D0D3F810150A43C3F8102570BDBB
:10C26000D3F814150A43C3F81425631E062BF6D819
:10C27000EFF31186402383F31288BFF36F8F2046BC
:10C28000FFF78AFE204609F026FD064A136885401E
:10C2900023EA0503136086F31188BFF36F8FDEE78F
:10C2A000007002405C490020030610B5044605D426
:10C2B000FFF714FE10B12046FFF76EFE014BC3F8E6
:10C2C000184510BD00700240084B70B5C31A0D46EA
:10C2D00007499B10044659430648402209F027FDB0
:10C2E0002B4601462046BDE8704018477C49002097
:10C2F000B76DDBB6E876020073B50C4C0C4A4023F0
:10C30000041B00930D460B460A49A41061430646E0
:10C31000094809F038FD014628B130462B4602B0E5
:10C32000BDE87040184702B070BD00BF7C490020D6
:10C33000F35D0200B76DDBB6E87602000022F8B5C7
:10C34000012105461046F7F77FFB104801F0F0FE8B
:10C350000446B8B90AF0CFF82F690D49384606F0FF
:10C36000D7FD031E09DB01263E642D69084905F14E
:10C370001C0006F0CDFD031E02DA1C462046F8BD67
:10C38000EE64FBE76FF00404F8E700BFBDC40100F2
:10C39000548302001FB500220123CDE902236C461D
:10C3A000074A6B46CDE9004409F01CFD28B94FF45B
:10C3B00080420023684602F083FF04B010BD00BF36
:10C3C000055E020010B5EFF31184402383F3128859
:10C3D000BFF36F8F074A136823F00201DB07116078
:10C3E00002D401200AF081F884F31188BFF36F8F23
:10C3F00010BD00BFCC49002030B4104B0C2202FB12
:10C40000003301460020D3E90E529863EFF3118008
:10C41000402484F31288BFF36F8F1C6C04F0C004B7
:10C4200044F002041C6480F31188BFF36F8F1DB1C8
:10C430002B46034830BC184730BC70477C4900206D
:10C44000E876020010B4EFF31180402282F31288E4
:10C45000BFF36F8F17490B6843F0020413F0010319
:10C460000C601AD04FF08043D3F80C14D3F80C347E
:10C4700013F0010311D0EFF3118182F31288BFF39F
:10C480006F8F0D4A136C03F0C00343F00203136473
:10C4900081F31188BFF36F8F012380F31188BFF3FD
:10C4A0006F8F1BB110BC0020FFF7A6BF10BC01208E
:10C4B00001F02EBECC4900207C49002010B101289B
:10C4C00004D07047034B1B6C5B0701D1FFF794BF8F
:10C4D000704700BF7C490020024AC3B21C2000FB09
:10C4E000032070477C490020F8B52849BFF35B8FD3
:10C4F0000646012251E8003F41E800200028F9D11A
:10C50000BFF35B8F33B9224922484B60CB608A600E
:10C5100006F011FD731E012B2CD80AF0EAFD04462B
:10C5200050B1EFF31185402383F31288BFF36F8F6F
:10C5300001244FF080470EE0174B1B78002BF0D002
:10C540004FF080430222C3F808230546F1E794B177
:10C55000284607F060FDD7F81824D7F81834D2031E
:10C56000F5D59B0701D0012EF1D14CB185F311888F
:10C57000BFF36F8FF8BD002121200AF081FEEAE7AA
:10C580004FF080430222C3F80423F3E778490020E8
:10C5900068490020984900205B510020EFF3118288
:10C5A000402383F31288BFF36F8F0A4BD3F8001137
:10C5B00061B10021D3F80805C3F80011D3F80031A8
:10C5C000C0B282F31188BFF36F8F70476FF00A001B
:10C5D000F7E700BF00D00040F0B503468478C67886
:10C5E000EFF3118E402080F31288BFF36F8F1D7818
:10C5F00093F801C0641B3440A24288BFA2B2AF18B6
:10C60000374028461F708EF31188BFF36F8F8F1845
:10C610008F4218D165450CD1EFF31181402080F392
:10C620001288BFF36F8F1878587081F31188BFF3A9
:10C630006F8F1B79A41AA34228BF074B90B224BF67
:10C6400001221A60F0BD03EB000E01309EF805E0F8
:10C6500001F801EB3040DBE700D00040DB432DE97F
:10C66000F04713F001050F46144604D02448FFF7A5
:10C67000B3FFBDE8F087B2B3EFF31186402383F335
:10C680001288BFF36F8F0D20F7F7D0F980460D2089
:10C69000F7F7B8F986F31188BFF36F8FDFF864A05E
:10C6A000194ECAF80051DAF800314FF4005901234D
:10C6B000CAF800302546C6F88091DAF80031A3B1F7
:10C6C000FFF76CFF031EA4BF05F1FF35ADB2C6F83E
:10C6D0008091A8BF7B55002DEFD1B8F1000F02D09B
:10C6E0000D20F7F781F92046C3E7EFF311804023CF
:10C6F00083F31288BFF36F8F07F08DFCDDE700BF77
:10C70000F049002000D0004000E100E070B50D4687
:10C7100014460CB9204670BD4FF0FF334FF0FF3286
:10C720000C4802F0CDFD224629460B48FFF754FF86
:10C730000646084802F090FD3EB94FF0FF324FF038
:10C74000FF33064802F0BCFDE6E7A41BA4B2354463
:10C75000DFE700BFD0490020054A0020E049002063
:10C7600038B50122114617480AF0BEFB154D0122CB
:10C77000002105F110000AF0B7FB40F207432B87B8
:10C780004FF070632B620C2385F8243000240E4B8D
:10C7900085F83540EC86D3F8042522F00102C3F871
:10C7A00004250121C3F80041D3F80021C3F8041384
:10C7B000224619600D20F7F747F90D20F7F714F915
:10C7C000204638BDD049002000D0004010B5FFF70A
:10C7D000E5FE002820DB174B93F8222093F8214038
:10C7E00093F82310141B31EA0404C0B20DD193F85E
:10C7F000372093F8364093F83810141B31EA0404BC
:10C800000BD10D4B01225A600EE09C1801321140F1
:10C8100084F8250083F8221010BD9C1801321140C5
:10C8200084F83A0083F837100448BDE8104002F05D
:10C8300013BD00BFD049002000D00040E0490020D7
:10C84000024B0B6001231360704700BF144A0020A5
:10C85000004870478083020007B50346054A0091EF
:10C860000548012107F072F86FF0150003B05DF87C
:10C8700004FB00BF71AD0200507B020010B5012225
:10C8800011460748074C0AF02FFB01F09FFC0AF005
:10C890006CF920600AF065F96060002010BD00BFEF
:10C8A0001C4A0020144A00204FF08042D2F8101594
:10C8B000D2F8103501F01E0123F01F030B4343F0A3
:10C8C0000103C2F81035024B00221A70704700BFF6
:10C8D000EE4F00204FF08053D3F83031082B20D199
:10C8E0004FF08042D2F81015CB071AD5D2F8103588
:10C8F00001F01E0123F01F030B43C2F81035D2F8DC
:10C9000008315BB1D2F8103523F01F030B4343F01D
:10C910000103C2F810356FF08B007047024B012203
:10C920001A700020704700BFEE4F0020F8B5044693
:10C930000AF017F9237B05460BB109F0EBFD134F05
:10C940000026FFF7C7FFE8B9606801F07BFFA36826
:10C950005B1BA36063682B4463603B780BB1FFF7FC
:10C96000A3FF237B01363BB9A368002BE9D1A06864
:10C97000003818BF0120F8BD304601F0B3FC002894
:10C98000F2D0F4E76FF08B00F5E700BFEE4F002028
:10C9900070B5037B04460BB109F0BCFD194E0125AF
:10C9A000A368032B06D8184AD2F80034DB07FBD55E
:10C9B000002070BDFFF78EFF08BB23686068196810
:10C9C00001F05CFF33780BB1FFF76EFF636804334F
:10C9D0006360236804332360A368043BA360237B64
:10C9E0000135002BDCD0284601F07CFC0028D7D094
:10C9F000054AD2F80034D907FBD50120D9E76FF0FA
:10CA00008B00D6E7EE4F002000E00140F0B589B082
:10CA10000E4615460AF0A5F829460746304609F0A5
:10CA200092FA60B3B6FBF7F307FB136323B9B5FBC8
:10CA3000F7F407FB14545CB11F4A009533461F48B6
:10CA4000012106F083FF6FF01504204609B0F0BD08
:10CA5000BD42FAD34FF0FF334FF0FF32184802F0D7
:10CA60002FFC09F04BFD04AB014660B910221846BB
:10CA70000AF034FDCDE90565FFF758FF16E0114ACD
:10CA800000953346DBE71022214618460AF026FDC2
:10CA900001228DF81C200C4ACDE902200B48CDE97B
:10CAA000056501F09BFB02A801F09EFB04460448CB
:10CAB00002F0D2FBC9E700BF8EAD0200507B02003E
:10CAC0001C4A002071AD02002DC90100645E010006
:10CAD00070B50D4688B01946284616461C4609F022
:10CAE00032FA58B91D4A00942B461D48012106F020
:10CAF0002DFF6FF01504204608B070BD45EA040311
:10CB00009B0703D0174A00942B46EEE7002CF2D087
:10CB10004FF0FF334FF0FF32134802F0D1FB09F022
:10CB2000EDFC0346CDE9046504A806948BB101230E
:10CB30008DF81C300D4BCDE9023041F64C5001F020
:10CB40004DFB02A801F050FB0446074802F084FBAD
:10CB5000D1E78DF81C30FFF71BFFF5E771AD020040
:10CB6000507B0200ADAD02001C4A002091C90100BB
:10CB70002DE9F043476840F20636D0063B7C87B08B
:10CB800002EA060654BFC2F3401C4FF0030C01F04A
:10CB90001F05B6F5837F144645EA43158DF803C09B
:10CBA00044D00DD8062E16D005D8A6B1022E3FD0FF
:10CBB0006FF0150037E0B6F5807FF9D101260AE065
:10CBC00040F20222964235D0B6F5407F34D0B6F519
:10CBD000007FEDD10226220330D57A6801238B40F5
:10CBE000C2F80835B868A0BB05F01F036D092DD049
:10CBF000012D77D13E4A02EB8302C4F30043D2F801
:10CC0000001783F00103C4F3404444EA430421F4D1
:10CC1000E16144EA8C0421F0070144EA06230B4356
:10CC2000C2F80037002007B0BDE8F0830726D2E73E
:10CC30000426D0E70526CEE70326CCE7630341BFF1
:10CC400001237A688B40C2F80C35CBE74FF0A04245
:10CC5000D1E70DF10202294609F0F3FE14F4403F3A
:10CC600080460CD1B868294609F020FFB8F1000FC2
:10CC7000D8D19DF80210B86801F0E0FCD2E74FF07F
:10CC8000000901ABCDE90199CDE90439CDF80C904B
:10CC9000B86803AA294609F0A9FD4845C2DB14F487
:10CCA000003314D0C4F300449DF803308DF80E30E7
:10CCB00084F001048DF80C608DF80D40B8684B4687
:10CCC00003AA294609F045FE0028CFDAAAE7CDE9F4
:10CCD00004330DF103030393B86803AA294609F04E
:10CCE00085FDF1E703F5E07350F82330FFDE00BF68
:10CCF00000030050420970B5034602D0012A17D044
:10CD000070BD0D4E326951680029F9D003F01F0340
:10CD100001250C689D400029F2D08A682A4002D083
:10CD20004B68304698472CB1236821461C46F2E7F1
:10CD3000024EE7E72346F8E7207702000477020077
:10CD400038B54568A86890B109F0AAFE014670B9E7
:10CD5000A86809F089FE044658B902460649A86841
:10CD600009F06CFE224605210620F6F76DFE002034
:10CD700038BD6FF00400FBE7F5CC0100F0B5446866
:10CD80001646A068227C01F01F0587B045EA4215CF
:10CD900000286DD0B6F5001F04D1294609F0D9FE50
:10CDA000002056E06268607CC2F8240501AA0020D9
:10CDB000B6F5800F0190506037D1B3F1007F14BFFA
:10CDC000052304238DF804300023CDE904230393C5
:10CDD000E36823FA01F111F001010DF103073AD1E3
:10CDE000B6F1A07F37D105F01F036A0903F5E073A0
:10CDF00026D0012A3FD1214A52F82330DB072AD41A
:10CE0000A0683A46294609F01CFE16301BD002974E
:10CE1000A06803AA294609F0E9FC002819DBA068EC
:10CE20000122294609F044FEBAE7B3F1C06F05D0EC
:10CE3000B3F1007F14BF01230223C3E70323C1E73B
:10CE40004FF0A042D8E7A068394601F0FDFB00286A
:10CE5000DDDA07B0F0BDA0683A46294609F0F1FDD9
:10CE60000028D5D19DF80310A06801F0E7FBCFE7BB
:10CE70006FF08500EDE751F82330FFDE000300502E
:10CE8000036803F01F025B09026004D0012B034812
:10CE900018BF002070474FF0A040704700030050BB
:10CEA0002DE9F04F00EB8109554985B0154607463D
:10CEB00040F2FF1AB94503D1002005B0BDE8F08F5C
:10CEC0003B68C3F3C72818F00808C3F3C322C3F3B1
:10CED000080440F08F804B481B0E865C544508BF09
:10CEE0004FF0FF34192B00F28880DFE803F00D1EAD
:10CEF0002534282F3486868686373D868686868624
:10CF000086868686407A7D80C5F80C45621C66D090
:10CF100003A80394FFF7B4FF039A012303FA02F274
:10CF2000C0F808259B46584637E0C5F81445631CF1
:10CF300055D04FF0000BF6E7C5F80845E6E7C5F811
:10CF400008454FF0000B601C1CD148E0C5F80C45AB
:10CF50004FF0010BF7E7C5F81045E8E7C5F80845BD
:10CF6000002EE4D10626E2E7C5F80C45F8E7C5F83F
:10CF700060457B88621C03F0010330D0002BC7D1D1
:10CF80004FF0010B03A80394FFF77AFF039A84463E
:10CF9000012000FA02F2CCF80C253A68019202F462
:10CFA000004CBCF1000F08BF804603A818BF4FF02B
:10CFB000010B0394FFF764FF039C019A00EB8400CC
:10CFC000C2F34122D0F80047360246EA820646EA1A
:10CFD00008060C40264346EA4B06C0F800670437B3
:10CFE00068E7C5F86445C4E7C5F86845C1E7C5F812
:10CFF0006C45BEE76FF015005FE76FF085005CE7FA
:10D00000F0F8FCFF36B202002DE9F0410446476813
:10D010000D460AF06EF888B14FF04008EFF3118624
:10D02000314688F31288BFF36F8F606809F0E0F82B
:10D0300050BB86F31188BFF36F8FEFE71F4B1B7850
:10D04000002BE9D04FF040086426606809F0D0F862
:10D0500070B9012009F06FFA013EF6D100212120BC
:10D060000AF00EF9F0E786F31188BFF36F8FF5E74A
:10D07000EFF31186314688F31288BFF36F8F606833
:10D0800009F0B6F80028EED0BB691D706368BA6974
:10D090001B680020C3F844250122C3F84825C3F8C3
:10D0A0002001D3F82041C3F85801D3F858019A6001
:10D0B00081F31188BFF36F8FBDE8F0815B510020D1
:10D0C0002DE9F0410022054601210220F6F7BCFCC3
:10D0D0000220F6F789FC6C680121E06809F0DCF8B1
:10D0E0006B681A682369C2F82435617D237D0B4380
:10D0F000A17D0B43C2F86C356F68D7E9004313F08C
:10D10000010318D0D5F8108004F10C0108F10C02CD
:10D1100004F5907009F04CFA061E07DA224A2348FB
:10D12000012106F000FC3046BDE8F08198F80C00C3
:10D1300001F0F6F901230822C4F80025BA69C4F801
:10D14000442501210022C4F84825A1606BB9D4F818
:10D150002031002BFBD0C4F82021D4F8203101234A
:10D16000E3604FF48073C4F80433D4F85831002BD3
:10D17000FBD00021C4F800156D682C68E86809F040
:10D180008BF80823C4F800352A7A52B9EB69C4F841
:10D1900034350123C4F83835C4F81021D4F81021EF
:10D1A00023600026BFE700BF0BAE0200D07B020069
:10D1B00070B5012383400F4ABFF35B8FDC4352E815
:10D1C000001F01EA040542E80056002EF7D1BFF324
:10D1D0005B8F4FF4803282400748C0F80823BFF3CA
:10D1E0005F8FBFF36F8F03EA0100003818BF012083
:10D1F00070BD00BF484A00200010014070B41249C1
:10D20000D1E90034D01AC31844F1000422F07F465B
:10D21000C1E90034A6F50013B3F5400F09D20B4B5A
:10D220001B681A0A1B069C19094B42F10005C3E949
:10D230000045EFF31181402383F31288BFF36F8F12
:10D2400070BC02F06DBF00BFB02300204C4A00202C
:10D25000B823002011B3BFF35B8F0123104A834032
:10D2600052E800CF4CEA030C42E800C10029F7D194
:10D27000BFF35B8F0B4A4FF480338340C2F8043313
:10D28000094BBFF35B8F1B68BFF35B8FC340DB07AA
:10D2900042BF064B4FF40032C3F80021704700BF75
:10D2A000484A002000100140444A002000E100E00C
:10D2B0000D4B1868010A0006BFF35F8F0B4BD3F8C4
:10D2C0000435181841F10001B3F5801F0AD2084B4C
:10D2D000D3E90023904271EB030303D210F1807075
:10D2E00041F10001704700BF4C4A0020001001408E
:10D2F000B82300202DE9F04F85B016461F469DF853
:10D3000040A00446FFF754FF0190FFF7D1FFB04261
:10D3100071EB07035ED23E4B301A67EB0101984276
:10D3200071F1000109D36FF0150520460199FFF74F
:10D3300091FF284605B0BDE8F08F364B03EB041390
:10D34000D3E902239F4208BF964254D032494FF49A
:10D35000803804F1500508FA04F8AD00C1F848839C
:10D360002046ADB208F0F0FF26F07F4B05F1804576
:10D3700004F5A87305F58835DC464FF003090293E0
:10D38000029A2CF07F4341F82230C1F84483D1F84F
:10D390000435224A6FF00200C01A604420F07F403A
:10D3A000904228D9286868B1D1F804350393A3EBDB
:10D3B0000B0020F07F40B0F5000F1CD9204608F08C
:10D3C000C3FF039BBAF1000FADD109EB030C09F1C8
:10D3D0000109D5E7BAF1000FA5D10123104ABFF327
:10D3E0005B8FA34052E8000F184342E80001002978
:10D3F000F8D1BFF35B8F07490E98230101EB0412AC
:10D40000C8500F9B5360C2E9026700258DE700BF3B
:10D4100001008000A023002000100140FDFF7F00DC
:10D42000444A00207FB51C4C1C4BC4F80833C4F898
:10D4300048331B4B00254FF0FF304FF0FF31C4F84D
:10D440000855C3E902014FF48033C4F80433154B87
:10D4500002264FF400320121C4F804631120C3F8FE
:10D4600080212A46F6F7F0FA1120F6F7BDFA0E4AA7
:10D470000123A360236013600C4B0D4A0093CDE998
:10D48000015500232846FFF735FF3046FFF72CF8FB
:10D49000284604B070BD00BF0010014003000F001B
:10D4A000A023002000E100E0484A0020FDD1010057
:10D4B000FFFF7F002DE9F7432B4CD4F80433990785
:10D4C0000BD5D4F8043143B1284A0023C4F8043101
:10D4D000D4F80431136801331360D4F80433DA0349
:10D4E00023D5BFF35B8F224B53E8002F22F00101BD
:10D4F00043E800100028F7D1BFF35B8FD30702D4B5
:10D50000D4F840318BB10025C4F84051D4F84031F3
:10D51000FFF7CEFEEFF3108272B6164BD3E9026727
:10D52000B042B94104D282F3108803B0BDE8F08361
:10D530004FF0FF384FF0FF39C3E90289D3E90010FB
:10D540001D604FF48033C4F84833C4F84051D4F818
:10D55000403182F310880029E7D0009032463B46E4
:10D5600028468847E1E700BF001001404C4A0020F0
:10D57000444A0020A023002030B5431C124C85B043
:10D5800005D08442A8BF0446012CB8BF0124FFF790
:10D590008FFE0E4B0C4DD3E90013401AB0F5000F6F
:10D5A00010D22218AA4228BF2A4652184FF0000073
:10D5B00007490091CDE9010043F10003FFF79AFE0E
:10D5C00005B030BD2A46F0E7FFFF7F00B023002002
:10D5D000FDD1010008B5FFF76BFE024B1B68C01AB6
:10D5E00008BD00BFB023002002460B46014801F0F1
:10D5F0003FBD00BF0C0B0020014801F0ABBD00BFD8
:10D600000C0B00200149024809F021BD544A0020BA
:10D61000F02E0020094B93F80031042B02D1810732
:10D6200009D47047022B02D1020704D47047082B9B
:10D6300003D1830601D5FFF7E5BF704711500020E5
:10D6400010B403460A46034881680C68194623460D
:10D6500010BC184774770200B0B584B000AF3B1D12
:10D6600000247C600A22BC60C7F80B403960014688
:10D67000184609F04BFF6D468AB0396803466A4682
:10D680000D480791CDE905034FF40073ADF8203044
:10D690000A4B42F8103F0A4823464FF41151F3F762
:10D6A00063FDAD4684F31188BFF36F8F03231846E3
:10D6B00002DF1037BD46B0BD48AE020004000001D5
:10D6C000207B02002DE9F0418AB0064600AF3A48BF
:10D6D0000D463A4909F090FC07F11400EDF7E1FC22
:10D6E0006C4688B06A46364B0593364B06934FF42A
:10D6F0000073ADF81C30344B42F8103F33493448C6
:10D7000007F11403F3F730FDA546324809F080FA1B
:10D7100058B9314A2E48012106F005F96FF012047C
:10D7200020462837BD46BDE8F0812C4BBB6007F191
:10D730000800E4F7A7F9034638B1294A2448012133
:10D7400006F0FAF86FF01504EAE74FF0FF304FF0FB
:10D75000FF31FFF749FF04460028E1D12149224863
:10D76000E3F736FE044610B1FFF746FFD8E741F66F
:10D770004C5807F10C00C7F80C80E5F75FFC20B1AE
:10D78000FFF73AFF6FF08504CAE70123381D3B71AC
:10D79000EEF7F6FB0028F3D107F11000C7F8108070
:10D7A000E5F754FC0028EBD1FFF726FF33690F485B
:10D7B0001D60F6F77FFEB3E7544A00200D640200B7
:10D7C000519A02006DAE020003000001C01C40012E
:10D7D000207B02007477020094AE020041D6010063
:10D7E000B4AE0200C0230020A9D8010015D6010064
:10D7F00030B52A4887B0E3F769FD0446002847D1D1
:10D800000125E3F723FEEDF74EFCEDF74EFCEDF7B7
:10D810004EFC03AA294620468DF80C50E3F784FD00
:10D82000002834DB082303AA07212046ADF80C307A
:10D83000E3F77AFD00282ADB4FF0FB13039303AADA
:10D8400040F2032303212046ADF81030E3F76CFDCE
:10D8500000281CDB032303AA052120468DF80C3089
:10D86000E3F762FD002812DB40F62A33984212D912
:10D870000B4A009029460B4806F068F884F311889B
:10D88000BFF36F8F0423184602DF6FF00B000446CE
:10D89000204607B030BD2046F9E700BF59D6010049
:10D8A000D8AE0200207B020073B5434C94F80031DF
:10D8B0003BB394F80031042B56D120783E2833D165
:10D8C000A678B31E5E425E416378FF2B2ED14FF4E3
:10D8D0008073009340F20113384A3948012106F061
:10D8E00035F8384A36486FF00B03012106F024F86A
:10D8F000002383F31188BFF36F8F0423184602DFE0
:10D900001DE04FF0FF304FF0FF31FFF76DFE48B9DB
:10D9100004F58071204600F0EBFA0546FFF76CFE37
:10D92000002DC6D002B070BD0026CDE70022002336
:10D930003146F6F7CDFD054648B9002EF2D000235A
:10D9400084F8003102B0BDE87040FFF75BBE62783A
:10D950000232194905F10C0006F0F4FB1A4B1B4882
:10D960001B6829469847EAE7022B10D100220023C2
:10D970000820F6F787FD05460028D3D063880433D6
:10D98000B3F5807F0FD94FF480720092A4E7082B83
:10D990000BD1002300222020F6F774FD6388054692
:10D9A0000028ECD1BEE71A46D3E7094A0448012112
:10D9B00005F0C2FFC3E700BF11500020FBAE02001C
:10D9C000207B020055AF0200504A0020AC770200D5
:10D9D0001CAF02002DE9F341A54D2C780746002C21
:10D9E00040F07E8204238DF80730A24B0688D3F8DE
:10D9F0000080B8F1000F15D1B6F5105F4FEA9623FD
:10DA00000BD2002B00F05F82013B072B62D8DFE8CE
:10DA100003F026614D95616161DD3F2B00F093813C
:10DA20000120CDE10DF106030DF10702691CC0478D
:10DA30000128E1D09DF8063013B9012840F0468254
:10DA40000F236B700423AB700123E8702B71A5F8D2
:10DA5000056001232B70002002B0BDE8F08138463C
:10DA600040F2064230F9033B934219D040F21D4286
:10DA7000934218D0012042F219039E4200F2108214
:10DA800042F20C039E4200F2048240F2064340F24E
:10DA90001D429E4218BF964214BF0124002430E06C
:10DAA000E4F7E8FDE7E7E4F757FEE4E7384640F639
:10DAB000634230F9033B934234D00EDC40F603421C
:10DAC000934223D040F62D42934222D040F60142A9
:10DAD000934213D00120044613E040F67B42934268
:10DAE00023D040F67C429342F4D19DF8073062493E
:10DAF00002338DF80730EEF714FA01E0E3F7EAFCA1
:10DB0000012484F001038DF8063093E7EDF7C0FAA5
:10DB1000F6E79DF80730584903338DF80730EDF7E5
:10DB2000ECFFEDE7E3F7E8FCEAE79DF80730524940
:10DB300004338DF80730EEF7E6F9E1E73B88A3F50B
:10DB40008053013B082BC5D801A252F823F000BF37
:10DB500075DB010087DB01009BDB0100D5DA0100EA
:10DB6000D5DA0100D5DA0100D5DA0100D5DA0100F5
:10DB7000BBDB01009DF807303F4808338DF80730C4
:10DB8000EDF7A9FFBCE79DF807303B4840338DF81F
:10DB9000073008F03DFC0020B2E79DF8073008335D
:10DBA0008DF80730344B00221A605A60EB7A23F06C
:10DBB000600343F06003EB72EDE79DF807302E48F9
:10DBC00006338DF80730EDF7E5FF99E7384642F266
:10DBD000320130F8033B1AB28A4222DCB2F5005F10
:10DBE00024DDA3F50053013B312B1FD8DFE803F000
:10DBF000202D361E461E1E1E1E1E494C4F521E1E36
:10DC00001E1E55581E5B5E67701E1E731E1E1E1E56
:10DC10001E7E1E871E1E1E1E1E1E1E1E1E1E8A937A
:10DC20009C9F42F24B039A4200F08480012001E065
:10DC3000E3F76CFC42F264039E423FF462AF42F2AF
:10DC400064039E4200F2BC8015E79DF807300A4845
:10DC500003338DF80730E4F703FDEBE79DF8073059
:10DC6000054808338DF80730EEF7EFF8E2E700BF1C
:10DC700012510020644A002019510020EDF7A6FF40
:10DC8000D8E7E4F731FED5E7EEF760F8D2E7E5F73D
:10DC90000DF9CFE7E5F770F9CCE7EEF774F8C9E7CF
:10DCA000EEF7AAF8C6E7EEF7C0F8C3E79DF807302D
:10DCB0008D4910338DF80730EDF74BFFBAE79DF82B
:10DCC0000730894808338DF80730EDF710FFB1E7CA
:10DCD000EEF7FAF8AEE79DF8073008338DF8073015
:10DCE0007023EB714023EB720020A3E79DF807300F
:10DCF0007D4902338DF80730EDF777FF9AE7E4F7B7
:10DD0000E7FC97E79DF80730774808338DF8073030
:10DD1000EDF79BFF8EE79DF80730734904338DF8CC
:10DD20000730EDF7A2FF85E7E4F7EAFC82E7EDF7BD
:10DD3000E2FF7FE79DF807306B4802338DF807302C
:10DD4000EDF7F6FE76E738464FF6035230F8033B20
:10DD5000934276D013D803F2FF3292B20A2A3FF6EA
:10DD60005FAEA3F57C43013B0A2B00F28580DFE820
:10DD700003F01F358383835C83834A535F004FF630
:10DD80000552934260D003F2F32292B20E2A3FF67C
:10DD900047AEA3F57D430D3B0E2B6DD8DFE803F0B6
:10DDA0005A6C6C6C6C576C5D6C666C6C6C6C69005E
:10DDB0009DF807304C480C338DF80730EDF779F9B2
:10DDC00042F285039E4278D842F267039E4255D8BC
:10DDD00042F26603F41A18BF012492E69DF8073058
:10DDE00040338DF80730404B00201880EB7923F04A
:10DDF000230343F02303EB712B7A23F0070343F053
:10DE000007032B72DCE79DF80730374817338DF88E
:10DE10000730EDF768F9D3E79DF807303248203333
:10DE20008DF80730EDF783F9CAE7EDF75AF9C7E740
:10DE30009DF807302C4801338DF80730EDF794F941
:10DE4000BEE7EEF79DF8BBE7E5F7F8F8B8E7E5F7CA
:10DE5000FDF8B5E7EDF79EF9B2E79DF807302249E6
:10DE600004338DF80730EDF79BF9A9E7E5F7F6F8ED
:10DE7000A6E7E5F7FFF8A3E70120E0E6A6F50153E2
:10DE8000283B9AB2194BD34003F0010383F00104FD
:10DE900037E6A6F500530D3B9AB241F24123F2E773
:10DEA00042F232039E423FF42CAEA6F50153033BEF
:10DEB000012B94BF0024012423E626F008034FF62B
:10DEC00002529C1A87E7012420461AE69DF8073083
:10DED000AB700E2201236A70EB70AE80A871B8E5BA
:10DEE0004FF0FF30B8E500BF195100202F804020CF
:10DEF00038B5094C23780D461BB9BDE83840EDF71D
:10DF000011BAA278611C023209F0C1FA0020042380
:10DF100020702B7038BD00BF1251002070B505462F
:10DF20000E46084C204608F073FE38B1A368B2B222
:10DF3000294620461B68BDE8704018476FF0120064
:10DF400070BD00BF7477020013B54FF4FA73ADF8DB
:10DF5000043000238DF806304FF48053ADF80030C4
:10DF6000134A0223192168468DF80230ECF7AAFC07
:10DF70000446C8B907F04DFF80B2EAF7C5FB0D486B
:10DF80000121F0F7B6F9044670B9014601220820D4
:10DF9000F5F75AFD012221460B20F5F755FD012228
:10DFA00021461046F5F750FD204602B010BD00BFD7
:10DFB000C9DF01006C4A00200149024809F047B856
:10DFC000CC4A0020F02E0020B0B584B000AF3B1D3D
:10DFD00000247C600A22BC60C7F80B40396001460F
:10DFE000184609F093FA6D468AB0396803466A46C6
:10DFF0000D480791CDE905034FF40073ADF82030CB
:10E000000A4B42F8103F0A4823464FF41151F3F7E8
:10E01000ABF8AD4684F31188BFF36F8F0323184626
:10E0200002DF1037BD46B0BDADAF020004000001F5
:10E03000787B020013B500241549164800946FF050
:10E0400009034FF4806201F0F1FA1349114809F015
:10E0500056F81249124808F0CFFF22460421192031
:10E06000F5F7F2FCBFF35B8F0E4B012253E8001F64
:10E0700043E800200028F9D1BFF35B8F0A49054827
:10E080004FF40032002301F011FB204602B010BD16
:10E09000006D0020F02E0020C1AF02006D64020070
:10E0A000CC4A0020684A00203007002010B5BFF39A
:10E0B0005B8F084B1B68BFF35B8F53B1EAF7BAFA6B
:10E0C000BDE81040044905484FF40032002301F038
:10E0D000EDBA10BD684A002030070020F02E002065
:10E0E0000346024A0248022105F026BCD5AF0200D1
:10E0F000A07B020010B9024B1B681847FFF7F0BF66
:10E10000DC4A0020014B01201B681847DC4A002034
:10E1100028B1012807D104490020EAF743BA034B8C
:10E1200001201B6818477047F5E00100DC4A002019
:10E13000014B186000207047DC4A002010B51F48D2
:10E14000BFF35B8F0368BFF35B8F23B9062904D845
:10E15000042926D839B1002010BD0729FBD1383851
:10E1600001F07AF8F7E750F8203CA0F13804D3E941
:10E1700000209047012808D0114B984203D0022379
:10E18000606384F82C300F48E6E742F21073A36214
:10E19000032384F82C3004F11C0384F8210023634A
:10E1A000F1E700F8173C084B40F8103CA0F11C01C7
:10E1B0003838007CF0F7DEF8CDE700BF184B0020C0
:10E1C0001F6466020C4B0020FF3F420F02480122F1
:10E1D000002108F089BE00BFE04A0020014B5861D1
:10E1E000704700BFE04A002038B54FF0FF310546C8
:10E1F0004FF0FF30FFF7F8F933493448ECF776FA7F
:10E200000446FFF7F9F9002C08DA3148314A234671
:10E21000012105F091FB6FF00B0038BD2E4C40F250
:10E22000011323846369A5616433636242F210734E
:10E23000A36200226FF073032277636304F1380551
:10E24000BFF35B8F55E8003F45E800210029F9D175
:10E25000BFF35B8F4FF0FF314FF0FF30FFF7C4F992
:10E2600004F11C01207CF0F785F8FFF7C5F91B4A83
:10E270000023204601F024F800280FDA184A144839
:10E28000012105F050FBBFF35B8F012355E8002F00
:10E2900045E800310029F9D1BFF35B8F4FF0FF3122
:10E2A0004FF0FF30FFF7A0F9207CF0F745F8FFF7BB
:10E2B000A3F9BFF35B8FA36BBFF35B8F13B106486A
:10E2C00001F024F8606BA8E7F04A00203DE101006E
:10E2D000587B020001B00200E04A0020447B0B00A2
:10E2E00027B00200074B01221A64D3F84035B3FB74
:10E2F000F0F01844044B5B69984234BF00200120C1
:10E30000704700BF00800040E04A0020BFF34F8FFD
:10E310000549064BCA6802F4E0621343CB60BFF3C1
:10E320004F8F00BFFDE700BF00ED00E00400FA05DD
:10E33000024AD2F80034002BFBD0704700E00140C5
:10E3400010B54FF08053D3F83021082A4ED14FF04A
:10E3500080420021C2F80C11C2F81011C2F8381521
:10E3600002F54042D3F80414C2F82015D3F808147B
:10E37000C2F82415D3F80C14C2F82815D3F81014D9
:10E38000C2F82C15D3F81414C2F83015D3F81814A9
:10E39000C2F83415D3F81C14C2F84015D3F8201471
:10E3A000C2F84415D3F82414C2F84815D3F8281439
:10E3B000C2F84C15D3F82C14C2F85015D3F8301409
:10E3C000C2F85415D3F83414C2F86015D3F83814D1
:10E3D000C2F86415D3F83C14C2F86815D3F8401499
:10E3E000C2F86C15D3F84434C2F8703508F093F8CD
:10E3F00018B13C4B3C4AC3F88C2608F08CF818B195
:10E400003A4BFB22C3F8182508F085F858B14FF0B5
:10E4100080424FF08051D2F8E43ED1F8581261F3B7
:10E420000303C2F8E43E08F076F820B1304B4FF415
:10E430000072C3F840264FF08053D3F83031082BD8
:10E4400017D14FF08043D3F80024D20744BF6FF0B8
:10E450000102C3F800244FF08053D3F83431042B69
:10E4600081BF4FF01023D3F808224FF08043C3F848
:10E4700058254FF01021D1F80C32DB0714D51D4878
:10E480000123C0F80435FFF753FFD1F80C3223F015
:10E490000103C1F80C32FFF74BFF0023C0F804352D
:10E4A000FFF746FFFFF732FFD1F80032002B03DB06
:10E4B000D1F80432002B14DA0E4901234FF010205A
:10E4C000C1F804351224FFF733FFC0F80042FFF70C
:10E4D0002FFFC0F80442FFF72BFF0023C1F80435DB
:10E4E000DEE710BD005000404881030000F000400E
:10E4F0000090024000E00140014B1860704700BFEF
:10E500001C4B002010B5054B1868144608F015F890
:10E510000028A4BF2070002010BD00BF1C4B0020AD
:10E52000024A01238340C2F80435704700F00140DD
:10E53000036803F01F025B09026004D0012B03484B
:10E5400018BF002070474FF0A040704700030050F4
:10E55000034A430900F01F00D35C1844C0B270475F
:10E560003EB20200024611F0010030B515D18B0712
:10E57000C1F3400022D51249D1F8200550604FF078
:10E580008052C1F82005D2F83021082A08BFD1F8FE
:10E590002025003818BF012010E04FF0A0444FF0B4
:10E5A0008055D4F820351360C4F82035D5F83051A3
:10E5B000082D08BFD4F82045002BD8D030BD00BFAF
:10E5C00000030050F7B504460846FFF7C1FF04EB0F
:10E5D00040060D46B38ADB072AD5204608F0E4F84A
:10E5E0002946204608F050F850B1204608F062F85D
:10E5F000276807EB80000023C0F81035C0F81035FD
:10E600002946204608F07FF80021B18201A8019533
:10E61000FFF78EFF019B00EB8300074BD0F800272C
:10E62000134043F00203C0F80037084603B0F0BDC2
:10E630006FF01500FAE700BFF0F8FCFF014807F0A3
:10E640009ABF00BF6009002010B504480C4607F0CF
:10E6500074FF0028A4BF2070002010BD60090020B6
:10E660002DE9F04F074689B057F8049BD9F80413F9
:10E67000C9B28346082241F00041484608F06CF8D0
:10E68000051E2FDA0023032106A8CDE90633FFF784
:10E6900069FF634B01930DF118084FF0000A019ACE
:10E6A000604912F8013B0192DA0803F007038A5C23
:10E6B00022FA03F3DB071CD40AF10103022B08F151
:10E6C00004084FF0010AEAD14FF000410022484609
:10E6D00008F042F8032106A8FFF744FF0028D8D12C
:10E6E00025F000450124002D40F0848009B0BDE8EC
:10E6F000F08F4D4B53440293D8F80060002EDBD0CE
:10E70000029B96FAA6F61C78B6FA86F646EA4414F8
:10E710002046FFF71DFF0BEB4000F208818A18F836
:10E7200002000594C1F382030393009306F00706E9
:10E73000012303FA06F620EA060008F8020005A8FD
:10E74000FFF7F6FE059A039B02F5E07211F0100F39
:10E7500050F82260C6F3014633D0009A384621466D
:10E7600007F0B2FF05A80594FFF7E2FE059B03F54D
:10E77000E073F6B250F82330C3F301439E4207D151
:10E780000021204607F071FF3146204607F06DFF5B
:10E7900005A80594FFF7CCFE059B012202FA03F3BE
:10E7A000C0F820354FF08053D3F83031082B01BF2B
:10E7B000D0F82035D0F82035D0F82035D0F82035E5
:10E7C0009AE7022E14BF022103212046039307F08B
:10E7D0004CFF039B032B03D0022E07D1012BD7D173
:10E7E000009A2146384607F06FFFD1E7032ECFD1BC
:10E7F000022BF4E795FAA5F3B3FA83F304FA03F2D4
:10E8000025EA020503F5A2720BEB430359F8222017
:10E81000B3F87C10C2F30142384607F055FF62E7B7
:10E820004EB20200048402004EB20200044AD2F842
:10E830000034DB07FBD50160BFF35F8F704700BF7B
:10E8400000E001404FF080531A69B0FBF2F302FB85
:10E8500013036BB9084B0222C3F80425C3F808055B
:10E86000D3F80024D207FBD50020C3F80405704775
:10E870006FF00C00704700BF00E0014010B5054C80
:10E880000123C4F80435FFF7D1FF0023C4F8043591
:10E8900010BD00BF00E0014010B5174C23783BBB12
:10E8A0000278C2F3400392070FD54FF08053D3F89C
:10E8B0003021082A08D1D3F83431022B02BF4FF09F
:10E8C00080430122C3F8382601234FF08042C2F86A
:10E8D0008035037803F00103C2F878350020F5F79E
:10E8E000A5F808B9F5F780F801232370002010BDC2
:10E8F0006FF07700FBE700BF5A5100204FF08043D4
:10E900004FF46072C3F80823014B00221A6070476D
:10E91000204B002008B5FFF7F1FF03680BB1014A57
:10E92000136008BD204B002010B54FF08043D3F892
:10E930000443620707D54FF4847008F01AF910B148
:10E940001E4B1B689847A30608D54FF48A7008F041
:10E9500010F918B11A4B00201B689847600608D5BB
:10E960004FF48C7008F005F918B1154B01201B68A5
:10E970009847210608D54FF48E7008F0FAF818B1C0
:10E98000104B00201B689847E20508D54FF49070A3
:10E9900008F0EFF818B10B4B01201B689847A3054E
:10E9A0000AD54FF4927008F0E4F828B1054BBDE8A1
:10E9B00010401B680220184710BD00BF284B0020E4
:10E9C000244B0020204B002008B5124BA822002128
:10E9D000184608F083FD032202610F4942610F4A85
:10E9E0008161C2614FF480620262002282624262EF
:10E9F000C26201660A4941661021816609490267BF
:10EA00000346C266426711F8010D98540132102A7C
:10EA1000F9D108BD100400203FB002001000002012
:10EA20000000002060B202002DE9F74FDFF8888077
:10EA3000182606FB008700FB066646447D6AD7F869
:10EA400028C07368AC4581468B46144603EB05002D
:10EA500025D83B6AA3EB050A0AF1FF3E724507D8A9
:10EA60002C4408F014FD7C62012003B0BDE8F08F57
:10EA7000E64472451ED85246019308F008FD019BFA
:10EA80002C44E41A05D0706822460BEB0A0108F00A
:10EA9000FEFC182303FB0988C8F82440E4E70CF1C6
:10EAA000FF3CACEB050C944504D3254408F0EFFC87
:10EAB0007D62D9E70020D8E710040020034B18221C
:10EAC00002FB00339A6A586A801A704710040020CB
:10EAD00010B4084A08490023C85C12F8014D84426A
:10EAE00004D10133102BF7D110BC704710BCFFF7D5
:10EAF0006BBF00BF60B202001004002010B50446D6
:10EB0000F2F764FA0348044A012104F00CFF20469E
:10EB100008F089F8A87B020048B002002DE9F8430C
:10EB2000044600AF0D46EFF31188402383F31288AB
:10EB3000BFF36F8F04282A4A98BF2A4B9668117C2E
:10EB400094BF53F82030284BE9468AB06A462748DC
:10EB5000CDE9073140F20133ADF82430244BCDE943
:10EB6000050442F8103F234800234FF43151F2F7D7
:10EB7000FBFACD4645B1EB69C3F3080323B11E4A46
:10EB80001C48012104F0CFFE2EB1304608F0BAFA3D
:10EB900008B1037803B91948E9468AB06A46184BA8
:10EBA0000790CDE9053640F20133ADF82030154B22
:10EBB00042F8103F00230F484FF41151F2F7D4FAF6
:10EBC0002946CD462046FFF799FF88F31188BFF309
:10EBD0006F8F3046F4F7DAFFBD46BDE8F88300BF1B
:10EBE0002C4B00200884020057B0020065B00200E0
:10EBF00005000001A87B02008DB00200129A0200FD
:10EC0000AEB002000400000138B50A4B53F82040B2
:10EC1000013053F82050A54200D838BD606830B1AB
:10EC2000037EDB0701D407F0DBFF0834F3E723683A
:10EC30009847FAE71C84020070B52A4B2A4C2B4DEA
:10EC400086B0012203201A70FFF7DEFF08F01EFCD9
:10EC50000420FFF7D9FF2646AE4204F130040FD35B
:10EC600000F088FF204CAC4226D300F097FFF0F76D
:10EC70008FFE1F4A938923F00103938106B070BD74
:10EC800054F80C3C059354F8103C049354F8143C8D
:10EC9000039354F8183C029354F81C3C019354F825
:10ECA000203C009354E90A2354E90C0100F062FD72
:10ECB00054F8303C5E65CEE7D4E90A23B3F1FF3F58
:10ECC00008BFB2F1FF3F05D052EA0301206803D12B
:10ECD00008F0EFFA3034C6E70649183001F090F931
:10ECE000F8E700BF5B5100206879020098790200C4
:10ECF00010300020E171020070B5002386B00122BF
:10ED0000CDE90423134E144D01930F22CDE90232B5
:10ED10001249142303FB005506EBC01604464FF4BA
:10ED2000C07000FB04110E4B00954FF4A0723046EA
:10ED300000F020FD337C0B4AEE6023F004033374B3
:10ED40004FF4046304FB033313442C746B6006B06C
:10ED500070BD00BF902F00202C4B00208079002038
:10ED60004B6D0200407100207FB50020FFF74CFF83
:10ED70002A4B83F308882A4C636943F40073636168
:10ED8000E02384F8223000252023E377257665767A
:10ED9000A57684F82050636A43F4E023636284F824
:10EDA0002350F4F78BFDF4F7DBFE4FF0FF33A36243
:10EDB000E362F5F70BF8F4F753FFF2F761F819483F
:10EDC000194C00F04FFDF5F765FA0120FFF71CFF25
:10EDD0000220FFF719FF00F00BFF144B14495C6190
:10EDE000144B059301234FF40062CDE90353CDE9A1
:10EDF0000155114B0095204600F0BCFC237C0646D3
:10EE000023F004032046237408F0B6F92846FFF7E0
:10EE100073FF094A31462046F4F784FE80790020CA
:10EE200000ED00E030310020103000202C4B00209D
:10EE3000007B002010B1020039EC010038B5064C0F
:10EE4000064DAC4201D3002038BDD4E90112204662
:10EE500007F0F1FE1434F4E7F80A0020F80A002065
:10EE600038B5074C074DAC4201D3002038BD2046D1
:10EE700007F005FF08B91C34F5E76FF01500F5E75A
:10EE8000880A0020F80A002073B50C46EFF31181C0
:10EE9000402585F31288BFF36F8FC5685DB125608B
:10EEA0002B68C360836901338361002081F311887B
:10EEB000BFF36F8F11E052EA030603D125606FF0B4
:10EEC0000B00F3E7CDE900230246083000F0B0FD67
:10EED00018B9034B9B685B69236002B070BD00BF2B
:10EEE0002C4B0020F7B50D4604469DF82010EFF39B
:10EEF0001187402080F31288BFF36F8F266AE06885
:10EF000086423FD22668B44219D0C6B1304607F0D7
:10EF100027FF06F1180008F025FA54F8082F706949
:10EF20002946002508F0B3FA3046B56708F024F901
:10EF30002046394608F07AF9284603B0F0BDA268A9
:10EF4000A9B1E069294608F0A2FAE369A26813446E
:10EF50006269E361934201D12369E361236A01336A
:10EF60002362002087F31188BFF36F8FE5E7A06964
:10EF70002369984208BF6069801AA061294608F099
:10EF800086FAEBE752EA03010BD00749896804F1DE
:10EF900008004D61CDE900233946224600F048FDC6
:10EFA000CBE76FF02200DDE72C4B0020F7B50446DD
:10EFB0000846EFF31186402181F31288BFF36F8F6B
:10EFC000216A00293AD0A268A16908F060FAA36911
:10EFD000A268256813446269A361934204BF236950
:10EFE000A361236AAC4203F1FF33236235D0284684
:10EFF000002D33D007F0B4FE05F1180008F0B2F987
:10F000006969A268E06908F042FAE369A2681344FA
:10F010006269E361934204BF2369E361236A0027C5
:10F02000013323622846AF6708F0A6F804F1080010
:10F03000314608F0FBF8384603B0F0BD52EA030150
:10F0400011D00A4989684861CDE90023314622463A
:10F0500004F1080000F0ECFCEEE7002086F31188D4
:10F06000BFF36F8FE8E76FF02200F7E72C4B00202B
:10F070002DE9F341044617461E46EFF3118840235D
:10F0800083F31288BFF36F8F304BC2689B6872B1F5
:10F090008068984217D057EA060216D188F3118883
:10F0A000BFF36F8F6FF00F0002B0BDE8F08193F9EE
:10F0B0000E1021610132C4E9023288F31188BFF3D6
:10F0C0006F8F0020F0E72169F3E793F90E1090F9B4
:10F0D0000E30994230DA9942A8BF194607F054FE23
:10F0E0000546CDE900761A482246414600F0A0FCCC
:10F0F0000028E6D0EFF31186402383F31288BFF394
:10F100006F8FA068D0B1236821699C420AD04BB1AF
:10F1100093F90E309942A8BF19466FF07F039942C8
:10F12000B8BF194607F030FE40B10948314608F033
:10F130007DF86FF00A00B7E70025D2E7002DF4D183
:10F1400086F31188BFF36F8FF3E700BF2C4B0020CD
:10F150005C510020F8B583680546002B3FD0234A58
:10F16000926893423ED1C368012B03D9013BC3602F
:10F170000020F8BDEFF31187402383F31288BFF31B
:10F180006F8F0169806807F0FFFD2C68A54207D1E9
:10F190000023C5E9023387F31188BFF36F8FE7E7D8
:10F1A000002CF5D0D4E9003213605A60237C00268D
:10F1B00023F002032374C4E90066A66004F118007A
:10F1C00008F0D0F8AC6094F90E302B612046A667A9
:10F1D00007F0D2FF0648394608F028F8C8E76FF074
:10F1E0001500C6E74FF0FF30C3E700BF2C4B0020EF
:10F1F0005C51002037B51146EFF31185402282F3B0
:10F200001288BFF36F8F04689CB12368426823F0B3
:10F2100003039442036008BF43600121204607F0C6
:10F2200036FE044685F31188BFF36F8F204603B086
:10F2300030BD51EA0302F5D000F10802CDE9001318
:10F240001046294600F0F4FB0028EFD1014B9B68E3
:10F250005C69EBE72C4B002070B5EFF3118640237F
:10F2600083F31288BFF36F8F0468A0421AD0CCB129
:10F27000D4E9003213605A60237C002523F0020396
:10F280002374C4E90055A56004F1180008F06AF879
:10F290002046A56707F070FF31460848BDE870407A
:10F2A00007F0C4BFD0E902329A4218BF013383602D
:10F2B00086F31188BFF36F8F70BD00BF5C510020D3
:10F2C00013B5EFF31181402484F31288BFF36F8FDD
:10F2D000846844B1013C846081F31188BFF36F8F6F
:10F2E000002002B010BD52EA030406D181F3118858
:10F2F000BFF36F8F6FF00F00F3E7CDE900230246F5
:10F30000014800F095FBECE75C51002070B5054624
:10F31000EFF31186402383F31288BFF36F8F00232E
:10F320002C68A54218D0BCB1D4E9003213605A60F1
:10F33000227C002322F00202C4E900332274A3607D
:10F3400004F1180008F00EF86FF00A03A3672046D6
:10F3500007F012FF0123E3E70022AA6023B986F336
:10F360001188BFF36F8F70BD31460248BDE8704011
:10F3700007F05CBF5C51002007B5074B00930749BD
:10F3800007484FF0FF334FF4006200F04FF90020C0
:10F3900003B05DF804FB00BF34840200408300200A
:10F3A000903000202DE9FF41544E04464027EFF3F2
:10F3B000118887F31288BFF36F8FD4F88450F5B9A2
:10F3C000022104F19C0007F09BFD002870D004F19D
:10F3D000940500220121284607F08BFF0028F8D170
:10F3E000002302934FF0FF324FF0FF33CDE90023AB
:10F3F000414604F18C02424800F042FDD7E7D4F8C0
:10F4000088202B68C4F88430954208BFC4F888303F
:10F41000D4F89C3043F00203C4F89C30EB6823F02E
:10F42000040343F00103EB606B6888F31188BFF3BA
:10F430006F8F28469847EFF3118887F31288BFF340
:10F440006F8FEB68D80623F001023ED4EA60EB68C8
:10F450009A0717D5306823F00203EB6090B1036878
:10F46000002178B1426895423DD10368002934D12A
:10F4700072683360904200D17360002340F8083B0B
:10F48000FFF7EAFED4F89C3023F00203C4F89C3066
:10F49000DB0530D4D4F88430003B18BF012388F357
:10F4A0001188BFF36F8F002B81D000F0A9FB7EE79E
:10F4B000D4F89C30D90693D5C4F89C0088F3118801
:10F4C000BFF36F8F04B0BDE8F08123F01103EB6050
:10F4D00005F11000FFF7C0FEB9E70B6073689842B2
:10F4E00008BF7160C9E701461BB11A681846134688
:10F4F000B7E71A46FAE70023D1E700BF4C4B0020DC
:10F500005C510020F8B5C3689A0704460E46C3F361
:10F51000400542D45F0742D40B680BB983680B6087
:10F52000E368D80744BFA368336037684CBF02253F
:10F53000012557B31B4B9A68D7F880309A421ED1E9
:10F5400007F0D7FD80F00100C0B2D7F89C30D90792
:10F55000C3F380021CD5F2B1F8B100232360D7F8C1
:10F56000883073B9C7E92144384607F0E4FCE36802
:10F5700043F00403E3603368A3602846F8BD00202D
:10F58000E3E71C60C7F88840EEE76FF0150506E07A
:10F590006FF0120503E01B07DFD56FF00F050023A6
:10F5A0003360EAE72C4B0020F8B5C36803F005038D
:10F5B000002B06460C4614BF012700271CD0856887
:10F5C0000122002104F1100007F08EFC13492046AF
:10F5D00007F012FDE36843F01003E360F3685B0794
:10F5E00012D5336823606BB9D5F8883033B9C5E9D3
:10F5F0002144284607F09FFC3846F8BD1C60C5F83A
:10F600008840F6E73460F4E7D5F884302360D5F815
:10F610008830C5F88440002BEBD1F0E7176F02006B
:10F620000146014807F013BD90300020F0B589B0C5
:10F6300004460020C4E921000E9D04F18C00C4E9B9
:10F64000230004F19400C4E9250055B3287900286B
:10F6500040F2011008BF0120C4F89C0000204FF0C8
:10F66000FF364FF0FF37CDE90330CDE90100CDE99A
:10F6700006670D4B0094204600F0C8F855B1296884
:10F6800011B1204607F03BFD6B791BB1A38943F014
:10F690000103A381204607F00CFEC4F8804009B0A6
:10F6A000F0BD0120D8E700BFA5F3010037B50190F8
:10F6B0000846EFF31184402181F31288BFF36F8F66
:10F6C000C16811F01E0F16D153EA020508D101A935
:10F6D000FFF718FF84F31188BFF36F8F03B030BDBD
:10F6E00041F00801C160019981620449103000F0C5
:10F6F00087FC0120EEE70020ECE700BFAB6F0200C3
:10F7000001460148FFF7D2BF90300020F7B50C4604
:10F71000019016461D46EFF31187402383F31288AC
:10F72000BFF36F8F084607F0F7FB55EA060309D1D0
:10F7300001A92046FFF7E6FE87F31188BFF36F8F1C
:10F7400003B0F0BDE368074943F00803E360019BA1
:10F75000A36232462B4604F1100000F051FC012058
:10F76000EAE700BFAB6F020001460148FFF7CEBFDA
:10F77000903000202DE9F043073285B022F00702D7
:10F780000E461F461099818100F158037F32C0E96F
:10F7900016330446002322F03F02042183600174E3
:10F7A0003F2A0F98A073C4E90633E37306F14009BA
:10F7B000A2F1400805D883F31188BFF36F8F084684
:10F7C00002DFB51829462046F3F72CFE07300E9BC2
:10F7D00020F00700A066C4E9189802930D9B0193DE
:10F7E0002D1A0C9B00932A463B4631462046F4F7DF
:10F7F00067F900236365044B9B6803B1DB6EE36626
:10F80000284605B0BDE8F0832C4B0020F0B587B04A
:10F8100000250595109D04950F9D03950E9D02955D
:10F82000DDE912760D9D01950C9D00950446FFF7CC
:10F83000A1FFB6F1FF3F08BFB7F1FF3F05D056EA81
:10F84000070305D1204607F034FD204607B0F0BD80
:10F850003A46334604F11800014900F0D1FBF4E7C1
:10F86000E17102000123037483810023C0E918338E
:10F87000C366014B986070472C4B0020094A93687F
:10F880006FF00A019967084958674B6843F0805345
:10F890004B60002383F31188BFF36F8F9368986FD9
:10F8A000704700BF2C4B002000ED00E070B590F9D0
:10F8B0001020037C002A2FDBD9062DD11A4C63F0CF
:10F8C0007F032246037452F8183FE169934207D13F
:10F8D000C0E900210860E0610FE09942F8D01B68A0
:10F8E000002BF5D093F90E6090F90E50AE42F4DD86
:10F8F0005968C0E9003108605860A569954200D098
:10F9000005B9E568A3681A7CD20606D1DA897F2A90
:10F9100003D9AA690AB9636170BDAB4202D0284617
:10F9200000F0F0FA6561F7E72C4B002038B590F94C
:10F930001020037C002A014604DA03F07F030374DD
:10F9400007F0E2FB0D4D2A46AB6852F8184F94427F
:10F9500000D004B9EC688B4207D01A7CD20604D1DF
:10F96000DA897F2A01D9A2692AB1A34202D02046AE
:10F9700000F0C8FA23466B6138BD00BF2C4B002055
:10F98000B3F1FF3F08BFB2F1FF3F03D00249183087
:10F9900000F036BB704700BFE1710200034648B972
:10F9A000EFF3058232B9064A51699268914201D05B
:10F9B000FFF764BF83F31188BFF36F8F704700BFF9
:10F9C0002C4B002038B5184CA168E0690B688142C7
:10F9D00014BF1A46002249680B605960A368E169A8
:10F9E0002AB9124AC3E900210B60E3610AE092F9E7
:10F9F0000E5093F90E00854212DD5168C3E90021D3
:10FA00000B605360A569094B9D4200D005B9E568BC
:10FA1000A3689D4202D0284600F074FA656138BDA3
:10FA20008A42DED01268DBE72C4B0020444B0020DA
:10FA3000F8B50E4B0C4611460D4A98681060DDE98A
:10FA40000667EFF31182402282F31288BFF36F8FB3
:10FA50009D68284607F06AFB284632463B46FFF77A
:10FA60008FFF2046BDE8F840FFF708BF2C4B002071
:10FA7000544B0020F8B50446EFF31187402383F37D
:10FA80001288BFF36F8F037C03F01F02002A0CBFA4
:10FA90000126002649B235D103F07F03037407F035
:10FAA00033FB294D037C817363F07F032A46037483
:10FAB00052F8183FE869934207D1C4E90020046076
:10FAC000EC610DE09842F8D01B68002BF5D093F95B
:10FAD0000EC08C45F6DD5968C4E900310C605C60ED
:10FAE000AC69944200D004B9EC68AB689C4202D087
:10FAF000204600F007FA6C6187F31188BFF36F8F1F
:10FB00003046F8BD9B071CD5856807F0FDFA817368
:10FB10002B689D4209D16B68C4E900531C606C607E
:10FB2000EAE76A689A42F6D01B68002BF3D093F993
:10FB30000E208A42F5DD5A68C4E9003214605C6028
:10FB4000DAE78173D8E700BF2C4B0020034648B9A1
:10FB5000EFF3058232B9064A51699268914201D0A9
:10FB6000FFF78CBE83F31188BFF36F8F704700BF20
:10FB70002C4B0020EFF31181402383F31288BFF355
:10FB80006F8F054B9A68D37B013BD37381F3118848
:10FB9000BFF36F8F704700BF2C4B002070B5EFF3A1
:10FBA0001186402383F31288BFF36F8F0F4DAB682C
:10FBB000DA7B0132DA732A4652F8184F944200D0A9
:10FBC00004B9EC681A7CD20604D1DA897F2A01D9FB
:10FBD000A2692AB19C4202D0204600F093F9234644
:10FBE0006B613046BDE87040FFF7D8BE2C4B00205B
:10FBF000024B03F11802C3E9062270472C4B002088
:10FC000070B5EFF31186402383F31288BFF36F8F33
:10FC10001A4CA168E0690B68814214BF1A460022A1
:10FC200049680B605960A368E1692AB9144AC3E9BD
:10FC300000210B60E3610AE092F90E5093F90E0087
:10FC4000854216DD5168C3E900210B605360A56948
:10FC50000B4B9D4200D005B9E568A3689D4202D0D8
:10FC6000284600F04FF965613046BDE87040FFF767
:10FC700005BE8A42DAD01268D7E700BF2C4B0020BD
:10FC8000444B0020F8B550EA010306460C4603D168
:10FC9000FFF7B6FF0020F8BDEFF31187402383F391
:10FCA0001288BFF36F8F124D124BA8681860FFF7D0
:10FCB0003DFEA868104923463246183000F0A0F9EE
:10FCC000AA68137C43F00403137404463846FFF714
:10FCD000D5FDAB68D3E90A23B3F1004F08BF002A72
:10FCE000D8D107F074FB201A20EAE070D3E700BFF8
:10FCF0002C4B0020544B0020E17102000C490D4AAE
:10FD000008B58C464FF4004E0021C0FB0EC1002305
:10FD10006046EBF7A3F9C117FFF7B4FF054947F6B3
:10FD2000FF730022E0FB0132DB0B43EA424008BDD7
:10FD30003F420F0040420F00014B9868704700BFE0
:10FD40002C4B00202DE9F84304468789EFF31186F8
:10FD5000402383F31288BFF36F8F037C190705D507
:10FD600086F31188BFF36F8FBDE8F883D90943F09C
:10FD700008026FD10274A36813B1204607F0CCF9D2
:10FD800004F1180007F0EEFAA56D04F15808A84533
:10FD900011D04FF0000975B1284607F0BDF905F103
:10FDA000180007F0DFFAC5F878902846FFF77EFDC7
:10FDB000A56DA845EFD1DFF8BC80D8F808309C428B
:10FDC00050D1EFF30589B9F1000918BF4FF00109CF
:10FDD000D8F81850284A954200D00DB9D8F80C50E0
:10FDE000AB4202D0284600F08DF82046C8F81450E7
:10FDF00004F0FAF8B9F1000F02D02048FFF732FD05
:10FE0000D8F808309C4230D1EFF305836BBBA28950
:10FE1000D20711D586F31188BFF36F8F83F3118852
:10FE2000BFF36F8F0423184602DFEFF311864023E0
:10FE300083F31288BFF36F8F3046FFF71FFDFB0778
:10FE400092D5002383F31188BFF36F8F04231846E4
:10FE500002DF89E703F07F0343F00803037407F030
:10FE600053F988E74FF00009B2E786F31188BFF332
:10FE70006F8FE4E72C4B0020444B002030310020F2
:10FE8000D3B5DDE90667089CCDE90067FFF7D0FD33
:10FE90001CB1034B9B685B69236002B0D0BD00BFFF
:10FEA0002C4B0020027C12F01F02034610D10A499D
:10FEB00088420DD00949086868B1D9897F2909D8D5
:10FEC00093F90E20064B1B689A42B8BF002070477A
:10FED0000020704710467047902F002064090020D2
:10FEE000584B0020044BC01A044BC0105843044B1D
:10FEF00001221A54704700BFB0310020ABAAAAAA51
:10FF00005C51002070B50C4B0C4D1E7CFFF7CAFFF6
:10FF1000182303FB06550446284607F023FA084B2E
:10FF200000229A553CB1621E28460649BDE8704041
:10FF3000D31700F065B870BD2C4B0020B031002005
:10FF40005C510020E5FE010038B5EFF31185402338
:10FF500083F31288BFF36F8F0F4B104A9C681068B1
:10FF6000A04206D1FFF7CEFF85F31188BFF36F8F54
:10FF700038BD00211B7C1160094AD35C002BF3D0F3
:10FF80002046FFF78FFF0028EED0237CDB0601D14F
:10FF9000FFF718FD2046E5E72C4B0020544B0020CE
:10FFA0005C510020024B1868984208BF002070473F
:10FFB00068090020034B1B680BB9FDF70BBB002041
:10FFC000704700BF5C4B002030B570B10B4B5B68D5
:10FFD00098420AD0036843B1D3E90421D0E904452B
:10FFE000121941EB0501C3E90421D0E90032136085
:10FFF0005A600023C0E9003330BD00BF680900200B
:020000022000DC
:10000000B3F1FF3F08BFB2F1FF3F2DE9F84F0446BF
:10001000994615461F467AD08160EFF31188402338
:1000200083F31288BFF36F8FB9F1000FDFF8E4A0FC
:1000300020DBFFF7BFFFDAE90027013549F10009AE
:100040002D1849EBE073C4E90453AD18064643EBA1
:1000500007074FF00109FFF7A5FFDFF8BCE0DEF866
:1000600004A00346EBB9C4E900EACAF80040CEF8A0
:10007000044028E0DAE900126FF001035B1A4FF048
:10008000FF3161EB02025B1B62EB0902012B72F193
:100090000001BCBF01230022C0E904324FF0000977
:1000A000D9E7D3E9041CD4E904208A4270EB0C0B95
:1000B00024DA891A5A686CEB0000C3E90410C4E919
:1000C000003214605C60FFF76DFF84420ED1134B69
:1000D0001B685BB9B9F1000F02D1FFF76BFF064651
:1000E000304607F028F90021FDF746FA88F3118819
:1000F000BFF36F8F28463946BDE8F88F521A60EB80
:100100000C005345C4E90420ADD01B68AAE70025C4
:100110002F46EFE7C8310020680900205C4B002023
:100120002DE9F047DFF8A890DFF8A880C9F80000B3
:100130000246FFF737FF0D4600260027D8E90013D7
:100140004FEAE27E50B1D0E9044CA2427EEB0C0AA9
:100150001BDAA41A6CEB0E06C0E9044652184FF0E5
:10016000000443EB0E032046C8E90023C9F8004011
:1001700007F0E1F82146FDF7FFF985F31188BFF399
:100180006F8FBDE8F047FFF7DFBE611843EBE47304
:10019000C0E90467C8E90013FFF716FF01224FF01A
:1001A0000043C0E9042385F31188BFF36F8F836890
:1001B0009847EFF31185402383F31288BFF36F8FC5
:1001C000D9F80020121BC9F80020FFF7EBFEB5E7B5
:1001D0005C4B0020C831002010B5EFF311844023A0
:1001E00083F31288BFF36F8FFFF7E4FE054A0346DF
:1001F000D2E90001181841EBE37184F31188BFF3D1
:100200006F8F10BDC8310020F8B50446EFF3118799
:10021000402383F31288BFF36F8FD0E90423B3F137
:10022000004F08BF012A04D087F31188BFF36F8FF6
:10023000F8BDD0E90A566A1C46F10003022A73F1A0
:10024000000334D3013D46F1FF36002EBCBF00252C
:100250002E4607F0C0F8013041F10001401946EB8D
:100260000101012871F1000147DB07F0B4F801300A
:1002700041F100016FF00203401946EB0101834296
:100280006FF000438B413DDB07F0A5F8013041F1F1
:1002900000016FF00102401946EB0103121A4FF002
:1002A000FF3161EB030319492046FFF7A9FE236BD9
:1002B00001332363236A63B187F31188BFF36F8F20
:1002C00020469847EFF31187402383F31288BFF34A
:1002D0006F8F54F8185FA542A6D0002DA4D02846F1
:1002E00006F059FF0023AB6787F31188BFF36F8FC8
:1002F0002846BDE8F84006F03FBF6FF001024FF01E
:10030000FF33D0E700224FF00043CCE709020200A0
:100310002DE9F04105461C4690461F46EFF3118635
:10032000402383F31288BFF36F8FB4F1FF3F08BF00
:10033000B2F1FF3F05D186F31188BFF36F8FBDE89F
:10034000F081002C09DB012A74F10003BCBF0122FB
:10035000002412F1FF3844F1FF37284607F002F875
:10036000DDE906010023C5E90A012B6342463B464D
:1003700028460249FFF744FEDDE700BF09020200FC
:1003800070B50546EFF31184402686F31288BFF35B
:100390006F8F06F0E7FF20B184F31188BFF36F8FF2
:1003A00070BD6B6A63B184F31188BFF36F8F6B6AA2
:1003B00028469847EFF3118486F31288BFF36F8FB6
:1003C00005F1180006F01CFF0028E5D006F0D4FE69
:1003D00021460248BDE8704006F028BF5D5100206C
:1003E000F8B507460C46164606F083FE08B1002015
:1003F000F8BD0D4B9B68DD6E002DF8D0221DF6D2A6
:10040000EFF31184402383F31288BFF36F8F47F01B
:1004100004012846B04784F31188BFF36F8F00288A
:10042000E5D040F8045BE3E72C4B00200146024A8C
:100430000020FFF7D5BF00BF0B28020010B50C4C01
:10044000236813B10B4B1B682BB900F02FFF30B999
:10045000084B01221A6001232360002010BD0138DF
:10046000062801D9044810BD044B53F8200010BDE4
:10047000644B0020604B0020FE8FFFFF4084020091
:10048000BFF34F8F0549064BCA6802F4E06213437D
:10049000CB60BFF34F8F00BFFDE700BF00ED00E072
:1004A0000400FA0510B4094B09490A4C4FF0FE321A
:1004B000C3F800244968C3F80424C3F80824C3F827
:1004C0000C240023C4F8003510BC084700B00250CB
:1004D0007009002000A00250D0E90012014BC3E9CE
:1004E000001270477009002070B58CB014460646A3
:1004F0000D4603AA202104A800F0B6F9002835D142
:10050000039B202B32D11A484FF0FF3100F082FFBD
:1005100040BB002000F0AEFF00BB00942B46202221
:1005200006F1100004A900F091FC0446012000F03F
:10053000A1FF78B90E4800F075FF38B9B4B9202191
:1005400004A800F045FF20460CB070BD0948FFF735
:10055000A9FFF3E70848FFF7A5FFEBE70648FFF719
:10056000A1FFDAE70348FFF79DFFD2E7034CEAE774
:10057000FC0900205C84020074840200FE8FFFFFEF
:10058000F0B50F468FB015460446002859D03E4BB3
:1005900002689A4264D00DB1002969D026464FF412
:1005A000A071304600F014FF05AA202106A800F033
:1005B0005BF900285FD1059B202B5CD133484FF0BD
:1005C000FF3100F027FF70BB002000F053FF30BB6D
:1005D00000230295CDE90037202206A906F110007C
:1005E00000F0D8FA0546012000F044FF98B92748EA
:1005F00000F018FF58B9002D41D1202106A800F0C5
:10060000E7FE214B33609CB128460FB0F0BD204877
:10061000FFF748FFEFE71F48FFF744FFE7E71D48F4
:10062000FFF740FFD4E71A48FFF73CFFCCE700256F
:10063000194800F0F7FE0028E6D01548FFF732FF12
:10064000E2E715484FF0FF3100F0E4FE60B9134BCC
:100650000D4A1B689342EAD005B197B10F4E9EE751
:10066000002528460FB0F0BD0948FFF71BFFEEE755
:100670006FF4E045C8E7202106A800F0A9FE084D68
:10068000C1E76FF4E045D3E7A5BCC95AFC090020D7
:100690005C84020074840200E8090020684B00209A
:1006A000FE8FFFFF2DE9F04F83B0002B00F0C780D5
:1006B0001D4600230446884617462B608AB1002950
:1006C00000F0BD80002800F085805E4B02689A42F1
:1006D00044D1B7F5806F0AD95B4E304603B0BDE810
:1006E000F08F002876D0574B02689A4236D1A14647
:1006F000D9F838311BB1D9F83020934235D9534855
:100700004FF0FF3100F086FE00287CD1002000F081
:10071000B1FE002873D1002309F1100A4FEAC70B7C
:10072000009342465946504600F098FA064601208A
:1007300000F0A0FE00285ED1444800F073FE0028BF
:1007400055D11F2E1AD076B92F6044B9404800F019
:1007500069FE20B13F48FFF7A5FE00E03E4E30465F
:1007600003B0BDE8F08F3D4EEFE70022114648464A
:10077000FFF7BAFE06460028C1D0E6E70022484649
:100780001146FFF7B1FE06460028DED12F484FF094
:10079000FF3100F03FFE00284DD1002000F06AFE3E
:1007A000002844D10023424659465046009300F0A9
:1007B00055FA0646012000F05DFE002833D123489B
:1007C00000F030FE0028BED02248FFF76BFE002E5E
:1007D000BAD0C8E71E484FF0FF3100F01BFED8B971
:1007E0001F4B1A68174B9A4211D01B4EAEE719489F
:1007F000FFF758FEA5E71B48FFF754FE9CE7194892
:10080000FFF750FE87E71348FFF74CFE7EE7B7F58A
:10081000806F05D90C4E99E70E48FFF743FEDFE7DE
:10082000DFF83C9064E70F48FFF73CFEC7E70D4850
:10083000FFF738FEB6E70748FFF734FEADE76FF481
:10084000E0468CE7A5BCC95ADE8FFFFFFC090020FB
:10085000E80900205C840200E88FFFFFFE8FFFFFA5
:10086000684B0020748402002DE9F047DFF8A0A057
:100870000D4680464FF0FF31DAF80000914600F057
:10088000C9FDB0BB002000F0F5FD70BBCDB1214F1C
:10089000002603E000F09AFD2D1B13D0182D4FF019
:1008A000180138462C4628BF182400F025FB0346C3
:1008B000224608EB060039462644002BEAD0164CA7
:1008C00003E02E46C9F8006000241248182100F009
:1008D0007FFD012000F0CEFDA8B9DAF8000000F09D
:1008E000A1FD50B92046BDE8F0870C48FFF7DAFDBE
:1008F000CCE70B48FFF7D6FDC4E70948FFF7D2FD68
:100900002046BDE8F0870548FFF7CCFDE5E700BFCE
:10091000EC090020A84C0020FE8FFFFF7484020029
:100920005C84020010B5044650B1636813F0685F40
:1009300005D0064A934202D000232360626010BDB6
:10094000034B04485B689847EFE700BF2C5F5CA946
:100950007009002094840200C8B143680D4A934294
:1009600013D013F0685F0ED0012350E8002F194612
:1009700040E8001C9CF0000FF7D1012AF5D0BFF32E
:100980005F8F0020704704487047044870476FF439
:10099000E04070472C5F5CA9E98FFFFFEA8FFFFF03
:1009A00080B14368094A93420AD013F0685F05D0CA
:1009B000BFF35F8F002303601846704704487047F9
:1009C000044870476FF4E040704700BF2C5F5CA99B
:1009D000E98FFFFFEA8FFFFF10B5044620B1044BFB
:1009E00063600022226010BD0248FFF75BFDF6E75E
:1009F0003A00003ABC84020010B5D0E90023194C3B
:100A00006360D0E90230C4E902302260164BD1F8AD
:100A100000C0C3F800C0D1F804C0C3F804C0134834
:100A2000D1F808C0C3F808C0D1F80CC00969C3F8F0
:100A30000CC01961436813F0685F04D00C490023AF
:100A4000C0E9003190470B48436813F0685F07D056
:100A5000074923680022C0E90021BDE8104018477B
:100A600010BD00BF8C09002078090020AC090020CF
:100A70002C5F5CA9A4090020F0B585B00446C07FB6
:100A8000A37F94F81DC094F813E0451C03EB1523D5
:100A90000CEB132CA377237FE07E84F81DC003EBBF
:100AA0001C2300EB13202377A37E94F819C0E07673
:100AB00003EB10230CEB132CA376237EE07D84F84C
:100AC00019C003EB1C2300EB13202376A37D94F8BD
:100AD00015C0E07503EB10230CEB132CA375237DDD
:100AE00084F815C003EB1C2394F812C023750EEB99
:100AF000132E637CE5770CEB1E2C03EB1C2384F890
:100B000012C094F810C084F813E020460CEB132CAC
:100B1000637400F810CF10234FF0000CCDE900C033
:100B200004AF02930E4615462346624660460221F4
:100B300000F01EFE10B10437BD46F0BD2021204656
:100B400000F0ACFE0028F6D12946304600F0A8FEA1
:100B50000028F0D11F2D14D8C5F1270323F0070377
:100B60006E46ADEB030DC5F1200504AC01462A46E7
:100B7000204606F0B3FC2946204600F091FE38B925
:100B8000B5460021084600F0C7FE0437BD46F0BD5B
:100B9000B546D0E7F0B589B005460F9C109E002CF5
:100BA00047D02022684606F072FC66B3731E022B03
:100BB00051D926F00300214620446A4651F8043BEF
:100BC0001768814283EA070342F8043BF6D1B30772
:100BD00019D026F003031DF80310E25C4A400DF81B
:100BE00003205A1C96420ED91DF80200A15C023364
:100BF00041409E420DF8021005D91DF80310E25C39
:100C00004A400DF8032024220021284606F066FC05
:100C1000202269462846FFF72FFF044610B901231A
:100C20002B6200240821684600F01CFB204609B016
:100C3000F0BD0F462422214606F050FC2022394602
:100C40002846FFF719FF04460028EFD1012320466C
:100C50002B6209B0F0BD0023BDE700BF2DE9F043D2
:100C60009046026ABDB01D4601324FF00003CDE947
:100C70000433CDE90633CDE90833CDE90A3370D02A
:100C800004460E46002D6AD0449A2946FFF7F4FE2A
:100C9000002861D1E27FA17F637F501C01EB10210E
:100CA000227FA17703EB112302EB13226377E37E0C
:100CB000227703EB1223A27EE37602EB1322637EFC
:100CC000A27603EB1223227E637602EB1322E37DEE
:100CD000227603EB1223A27DE37502EB1322637DE0
:100CE000A27503EB1223227D637502EB1322E37CD2
:100CF000227503EB1223A27CE37402EB1322637CC4
:100D0000A27403EB1223227C637402EB132323747B
:100D10000022102304F11007E0770221CDE90173CE
:100D200010460092234600F023FDA8B94046F10882
:100D300000F0B4FD80B95FEA162916D04FEA092900
:100D4000804601E0C84510D0202104A808F580782D
:100D500000F0A6FD0028F5D03DB0BDE8F08304AD5D
:100D600098E71F203DB0BDE8F083B14507D0A6EB62
:100D70000901C90804A800F093FD0028ECD10CA8D3
:100D800000F05EFD0021084600F0C6FD0028E3D11A
:100D9000102212A9384606F07AFBE17FA37F627F1A
:100DA0000139A3EBD1739BB2A2EBD332A377237F9C
:100DB000E17792B2E17E6277A3EBD2339BB2A1EBF3
:100DC000D3312377A37E627E89B2A3EBD1339BB26A
:100DD000A2EBD332A376237EE17692B2E17D6276F6
:100DE000A3EBD2339BB2A1EBD3312376A37D627DFB
:100DF00089B2A3EBD1339BB2A2EBD332A375237D8F
:100E0000E17592B2E17C6275A3EBD2339BB2A27C16
:100E10002375A1EBD33189B2637CE174A2EBD132AB
:100E200092B2A3EBD233A274227C9BB26374A2EB86
:100E3000D3332374202229462046FFF71DFE0028C5
:100E40008AD1236A0133236286E700BFF0B589B0F7
:100E500005460E9E002B43D0684617461C4606F0FA
:100E600016FB66B3731E022B44D926F003022244FC
:100E7000A646EC46DCF800305EF8041B5940964567
:100E80004CF8041BF6D1B30719D026F003031DF864
:100E90000310E25C4A400DF803205A1C96420ED91A
:100EA0001DF80200A15C023341409E420DF8021081
:100EB00005D91DF80310E25C4A400DF803203A46BC
:100EC00069462846FFF7D8FD044610B901232B6276
:100ED00000240821684600F0C5F9204609B0F0BD9D
:100EE000FFF7CAFD04460028F7D1012320462B62F4
:100EF00009B0F0BD0023CAE72DE9F04FC24C8FB016
:100F0000237800AFC7E901012BB9204600F066FF46
:100F1000204601F0ADF8BD4BBA68A3FB02231B09C4
:100F20004FF0000B3B61C7F814B0B74800F0BCFFAE
:100F30008246002852D1B64C237C002B40F0AD8075
:100F40004FF08053E946D3F80C2C013200F07A813F
:100F5000D3F80C2CAD4B172AA3FB02134FEA131640
:100F600040F29980FE604FF000084E46C7F800A09E
:100F7000A548062207F1200100F0D8FF002840F024
:100F80006481A44BD4E90215986807F1200C07F19D
:100F9000380EDCF800301F22994603E0A8420ED03C
:100FA000531C20D04B46D34013F0010315BF002142
:100FB000013101351D46884202F1FF32EED19648DB
:100FC000C4E902154FF00E0AFFF76CFAB54600F0BF
:100FD000A3FF8D4801F050F80028A6D150463C37B9
:100FE000BD46BDE8F08F0CF1040CE645D1D1894B2C
:100FF0002068C4E90215D3E9009A07F1200E1822EF
:101000004FF0000B41460346C3F5806C4FEA5C1C71
:101010004FEA8C0C944528BF94465FEA9C0826D082
:10102000C7E9063EAEF10400656800EB880850F899
:1010300004EF4FEA5E0303F05533AEEB03034FEAD0
:10104000930E0EF0333E03F03333734403EB13136C
:1010500003F00F3303EB032303EB03431B0EC3F136
:10106000200380451D44E2D1D7E9063E656003EBCD
:10107000CC03B3F5806FA2EB0C024BD0E644002A00
:10108000C2D12360FB6801F101089845FFF470AFFD
:10109000D7F800A0B54601232374BB68172B40F294
:1010A000A0807B687A69FA6103EB8201002398468D
:1010B0008946D34654480622494600F037FFCC46BD
:1010C000002840F0C580534BD4E902569968FB696B
:1010D000A9F1040E9A465EF8040F1F2203E0B14204
:1010E0000ED0531C21D020FA02F313F0010315BFD8
:1010F0000025013501361E468D4202F1FF32EED148
:101100004548C7F814A0C4E902564FF00E0AFFF78D
:10111000C9F95CE763684B4580F08A80534540F22B
:101120008780C4F804B00023A8E709F114037345CD
:10113000C4E90256CFD1374BC7F814905246D3E9D1
:1011400000EA2368FA6118214046C3F580684FEA37
:1011500058184FEA8808884528BF88465FEA9809EA
:1011600026D0ACF104056668C7F818C005EB8909FC
:1011700055F804CF4FEA5C0202F05532ACEB0202A4
:101180004FEA920C0CF0333C02F03332624402EB33
:10119000121202F00F3202EB022202EB0242120E96
:1011A000C2F1200216444D456660E1D1D7F818C05F
:1011B00003EBC803B3F5806F2360A1EB080117D0E0
:1011C000C4440029C1D1FB69D7F814900633FB61F0
:1011D0003B6900F10108984509F11809FFF46AAF6D
:1011E000DA4600F099FE50463C37BD46BDE8F08F28
:1011F0006368734512D2534510D900230022C4E915
:1012000000230023DCE700BFD84C0020ABAAAAAA29
:10121000D0310020D4090020E0840200FB6910488E
:101220007B614FF00D0AFFF73DF900F075FED0E647
:101230004FF480630A4823604FF00D0AFFF732F93C
:10124000B546C4E64FF404768CE68246B546BEE663
:10125000FB697B610546AA4600F05EFEB9E600BF69
:10126000E0840200890000F047B900BF3AB101EB09
:10127000820251F8043B40F8043B9142F9D1704797
:1012800008B500F037F830B900F03EF828B9064A42
:10129000C2F80C0A08BD032008BD00F02DF800F0CC
:1012A0006DF8042008BD00BF00B0025030B583B017
:1012B000FFF7E6FF044610B90B4D2B6813B120462B
:1012C00003B030BD02460146FFF75AF950B907494D
:1012D00001AB6822FFF7E6F920B9054B2B602046E9
:1012E00003B030BD0524EAE7E84C0020EC4C0020B8
:1012F0005AEA5A5A0020704700207047014BC3F841
:10130000040A704700B0025010B5154800F06EF89E
:1013100000B110BD134800F069F80028F9D1124C53
:10132000204600F063F80028F3D1104B10481C60F1
:1013300000F05CF80028ECD10E4800F057F80028C7
:10134000E7D10D4800F052F801460028E1D100F045
:1013500039F8044608B900F06FF8204610BD00BF08
:10136000FC090020F8090020F4090020EC09002005
:10137000F0090020E8090020E409002008B50B4826
:1013800000F03EF80A4800F03BF80A4800F038F850
:10139000094800F035F8094800F032F8084800F034
:1013A0002FF8BDE8084000F00FB800BFFC0900208E
:1013B000F8090020F4090020F0090020E8090020C5
:1013C000E409002000207047704700BF06F06DB8A8
:1013D00082B0019041B100239C461A460198013326
:1013E000994200F802C0F8D102B0704708B5034B2B
:1013F00002681B6810689847002008BD8C0900200F
:1014000008B5034B02685B6810689847002008BD68
:101410008C090020024B02689B681068184700BFC7
:101420008C09002008B5034B0268DB6810689847F8
:10143000002008BD8C09002070B5094C094D2069B9
:10144000AB68984718B1084B08485B689847084A4A
:10145000EB68206900211160BDE87040184700BFAB
:10146000780900208C09002070090020EC8402001B
:10147000544D0020F8B51A4D1A4E0446B26828693A
:101480009047E8B9184F3B684CB1A3B1012B19D074
:10149000013B3B602869F36898470020F8BD43B9D9
:1014A000124A0121C2F800151149D1F81029002A69
:1014B000FBD101333B60F368286998470020F8BDF1
:1014C0000C48F8BD0A4AD2F81039002BFBD1074A64
:1014D0006FF07E40C2F80035FFF710FF3B68D7E79A
:1014E000780900208C090020544D002000A00250F3
:1014F00000B00250E98FFFFF2DE9F0410E4682B0A7
:10150000002879D000296FD03E4C0546012755E0D0
:10151000D4E901E1D4F80CC020684FEACE524B095F
:1015200080EAC05842EA502243EACC638EEA0200C5
:101530004B404FEA984E4EEA803E83EA08038CEA1D
:101540005C1283EA0E03424011EB030E82EA9042E2
:101550004CEB0200082EC4E90232B04628BF4FF01F
:10156000080815F00303C4E9001CCDE900E032D1FE
:10157000072E3DD8032E2CD9B8F10402C5F800E09F
:1015800018D0042303F108016944012A11F8081C4A
:10159000E9540FD003F109006844591C10F8080CF5
:1015A0006854032A06D103F10A026A44023312F88E
:1015B000082CEA54B6EB0806454415D0237E002BD0
:1015C000A6D118212046FFF797FC0028F9D12776ED
:1015D0009EE74246D6E728464246694605F057FF51
:1015E000B6EB08064544E9D1002002B0BDE8F08121
:1015F000C5F800E06860DDE70029F5D0142002B0EE
:10160000BDE8F081E831002031B10138002300F855
:10161000013F01339942FAD1704700BF70B5504C79
:10162000504D0120C4F8100800F0C4FB0023C4F89A
:101630004034C4F84434C4F84834C4F84C34C4F8D2
:101640006034C4F86434C4F86834C4F86C34C4F842
:10165000BC34D4F8C03423F00103C4F8C0346B6840
:10166000D4F8C02403F001031343C4F8C0342A683B
:10167000072A05D1D4F8C03423F00103C4F8C034DC
:10168000374CD4F8C01421F01C01C4F8C014D4F8AD
:10169000C014930003F01C030B43C4F8C034D4F807
:1016A000C03495F89C1023F00203C4F8C03400291C
:1016B000A96B2D4B08BF002300293DD1D4F8C004ED
:1016C00020F44050C4F8C00495F83400D4F8C06445
:1016D000C4F8C064A0B91A68C4F800245A68C4F8F1
:1016E00004249A68C4F80824DB68C4F80C342A6817
:1016F000072A03D11A4B0122C3F87C24002070BDB5
:101700000328F5D11868194E00F0D6FCB0B933683B
:101710001B68C4F8003433685B68C4F80434336869
:101720009B68C4F808343368DB68C4F80C3400F0F4
:10173000D1FC18B92A68DBE7062070BD3268084B77
:101740001268C3F8002432685268C3F8042432686F
:101750009268C3F808243268D268C3F80C2470BDBC
:1017600000B00250584D0020F84D0020E009002044
:101770002DE9F84F2F4E304DDDF828A00024834688
:101780000F4691462146C0223046984605F0A6FEF7
:10179000C5F84044C5F84444C5F84844C5F84C442D
:1017A000C5F86044C5F86444C5F86844C5F86C449D
:1017B00000F0F8FAC5F8C044204600F0FBFAC5F87E
:1017C0001048C6E9007B86F83490C6F838A0B8F116
:1017D000000F0AD00AF102020123D200414606F1AD
:1017E000A00086F89C3005F052FE102000F0CCFAE4
:1017F000FFF714FF40B9022F08D0072F04D01FB104
:101800000E48FEF74FFE0620BDE8F88F0B9A0A4BF4
:101810001268C3F860240B9A5268C3F864240B9AC8
:101820009268C3F868240B9AD268C3F86C24BDE8A8
:10183000F88F00BF584D002000B00250E084020035
:1018400010B51349C022044605F021FE114B124980
:10185000D3F84024A260D3F84424E260D3F84824AB
:101860002261D3F84C246261D3F86024A261D3F8DA
:101870006424E261D3F868242262D3F86C34636292
:1018800004F13C006022BDE8104005F000BE00BF3E
:10189000584D002000B00250684E002000F07ABA87
:1018A00070B51B4C2368072B17D0A36A06460D465C
:1018B000B3B1012000F07EFAA36A2B440F2BA36280
:1018C0001CD9012301222946304600F0BFF9034606
:1018D00020B9104B1B6C102B16D00023184670BD7E
:1018E000E36A002BE5D0012000F032FA2368072BD1
:1018F000DFD1A36A2B440F2BA362E2D82368012B0C
:1019000094BF00230123DDE700F022FAE5E700BFE2
:10191000584D0020684E00202DE9F041554CDFF86D
:101920005881564A84B0A36AD8F84050C2F8BC54D3
:1019300000AF06460D46B3B32368072B7ED10020C7
:1019400000F006FA4D4B0022C3F8BC2415B1D8F8BC
:1019500058302B602368072B2FD000260024474DDA
:101960004448C022214605F0B9FDC5F84044C5F8F9
:101970004444C5F84844C5F84C44C5F86044C5F82B
:101980006444C5F86844C5F86C4400F00BFA20467E
:10199000C5F8C04400F00EFA30461037C5F81048BC
:1019A000BD46BDE8F081E36A002BCBD02368072B4E
:1019B00057D0012000F0CCF9C4E7E36A1BB92F4BE4
:1019C0000122C3F824252D4B256BD3F840243A601F
:1019D000D3F844247A600335D3F848246168BA60A8
:1019E000AD08EA1DD3F84C04F86022F00703012982
:1019F0006C46ADEB030D2CD129466846FFF704FE7B
:101A000065B3691E0DF1FF306944002210F8013FF3
:101A100007F1100505EB830556F8233055F8105CE7
:101A20006B40134314BF012200228842EED1ABB1B8
:101A30001348FEF737FD1226A5468FE7012000F078
:101A4000B9F92368002B7FF47AAF012000F080F908
:101A500078E72A4639463046FFF708FC0026A546B7
:101A60007CE7012000F0A6F92368072B3FF467AF5D
:101A70009FE700BF584D0020684E002000B0025084
:101A8000E0840200F0B56E4B6E4A0124C3F8204892
:101A900092F85C5092F84870A54286463CD04FF4CC
:101AA000FE64C3F8044AD3F8084A44F47F64C3F8D8
:101AB000084A002F3BD1002D61D1634B1C7C14B12F
:101AC0001C68844261D993F824401CB15C6984424B
:101AD00040F2818093F838401CB19C6A844240F205
:101AE000918093F84C401CB1DC6B844240F29180B1
:101AF000534BC3F828ECC3F82C1C002F43D0802193
:101B00004F4AD2F8003A31EA0303FAD10023C2F86F
:101B1000081AC2F82038F0BD4FF47664C3F8044ABE
:101B2000D3F8084A44F47F64C3F8084A3FB3464BED
:101B3000D46C1F7C17B11F68BC4237D293F8247055
:101B400017B15F69BC424DD293F8387017B19F6AE4
:101B5000BC424FD293F84C7017B1DF6BBC4260D2DD
:101B600027460C44D464946D0C449465344CC4F8FA
:101B7000287DC4F82C1D002D5CD101279EE7C3F8F9
:101B8000300CC3F8341C4021BAE75D682544854217
:101B900099D9002505EB850503EB8503556D9A68FA
:101BA000DE68121B104405FB060EA1E75E6807EB1A
:101BB000060C6445C2D24FF0000C0CEB8C0C03EB0E
:101BC0008C0CDCF80860DCF80CC0F71B566D274461
:101BD00006FB0C77C5E79D69254485427FF67AAF01
:101BE0000125D7E79E6907EB060C6445ACD24FF0A0
:101BF000010CE2E7DE6A07EB060C6445AAD24FF05F
:101C0000020CDAE7DD6A254485427FF66AAF0225D9
:101C1000C0E71D6C2544854288BF03257FF668AF69
:101C2000B8E71E6C07EB060C644538BF4FF0030C99
:101C300096D2C2E7C4F8300CC4F8341C5FE700BF8A
:101C400000B00250684E0020184E0020B0F1005F36
:101C500055D32DE9F84314464218B2F1804F05469A
:101C60000F4669D8DFF8E090D9E9101274B3002B61
:101C70004ED0D9F85030BB4261D3DB1BC9F850308D
:101C8000002947D1FFB1D9F8401089F84840C1BBBD
:101C9000D9F844307E1EB6FBF3F603FB06F646B1D8
:101CA000B6F5803F28461CD23146FFF7EBFEBF1B3E
:101CB000354425483A46294605F0E9FBD9F8403035
:101CC0003B44C9F840300020BDE8F8830029D9D052
:101CD00099F84830F3B14846FFF7D4FEC9F84040C0
:101CE000D0E7D9F84440C4F580384146FFF7CAFE32
:101CF000A4F58033F6181F444544D1D1D9E70A2012
:101D000070471148FFF7BEFE0023C9F84030BFE717
:101D10000029B7D0521ABA4209EB010029461646EB
:101D200028BF3E4605F0B3FBD9F840303344354474
:101D3000BF1BC9F84030A5E70A20BDE8F883034877
:101D4000FEF7B0FB1320BFE7684E0020E0840200DE
:101D500010B50C4C216C29B128B90A48FFF792FE46
:101D60000023236410BDC1F140026018002105F07A
:101D7000B5FB616C03482164FFF784FE00232364F4
:101D8000F0E700BF684E0020014B5864704700BF69
:101D9000684E0020024BC3E913010020704700BFCA
:101DA000684E002002486022002105F097BB00BF6A
:101DB000684E0020074AD2F81039002BFBD1064BA1
:101DC0000449C2F800091870D1F81039002BFBD172
:101DD000704700BF00B002505D51002010B44FF0BA
:101DE0008053D3F8102C013222D0D3F8102CFAB93A
:101DF000D3F8142C013230D0D3F8142C6ABBD3F8AA
:101E0000182C013237D0D3F8182CA2BBD3F81C2CD5
:101E1000013203D0D3F81C3C002B3ED04FF080534E
:101E2000D3F81C2C013234D0D3F81C4C032108E029
:101E30004FF08053D3F8102C01320AD0D3F8104C55
:101E400000210023C0E9013401220270017310BC9B
:101E50007047002141F25C24F3E74FF08053D3F840
:101E6000142C013203D0D3F8144C0121E9E70121ED
:101E700041F66414E5E74FF08053D3F8182C013293
:101E800003D0D3F8184C0221DBE7022140F6D864D6
:101E9000D7E7032141F28834D3E7024810BCFEF7AC
:101EA00001BB00BFE084020038B5037853B3184B80
:101EB00090F80CC00124D0E90152C3F8C441C3F822
:101EC0004041C3F8C441C3F83021D3F830118A42ED
:101ED000F7D100203F22C3F82C01C3F8082A1E22A4
:101EE000C3F800210422C3F8040AC3F80C21D3F874
:101EF0000C214CEA0202C3F80C21C3F83851C3F894
:101F00002C4138BD0348FEF7CDFA0C2038BD00BF88
:101F100000B00250E0840200034B0020C3F82C0103
:101F2000C3F8C401704700BF00B002502DE9F84F5C
:101F30004FF0000C4C4B86460E46644601204FF095
:101F4000FF354FF03F094FF01E080427D3F8042156
:101F500012F00E0F55D0D3F80C21D3F83011C3F87E
:101F60002C4102F00302032AC3F8BC01C3F8085154
:101F70006BD0013242F0040AD2B2C3F80CA1C3F80C
:101F800030118EF80C20CEF80810D3F80C11D3F8CD
:101F90003021D3F838A1C3F8C40101F0030BC3F812
:101FA0004001C3F8C401C3F83021D3F830118A428C
:101FB000F7D1C3F82C41C3F8089AC3F80081C3F8DD
:101FC000044AC3F80C71D3F80C214BEA0202C3F89F
:101FD0000C21C3F838A1C3F82C01D3F80421D10790
:101FE0000CF1010C11D4BCF1640FAFD11E4B1F4892
:101FF0000022C3F82C21C3F8C421FEF753FA1020A5
:1020000021E0D3F80421D207A0D5BCF1640FEDD0B4
:10201000154B4FF0FF320121C3F8BC11C3F8082162
:10202000D3F814213260D3F818217260D3F81C2140
:10203000B260D3F82021F260D3F824213261D3F8C2
:10204000283173610020BDE8F88F4A1C9DD04918E3
:1020500044EB04028D4274EB020238BF4FF0FF31B3
:1020600000224FF0040A88E700B00250E08402002A
:102070000A234360704700BFC368032B05D0022BBF
:1020800015D80133C3600120704783685A1C10D0F3
:10209000DB184FF0000242EB020191424FF0FF3C8F
:1020A0000CBF19466146C0E90212012070478368DF
:1020B000EEE70020704700BF29B9044B002814BF89
:1020C0001846002070470248704700BF0100F70023
:1020D0000300F700034B00200122C3F8380AC3F8BD
:1020E0007824704700B002500CB430B58BB0044671
:1020F0000D462022002102A805F0F0F902238DF8F8
:102100000A30002D0C4B0393069412DB01D06B1E9A
:102110001C440FAA0E99079402A8019200F00EF831
:1021200015B1069B00221A700BB0BDE8304002B01A
:1021300070470024EDE700BFF97502002DE9F04F6C
:102140008BB04368009383789C078046924640F1A9
:10215000F98000250878002800F0F68025280AD0AC
:102160004B1C019301354146009B98470028C0F263
:10217000E3800199EEE74E788B1C252E0193F1D078
:102180000027B9463C460A221F2C22D8A6F120037C
:10219000102B20D8DFE803F0141F1F1A1F1F1F0B7E
:1021A0001F1F1F121F171F1F090044F00104019B6E
:1021B00013F8016B0193002EE6D13AE044F00204DB
:1021C00044F00404F3E744F00804F0E744F010049A
:1021D000EDE77F2C24D8A6F13003092B08D8600640
:1021E0004EBF02FB073702FB093944F02004DEE74B
:1021F0002A2E0DD161065AF8043B53D4002BA7BFF9
:1022000044F020049946C3F1000944F02804CEE7C5
:102210002E2E05D1630600F1978044F04004C6E7F6
:102220006C2E2ED028D8682E32D06A2E37D04C2E65
:1022300035D0002F46F02003B8BF24F04004A3F1AE
:102240006502BCBFA4B20027022A01D9612B2BD1A1
:102250000AF1070A2AF0070A9C4E0AF1080A072722
:10226000210760D506EB070B34465C455DD1AE1BFC
:10227000A219A9EB070959E1742E98D07A2E96D0AD
:10228000D7E7260648BF44F4007444F080048EE784
:10229000E00548BF44F4007444F4807487E744F4D4
:1022A000207484E71F4682E7A6F16302122A00F237
:1022B000D880DFE812F013004D00D600D600D6001B
:1022C000D6004D00D600D600D600D600D600E800D5
:1022D000D100D600D6001A00D600A0005AF8043B60
:1022E0008DF81030012704AEBAE75AF8046B784B2A
:1022F000002E08BF1E4614F0400F14BF39464FF0A1
:10230000FF31304605F015F90746A9E7009B414625
:102310002020984700280FDB013CA742F6D34D440C
:102320002D1BA1469EE74C46F7E714F8010B009BD6
:1023300041469847002898DA98F8023043F00403A1
:1023400088F802304FF0FF3528460BB0BDE8F08F1B
:10235000220630D5A3052AD50AF1070A2AF0070379
:102360009A4659685AF8080B24F0100B00291FFAF6
:102370008BFB2FDA404261EB41014BF4806B04ACE4
:102380000A23224605F0E1F81BF0400FA0EB0402FF
:1023900000F08E802BF001049742A4B240F38F80AE
:1023A000002E40F08E802BF01104A4B21DE05AF8EC
:1023B000040BC117D8E7E0055AF8041B01D40846FE
:1023C000F7E7A2054BBF48B208B241F3C01141F391
:1023D000C031C9E750EA0103D1D16306CFD5002F40
:1023E000CDD124F01104A4B23A463B4640F2064156
:1023F0000C4262D124E024F01004A4B20A2314F0A9
:10240000800243D014F400711FBF0AF1070A2AF0BA
:1024100007029246516814BF5AF8080B5AF8040B89
:1024200050EA01023ED124F0160B62061FFA8BFB24
:102430003CD5002F3AD124F01704A4B23A463B46CB
:1024400021075AD4E10705D5994572DDA9EB0303AD
:102450009F184B469B464AE044F010041023782610
:10246000CDE7782B04D1C6F1780343F01003C6E71B
:10247000009B4146252098470028FFF65DAF0235B6
:102480004146304670E608230026B8E714F4807110
:102490005AF8040BC4D014F400711ABFC0B211462C
:1024A00080B2BDE724F006041FFA84FB04AC68E7A1
:1024B00013465C46E10699D52EB90133C0E71346B1
:1024C000F8E73B46F6E70233BAE700BF43B1020044
:1024D0003CB10200CDE902324146009B20209847E2
:1024E0000028FFF629AFDDE902320BF1010BD945D7
:1024F000F0DCEB1A03EB0B055B46E10627D5CDE9D3
:1025000002324146009B302098470028FFF614AF66
:10251000DDE902327EB901352F44791B8A4229DB7D
:10252000144604AE9CBB2A44A9EB0309154691440A
:1025300042E017468EE7CDE9023202354146304689
:10254000009B98470028DDE90232E5DAF4E640F224
:1025500006410C42E0D014F0020F14BF2B202020C3
:1025600014F4806FCDE9023205F10105414618BF30
:102570002D20E5E7CDE902324146009B3020984707
:102580000028DDE9023205F10105C6DAD4E6013C96
:10259000CDE90232305D009B414698470028DDE9D5
:1025A0000232BFDAC8E6009B414620209847002847
:1025B00005F10105FFF6C0AEA9EB0503002BF2DC27
:1025C000D7E500BF704701F0B7B908B504F003FFC5
:1025D0004FF47A72A0FB020302FB0133C00B40EA06
:1025E000434008BD012303FA01F103691B68194246
:1025F00018BF82F0010212B18368DB681847836854
:102600001B69FBE707B5130CADF80220120E8DF81D
:1026100000008DF801108DF8052069460622802003
:102620008DF80430ECF7CAF903B05DF804FB00EB59
:10263000C100408840087047F8B50346FFF7F7FF30
:10264000B0FA80F0C0F11F0003EB800CCA00DCF888
:102650001060171D0C4606328DB256B9012101FAE1
:1026600000F0D9680143D960CCF81040DD539D5289
:10267000F8BDF1000431585AD85303EBC0009E5204
:10268000C5805D52F4E710B500EBC104E3888B42CE
:1026900002F104010AD1012303FA02F2C36823EA1A
:1026A0000203C360002340F8213010BDA28840F827
:1026B000213000EBC20100EBC300CB808280F4E745
:1026C00008B50346FFF7B3FFB0FA80F2C2F11F026C
:1026D0001846BDE80840FFF7D6BF2DE9F843B1FA28
:1026E00081F3C3F11F0200EB82090646D9F810708E
:1026F0000D4687B9C3F120034FF0FF349C40F368C7
:102700001C4014D094FAA4F2B2FA82F2131D56F8C7
:102710002340214608E03C464FF00308214630465E
:10272000FFF785FF854205D83046FFF7ACFF20460E
:10273000BDE8F88306EBC404B8F10108E488C9F8E1
:102740001040D7D0BC42E9D1D4E738B50446FFF7F2
:102750006EFF0D46034611462046FFF768FF03440F
:102760009BB204EBC5055A006A802046FFF75FFF65
:10277000014424F8313038BD70B50446FFF757FFE7
:102780000B4604EBC305511A9B1A89B203444E0051
:102790009BB204EBC2006E805D00458024F83210CD
:1027A00020461146FFF743FF014424F8313070BD45
:1027B00070B509B9002070BD056801F007030B333F
:1027C000CC0804EBD304AB689C4228BF1C462146CE
:1027D0002846FFF782FF06460028EBD00146284630
:1027E000FFF725FFA04207D932192846FFF7C4FF9B
:1027F00011462846FFF720FF05EBC6021046538816
:1028000043F0010353800430D5E71146FFF7D0BFF2
:10281000043A2DE9F843CC1D114424F0070421F0BB
:102820000706A6EB04084FEAD807B7FA87F2C2F109
:102830002405AD004FF000090735C2F12002ED0874
:1028400004604946A760C4F80C90920004F110009F
:1028500004F044FEAAB2530043F0010363807B1BE3
:102860009BB204EBC5015800A4F80090488024F8FE
:102870003520A6F8029024F8083004EBC703294657
:102880005A8842F001025A802046BDE8F843FFF71B
:10289000D3BE2DE9F04706460D46174698462BB3A2
:1028A00098F8004093F80190DB78A40004EB43040F
:1028B00098F802301C4444444FF0000ACA4509D33A
:1028C000D8F8042008F1080339463046AC46BDE884
:1028D000F047604714F8013B48F823402046EBF7E7
:1028E0001BFE013004440AF1010AE7E76FF015000E
:1028F000BDE8F08730B502460024002012F8013B05
:1029000043B178B18C4207D1702B04D0A3F14005BC
:102910003A2D07D8002030BDA3F140053A2D01D84B
:102920000134EAE7252B08BF80F00100E6E700F05C
:1029300077BF0FB407B504A951F8040B019100F05B
:102940006FFF03B05DF804EB04B070470FB407B538
:1029500004A951F8040B0191FFF7E9FF03B05DF8FA
:1029600004EB04B0704710B50369024613F0080089
:1029700009D11368D4689C4297BF126AE31AD31A2C
:1029800001200B6010BD00231846FAE713B501A91A
:102990000446FFF7E8FF20B1019BE268013B1344C6
:1029A0000193206A019BC01A013802B010BD10B516
:1029B000044650182269236AD20702D5013B184009
:1029C00010BD984228BFC01AFAE710B504460A465F
:1029D000C168FFF7ECFF2369E06023F0080323617F
:1029E00010BD38B50D46C2698B00016843F0020383
:1029F00042F82130044601682A46FFF7D8FFE36811
:102A000061682060984202BF236943F00803236194
:102A10002A462046FFF7CBFF606038BD2DE9F74F0F
:102A2000D0F80CB0C669009216F82B2002F0030211
:102A3000022A08BF56F82B209A4606EB8B030F4656
:102A400001934FF00001009B0CBFC2F39D09894622
:102A500019600446CAF80010B9F1000F07D04946C2
:102A6000FFF7B3FFE368A3604FF0010804E00169DA
:102A70008A0705D44FF00008404603B0BDE8F08F48
:102A8000816906EB8B00884716F82B1011F00108BE
:102A90000546EFD08B071DD51FB139462046FFF7FD
:102AA000A0FF61682A462046FFF781FFD4E90213A0
:102AB0008B42606007D12A462046FFF778FF4FF02F
:102AC00000080146A0602369216043F00803E1602B
:102AD0002361D1E701462046FFF777FFE168A16057
:102AE0001FB12068E16941F82090EA19CAF8002076
:102AF00021682046FFF75BFF2269206042F0080250
:102B0000226116F82B2022F0010206F82B20DDE9C5
:102B100000321A60A8E770B504461546FFF747FF74
:102B20002368834205D12369216023F008032361D0
:102B300070BDE269AB0043F0020342F82130204649
:102B400061682A46FFF733FF6060F1E738B5036933
:102B50005B07044606D5456AFFF718FF85422CBF80
:102B60006562606238BD38B50D4604461C220021FE
:102B700004F0B4FCEB68A361AB6863612B68E361AC
:102B80006B682362002262622A6923B1591E1942CE
:102B900008BF42F001022261012204F12800002155
:102BA000BDE8384004F0A0B92DE9F04F9846036A1B
:102BB00087B000258B4204460E4693460395059543
:102BC000AA4638D3EFF31189402383F31288BFF369
:102BD0006F8F059A2AB129462046FFF79CFF0023F4
:102BE000059304A92046FFF7BEFE0499B1420746AB
:102BF0002AD32268E36913F8221021F0030103F8B5
:102C0000221003EB820A216832462046FFF7CFFEEE
:102C1000E3682060984212D0002789F31188BFF33F
:102C20006F8F039929B162690AB12046904700234A
:102C30000393002FC6D1504607B0BDE8F08F23693B
:102C400043F008032361E7E718B12046FFF7C9FE08
:102C5000E3E75BEA08031CD0019104F04AFA01990A
:102C6000B8B9B9F1000F14D189F31188BFF36F8F90
:102C70005A46434604F12800FCF722FBEFF3118982
:102C8000402383F31288BFF36F8FB0FA80F77F0978
:102C9000C3E705AB03AA20462568FFF7BFFE07463A
:102CA000BBE770B50446836908460D46984702465F
:102CB000EFF31186402383F31288BFF36F8F2B78D5
:102CC00043F001032B7061682046FFF770FE6060DF
:102CD0002046FFF73BFF86F31188BFF36F8F70BD6F
:102CE0002DE9F843044600274026EFF3118586F3CB
:102CF0001288BFF36F8F2369A268190702D4636833
:102D0000934200D2236A9B1A002B42D0E06910F84C
:102D1000221011F0030300EB82093AD0022B04D1F8
:102D200050F822305FEA930805D1CB0720D4A3697D
:102D3000484698478046A16842462046FFF737FE3E
:102D40000127A06041462046FFF73FFE3B4685F342
:102D50001188BFF36F8F002BC7D137B1B9F1000FC6
:102D600003D104F12800FCF777FA4846BDE8F88360
:102D700041F0020100F822104846A369D4F8088007
:102D80009847414602462046FFF711FE0023A06007
:102D9000DDE79946DBE7F8B50446836908460D464A
:102DA00098470646EFF31187402383F31288BFF359
:102DB0006F8F2B7823F001032B7023699B0705D5B8
:102DC000E268E36903EB82039D421AD12B7823F07A
:102DD00002032B70D4E90231994204D132462046D5
:102DE000FFF7E5FDA06031462046FFF7EEFD87F3D3
:102DF0001188BFF36F8F04F12800BDE8F840FCF79D
:102E00002BBA2B6860F39F032B60F0E7EFF311817F
:102E1000402383F31288BFF36F8F02698368120720
:102E200002D442689A4200D2026AD31A81F311880E
:102E3000BFF36F8F181E18BF012070470368002270
:102E40000BB9184670478B4210D10B6842B94268E3
:102E50000360914200D1436000230B600120704762
:102E600013604368994208BF4260F5E71A461B6841
:102E7000E6E7038B13F0070306D10368002B18BFA6
:102E8000032008BF00207047022B05D1408BB0FA09
:102E900080F0400980007047012B04D10368002BAB
:102EA00018BF0520EDE70020704710B50C4600B1B3
:102EB00011B96FF0150010BD081D00F0C6F800280C
:102EC000F9D1A368032BF6D9F3E72DE9F0410D46BC
:102ED00007461946281D90461E4600F0C7F80446CE
:102EE00038B13346424629463846A446BDE8F0414B
:102EF0006047BDE8F08110B4EFF31182402484F301
:102F00001288BFF36F8F416110BC0121EDF74CBAFD
:102F100038B50C46054658B151B10B6843B14B6802
:102F200033B11C22002104F0D9FA2C61002038BDF5
:102F30006FF01500FBE7F8B504460E46FFF7B5FF46
:102F4000051E3BDBEFF31182402383F31288BFF3AE
:102F50006F8F638B278B4FF6FF718B4207F007074C
:102F60002ED0062F2FD8DFE807F0182E082E1804D1
:102F700018006FF08505002303E001336383022509
:102F8000012382F31188BFF36F8FBBB100233A4650
:102F900031462046FFF799FF10E000233360636855
:102FA00023B9C4E9006627B13D46E4E71E606660C8
:102FB000F9E702212046EDF7F7F93D462846F8BD2E
:102FC0006FF00A05D7E76FF00405D4E710B5EFF30B
:102FD0001182402383F31288BFF36F8F048B04F0B8
:102FE0000704022C0AD0012C0CBF6FF004006FF014
:102FF000850082F31188BFF36F8F08E0438B013B9C
:103000009BB2438323B92146EDF7CEF9204610BD8C
:103010002046EEE738B5A8B1A1B1EFF31185402203
:1030200082F31288BFF36F8F048BFFF707FF30B175
:1030300004F0070085F31188BFF36F8F38BD6FF080
:103040007700F7E76FF01500F8E7034658B14268DC
:1030500002F00302012A03D0032A04D1026812B14C
:103060000020986070476FF01500704742688160DB
:1030700002F00302032A4FF0000203460CBF00686F
:1030800010465A60704770B50C8806468888241A26
:103090003069A4B2844285B224BF641BA4B22D1B44
:1030A000A8B2984228BF18463368234413600B889F
:1030B00003440B8070BD70B4838985880669ED1A5E
:1030C000ADB2731B934228BF134670BC0A46011D64
:1030D000FFF7D9BF70B40E460146C58831F80A3FE4
:1030E000EC1AA3B2934228BF1346324670BCFFF7D6
:1030F000CABF10B54B880C88E41AA4B294420ED310
:103100001A4492B28B884A800A800069D21A92B21D
:10311000824201D2002010BD03448B80FAE76FF099
:103120001500F8E72DE9F34106460F4615464FF026
:1031300000082A4601A93046FFF7BDFF044640B10A
:1031400002463946019804F0A2F92D1BA0442744F9
:10315000EFD14246311D3046FFF7CBFF404602B06B
:10316000BDE8F0812DE9F34107460E4615464FF0C4
:1031700000082A4601A93846FFF7ACFF044648B1CB
:103180002EB102460199304604F081F926442D1BE8
:10319000A044EED1424607F10A013846FFF7A9FFE5
:1031A000404602B0BDE8F081704710B4846864689E
:1031B000A44610BC604770B4C6680468806A0D0CF1
:1031C00006FB054414FA81F184682468A44670BCA7
:1031D00060472DE9F0431C46C36A1D686D4289B003
:1031E00006468846174605F020051CB9204609B05A
:1031F000BDE8F083AC42A14628BFA9464B466A46CB
:1032000041463046FFF7D7FF0028F0D16B464845CE
:1032100002D1241A8044E8E713F8012BBA4201D105
:103220000130F4E70120E2E70B6803F580330B601F
:10323000008A1A0CB0EB134F04BFA3EB02430B60E0
:10324000704700F070BB38B5C26803680D0C090CFC
:1032500004462D04806A02FB013100F099FE50B94A
:10326000E26AE368527929462046FFF7B2FF002858
:1032700018BF6FF0050038BD10B50146044607229F
:10328000FF20F7F753FBE07110BD2DE9F04F074623
:103290005368D06803445069C34293B003D10020FF
:1032A00013B0BDE8F08FFC683B68D7F82CB0080C71
:1032B00004FB003313FA81F592E8030004AB83E8C2
:1032C0000300D2E9020106AB83E80300D2E904015E
:1032D000DBF8008008AB83E803000024C8F100039A
:1032E000A146019312AB03EBC90A4FEAC9015AF890
:1032F000346CAEB909F10109B9F1030FF2D1002C18
:10330000CDD00AAE9BF80510A8EB0402301904F0EA
:10331000E5F8B86A434632462946FFF746FFBFE75D
:10332000B4B9019B334013D05AF8382CB86A2946F7
:10333000CDE90223FFF739FF0028B1D1DDE90223EF
:103340001A44F61A4AF8382C4AF8346C1D44C9E776
:10335000A8EB0402B24228BF3246A2B101F14803F1
:103360000DEB030A0AAB5AF8381C1819CDE9021202
:1033700004F08DF8DDE902121144B61A4AF8381C3F
:103380004AF8346C14444445ACD1B86A23460AAABE
:103390002946FFF70AFF002882D125440446A1E709
:1033A000F8B507220D460646FF204C888F88F7F7B0
:1033B000BDFAEB79834205D13C44B4428CBF002076
:1033C0000120F8BD0020FCE70368012B81BFC9186C
:1033D00001F1FF315B4219400846704738B50D4690
:1033E0000A4681680446FFF750FFEB686968194494
:1033F0006B6902461944E06AFFF7E6FFA3680344DD
:10340000A360104638BD70B586B0466804460D46C8
:1034100018220021684604F061F802956A460825E2
:10342000314620460395FFF730FF29460246E06A01
:10343000FFF7CAFF63681B1A1046636006B070BDD1
:1034400013B54FF6FF7300220446ADF800308DF837
:1034500006308368ADF804206846ADF80230FFF707
:103460000BFF69462046FFF7CEFF02B010BD70B5D6
:1034700006460C46C06A0821FFF7A6FF0546F0681D
:10348000401B214680B2FFF78BFF80B1A08878B93E
:1034900022884FF6FF739A4209D16288F3689B1A1B
:1034A000B3FBF5F205FB1230B0FA80F0400970BDB5
:1034B0000020FCE7F7B504460D46C06A0821FFF777
:1034C00083FF2968074608232046FFF774FE064657
:1034D000002836D12B683B442B60E26899B2D21B9E
:1034E00091422ED11A0C03BF228A02F1FF3203EB64
:1034F0000241A3F58031296008236A462046FFF780
:103500005AFEE8B9E36A5A796B4613F8011B8A42FE
:103510000CD101300828F8D1636805E02B68BDF8AC
:1035200002206FF30F0313442B600AE06946204624
:10353000FFF79DFF0028F1D129462046EDF754F80A
:103540000646304603B0F0BD2DE9F04F0446A1B069
:1035500024220D4617A8002103F0C0FFE06A0821CD
:10356000FFF732FF636881466FF30F0306A9204619
:103570000693FFF759FE069BE66801931E44A6EBEF
:103580000906082309AA314620460796FFF713FECD
:103590000028C0F21681E36A09AA5979002312F8BB
:1035A000010B814240F0FC800133082BF7D1A36866
:1035B00062684B449A4280F0EC8001992046FFF704
:1035C00042FEFEE0BDF826306FF30F061E4407965C
:1035D0000BAA07A92046DDF81CA0FFF76BFF002807
:1035E00040F0EF800BA91FFA8AF0FFF7D9FE48BB25
:1035F000039B9A45ECD11022002113A803F06EFF23
:103600001F9E129617AB119395B1D4F82C80082108
:103610004046FFF7D9FE2F890246F1194046FFF7D1
:10362000D3FEA168636802440A44934280F092800A
:10363000002EBCD011A92046FFF7D0FE002840F094
:10364000C080B4E7666808960DAA08A92046FFF76F
:1036500031FF002840F0B580BDF83420BDF82C3093
:103660009A4245D0089B62689A423FD15645BFD1E5
:10367000BDF83060002EBBD03DB12A88BDF82C309B
:103680009A4202D12B89B342B2D9BDF82E801F9A3B
:103690004FEA1A431B049844E36A1B68591E5B42B5
:1036A00003F020030493A368164401EA06001344C0
:1036B000009026EA0106ADF82E3006BB009B5BB1F8
:1036C0001F9A17A99B1A20460A444146FFF773FD2B
:1036D000002876D1009B1F930BA8FFF7CDFD0BA907
:1036E0002046FFF790FE002882D06AE01E46ABE736
:1036F0000DA9B0B2FFF754FE0028B3D0B6E7049B83
:103700001F9FB34228BF3346A3EB070B17AA0293B0
:103710003A445B4641462046FFF74DFD002850D114
:103720001F9B01465B44182211A8059303F0D6FEA7
:1037300017AB139311A9059B14932046FFF74EFE78
:1037400000283ED11F9B1F90FF1A029B3744FE1A90
:10375000D844B2E731446B68ADF83E10204611A959
:10376000CDE91337FFF73AFE58BB2B88ADF83C3054
:103770002B89ADF840300FA8FF238DF84230FFF7BA
:103780007BFD0FA92046FFF73EFED0B90123AB72A7
:103790000DE72046FFF754FE00283FF40EAF10E07F
:1037A000A6EB090309A920460393FFF760FE002852
:1037B0007FF408AF07A92046ECF716FF00283FF476
:1037C00007AF21B0BDE8F08F00231A46EDF7E8B847
:1037D00013B500240094EDF7C7F902B010BD0378CB
:1037E0005B075FBF03684288C3F34A2303EB1210F1
:1037F0005DBF173020F007008008002070470020D0
:10380000704702F0ADBD0346BFF35B8F53E8000F76
:10381000421C43E800210029F8D1BFF35B8F7047B9
:103820001FB50023CDE90201CDE900331A46194640
:103830001846EDF719FD05B05DF804FB0120EDF722
:10384000C5BA002070474368DA714368196043685D
:1038500001225A71EDF7ACBA70B515460C4669B144
:10386000D2E901369B1B99420AD813680A460146E1
:10387000981903F00CFEAB682344AB60204670BD82
:103880006FF01B00FBE770B50E461546194604465F
:1038900018B9BDE87040EDF799BA33B1C2F34A23C5
:1038A0001030120D184403F0F2FDC4E90056204612
:1038B000BDE87040EDF738BC2DE9F3415F1C4FEADD
:1038C0008708064608F1170020F0070080080C461C
:1038D0001546EDF7FDFA0023ADF805308DF80730F9
:1038E0008DF8047068B10346019A43F8102FA8F1CF
:1038F00004012A46294452F8045B43F8045F8A42D3
:10390000F9D1A20102F4E07242EA482222F07F4299
:1039100022F47002002322F03F02314602B0BDE8DB
:10392000F041FFF7B0BF07B50123019201AAFFF7ED
:10393000C3FF03B05DF804FB07B5CDE90023022304
:103940006A46FFF7B9FF03B05DF804FB1FB5CDE988
:103950000123069B039301AA0323FFF7ADFF05B0E4
:103960005DF804FBF8B506460D4614461F4604B93B
:10397000F8BD214628463A46B047241A0544F6E7E2
:1039800010B5426881680446D2E900230068FFF759
:10399000E9FF636800221A6010BD38B54B681A68E9
:1039A000CB689A4205460C4602D10846FFF7E8FF6D
:1039B0006368BFF35B8F53E8002F511C43E800108E
:1039C0000028F8D1BFF35B8FA3689D54002038BD59
:1039D0000A2838B504460D4602D10D20FFF7DDFF59
:1039E00029462046FFF7D9FF002038BD2DE9F043D6
:1039F000054689B008460E8891F80090D1F80880F5
:103A00000C461746EDF782FC011EC6F38216C9F379
:103A1000C2091FDB4846EDF799FB03462146608843
:103A200051F8102B0296C2F34A22002A01EB02043D
:103A3000C0F30B1008BF00210022CDE90507CDE936
:103A40000314CDE9002241462846EDF78BFC09B06E
:103A5000BDE8F0830023E1E7704730B54C680368A8
:103A6000A34201D2012030BD8A682244934201D38F
:103A70000020F8E7D1E90452954203D36FF00B031D
:103A80008B61F5E7CA681B1B42F83530436808694B
:103A900002EBC00253600B6901330B61E2E737B5FB
:103AA0000C46C0B201A91546EDF774FE00280CDBE8
:103AB000019850B121462A46EDF792FE044601983E
:103AC000FFF7CAFF204603B030BD6FF01504F9E7D9
:103AD000FFF732BF10F0700F08B500F07F0203D07F
:103AE000EDF76CFF002008BD10F0800F18BF1032FA
:103AF00001209040F7E7006840B150F8043C5B6853
:103B00008B42A0F1040001D04068F5E770470068DF
:103B100050B150F8043C5B685B689B788B42A0F125
:103B2000040001D04068F3E7704730B5006888B101
:103B300050F8043C5B681A6A1D7F04380023043A7D
:103B4000DCB2A54201D84068F1E7013312F83340F6
:103B50008C42F5D130BD08B5EEF794FC28B1406831
:103B600010F1100F14BF0020012008BD4B1CDBB268
:103B70008170817680F82530C37600F8061C704786
:103B800050E90231D0F89C0018470369002283F8FD
:103B90004A207047036993F84A0050B193F84800EF
:103BA00038B1D3F890209388918910695B1A9BB241
:103BB000C01A70470369002283F84B2070470369DD
:103BC00093F8490008B193F84B00704708B50246D6
:103BD000FFF7F5FF28B91046FFF7DCFF003818BFE4
:103BE000012008BD0369C3E9001270470229036977
:103BF00008D004290BD001290ED1D3F894301360DA
:103C00000020704793F89B30C3F34003F7E793F825
:103C10009B3003F00103F2E76FF08500704708B5B1
:103C2000402903693DD011D810292ED006D801298A
:103C30001AD008291CD06FF0120008BD2029FAD133
:103C400093F89C1052BB01F0FB0116E0B1F5807FA8
:103C500033D0B1F5007F39D08029ECD193F89C1096
:103C600042BB01F0EF0108E0C3F894200020E4E734
:103C700093F89C1032B901F0FE0183F89C10EEF726
:103C80007DFEF3E741F00101F7E793F89C1012B9CC
:103C900001F0FD01F1E741F00201EEE741F004011E
:103CA000EBE793F89C1012B901F0F701E5E741F05A
:103CB0000801E2E741F01001DFE793F89C1012B928
:103CC00001F0DF01D9E741F02001D6E793F89C101D
:103CD00012B901F0BF01D0E741F04001CDE770B566
:103CE00004690546D4F88C00FFF73CFA94F8A0303C
:103CF0000646B3B1D4F88C209388918912695B1A77
:103D00009BB2D31A3F2B0CD994F89E3033B16B6819
:103D10001B6A2246187B0021EEF732FF002384F84D
:103D2000A030304670BD08B50122FFF7D8FF01383A
:103D300018BF4FF0FF3008BD0269D2F89010888993
:103D40008B8809691B1A9BB2994204BF002382F831
:103D50004830D2F88C30D9885B89994204BF00235F
:103D600082F8493001207047F0B587B01F460446FD
:103D70000D46164600F065FB022302930DF1160373
:103D80000193BDF83030ADF81600009332463B4643
:103D90002946204601F0F5FC07B0F0BD2DE9FF41B2
:103DA0001F460D4616460446F1F78CF98046EAF7A1
:103DB000B3FBBDF82830009380B2CDE901803B46CB
:103DC00032462946204601F0DCFC04B0BDE8F08113
:103DD0000020EEF7B7BF034610B508460AB1002130
:103DE000116053B1D0B1411E11F8010F80B113F829
:103DF000014BA04201D13D28F6D100200EE0013355
:103E000013600AE03D2808D0B0FA80F0400905E0D0
:103E100018782F28F6D1002AF1D1012010BD0830E2
:103E2000704710B5134614460A4681880068FFF7AC
:103E3000CFFCA042A8BF204610BD2DE9F04F97B09F
:103E4000044601929A46894600297AD0DAB1BAFA34
:103E50008AF67609258F0135ADB2A84604F1080B24
:103E60006F1EBFB2B7F5004F39D04A2303AA3946B7
:103E70005846FFF7ADFC002807DA10F1020F08BF23
:103E8000B8463D46ECE70126E4E700F158030DEBA8
:103E90000300002300F84C3C03A94846EAF72AFB3C
:103EA0000028EED106BBB846B8F5404F4CD0238F62
:103EB000434504F1080538D308F58041019A53467B
:103EC00089B22846ECF76CFD00280ADB46B148466B
:103ED000EAF722FB4A460346414628461EE016B34F
:103EE000002017B0BDE8F08F39465846FFF76CFC4C
:103EF0000028F6DB05F57F513F3189B25846FFF7C0
:103F000063FC0028EDDB238FBB42E9D12246013B55
:103F100022F8383F4FF4004102235846ECF740FDA9
:103F200000EAE070DDE70126BEE72246022322F820
:103F3000388F4FF400412846ECF732FD0028BBDAF9
:103F4000CFE76FF01500CCE76FF00B00C9E773B552
:103F5000C36B03630446C3B100F108063046ECF7B7
:103F600075FB054670B902230DF106024FF40041BE
:103F70003046FFF72DFC0028ACBFBDF806304FF4EB
:103F800000432387284602B070BD6FF01205F9E7A1
:103F90002DE9F0418768FB6804460D4616469847B0
:103FA000BB682BB1324629462046BDE8F041184790
:103FB0006FF05700BDE8F081FEE703F08FBA03F021
:103FC00066BA01460068EFF7CDB908B5EFF726FAF3
:103FD000BDE80840EFF7CABD0A460121FFF7A3BCC0
:103FE00000210120EFF7BEB96FF08500704761B680
:103FF00062B680F31188BFF36F8F704772B60023EB
:1040000083F31188BFF36F8FBFF34F8F30BF62B65A
:10401000BFF36F8F704772B6002383F31188BFF32D
:104020006F8FBFF34F8F20BF80F31188BFF36F8F67
:1040300062B67047202809D9B0F1004F08D801387E
:10404000B0FA80F0C0F11F004000704708207047B0
:104050003E20704708B5D1E904319847002008BDDB
:104060007047002303824369C3607047C169896850
:10407000EFF7EABFEFF31182402383F31288BFF317
:104080006F8F00230B60436833B9C0E9001182F3DE
:104090001188BFF36F8F704719604160F7E710B563
:1040A0000346EFF31181402282F31288BFF36F8F32
:1040B000006828B15C6802681A60A04208BF5A60B4
:1040C00081F31188BFF36F8F10BD027A0132027243
:1040D0007047034618465B68002BFBD17047426867
:1040E00010B52AB10B461C465B68002BFBD1626001
:1040F000416010BD10B5044620B90B7A01330B7234
:10410000084610BD034618465B68002BFBD1FFF73D
:10411000E6FF2046F5E792B281600160C2808280AE
:10412000704783680B440360704703680B60436803
:104130004B6083688B607047838802681944818074
:10414000D018704730B484880568A3188380281974
:1041500030BC03F09CB910B5838802685C1C848075
:10416000D154D01810BD30B5838802689D1CD41876
:104170008580D154090A617030BD034600689A8871
:10418000401A11441860998070470268531E0360FA
:1041900083880133838002F8011C70478288521A99
:1041A0000346828000680844186070470346006830
:1041B0009A88521A01449A801960704710B50368B2
:1041C0001C780121FFF7EAFF204610BD10B50368F7
:1041D0001C880221FFF7E2FF204610BD10B50C46F7
:1041E000017822788A4288B00ED06946F0F7FCF850
:1041F00004A92046F0F7F8F810220DEB02016846FA
:1042000003F074F908B010BD012A06D0022A07D0C5
:1042100072B940886388C01AF4E740686368FAE7B7
:104220001022611C013008B0BDE8104003F05EB9F7
:104230006FF01500E6E7042A0AD0102A0DD0022AF2
:104240004FF0000315D103700B88438001207047A5
:10425000012303700B684360F8E7022300F8013B79
:1042600001F1100351F8042B40F8042B9942F9D1C5
:10427000ECE718467047012310B50621044600F804
:10428000013BF9F74BFE18B9A37963F03F03A37123
:1042900010BD0B6803608B8883808B7983710378F2
:1042A00023F00203037070470078C0F340007047AA
:1042B00038B50446807AEFF79DFE6169054649B13D
:1042C000637ADB0704D4C3691B6820469B68984760
:1042D0000023636121462846BDE8384002F0F6BD60
:1042E0002DE9F0410C4601F10C08054600F10C01E6
:1042F000404617461E46FFF718FF6269E3682F82A3
:104300009B1A13FA87F36B8201236B72394640467E
:10431000FFF744FFE3687360628A0023E360728101
:10432000638234602846BDE8F08138B5D1E90032B7
:10433000DA600B684A895A820C4605460868EFF72E
:1043400001FF20461022002103F0C8F82846BDE8EE
:104350003840FFF7ADBF438A23B9C068B0FA80F098
:1043600040097047002070470F2806D80D280BD849
:10437000052814BF022003207047132804D01A28F0
:1043800014BF022001207047012070477047FFF7DB
:10439000CABA0B6803608B8883808B7983717047FE
:1043A000FFF7CABA10B50346BFF35B8F53E8000F9F
:1043B00040EA010243E80024002CF7D1BFF35B8FF1
:1043C00010BD0023ECF7D0BEBFF35B8F50E8003F79
:1043D0000B4040E80032002AF8D1BFF35B8F7047F2
:1043E000704738B504460D46F0F7F4FA5F3005D152
:1043F00029462046BDE83840F0F722BA38BD0020F3
:10440000704710B5028843889A4218D8052A16D9F1
:10441000B3F5486F13D88488B4F5FA7F0FD2C188FA
:10442000A1F10A0292B240F67640824207D804FB1C
:104430000333B3EB810F34BF0120002010BD0020F7
:10444000FCE70020704700207047F0F77FBF70B591
:1044500006460D464FF0FF304FF0FF31F0F72CFDD0
:10446000044668B103210C30FFF766FE06808570B4
:1044700021460022BDE8704040F20640F0F780BEC1
:104480006FF0680070BDC368187808B1F0F7BABF64
:104490001846F1F74BB838B54FF0FF3105464FF0ED
:1044A000FF30F0F709FD044668B102210C30FFF738
:1044B00043FE2B88038021460022BDE8384042F2AB
:1044C0001600F0F75DBE6FF0680038BDF8B507461E
:1044D0000E464FF0FF304FF0FF311546F0F7ECFC81
:1044E000044678B106210C30FFF726FE3B88038096
:1044F0004680858021460022BDE8F84042F2220035
:10450000F0F73EBE6FF06800F8BD2DE9F047814638
:1045100088464FF0FF304FF0FF319DF820A017463E
:104520001E46F0F7C9FC0546A0B107210C30FFF785
:1045300003FEB9F80030038080F80280C77006716E
:10454000A0F805A029460022BDE8F04742F232005B
:10455000F0F716BE6FF06800BDE8F08770B506464C
:104560000D464FF0FF304FF0FF31F0F7A5FC044649
:1045700018B9BDE87040F0F759B903210C30FFF7C6
:10458000DBFD06808570214642F22100BDE87040C7
:10459000F0F7A4BD08B5072202F0A8FFB0FA80F03A
:1045A000400908BDFFF7BFB900280CBF084600202E
:1045B000704707B580B906216846F9F7AFFC40B9E6
:1045C0009DF80530684603F03F038DF80530F1F79C
:1045D000EFFC03B05DF804FB6FF01500F9E7012074
:1045E000704710B50C4631B10020FFF7E2FF08B963
:1045F0000123237010BD6FF01500FBE7BFF35B8F45
:104600000068BFF35B8F7047032808B501D0F1F74E
:10461000E5FEBDE80840F1F7F9BED0F8B00000387B
:1046200018BF01207047084689691160C2691A6085
:10463000C27A0021183002F051BFBFF35B8F0068CF
:10464000BFF35B8F7047FFF777B9837A072B01D1F0
:10465000F2F7B8B970472438F2F754BA0368002269
:104660000BB9184670478B4210D10B6842B94268AB
:104670000360914200D1436000230B60012070472A
:1046800013604368994208BF4260F5E71A461B6809
:10469000E6E710B50446006918B1EFF753FD0023B3
:1046A000236110BD10B5034600F1C4021046FFF7A8
:1046B000C4FF80B1BFF35B8F411C52E8004F8442BE
:1046C00004D142E8001CBCF1000FF6D1BFF35B8FB0
:1046D000ECD1184610BD0346FBE710B5837A023BC8
:1046E0000446062B25D8DFE803F00D042424241704
:1046F000220041720021F2F765FBBDE81040022064
:10470000F1F768BF8378012B11D1403002F0DEFC55
:10471000BDE81040F0F7E2BE0088FFF798FE38B918
:10472000A37A072B03D108212046F2F74BFB002088
:1047300010BD6FF07F00FBE773B506460C46FFF730
:10474000B3FD6D463146A8B16846FFF7A2FD294684
:104750000020F2F7CFFE58B12388A0F88C30638890
:10476000A0F88E30A388A0F89030E388A0F89230AB
:1047700002B070BDFFF718FF0346006800909A88EA
:104780009B798DF80630ADF80420E0E738B5037A60
:104790008B420446154615D100F1700107222846C8
:1047A00002F0A4FE80B1E378072243B904F17E0150
:1047B000284602F09BFEB0FA80F0400938BD04F1B3
:1047C0007701F5E70020F9E70120F7E7F8B507469C
:1047D0000D464FF0FF304FF0FF31F0F76DFB06460E
:1047E000D0B10E210C30FFF7A7FC0E2204460021A9
:1047F00002F074FE3B8823802B8863806B88A38043
:10480000AB88E380EB88238131460022BDE8F84085
:1048100042F21300F0F7B4BC6FF06800F8BD7047C7
:1048200010B50446FBF7A6F9234653F8402BD2F8FF
:10483000B01061B92164D2F8B41061B9C2E92C3367
:10484000FBF7ACF92068BDE81040F2F791BA8B4253
:10485000F6D00968EDE70B60C2F8B430F0E7036802
:104860002BB141681A6802608B4208BF42607047F2
:1048700070472DE9F843446B2CB154F8085905B141
:10488000083D00270CB9BDE8F883D4E900682EB3D1
:10489000FBF770F9D6F8B03004F14001002263B1A3
:1048A000994233D1236C4ABBD6F8B420C6F8B03055
:1048B000914201D1C6F8B4302764FBF76FF904F1D7
:1048C0003009002200234846FAF794FC064600BB54
:1048D000D8F804300BB1204698472760E3680BB145
:1048E00020469847D8F820300BB120469847DDB1D4
:1048F000AB6803B1083B2C461D46C3E71360D6F8EE
:10490000B430994208BFC6F8B420D5E71A461B68F0
:10491000C5E7B36923B1F16920686FF06D0298476C
:104920003046EFF70FFCCCE72B46E4E7F8B50F462F
:1049300000210546164600234FF480320846F3F75F
:1049400089F8044620B92846F3F750F82046F8BD08
:1049500004210C30FFF7F0FB057047704680F5E747
:10496000406B30B1838B8B42A0F1080001D080688E
:10497000F7E7704710B54AB989B2FFF7F1FF28B1E0
:1049800043689B6913B1BDE81040184710BD38B5A6
:104990000D460521FFF7E4FF00231A462946F3F7E9
:1049A00073F8044610B12846EFF7CCFB204638BD1B
:1049B000406B30B183898B42A0F1080001D0806840
:1049C000F7E7704770470346006828B159680268E6
:1049D0001A60884208BF5A6070470346002003B936
:1049E00070471A8A5B681044F9E710B5D4682378D9
:1049F000023113B92170012010BD8B42FBD0038A14
:104A0000023B038200201061F6E7FEF78CBF2DE920
:104A1000F04104468868FFF7E0FF638D628B9342A4
:104A200028BF134683420D461DD32165D1F8088067
:104A300000278F60FBF79EF841462046F3F774FA93
:104A4000064638B1C5F808802765FBF7A7F8304659
:104A5000BDE8F081618D638B994228BF19462846D5
:104A6000F5F710FFF1E76FF07906F0E708B5036896
:104A70000A8A1868C968F5F74DFE002008BD38B5E8
:104A8000054601F10C000C46FFF7A0FB2D68238AB8
:104A9000E2680146286801F07AF8002038BD38B590
:104AA00004460D46F3F740FA30B1294604F15400AC
:104AB000BDE8384002F0FFB938BD70B40668F2694D
:104AC0005AB3144654F8983903B1983B0022114662
:104AD0007CB9438D408B8B4201D890421FD98242D2
:104AE00038BF02469942306838BF194670BCF5F7A6
:104AF00055BE844207D0658D648BA94238BF2946D4
:104B0000A24238BF224633B1D3F8985005B1983D40
:104B10001C462B46DCE71D46FAE71146D9E770BC78
:104B2000704773B51446014605464FF495722068E8
:104B300000F0D4FE207530B92068294601F03CF819
:104B400020B908232375002002B070BD237AB3B1C9
:104B5000A3F11802534253419B000193638A0093CF
:104B6000AE68238AE26820682946B047002808DB3F
:104B7000238A98420CD1002323750120E4E7022305
:104B8000EBE710F1FF0F03D34042C0B22075DAE724
:104B90000E20FBE7F8B59368166805460F461446E5
:104BA00063B9506801210C30FFF7C6FAA0602B688A
:104BB0001B78002B14BF022301230370A3681B780A
:104BC000012B03D0022B1FD000201CE02B681B7888
:104BD000002BF9D1606804210C30FFF7ADFAE060DA
:104BE00007802A68E36852885A806168728D738BE7
:104BF000088A9A4294BFC0EB0200C0EB030004286D
:104C000094BF00200120F8BD2B681B78022BDBD15C
:104C1000606812210C30FFF78FFAE06007802B6884
:104C2000E268591C0232113351F8040B42F8040BAC
:104C30009942F9D16168728D738B088A9A4294BF48
:104C4000C0EB0200C0EB03001228D9E7D06803785C
:104C5000043113B90170012070478B42FBD0916879
:104C60000B8A0020043B0B82106170471FB5CDE911
:104C70000123002300931A46F4F77CFC05B05DF88D
:104C800004FB0368002203B970478B420FD10B6805
:104C90003AB942680360914200D1436000230B603F
:104CA000704713604368994208BF4260F6E71A46AE
:104CB0001B68E8E7BFF35B8F50E8003F43F0080252
:104CC00040E800210029F7D1BFF35B8FC3F3C00098
:104CD00070472DE9F041064690461F460D46B9B192
:104CE00004220121F3F7F0F9044618B9BDE8F041B8
:104CF000F3F7C0B904210C30FFF71EFA0570A0F8D5
:104D00000180C77021463046BDE8F041FFF7C7BEBD
:104D1000BDE8F08137B50C46054601F10C00FFF700
:104D200055FA228A0192E268009203461322122168
:104D30002846F3F745FA03B030BD37B50C460546B3
:104D400001F10C00FFF742FA228A0192E268009218
:104D50000022034611462846F3F732FA03B030BD6D
:104D600070B504460E46002200230846FAF742FAC0
:104D7000054658B101462046F3F7D6F8044618B167
:104D80002946304602F0A2F8204670BD6FF00104BB
:104D9000FAE707B5CA681388528800920C210D22E1
:104DA000F3F714FC03B05DF804FB07B5CB680022F1
:104DB0001B8800920A210B22F3F708FC03B05DF870
:104DC00004FBF8B5CB681F88BBB2162B044628D964
:104DD0000321F3F7BFFA064628B302210C30FFF790
:104DE000ABF900256FF0080303704570314620468B
:104DF000FFF755FEF7236383236867851B68BFF3BE
:104E00005B8F043353E8001F41F4803143E8001204
:104E1000002AF7D1BFF35B8F2046FFF74EFE2846EE
:104E2000F8BD0420FCE70E20FAE72DE9F04F064616
:104E300085B0104690469946FFF7CFFD738B728D73
:104E4000934228BF134683428B4675D973680393F8
:104E50004046FFF73EF94FF0000A04464046FFF790
:104E6000BCFDE168228A658A6369778BCB1AAD1A2B
:104E7000ED1A738D9F4294BFC0EB0700C0EB030097
:104E8000854228BF054625BB98F80A00EFF7B2F81F
:104E900000220023FFF7EAF8044608B9574627E046
:104EA00001464046FFF726F94046FFF796FDE168C8
:104EB000228A658A6369778DCB1AAD1AED1A738BD6
:104EC0009F4294BFC0EB0700C0EB0300854228BFA0
:104ED0000546CDF80090DBF8047003980A44ABB2A5
:104EE0005946B847071E07DABAF1000F18BF5746F0
:104EF000384605B0BDE8F08F0E9BABB9394604F1DA
:104F00000C00FFF719F94046FFF767FD738D728BB0
:104F1000934228BF1346B9448342BA441FFA89F921
:104F2000BCD9AF429AD0B9E70F9A0E9B39462046BA
:104F300098470028E2D1B1E70027D9E72DE9F341EE
:104F40001768D7F8048000231446137301460646F9
:104F50009522404600F0C2FC0546207330B9314628
:104F6000404600F027FE28B908232373002002B032
:104F7000BDE8F081A068798D7A8B038A914294BF55
:104F8000C3EB0103C3EB0203012BEFDD02210C3065
:104F9000FFF7D2F8CDE900558046A388A2683146D4
:104FA0003846FFF742FF031E06DA13F1FF0F26BF54
:104FB0005B42DBB20E23D8E7A8F800300120D6E729
:104FC0002DE9F3411768D7F80480002314461373C2
:104FD000014606469522404600F080FC05462073B7
:104FE00030B93146404600F0E5FD28B90823237367
:104FF000002002B0BDE8F081CDE900553146A3881C
:10500000A2683846FFF711FF002807DA10F1FF0FFA
:1050100026BF4042C0B20E202073E9E70120E8E736
:10502000F8B50546071F00F1480350F8044CBFF3DC
:105030005B8F53E8001F21F0040143E80012002AAF
:10504000F7D1BFF35B8FFCB1EB6C83B9636873B1CD
:10505000201DFFF7B8FC064601463846FFF7D7FC8F
:1050600090B163683360A368666003B9A66005F118
:1050700050013846FFF774FE30B104F10C01384698
:10508000BDE8F840FFF76CBEF8BD2DE9F041C469FA
:10509000074644B154F8986906B1983E0022154677
:1050A00007F104080CB9BDE8F081236D9BB905B97F
:1050B0008AB94046FFF787FC054658B101462046AD
:1050C000FFF7A5FC0028EED07B682B60BB687D60F5
:1050D00003B9BD60224636B1D6F8983003B1983B8B
:1050E00034461E46DEE73346FAE738B50546BFF3D9
:1050F0005B8F0B68BFF35B8FDB0716D550F8040C92
:1051000098B1EB6C8BB90430FFF75DFC044660B1DD
:105110000146281FFFF77BFC38B155F8043C5A685C
:1051200022609A685C6002B99C6038BDF4F7C4B92B
:1051300008B5F3F7B1FD40B1C06930B1024652F88D
:10514000983903B1983B002002B908BD518B528DAC
:105150008A4228BF0A46904238BF104633B1D3F87E
:10516000981001B198391A460B46EDE71946FAE74F
:1051700070B5CE6833889AB2162A04460D4606D812
:10518000002204231146F3F7EFFE002070BDF72242
:1051900042834385FFF791FC2A8A0023314620464B
:1051A000F1E708B500230A8AC968F3F7DDFE00209D
:1051B00008BDFFF7F6BFFFF7F4BFFFF7F2BFFFF739
:1051C000F0BFFFF7EEBFFFF7ECBFFFF7EABFFFF757
:1051D000E8BFFFF7E6BFFFF7E4BFFFF7E2BF70B538
:1051E0000D46F3F759FD044628B92846EEF7AAFF05
:1051F0006FF07F0070BD00F10C062946304601F0CB
:105200005AFEE469C4B154F8985905B1983D00229A
:10521000104607E022467DB1D5F8983003B1983B9F
:105220002C461D46831C01D1002AF4D1314620466C
:10523000FFF796FD0028EDD10020DBE738B50546E5
:105240000C46FAF797FC2846F3F726FD20B9FAF743
:10525000A5FC6FF07F0038BD0023236083683BB955
:10526000C0E90144FFF711FFFAF798FC0020F2E7CC
:105270001C608460F6E710B50C46F3F70DFD98B19D
:10528000C3694BB153F8482CD168A142A3F19803EC
:1052900009D0D3F89830F4E7406828B1C368A34236
:1052A00002D00068F9E7104610BD1060002070477A
:1052B00010B5029CA36833B1B1F5807F28BF0E21E1
:1052C000CAB221469847A37DE268013BDBB2A375D1
:1052D00022B11BB92046BDE81040104710BD106038
:1052E000918000207047B1F5807F009A28BF0E2181
:1052F0001368C9B2184708B5072202F0F7F8B0FAE8
:1053000080F0400908BDFEF70EBB0B6803608B8878
:1053100083808B7983717047FEF70EBB10B503460F
:10532000BFF35B8F53E8000F40EA010243E800241B
:10533000002CF7D1BFF35B8F10BD70B50D4606464C
:1053400011F8010BF2F700F9044610B12C89F1F7BE
:10535000E3FC6B89A34207D0EB686C8123B1214643
:105360003046BDE87040184770BD08B502210C30CA
:10537000FEF7E2FE03466FF0080200201A70587034
:1053800008BD10B502210C301446FEF7D5FE638926
:105390000380002010BD10B504210C301446FEF728
:1053A000CBFE23890380E3894380002010BD10B524
:1053B00002210C301446FEF7BFFE23890380002033
:1053C00010BD10B504210C301446FEF7B5FE23893C
:1053D000038063894380002010BD38B500F10C04C0
:1053E000042120461546FEF7A7FE2B890380EB8992
:1053F00043802B7C33B94FF420512046FEF7B3FE97
:10540000002038BD42F60101F7E738B500F10C0481
:10541000042120461546FEF78FFE2B890380EB8979
:1054200043802B7C022B04D0032B09D02B68598896
:1054300001E042F602012046FEF795FE002038BD4D
:1054400042F60301F7E770B51446002500F10C069B
:105450006268EBB29A4205F1010501D8002070BDE7
:10546000A268304632F81310FEF77DFEF0E7FFF732
:10547000EABFF7B5089D06462F680C4651B973B9C7
:10548000002308932A46E1B23046BC4603B0BDE88B
:10549000F0406047B1F5807F28BF0E24F0E700930D
:1054A00013462A46B84708942F6823462A462146C1
:1054B000EAE710B5144632B900F17001007AF3F74B
:1054C00085FE00B1846010BDF0B587B00D460C9C20
:1054D000114606461A465DB983B92768002322465D
:1054E000E9B23046BC460C9307B0BDE8F0406047D7
:1054F000B5F5807F276828BF0E25EFE703A8FEF7E4
:105500000AFEBDF81030012B08D80023009325684F
:10551000224619463046A84707B0F0BD022103A82D
:10552000FEF744FE0346BDF8102033F8027B974295
:1055300028BF174600972568224600213046A84715
:10554000394603A8FEF732FEDBE738B500F10C055B
:10555000062128461446FEF7EFFD23890380E389E0
:105560004380237C002B42F6010308BF4FF42053F5
:10557000838021680B781BB1022B06D0002038BD38
:1055800049882846FEF7EFFDF8E71022013128464A
:10559000FEF7D8FDF2E738B500F10C0502212846E8
:1055A0001446FEF7C9FD63890380A1892846FEF7EA
:1055B000DAFD042104F11000FFF7B0FE002038BD31
:1055C0002DE9F041069DBFF35B8F07460C4605F1C0
:1055D000100353E8001F21F0040143E80012002AE1
:1055E000F7D1BFF35B8FECB1F3F73AFE014640B35E
:1055F000836853B11E68002205F1140C2BB163457A
:1056000008D12B463846F3F7F3FDB4F5807F28BF69
:105610000E240EE026B130681A4633460646EDE702
:105620003046F9E7AB8923B92E682346224629463E
:10563000B0476B682BB12A46E1B23846BDE8F0416D
:105640001847BDE8F08138B500F10C04042120466C
:105650001546FEF771FD2B8903806B894380E9684D
:105660000B782BB949882046FEF77DFD002038BD18
:10567000102201312046FEF765FDF7E7036800229E
:105680000BB9184670478B4210D10B6842B942687B
:105690000360914200D1436000230B6001207047FA
:1056A00013604368994208BF4260F5E71A461B68D9
:1056B000E6E708B5F3F78AFD18B1002303604360FD
:1056C000836008BD70B500F1700605463146007A6A
:1056D000FEF7B9FE04463146287A1CB1BDE8704099
:1056E000FFF7E7BFF3F772FD10B104604460846018
:1056F00070BD022A10B508D1002300F170011A46CE
:10570000007AF3F7C5FD022010BDFFF7DBFFFAE7D3
:105710002DE9F84306460D464FF470200021DDF8D0
:10572000249017469846F3F7E3FB044660B14560C2
:10573000C7609DF820104A463046F3F7A7FB0546A0
:1057400038B92046F3F700FC6FF00B052846BDE89A
:10575000F883002211460123F3F726FDA5602846B1
:105760003A464946C047054618B12046F3F7ECFBD8
:10577000ECE721463046FFF761FD05460028E5D0FD
:10578000F3E738B5BDF81010BDF81840059DA142EB
:1057900010460CD84CB16DB1641A9C42A8BF1C468F
:1057A000A4B22246294401F072FE204638BD6FF0B3
:1057B0000604FAE76FF00D04F7E770B5CC6886B021
:1057C0002678BDF8285066B96488ADF816400224E2
:1057D00002940DF11604CDE90054FFF7D2FF06B094
:1057E00070BD102602960134F5E7F0B50C4687B07F
:1057F000C968054616461F46F3F71EFD00B100892D
:10580000ADF81600022302930DF116030193BDF8C3
:105810003030009332463B4621462846FFF7B1FF21
:1058200007B0F0BD13B5044610B9002002B010BD9A
:1058300000238DF80430006842F6030301A9ADF897
:105840000630FEF7CBFC0028EFD1E36898880028EB
:10585000ECD12046F3F75EFE013080B2E6E72DE999
:10586000F041CC688AB0064698460846A3798DF880
:1058700014300D461746FFF7D5FFADF81500246824
:10588000237893B96388ADF817300523029305ABED
:105890000193BDF8403000933A46434629463046CE
:1058A000FFF76FFF0AB0BDE8F081631C0DF117022E
:1058B000113453F8041B42F8041BA342F9D11323FB
:1058C000E4E71FB5CDE90123002300931A46F3F75F
:1058D00051FE05B05DF804FBFFF72ABC4B8A12F0BD
:1058E000010FC3F30E0304D013F0950F10D04868D6
:1058F00070B112F0020F04D013F4957F0AD08968BA
:1059000041B1134013F4DE7F14BF0520002070471F
:105910000220704703207047F8B50F4651684B8A44
:1059200003F094030646144613BB0122F3F78EFEE0
:1059300008B3A2891B2102323046F3F7A7FA0546C5
:10594000E0B1A1890C300231FEF7F6FB20F8027BB2
:10595000A289A16801F09BFDD4E904122846012325
:10596000F3F722FC29463046BDE8F840FFF737BC84
:105970004FF0FF30F8BD6FF01500FBE76FF00B0044
:10598000F8E770B50B460546144629B92146284666
:10599000F4F732F928B970BD4FF6FF72914207D182
:1059A00021816368224628460021BDE870401847DF
:1059B000E28901339BB29A422381E7D2F1E72DE9D4
:1059C000F04F89B00646129F144611B913F0030830
:1059D00007D07B683A460021304609B0BDE8F04F59
:1059E000184703F47F73D518C14642F6010AAC424A
:1059F00007D13A464146304609B0BDE8F04FFFF7BF
:105A0000C0BF3A7C6388ADF80830002A14BF524604
:105A10004FF42052ADF80220102200210DEB0200BD
:105A20001FFA83F83B68B4F800B001938DF800903A
:105A300001F054FD01AB0693CDF80CD07B68ADF8B6
:105A40001CB03A4603A93046984704340028CED10A
:105A500009B0BDE8F08FF0B58FB05389ADF80C30C8
:105A60009389ADF80E300546022304A816898DF8F7
:105A70001030144602900DF1110301F1100251F89B
:105A8000047B43F8047B9142F9D12168C1B900211C
:105A900042F6020310220AA88DF80410ADF8063071
:105AA00001F01CFD01AB099302AB0C93ADF834601F
:105AB0006368224609A92846984728B90FB0F0BD67
:105AC000FEF78CFB0028E2D0218922462846FFF70A
:105AD00058FFF3E72DE9FF479046827A072A1D46D3
:105AE000DDE90D9A9DF8303006460F4628D123B3E4
:105AF00005F10E02D221F3F7C9F9044628B30221B9
:105B00000C30FEF719FB0023078000220027CDE9A7
:105B1000002329464246CDE902772046EEF730FBC6
:105B2000494620463B465246F3F73EFB2146304667
:105B300004B0BDE8F047FFF752BBAA1C5221DAE7D8
:105B40006FF07F0004B0BDE8F0876FF00B00F9E75D
:105B500073B504460D46FAF70DF829462046FFF7BF
:105B60008AFB014620B902B0BDE87040FAF716B8CA
:105B700046682046F3F7F0FAFAF710F82EB1002342
:105B800000951A460E212046B04702B070BDF7B509
:105B90000D46044616461F46F3F762FB014628B140
:105BA000009733462A462046F4F782FD03B0F0BD45
:105BB00001207047012070470120704713B5C0686D
:105BC000144668B100238DF8043001A94FF4C05386
:105BD000ADF80630FEF702FB10B9236801332360ED
:105BE000012002B010BD0021F8B54FF0FF324FF098
:105BF000FF3305460846F1F72DFF00F10C07044678
:105C000001213846FEF798FA05260670012138462C
:105C1000FEF792FA002306701A4621462846F1F74D
:105C200033FF10B12046EEF78DFA0020F8BD6FF07B
:105C3000850070470020704710B50369C0E905333F
:105C40000023C360837F044613B1407AF6F742FA1B
:105C50000123237700236377E377A37710BDFDF754
:105C600062BEF9F705BAF9F775BA38B50146F4F727
:105C700073FE054660B1037A6BB108460024F6F75F
:105C8000ABFA2846AC77FFF7D7FF2C72204638BD19
:105C90006FF01500FBE76FF07700F8E770B504468A
:105CA0000E461546F5F7E0FB30B906B925B120469A
:105CB000BDE87040F5F72EBC70BD4FF08053D3F8AF
:105CC0003021082A05D1D3F83401003818BF01204B
:105CD000704700207047C343C3F3C01300F00F00A8
:105CE00000EB0310704708B5F5F78EFC818208BD04
:105CF00008B5F5F789FCEFF31183402282F312888F
:105D0000BFF36F8F02690A60027B2AB9807D83F33B
:105D10001188BFF36F8F08BD0420F8E70369C9B28B
:105D20000C2202FB0133186C00F00700704770B5BD
:105D30000346C9B20069EFF31186402484F3128848
:105D4000BFF36F8F0C2505FB0104246C14F0C00415
:105D500001D0A24211D105FB010001220264002002
:105D600086F31188BFF36F8F30B95B680C2202FB9A
:105D700001335B689847002070BD4FF0FF30EFE7BC
:105D80008022FFF7D4BFF8B5069F04690546C9B263
:105D9000EFF3118C402080F31288BFF36F8F0C2635
:105DA00006FB0146306C00F0070EBEF1010F10D16A
:105DB000376400268CF31188BFF36F8F3EB90C2037
:105DC00041430C44C4E90E236B685B589847304646
:105DD000F8BD00F0C00087420CBF6FF077064FF0AF
:105DE000FF36E7E713B580240094FFF7CCFF02B03D
:105DF00010BD10B40069CBB21C2404FB03000021C9
:105E000010BC10471046F9F727BA00F06DBBF8F741
:105E100079B94FF4AF607047002208B511461046BB
:105E2000FAF7AEFB002818BF6FF0150008BDF7B5F4
:105E30004FF480630F4616460024A64203D816D0BE
:105E4000162003B0F0BD351BB5F5806F28BF1D4689
:105E50002A4601AB39190020FAF724FC20B9019B2E
:105E6000AB4201D11C44E8E76FF01500E9E70020E0
:105E7000E7E7F7B51C461646002382682360A36057
:105E800053690D4601AA69469847019B5A1E019223
:105E90001BB96FF0150003B0F0BD0098A268476809
:105EA0002168676085B9B31AD0F800C0634528BF80
:105EB00063461A4403FB07112160A26002689A42FC
:105EC00006D808300090E0E76B1AB3FBF7F3EBE776
:105ED0000020E0E713460022FFF7CBBF2DE9F04793
:105EE000836886B05B698846914601A902AA9847F3
:105EF0000024A2462546029BAB4202D806B0BDE86C
:105F0000F087019F07EBC50700267B6804933A687A
:105F1000B2420AEB060302D801359A46EBE7039436
:105F20000593494603A8C0470028E7D0049B0136E3
:105F30001C44ECE710B50C4600F00DFE0023C4E94C
:105F40000003184610BD38B505460C4600F003FEA8
:105F5000002D07DBA84205D9401B84428CBF0020DE
:105F6000012038BD0020FCE770B50D4628461946D3
:105F700016461C46FFF7E7FF30B921462846F6F7DC
:105F80006BFC6FF0150070BD24B1224629463046E7
:105F900001F07DFA0020F6E743685B68D3F810351E
:105FA0000B600020704743685B6802EA010021EA49
:105FB0000201C3F80805C3F80C15002070474368B8
:105FC0005B680020C3F80815704743685B680020D1
:105FD000C3F80C15704743685B68D3F8042521EAC1
:105FE00002001140C3F80805C3F80C1500207047E3
:105FF00030B50369586800B30024884219D1086895
:106000008CB99C685860A14200D19860002008605B
:106010002AB15A680A609A68596002B999600020EA
:106020000FE02846E9E720609868814208BF9C603D
:10603000ECE705680446002DF3D1002AE9D16FF0A2
:10604000150030BDF8F70CBB13B54FF0805208298E
:10605000136E526E28BF082112BA00921BBA0C466A
:106060000A466946019301F012FA204602B010BDBB
:1060700030B543681360057A446804EBC504A34255
:1060800002D36FF0010030BD5C798C4203F108034C
:10609000F0D10020F7E743681B68D3F88004C3F809
:1060A0008004704742681368D3F8100150B1D26978
:1060B000002012780A70C3F81001D3F810210122D1
:1060C0001A6070474FF0FF307047002A0FDD4268BA
:1060D0001368D3F8100158B10020C3F81001D26939
:1060E000D3F8100112780A70012018607047002060
:1060F000704710B543681C680369EFF311804022B4
:1061000082F31288BFF36F8F1A68D17B39B991730C
:106110001B680122DA734FF48003C4F8043380F360
:106120001188BFF36F8F10BD03691A68D17B21B14D
:10613000012191731B680022DA73704702691168AC
:106140000346C87B40B15B681B68D3F8580118B19F
:1061500000230B6113689889704743681B68D3F864
:106160001001003818BF0120704743681B68D3F83E
:106170000423D2065CBF1022C3F80423704743688F
:106180001B68D3F80423D20644BF1022C3F80823A7
:10619000704743681B684FF40072C3F804237047CC
:1061A00043681B684FF40072C3F80823704738B582
:1061B00043681D68D5F804335B02044605D4D5F85E
:1061C000040310F0100006D138BDFFF7B7FF002818
:1061D000F5D00120F8E72046BDE83840FFF7BDBF05
:1061E000012070470369186801601B685A60704796
:1061F00002680346D2F8580140B95B68DB0706D451
:10620000D2F82001003818BF0120704701207047E4
:1062100010B4436802691B68D3F80413C90517D585
:10622000D3F82011A1B1EFF31181402484F3128837
:10623000BFF36F8FD3F8204134B10024C3F820415D
:10624000D3F820410124DC6081F31188BFF36F8F04
:106250001168D3F8584171B17CB100240C61116808
:10626000C97B19B94FF48001C3F8081311688C7BFE
:106270001CB100238B7310BC7047D3F8241121B1DB
:106280000021C3F82411D3F8243112681368002BBD
:10629000F1D0516810BC184713B501AA0446FFF7A6
:1062A000E7FE002805DB019B226819791868F6F7DC
:1062B000F7FD02B010BD2DE9F041066933689C89F5
:1062C000BFF35B8F94420546A8BF144610330127E5
:1062D00053E8002F002A03D143E800700028F7D1CB
:1062E000BFF35B8F0CBF3B4600232BD133682246A4
:1062F000986801F0CCF8EFF31188402383F31288FB
:10630000BFF36F8F69680846FFF772FF326840B9C4
:106310001061044688F31188BFF36F8F2046BDE8F3
:10632000F0810B689268C3F844250022C3F8484501
:10633000C3F82021D3F82011C3F85821D3F85821ED
:106340009F60E7E71C46E9E700F150039B009BB222
:1063500003F1804303F5883300221A601B687047FD
:1063600008B5F6F7A5FF08BD10B54FF0FF304FF0A8
:10637000FF31F7F739F9044628B9DBF757F8044637
:1063800018B1F7F739F9204610BDF7F735F920466F
:10639000EEF790F8F7E738B50B8A0D463BB101F1FF
:1063A0000C00FDF70BFF012818D0022803D06FF076
:1063B0001504204638BD4FF0FF304FF0FF31F7F79E
:1063C00013F904460028F4D1E868E4F7A0FF044676
:1063D000F7F712F9ACB1F7F715F9EAE74FF0FF302C
:1063E0004FF0FF31F7F700F904460028E1D1E868E3
:1063F000F7F7F0FA0446F7F7FFF8002CD9D1F7F7D2
:1064000001F92846EDF79EFE0024D2E7F7F74CBAD3
:1064100010B532220446002101F060F820232370D9
:106420008023A3706FF03F0363710423A3722823BA
:10643000A3730223E3730423A375172363763C231A
:10644000A3766FF01303E37609232377302384F8D0
:106450002030402384F82130012384F8223078232F
:1064600084F82330802384F8263010BD08B54FF01F
:10647000FF314FF0FF30F7F7B7F8E8F725F8BDE840
:106480000840F7F7B9B8684620F007018D4601B516
:10649000E3F7DEF9BDE8014085467047684620F025
:1064A00007018D4601B5E3F7C7F9BDE80140854610
:1064B0007047684620F007018D4601B5E3F7AEFF4F
:1064C000BDE801408546704708B5E7F78EFD00201E
:1064D00008BDF9F7B3BF08B5ECF730FEECF704FFE1
:1064E000BDE80840F9F7AABF7047012802D1002093
:1064F000E2F774B870477047E1F76EBE08B5E4F78D
:1065000039FA30B1EFF305800338032894BF002037
:10651000012008BD70474FF08053D3F83021082A7E
:1065200003BFD3F83401B0FA80F04009002070476F
:1065300003460020184700F04FBB10B50246116813
:10654000B1B1BFF35B8FB1FA81F3C3F11F00012337
:10655000834021EA030352E8004F8C4204D142E811
:10656000003CBCF1000FF6D1BFF35B8FE7D110BD4B
:106570006FF00B00FBE710B50368CB40DB0714D4CA
:1065800001238B400268BFF35B8F43EA020150E8AE
:10659000004F944204D140E8001CBCF1000FF6D13A
:1065A000BFF35B8FEED1002010BD6FF01500FBE74D
:1065B00070B50C460021054608461646F7F7A2FFBF
:1065C00048B93378DB0003F1804303F5F833C3F8AF
:1065D0001055C3F8144570BDF7B5019001A8DDE969
:1065E000084716461D46F7F7A3FF019BB6F1000CBE
:1065F00018BF4FF0010C00EB83000B1E18BF0123E6
:10660000002D43EA4C030CBF4FF0000C4FF00C0C74
:10661000002C43EA0C030CBF4FF0000C4FF4E06C6D
:10662000002F43EA0C03D0F800270CBF4FF0000CFA
:106630004FF4403C43EA0C0322EA030301B109781A
:106640000EB13678760019430DB12D78AD00314387
:106650000CB12478240229430FB13F783F040C4346
:106660003C43C0F8004703B0F0BD1FB50DF10F0368
:10667000019300238DF80F1000931A461946FFF777
:10668000ABFF05B05DF804FB10B504460846F7F70C
:106690005FFF04EB4004207DC0F3401010BD10B537
:1066A00004460846F7F754FF04EB4004207DC0F38E
:1066B000400010BD10B504460846F7F749FF04EB4B
:1066C0004004A08A400B10BD70B50446084616462B
:1066D000F7F73EFF08300D4634F81030DA0509D5DB
:1066E000C3F3432304EBC302314654F833305268FA
:1066F00028469847A3682BB1E26831462846BDE892
:106700007040184770BD10B504460846F7F720FFE3
:1067100004EB4000838ADA051DD5C3F3432123F43B
:10672000F853838204F1120204F1720032F8023F3E
:1067300013F4807F03D0C3F3432399420BD08242EA
:10674000F4D104EBC10300225A6004F17800BDE8E3
:106750001040FFF710BF10BDF0B5034600F5807480
:10676000002005460127844695420AD1D3F87C21B2
:1067700032B10022C3F87C21D3F87C3140F00040D4
:10678000F0BD25F0404607FA06F6314209D0D4F8AC
:1067900000E0BEF1000F04D0C4F800C0D4F800E05F
:1067A000304301350434DFE738B504460D46FFF7C2
:1067B0006BFFA8B12046FFF772FF88B92046FFF7AC
:1067C00079FF226801238340C2F80833236803EB72
:1067D0008000D0F8103523F00303C0F8103538BD21
:1067E00028460021BDE83840FFF73FBF2DE9F043C0
:1067F000174685B004460846F7F7AAFED7F800808A
:106800000E460546B8F1000F1ED02046FFF747FFA1
:1068100018B12046FFF738FF20BB0023CDE9003335
:106820008DF80E308DF80F300DF10F0243460DF14B
:106830000E013046FFF7D0FE04EB4502938A23F0A9
:10684000020343F0010393827B689BB331462046E9
:1068500093F80080D3F80490FFF721FF28B1B9F135
:10686000000F1FD06FF0150027E004EB4500838A6E
:1068700023F4604323F020038382B9F1000F11D089
:10688000B8F1030FEED87B6821685B6893F800C00D
:106890004FEA8C031944B8F1000F11D1C1F81085EB
:1068A000C1F8108504EB4502938A23F01C0343EAE8
:1068B00088039382BB6843BB002005B0BDE8F0832A
:1068C000D1F8102522F00302C1F8102522681344E4
:1068D000D3F8102522F44F3222F44072C3F8102569
:1068E0003202D3F8101502F47C5242EA08420A43FD
:1068F000C3F8102504EB4C03A3F87C60838A43EAB9
:106900004C3343F020038382CCE7D3E9007831464F
:106910002046FFF7F8FE002FCED063689F4206D0D6
:1069200004F17800FFF709FE002804DAC5E7A36840
:106930009845F5D1002004EBC003C3E9017804EBCE
:106940004505C0B2AB8A43EA402343F48073AB826F
:10695000B2E72DE9F043054685B0084616461F46C6
:10696000F7F7F6FD0C46804626B32846FFF797FE5C
:1069700018B92846FFF788FE18BB05EB4809B9F897
:10698000143003F01C0313B17378012B19D00123C9
:106990008DF80F300023CDE90063721CB31C0DF19C
:1069A0000F012046FFF718FEB9F8143043F0030337
:1069B000A9F81430002F3FD021462846FFF76FFE7C
:1069C00020B96FF0150005B0BDE8F0833E782B6864
:1069D00003EB86030022C3F81025C3F8102505EB4E
:1069E00048024FEA860C938A23F4604323F0200385
:1069F0009382787800B32968BF7861440004D1F8A5
:106A0000103523F4991323F4F853C1F810352302F9
:106A100000F4403003F47C5303433805D1F810559B
:106A200000F4801003432B43C1F81035938A43EAE6
:106A3000463343F0200393820020C4E7C0E90312E9
:106A4000704770B504461546FFF71EFE48B108466C
:106A5000F7F77EFD04EB40040020A38A5B0B2B704C
:106A600070BD6FF01500FBE738B590F88C40054617
:106A70009CB960222146143000F030FD2868C0F82F
:106A80007C41D0F87C3140F30730ECF7ADFF0123B7
:106A900085F88C30AB67204638BD6FF07700FBE798
:106AA00090F88C00003818BF01207047F7F78ABDB6
:106AB0002DE9F34104461746FFF7E6FD0D4626682B
:106AC000F0B12046FFF7EBFD8046C8B92046FFF73E
:106AD000F1FD820002F5807346F80380F3582368C5
:106AE0001344D3F8102542F00102C3F8102527B152
:106AF000226801238340C2F8043302B0BDE8F0816C
:106B0000D6F80433002BA4BF4FF00043C6F804337B
:106B10002846F7F71DFD04EB4004A38AC3F3820364
:106B2000042B12D0052B12D001A80195F7F700FD18
:106B3000019BD0F81015D94001F00101023128461F
:106B400002B0BDE8F041FFF790BD0321F7E7022155
:106B5000F5E7FFF729BE4FF080531A695869504393
:106B600070474FF08053186970474FF08053586951
:106B7000704700F180431A68002A1FBF00221A6084
:106B80001B68012008BF002070474FF080434FF47E
:106B90006072C3F8042370474FF080434FF4607273
:106BA000C3F80823704708B5F7F7BEFEBDE80840F4
:106BB000FFF7A2BC08B5F7F78BFF002008BDEFF385
:106BC0001180402383F31288BFF36F8F704780F3E7
:106BD0001188BFF36F8F704708B1EDF739BB70476D
:106BE00010B5436904463BB90020E268537843F08E
:106BF00001035370404210BD98470028F4D000288C
:106C0000B8BF4042E368FF28A8BFFF201870ECE738
:106C100040B1C368587810F001001EBF1878B0FA70
:106C200080F040097047EFF31183402383F312880B
:106C3000BFF36F8FFEE710B400F10C04C0E903440A
:106C400010BCFBF7E5BD38B50446EFF311854023D2
:106C500083F31288BFF36F8FE8F770FF04F10C0025
:106C600000F0FFFA30B1294604F11400BDE83840C5
:106C700000F0DCBA85F31188BFF36F8F38BD10B513
:106C800042696AB1836842EA0301890708D1016950
:106C9000A2FB011424B95B182CBF0121002102D3EF
:106CA0006FF0150005E0C1609B1A02698A4201D8A5
:106CB000002010BDC2681A604269C36001319B1A8E
:106CC000F3E710B5C0E90432002381608361044614
:106CD000FFF7D5FF08B9C4E9004410BD2DE9F04124
:106CE00005460F46EFF31188402383F31288BFF364
:106CF0006F8FC668F6B90468A0421BD0D4B1D4E93E
:106D0000003213605A60237CA66023F002032374D0
:106D1000C4E9006604F1180000F024FB2046A667D1
:106D2000676100F029FA414605F10800BDE8F0412D
:106D300000F07CBA3E60AB69EF60013BAB6188F369
:106D40001188BFF36F8FBDE8F08108B54024EFF3E1
:106D5000118384F31288BFF36F8FFDF74FF9F6E7C5
:106D6000D0E9003213605A60027C002322F0020254
:106D7000C0E9003302748360704713B501240094A6
:106D8000F8F7B0F802B010BD90F90E308B4201D088
:106D9000F8F770BE0020704703460020C3E90200E8
:106DA000C3E900337047D0E9003213605A60027CB7
:106DB000002322F00202C0E90033027483607047AE
:106DC0002DE9F843904604469DF820200D46EFF348
:106DD0001187402181F31288BFF36F8F02B145689C
:106DE000A66804F10809B14515D0A6B13046FFF7F1
:106DF000DAFF002406F1180000F0B4FA3046B46758
:106E0000C6F8148000F0B8F94846394600F00EFA8A
:106E10002046BDE8F883A3B10820F9F707FB002856
:106E200032D00122C0F804800260016801F0030141
:106E30005DB922680A430260626820606AB96060D6
:106E40000BE0C8F800304046EFE72A68032A10D864
:106E50000160616839B9C4E90000002087F3118836
:106E6000BFF36F8FD5E70A6802F0030202430A609E
:106E7000E5E722F003020A4302602A6802F00302F7
:106E800040EA02032B60E8E76FF00B00E6E710B57D
:106E9000044630B10268930703D0446809B100F09A
:106EA000EEFA204610BD0023C0E9003300F10803CC
:106EB000C0E90233704707B50123009300230A4657
:106EC0001946FFF77DFF03B05DF804FB07B500230B
:106ED0000A4600931946FFF773FF03B05DF804FB01
:106EE00000680021FFF7D3BF3AB18A4205D3C0E959
:106EF0000212C0E90000002070476FF015007047D3
:106F0000026801238B4022EA0303036022FA01F0A6
:106F100000F001007047704710B5032104460C30A3
:106F2000FFF7EEFF30B104F1100000F01BFAB0FAE9
:106F300080F0400910BD20B1002211468C3000F0D5
:106F4000D8B9704770B5C368C3F340069B070446C1
:106F500016D4856802210C30FFF7D2FF80B1D5F836
:106F600084206AB194421DD122689EB9D5F8883038
:106F7000C5F884209C4201D1C5F8882000232360F5
:106F8000E36813F01F001EBF43F00203E36040F00C
:106F9000020070BD3260D5F88820944208BFC5F861
:106FA0008860EBE716461268DBE773B50446EFF33B
:106FB0001185402383F31288BFF36F8F0023019361
:106FC000D0E90423B3F1004F08BF012A05D085F3AF
:106FD0001188BFF36F8F02B070BDA0F110060321BE
:106FE0000438FFF78DFF0028F1D0A369019301A9B0
:106FF0003046F8F787FAEAE738B504460D4610221E
:10700000002100F06BFA656038BDEFF31183402278
:1070100082F31288BFF36F8FC06800F01F0083F304
:107020001188BFF36F8F704713B501900846EFF3D7
:107030001184402383F31288BFF36F8F01A9F8F7FF
:1070400061FA84F31188BFF36F8F02B010BD10B5E1
:10705000FFF7EAFF041E08DDEFF31180402383F3FE
:107060001288BFF36F8FF8F771FD204610BD70B521
:107070000D46EFF31186402383F31288BFF36F8F21
:10708000F8F792FA044686F31188BFF36F8F38B190
:107090004FF0FF324FF0FF3305F11000F8F710F911
:1070A000204670BD08B5A022002100F017FA08BDE7
:1070B00038B5302204460D46002100F00FFA4FF497
:1070C00080736560E36038BDFFF79FBF38B5044645
:1070D000EFF31185402383F31288BFF36F8FFFF71F
:1070E0001BFF2046FFF72EFF85F31188BFF36F8F3C
:1070F00038BDEFF30580003818BF012070476FF0EE
:107100005700704700207047D0E9003213605A6082
:107110000023C0E90033704708B5FFF7F5FF037C93
:1071200023F0020303740023836008BD38B50446CE
:107130000D46F8F7FBFB237C43F002032374D5B123
:10714000A5602B689D4209D16B68C4E900531C609F
:107150006C6010E06A689A42F6D01B68002BF3D08E
:1071600093F90E1094F90E209142F3DD5A68C4E9A8
:10717000003214605C6038BD10B5EFF31184402319
:1071800083F31288BFF36F8FF8F790FB84F31188B5
:10719000BFF36F8F10BD08B5EFF31181402282F36A
:1071A0001288BFF36F8F83680BB1FFF7B5FF81F3D0
:1071B0001188BFF36F8F08BD08B5037C13F0280F4B
:1071C00001460CD183680BB1FFF7A6FF0B7C23F0BF
:1071D00004030B740846BDE80840F8F767BB08BD18
:1071E00010B5EFF31184402383F31288BFF36F8F40
:1071F0001838FFF7E1FF84F31188BFF36F8F10BDDC
:1072000008B50346EFF31181402282F31288BFF3E1
:107210006F8F0068834207D008B1FFF77DFF81F3CD
:107220001188BFF36F8F08BD0020F8E70846F8F714
:10723000B5BB38B504680546AC424FF0000000D13C
:1072400038BD002CFCD02046FFF766FF04F1180083
:1072500000F088F82046F8F729FB2C680120A542A9
:10726000EDE710B5EFF31184402383F31288BFF3E9
:107270006F8FFFF7DEFF84F31188BFF36F8F10BDB0
:1072800038B50C460546F8F7FDFCB4F1FF3F08BFE2
:10729000B5F1FF3F1FBF47F6FF7300224FF47A712D
:1072A000E0FB01321ABFD80B40EA42404FF0FF30FA
:1072B00038BD38B50446EFF31185402383F31288B7
:1072C000BFF36F8F037C5B070ED5183000F04AF8D0
:1072D000237C23F0040320462374F8F7E7FA2846BA
:1072E000BDE83840F8F75ABB85F31188BFF36F8FBC
:1072F00038BD38B5EFF31185402383F31288BFF30F
:107300006F8F0468A04212D09CB1A16762612046D1
:10731000FFF702FF04F1180000F024F82046F8F708
:10732000C5FA012085F31188BFF36F8F38BD0020A7
:10733000F8E72046F6E708B50246F8F733FE70B1E5
:10734000D0E904319B1A61EBE272B3F1004F72F1A4
:10735000000104DA002AACBF1846002008BD6FF017
:107360000040FBE738B50246EFF31185402383F375
:107370001288BFF36F8F0368D3B1F8F713FE04468A
:107380001046F8F721FE00224FF000438442C0E986
:10739000042305D0002085F31188BFF36F8F38BD1B
:1073A000F8F708FEFFF7C7FF0021F6F7E5F8F1E769
:1073B000D0E90413B3F1004F08BF012904D1002024
:1073C0004FF00041C2E904016FF01500E3E708B592
:1073D000F8F702FF08BDF8F7FFBEB3F1FF3F08BFA3
:1073E000B2F1FF3F70B506461D46144614D01A434D
:1073F00016D0002B08DBF8F7EFFE041941EB05016E
:10740000C6E90041304670BD6FF001031C1B4FF010
:10741000FF3363EB0501F3E74FF0FF342146EFE75D
:107420000024FBE7B3F1FF3F08BFB2F1FF3FF8B51F
:10743000074616461C4610D054EA020311D0F8F74E
:10744000CBFEB0420A46A14103460AD2F31A64EBCE
:107450000204C7E900343846F8BD4FF0FF331C463C
:10746000F7E70023FBE70023C0E9081200F1180248
:10747000C0E90622C0E9003303634363704720B1CB
:10748000011F50F8040CFFF7DEBB704770470A4439
:10749000914200F1FF3300D1704710B511F8014B54
:1074A00003F8014F9142F9D110BD884210B501EBAC
:1074B000020402D98442234607D8431EA14207D0C2
:1074C00011F8012B03F8012FF8E70244824200D1A2
:1074D00010BD13F8011D02F8011DF7E70244034631
:1074E000934200D1704703F8011BF9E710B5013949
:1074F0000244904201D1002005E0037811F8014FC9
:10750000A34201D0181B10BD0130F2E710B50139BC
:10751000034632B111F8014F03F8014B013A002C38
:10752000F7D11A440021934200D110BD03F8011B8A
:10753000F9E710B5024601448A42134603D01C788D
:107540000132002CF8D1181A10BDF0B5C3F137077D
:107550000446FFB203F01F031046082BE6B233D0F7
:10756000102B3ED06508A40844EA817445EAC17531
:107570002D194FEA910242EB5102290941EA0271A9
:107580006D1842EB1212290A41EA02616D1842EBB2
:107590001222290C41EA02416D1842EB1242AD1849
:1075A00042F10002EC0844EA4274D10804EB840280
:1075B000A6EB4205EDB2092D0CD90134A5F10A055F
:1075C00041F10001EDB212E0E40844EA417406F032
:1075D0000705C908303554EA010200F8015BBCD147
:1075E000F0BD240944EA017406F00F050909092DCC
:1075F00084BFED19EDB2EDE7D1E9043293421EBF2D
:087600005A1C0A611870704762
:08760800206FFE7F010000006D
:107610007542010000000000194201000000000056
:1076200000000000E8760200B56B020000000000D8
:107630003DEE01000000000061EE010000000000CE
:107640000000000004770200000000002077020024
:1076500049DF010000000000C964020000000000D2
:10766000D3640200000000000000000074770200F4
:107670000000000058770200000000009077020030
:10768000000000003C77020025D40100000000004B
:10769000890C010000000000993F0100000000007B
:1076A00000000000AC770200ED2C0100000000009B
:1076B00035E0010000000000D76402000000000077
:1076C00079F301000000000000000000C87702000C
:1076D000CDA9010000000000FD47010000000000EE
:0876E00021310100000000004F
:1076E80028AD020060830200DC790200020A002053
:1076F8007C4900203DC3010000000000EFAD0200FE
:1077080088830200B87902000A0A00202C4A002067
:1077180041CD010000000000FDAD02009C83020085
:10772800B87902000C0A0020384A002041CD010037
:10773800000000002C900200B80D0020F87902002B
:10774800000A00203805002035290100000000004B
:1077580051AD02000000000098790200040A0020E0
:10776800D049002061C701000000000061AD02009F
:107778000000000078830200060A002000000000D4
:10778800195E0200000000002AAE0200B083020069
:10779800447A02000E0A002038090020C1D00100F6
:1077A8000000000082AF020000000000F483020025
:1077B800100A0020504A0020F1D701000000000004
:1077C800CBAD020000000000A0790200080A0020EA
:0C77D800000000007DC80100000000005F
:1077E400A76B02003165020000000000E13F0200C7
:1077F400907702001162020000000000E13F0200E5
:1078040000000000E13F020000000000E13F020030
:10781400100800204560020000000000E13F020063
:1078240000000000E13F020000000000E13F020010
:1078340000000000E13F020000000000E13F020000
:1078440000000000E13F0200D0490020CDC7010044
:1078540000000000E13F020000000000E13F0200E0
:1078640000000000E13F020000000000B5D4010068
:1078740000000000E13F020000000000E13F0200C0
:1078840000000000E13F020000000000E13F0200B0
:1078940000000000E13F020000000000E13F0200A0
:1078A40000000000E13F020000000000B9DF010019
:1078B40000000000E13F020000000000E13F020080
:1078C40000000000E13F020000000000E13F020070
:1078D40000000000E13F020000000000E13F020060
:1078E40000000000E13F020000000000E13F020050
:1078F40000000000E13F020000000000E13F020040
:1079040000000000E13F020000000000E13F02002F
:1079140000000000E13F020029BA010031650200C5
:1079240000000000E13F020000000000E13F02000F
:1079340000000000E13F020000000000E13F0200FF
:1079440000000000E13F020000000000E13F0200EF
:1079540000000000E13F020000000000E13F0200DF
:10796800301A0020805100200008000001EF0000BC
:1079780000000000000000000000000007000000F8
:107988000000000013880200000000000000000052
:087998000DC701005DC60100EE
:1079A000695F0200D1CA01000DCA010051C801007F
:0879B000355F020041C801002F
:1079B80071CB0100995F0200A75F0200BF5F020060
:1079C800CB5F0200D75F02007DCD0100F15F0200AE
:0479D80000000000AB
:1079DC0095C30100815D0200E55D0200000000001E
:0C79EC001D5D0200000000000000000013
:1079F800273D0200C1290100000000003D280100C8
:107A0800DF3C02001D2801008B3B0200953B020071
:107A1800FD270100B53B020000000000BF3B02004B
:107A28000000000000000000CD3B0200393D0200CC
:107A3800E53B02001F3C0200ED3B0200A56002008E
:107A480009D0010097600200B7620200CB60020013
:107A5800F3600200296102003D6102006B610200CF
:107A68007F6102003D6102005B61020093610200D8
:107A7800A1610200AF610200E1610200E56102005C
:087A88000000000000000000F6
:107A900005000000317A01000600000009A901007C
:087AA00004000000718B0100DD
:107AA8009DF10000D1EB0000000000000000000084
:087AB8000000000000000000C6
:107AC000D882020004000000607F02000500000070
:107AD00078A8020003000000E39502000300000004
:107AE000FFA30200030000000D9602000300000047
:107AF000ADAA0200030000005C9F0200030000002A
:107B00008DA0020003000000D1A5020003000000C8
:107B1000ACA00200030000009FAF020003000000C1
:107B20008DAF020003000000DAAA0200030000008B
:107B30001C880200030000004389020003000000CB
:107B400043AD0200030000007D900200030000002E
:107B5000E5AD0200030000002FB0020003000000AA
:107B6000A08A020003000000AF8A020003000000A8
:107B7000B38A020003000000CBAF02000300000044
:107B8000249502000300000083950200030000001A
:107B90008B9502000300000018AD020003000000F6
:107BA000F1AF02000300000015B102000300000065
:107BB0009888020003000000749002000300000097
:107BC0009A9502000300000054890200030000009F
:107BD00038AE0200030000003A90020003000000EB
:107BE000948E020003000000738D02000300000069
:107BF0000FAD0200030000001E8F02000300000012
:107C0000F07E0200783500209E8B0200010000000B
:107C1000DEA702000000000000000000E5E7000011
:087C200000000000000000005C
:107C300001016000300000000000000001010000B0
:107C4000200F000000000000600060000000000045
:107C500000000000439E0200489E02004C9E02006D
:107C6000509E0200549E0200589E02005C9E02003C
:107C7000609E0200649E0200689E02006C9E0200EC
:107C8000709E0200749E0200789E02007C9E02009C
:107C9000809E0200849E0200889E02000101000274
:107CA000070000000100000010270000102700005E
:107CB00001000B0002000A00050009000A0008008C
:107CC000140007001E000600320005004B000400EF
:107CD0006400030096000200FA000100F4010000B5
:107CE000F401FA00960064004B0032001E001400FC
:107CF0000A000500020001000C0802170D01010234
:107D00000909010106020918180301010909838301
:107D100085030201230202240910040405050B0B4C
:107D2000040B2B1B1B159A9A1C021D1613050149E7
:107D30000D150508061B1B0F01010000FEFEFEFECF
:107D4000FEFEFEFEFEFEFEFEFEFEFEFEFEFEFEFE53
:107D5000FE16FEFEFEFEFEFEFEFEFEFEFEFE1F1FE9
:107D6000FE26FEFEFEFEFEFEFEFEFEFEFEFEFEFE0B
:107D7000FEFEFEFE3E3EFEFEFEFE3B3B25262700AF
:107D80000100000010110040000000000000000091
:107D900000000000000000000406080A0C0E10128B
:107DA0001416181C1E20222426282A2C2E30323489
:107DB00036383A3C3E40424446484A4C4E021A50FD
:107DC0000000000028000000180000000000000073
:107DD000141E0000301100000000000070170000A9
:107DE000A00F00000000DC05E80300000000000018
:107DF000141E00003011000000002CA6E0A10000BD
:107E00003408E80300010008120000000000000030
:107E1000D8ECF0F4F8FC00020304050607080000A3
:107E20000000000000000000000000000000000052
:107E30000000010101010202020203030303040422
:107E400004040505050506060608090000000000F3
:107E50000000000000000000000000000000000121
:107E600001010102020202030303030404040405E6
:107E700005050506060708090A0B0C0D001002008F
:107E8000FA00000000C2010000000800000000002D
:107E90000338FDD870470000434254475476310000
:107EA00000000000C01B0020000100003D3802005F
:107EB000DF37020002000000ED3902000000000080
:107EC000000000000000000000000000828B0200A3
:107ED0008A8B02000000000000000000000000008B
:107EE00057A90200928B0200968B02009A8B020027
:107EF000791601006D1601009D160100551601004E
:107F0000000000006116010000000000F9160100E9
:107F100080350020414F00201000000004000000C8
:107F2000000000000010000000F00000C877020010
:107F3000010000000000010000600600C877020098
:107F4000020000000060070000600600C877020021
:107F50000300000000C00D0000400000C8770200D0
:107F600050850200BB570200000000004C85020053
:107F700000000100488502005F5802000000000078
:107F8000E807002000000100408502009D3D02003E
:107F90000000000000000000000001003C8502001D
:107FA0005F58020000000000E00700200000010010
:107FB00034850200693D020000000000000000005E
:107FC00000000100E52F010000000000000000009B
:107FD000000000003B3E0200000000001F3E0200C7
:107FE00000000000B93F020008080020000800203F
:107FF000F807002000000000F007002055320100C3
:10800000493101009D310100FD310100C004002013
:108010000000000000000B060200000020800200AB
:1080200000000000749502002600020200000020FB
:108030007C95020022000B11254001000000000089
:1080400061400200388002005480020000010000FC
:1080500000000000688C0020388002006880020068
:108060002E00000000000000B899002038800200B7
:108070007C80020002010000000000008C9A0020B9
:108080008C9E0200AA9E0200C59E0200D59E0200A0
:10809000E29E0200EB9E0200F29E0200F99E0200A8
:1080A000009F0200089F0200E29E0200109F020053
:1080B000229F0200379F02004A9F02000E03000029
:1080C0001D5E01000F040000E95D01001A010000BF
:1080D00071450100050400008945010013010000FD
:1080E000DD4801003E010000554B01000112000077
:1080F0008D4302000A1E0000E1430200FF01000060
:10810000C94C01003E010000A94C0100050400001B
:10811000D545010010010000B54601000201000034
:108120002966010001120000BD5601000A1E000070
:10813000874402000309000015470100040B0000FA
:1081400089480100060A0000255D0100070A0000B9
:10815000854601000C0500005146010038800200F0
:108160006C8102004700000000000000A89B002076
:10817000F28F02008BA30200ABA302009FA30200B8
:10818000B6A30200CDA30200DDA3020031A50200C8
:10819000F1A3020038800200A48102000000000068
:1081A00000000000C89C002038800200B881020056
:1081B0000001000000000000F09C00201F480200A9
:1081C00071480200000000000000000000000000F4
:1081D000E17D010000000000000000000000000040
:1081E0000000000002020100C34D0200040401006F
:1081F00031880100060601007187010008040100B2
:108200005D8601000A020100AB4D02000C04010072
:10821000934D02000E040100398501002004010085
:10822000A584010010040100B583010012020100C1
:10823000154D02001E000400DB5102005202000036
:108240003B4D0200010402002D91010003020200D7
:108250007151020005010200A3510200070402004F
:10826000B351020009010200B75102000B000200E5
:10827000BB5102000D000200BF5102000F000200BE
:10828000C351020021020200C75102001101020085
:10829000CB51020013000200CF510200170402006C
:1082A000D351020019000200D75102001B02030043
:1082B0007F4A02001D0205007981010023040300AA
:1082C0006D4A020038800200D482020002010000E0
:1082D0000000000068A0002068850200BB57020073
:1082E00000000000648502000000010060850200BB
:1082F0005F58020000000000180900200000010083
:10830000588502000000000000000000000000008E
:108310000000000054850200EB570200C5930100E5
:108320002009002000000300000000000000000001
:10833000000000000000000000000000E75B0200F9
:10834000000000000000000000000000000000002D
:1083500071AB0100F9C20100C9C2010000000000B8
:1083600045C40100C5C3010037AD02000F5E020025
:108370000B5E02003DAD02002F5E02000000000017
:108380000400000000FF0000FFFF00000003005099
:10839000100800200000000001000000FFFFFFFFA8
:1083A0000000005010080020000000000000000045
:1083B000002000400100000000000000D083020007
:1083C0000000D60100000000F04F0020EF4F002019
:1083D00000200040DC83020001000000E483020072
:1083E0000400000014000000110000021806000143
:1083F00016060003C5D601006963020097630200F8
:108400000800000003000000C6B00200D4B0020063
:10841000E8B00200F7B0020003B1020010760200DB
:10842000187602008876020090760200E07602005C
:10843000E876020018B10200000100000000000010
:10844000FF8FFFFFFF8FFFFFFE8FFFFFFE8FFFFFFE
:10845000FD8FFFFFFC8FFFFFFC8FFFFF4661696C04
:1084600020746F2061637175697265206D75746524
:10847000780A00004661696C20746F20696E63722F
:108480006561736520504D20636F756E7465720A67
:10849000000000006D757465785F66726565206325
:1084A000616C6C65642077697468204E554C4C2073
:1084B000706172616D6574657200000043616E27C2
:1084C0007420696E697469616C697A65206D757470
:1084D00065782C20776173204E554C4C0D0A0000B6
:1084E000466174616C206572726F7200436F756CC7
:1084F00064206E6F74206C6F636B20706F77657291
:108500002073617665206D757465780064726167AB
:108510006F6F6E2F6C6962732F73636865642F735E
:1085200072632F73636865645F68616C5F72746304
:108530002E6300000000012A0000012A0000032829
:108540000000002A0000002A000003280000001894
:1085500000000028000002290000052A0000052A6A
:1085600000000328000001180000002874617267F1
:1085700065740043425241494E5F004342524149B3
:108580004E0043425241494E5F2A00434252414904
:108590004E5F257500EB818AEAB980202830782566
:1085A0003032782920E2809420EC9EACEC8AA4EC56
:1085B000BA9400646973636F76657220ECA285EBF0
:1085C000A38C28EB8C80EC838120ED8AB9EC84B1FC
:1085D00020EBAABB20ECB0BEEC9D8C2C2073746504
:1085E000703D2564290043434320646973636F76BB
:1085F000657220EC8BA4ED8CA820282564290073DB
:10860000756273637269626520EC8BA4ED8CA8209F
:10861000282564290053747265616D20EAB5ACEBBE
:108620008F85EB90A800436F6E74726F6C20646945
:1086300073636F76657220EC8BA4ED8CA8202825DF
:10864000642900EBB88CEBA6ACECA78020ECA480EE
:10865000EBB98420E2809420636F6E74726F6C5F5C
:1086600068616E646C653D30782530347800EC9735
:10867000B0EAB2B020EC8BA4ED8CA820283078258D
:108680003032782920E2809420EC9EACEC8AA4EC75
:10869000BA9400EC97B0EAB2B0EB90A820E28692D0
:1086A000202725732700646973636F76657220EC59
:1086B0008B9CEC9E9120EC8BA4ED8CA8202825644B
:1086C00029007363616E20EC9EACEC8B9CEC9E9158
:1086D00020EC8BA4ED8CA82825642920E28094202E
:1086E0003330306D7320EB92A420EC9EACEC8B9C6D
:1086F000EB8F8400EC8AA4ECBA9420ECA49120E2E5
:10870000809420EB8C80EC83812027257327004FF9
:108710004B004D545520EAB590ED999820257320D3
:10872000E28692202575005345545F5441524745D7
:108730005420E28692202725732700636F6E6E5FB8
:1087400063726561746520EC8BA4ED8CA8202825EC
:10875000642920E2809420EC9EACEC8AA4ECBA94CC
:1087600000EB8C80EAB8B020E2809420ED8380EAB0
:10877000B98320EBAFB8ECA780ECA0952028EC954E
:10878000B1EC9790EC849C20ED8E98EC96B4EBA71E
:108790008120ED9584EC9A94290043444320EC9E7B
:1087A000A5ECB99820EBAFB8ECA480EBB9840075C8
:1087B00073625F656E61626C6520EC8BA4ED8CA8C2
:1087C0000062745F656E61626C6520EC8BA4ED8C59
:1087D000A80043422042726964676520EC8B9CECE0
:1087E0009E9120E2809420EB8C80EC8381202725D1
:1087F0007327202869643D257529007363616E2005
:10880000EC8B9CEC9E9120EC8BA4ED8CA820282571
:10881000642900646F776E5F7469640063625F62ED
:108820007269646765006865617020636F72727554
:108830007074696F6E20286E6F7420696E20757376
:10884000653F292061742025700068656170206390
:108850006F7272757074696F6E20286275666665D6
:1088600072206F766572666C6F773F292061742085
:108870002570006865617020636F7272757074692D
:108880006F6E2028646F75626C6520667265653F47
:1088900029206174202570006F735F686561700026
:1088A00028756E7369676E6564292063686172203C
:1088B0002A207573656420666F72202525702061FB
:1088C0007267756D656E742E20497427732072650A
:1088D000636F6D6D656E64656420746F2063617392
:1088E0007420697420746F20766F6964202A206276
:1088F000656361757365206974206D6179206361BA
:10890000757365206D69736265686176696F722041
:10891000696E206365727461696E20636F6E66694B
:108920006775726174696F6E732E20537472696E0D
:10893000673A2225732220617267756D656E743AFD
:1089400025640063627072696E74665F7061636B48
:10895000616765007379735F6765746F7074004E4B
:108960005653206E6F7420696E697469616C697A00
:10897000656400436F756C64206E6F74206F627461
:1089800061696E20666C61736820706172616D65EB
:108990007465727300556E737570706F7274656470
:1089A00020777269746520626C6F636B2073697ADB
:1089B0006500536563746F722073697A652025754D
:1089C00020746F6F206C617267652C206D6178690F
:1089D0006D756D20697320257A7500556E61626C26
:1089E0006520746F20676574207061676520696E0B
:1089F000666F00496E76616C696420736563746F9D
:108A0000722073697A6500436F6E6669677572617B
:108A100074696F6E206572726F72202D20736563AA
:108A2000746F7220636F756E7400256420536563E4
:108A3000746F7273206F6620256420627974657389
:108A400000616C6C6F63207772613A2025642C2082
:108A500025780064617461207772613A2025642C66
:108A600020257800474320446F6E65206D61726B4E
:108A7000657220666F756E64004E6F204743204418
:108A80006F6E65206D61726B657220666F756E64C6
:108A90003A2072657374617274696E67206763004F
:108AA00066735F6E7673006C6F6767696E67006CE4
:108AB0006F67006C6F675F6D676D74004D657373F2
:108AC000616765202822257322292064726F7070E7
:108AD00065642062656361757365206974206578DB
:108AE00063656564732073697A65206C696D697468
:108AF0006174696F6E2028257529004D6573736157
:108B000067652064726F707065642062656361756B
:108B10007365206974206578636565647320736983
:108B20007A65206C696D69746174696F6E2028259F
:108B30007529000D0A001B5B306D00257320005B5A
:108B40002530386C755D20005B253032753A253054
:108B500032753A253032752E253033752C25303359
:108B6000755D20003C25733E200025732F00257382
:108B70003A2000253032782000202020007C00257B
:108B800063001B5B313B33316D001B5B313B333387
:108B90006D0077726E00696E6600646267006C6FCC
:108BA000675F6261636B656E645F727474005365C6
:108BB000742068616C7420657020307825303278BC
:108BC00000436C6561722068616C742065702030B0
:108BD000782530327800456E64706F696E7420308D
:108BE000782530327820697320696E76616C69640B
:108BF00000456E64706F696E74203078253032786D
:108C000020616C72656164792064697361626C656E
:108C100064004661696C656420746F2064697361E7
:108C2000626C6520656E64706F696E7420307825A3
:108C300030327800456E64706F696E74203078252C
:108C400030327820616C726561647920636F6E6682
:108C5000696775726564004661696C656420746F4C
:108C600020636F6E66696775726520656E64706FEC
:108C7000696E742030782530327800456E64706FEC
:108C8000696E742030782530327820616C726561AD
:108C9000647920656E61626C6564004661696C652B
:108CA0006420746F20656E61626C6520656E64700F
:108CB0006F696E7420307825303278004661696CB7
:108CC000656420746F20777269746520656E6470C6
:108CD0006F696E7420627566666572203078253023
:108CE00032780052657175657374206275666665C9
:108CF0007220746F6F20736D616C6C00555342204D
:108D000064657669636520737570706F7274206135
:108D10006C726561647920656E61626C65640046A1
:108D200061696C656420746F20636F6E6669677536
:108D300072652055534220646576696365207374BB
:108D400061636B004572726F6E656F757320646549
:108D5000766963652064657363726970746F7220ED
:108D60006F7220624D61785061636B657453697AEC
:108D70006530007573625F646576696365003031E4
:108D8000323334353637383941424344454600544E
:108D900068657265206973206E6F207573625F630A
:108DA00066675F6461746120666F7220257000558C
:108DB0006E696E697469616C697A65642075736245
:108DC0005F6366675F6461746120706F696E74656C
:108DD000722C20636F72727570746564206465769E
:108DE0006963652064657363726970746F723F00B4
:108DF0004661696C656420746F2076616C6964619A
:108E0000746520656E64706F696E74730074686554
:108E1000206E657720534E206465736372697074A9
:108E20006F7220646F65736E2774206861766520A9
:108E30007468652073616D65206C656E6774682069
:108E4000617320434F4E4649475F5553425F444547
:108E5000564943455F534E00496E636F6D706C65B4
:108E600074652064657669636520646573637269FF
:108E700070746F72004661696C656420746F20665F
:108E80006978757020555342206465736372697008
:108E9000746F72007573625F646573637269707476
:108EA0006F72005472616E73666572206572726FC4
:108EB000722025642C2065702030782530327800AF
:108EC00052582064617461206C6F73742C206E6F33
:108ED000207472616E73666572004E6F20747261E9
:108EE0006E7366657220736C6F7420617661696C55
:108EF00061626C650041207472616E7366657220F8
:108F0000697320616C7265616479206F6E676F6947
:108F10006E672C20657020307825303278007573AC
:108F2000625F7472616E7366657200446576696330
:108F3000652064617461206E6F7420666F756E6465
:108F400020666F72206366672025700052696E6725
:108F5000206275666665722066756C6C2C2064698B
:108F6000736361726420646174610044657669634F
:108F7000652064617461206E6F7420666F756E6425
:108F800020666F7220656E64706F696E742025753F
:108F9000004465766963652064617461206E6F7456
:108FA00020666F756E6420666F7220696E746572DC
:108FB000666163652025750052696E67206275667B
:108FC0006665722066756C6C2C2064726F7020254B
:108FD0007A642062797465730044657669636520FC
:108FE000636F6E6669677572656400446576696370
:108FF0006520646973636F6E6E65637465640044B5
:1090000065766963652073757370656E6465640069
:1090100044657669636520726573756D6564006685
:10902000726F6D2073757370656E64006364635F47
:1090300061636D5F7561727430007573625F636444
:10904000635F61636D00757362776F726B7100733C
:1090500065742D76616C7565206661696C757265E5
:109060002E206B65793A202573206572726F722805
:109070002564290073657474696E677300666C619A
:109080007368002A2A2A20426F6F74696E67206E07
:10909000524620436F6E6E6563742053444B2076B6
:1090A000332E342E302D3939353533303535363091
:1090B0003762202A2A2A0A002A2A2A205573696E32
:1090C00067205A6570687972204F532076342E34A9
:1090D0002E302D6266383031653465336431392085
:1090E0002A2A2A0A006D757465785F696E69742092
:1090F00063616C6C65642077697468204E554C4CD4
:1091000020706172616D6574657200436F756C6487
:10911000206E6F7420616C6C6F63617465206D7577
:10912000746578206265666F726520696E6974691E
:10913000616C697A696E670072302F61313A202064
:10914000307825303878202072312F61323A202053
:10915000307825303878202072322F61333A202041
:109160003078253038780072332F61343A2020303F
:109170007825303878207231322F69703A202030CB
:109180007825303878207231342F6C723A202030B4
:1091900078253038780020787073723A2020307843
:1091A00025303878004661756C74696E6720696E89
:1091B000737472756374696F6E2061646472657331
:1091C0007320287231352F7063293A20307825308A
:1091D000387800556E68616E646C65642049525140
:1091E0006E3A202564002A2A2A2A2A20555341470C
:1091F00045204641554C54202A2A2A2A2A0020205C
:109200004469766973696F6E206279207A65726F3E
:10921000002020556E616C69676E6564206D656D18
:109220006F7279206163636573730020204E6F2035
:10923000636F70726F636573736F7220696E73749E
:1092400072756374696F6E73002020496C6C65677A
:10925000616C206C6F6164206F66204558435F52DB
:10926000455455524E20696E746F205043002020A3
:10927000496C6C6567616C20757365206F6620743E
:1092800068652045505352002020417474656D700C
:109290007420746F206578656375746520756E64DD
:1092A0006566696E656420696E737472756374694E
:1092B0006F6E002A2A2A2A2A2042555320464155F9
:1092C0004C54202A2A2A2A2A002020537461636BD6
:1092D000696E67206572726F72002020556E73741C
:1092E00061636B696E67206572726F720020205037
:1092F00072656369736520646174612062757320AF
:109300006572726F720020204246415220416464AF
:10931000726573733A2030782578002020496D708B
:10932000726563697365206461746120627573207E
:109330006572726F72002020496E73747275637467
:10934000696F6E20627573206572726F72002020E3
:10935000466C6F6174696E672D706F696E74206CF6
:10936000617A7920737461746520707265736572B7
:10937000766174696F6E206572726F72002A2A2A94
:109380002A2A204D5055204641554C54202A2A2A3D
:109390002A2A002020537461636B696E672065720E
:1093A000726F722028636F6E7465787420617265C5
:1093B00061206D69676874206265206E6F74207625
:1093C000616C6964290020204461746120416363F9
:1093D0006573732056696F6C6174696F6E0020202D
:1093E0004D4D46415220416464726573733A20309A
:1093F000782578002020496E737472756374696FE4
:109400006E204163636573732056696F6C61746984
:109410006F6E00526573657276656420457863658A
:109420007074696F6E20280053707572696F757360
:1094300020696E74657272757074202849525120CB
:1094400000535053454C20696E2074687265616406
:10945000206D6F646520646F6573206E6F74206982
:109460006E64696361746520505350002A2A2A2A69
:109470002A2048415244204641554C54202A2A2A49
:109480002A2A002020427573206661756C74206F53
:109490006E20766563746F72207461626C652072F1
:1094A0006561640020204465627567206576656E9D
:1094B000740020204661756C7420657363616C6173
:1094C00074696F6E20287365652062656C6F7729FB
:1094D00000415243485F45584345505420776974D2
:1094E0006820726561736F6E2025780A002A2A2A27
:1094F0002A2A204465627567206D6F6E69746F72E9
:1095000020657863657074696F6E202A2A2A2A2A7A
:10951000002A2A2A2A2A20257320256429202A2A7B
:109520002A2A2A006D7075004661696C6564207492
:109530006F20616C6C6F63617465206E6577204D80
:10954000505520726567696F6E2025750A0050615D
:1095500072746974696F6E2025753A20636F68654F
:1095600072656E636520636865636B206661696C14
:1095700065642E00464C4153485F30005352414DC4
:109580005F30006E65745F627566006E65745F6261
:1095900075665F73696D706C6500736F63007075DD
:1095A000626C69630072616E646F6D007075626CED
:1095B00069632D69640072616E646F6D2D6964006A
:1095C000253032583A253032583A253032583A252B
:1095D0003032583A253032583A2530325820282532
:1095E00073290062745F627566006D616C666F72EC
:1095F0006D6564206164766572746973696E672055
:1096000064617461202575202F2025750062745FC8
:10961000646174610044617461206275666665729C
:10962000206F766572666C6F7720286C696E6B2090
:1096300074797065203078253032782900556E6154
:10964000626C6520746F206C6F6F6B207570206387
:109650006F6E6E20776974682068616E646C652037
:109660002575004572726F72207768696C65207588
:1096700070646174696E6720746865207363616EDD
:109680006E6572202825642900556E61626C652024
:10969000746F206C6F6F6B757020636F6E6E2066D9
:1096A0006F722068616E646C652025750048617278
:1096B0006477617265206572726F722C20686172C6
:1096C000647761726520636F64653A2025640043A6
:1096D0006F756C64206E6F74207375626D69742091
:1096E00072785F776F726B3A20256400696E7465DB
:1096F0007276616C20657863656564732074686553
:109700002076616C69642072616E67652025752022
:109710007573006C6174656E637920657863656547
:109720006473207468652076616C69642072616E70
:1097300067652030782530347800737570765F74F3
:10974000696D656F757420657863656564732074F1
:1097500068652076616C69642072616E676520308F
:10976000782530347800556E61626C6520746F2006
:10977000616C6C6F6361746520627566666572000A
:10978000556E68616E646C6564206576656E7420E4
:10979000307825303278206C656E2025753A20258A
:1097A0007300657674206E756D5F68616E646C65BC
:1097B0007320283D25752920746F6F206C617267B6
:1097C000652028257A75203E20257529004E6F20BA
:1097D000636F6E6E656374696F6E20666F7220686A
:1097E000616E646C65202575007061636B657473D0
:1097F00020636F756E74206D69736D6174636800AA
:10980000546F6F20736D616C6C2028257520627910
:1098100074657329206576656E7420307825303242
:109820007800496E76616C6964204843492065760A
:10983000656E742073697A65202825752900496E44
:1098400076616C6964204C45206D65746120657695
:10985000656E742073697A6520282575290057453F
:1098600053545F544F504449522F7A65706879724F
:109870002F7375627379732F626C7565746F6F7473
:10988000682F686F73742F6863695F636F72652EEA
:1098900063006576745F666C6167732026202831EB
:1098A000554C203C3C202830292900415353455237
:1098B00054494F4E204641494C205B25735D204062
:1098C0002025733A25640A00496E76616C6964202C
:1098D000627566207479706520257500496E766121
:1098E0006C6964204843492041434C207061636B9C
:1098F00065742073697A6520282575290041434CD9
:109900002064617461206C656E677468206D697392
:109910006D617463682028257520213D20257529F7
:1099200000556E61626C6520746F2066696E6420FC
:10993000636F6E6E20666F722068616E646C652066
:1099400025750062745F6863695F6576745F67653B
:10995000745F666C616773286864722D3E65767407
:10996000292026202831554C203C3C20283129290B
:1099700000556E6B6E6F776E20627566207479701D
:109980006520257500556E68616E646C656420768F
:10999000656E646F722D73706563696669632065B7
:1099A00076656E7420307825303278206C656E20B4
:1099B00025753A202573004E6F20636F6D6D616EC3
:1099C000642073656E7420666F7220636D6420631B
:1099D0006F6D706C65746520307825303478004F79
:1099E00070436F64652030782530347820636F6D64
:1099F000706C6574656420696E7374656164206F52
:109A0000662065787065637465642030782530342D
:109A10007800756E6B6E6F776E005B305D0048434B
:109A200049207472616E73706F72743A20257300EE
:109A3000534443004964656E7469747925733A2010
:109A40002573004964656E746974795B25645D3AB9
:109A5000202573004843493A2076657273696F6E1A
:109A600020257320283078253032782920726576B9
:109A70006973696F6E203078253034782C206D61E1
:109A80006E75666163747572657220307825303446
:109A900078004C4D503A2076657273696F6E2025C0
:109AA00073202830782530327829207375627665E6
:109AB0007220307825303478004342204272696445
:109AC000676500556E61626C6520746F2073656E0A
:109AD0006420746F206472697665722028657272E2
:109AE0002025642900657272203D3D203000094325
:109AF0006F6E74726F6C6C657220756E72657370C8
:109B00006F6E736976652C20636F6D6D616E642076
:109B10006F70636F64652030782530347820746905
:109B20006D656F7574207769746820657272202581
:109B3000640A006F70636F64652030782530347874
:109B40002073746174757320307825303278202545
:109B500073004661696C656420746F20726561648E
:109B600020444C45206D61782064617461206C65EF
:109B70006E0074785F6F63746574732065786365D5
:109B8000656473207468652076616C696420726115
:109B90006E67652025750074785F74696D65206552
:109BA000786365656473207468652076616C6964A8
:109BB0002072616E6765202575004E6F2070656E9E
:109BC00064696E672063656E7472616C20636F6E8A
:109BD0006E656374696F6E00436F6E6E6563746962
:109BE0006F6E206372656174696F6E2074696D6554
:109BF0006F75742074726967676572656400466189
:109C0000696C656420746F2072657374617274206E
:109C1000696E69746961746F7200556E65787065FC
:109C200063746564207374617475732030782530B3
:109C30003278202573004E6F2070656E64696E6700
:109C400020636F6E6E20666F7220706565722025CE
:109C500073004E6F6E2D4C452063617061626C65C0
:109C600020636F6E74726F6C6C65722064657465CE
:109C70006374656421004E756D206F6620436F6EBE
:109C800074726F6C6C657227732041434C20706155
:109C9000636B65747320213D2041434C2062745FE7
:109CA000636F6E6E5F747820636F6E746578747323
:109CB0002028257520213D202575290041434C2071
:109CC00042522F4544522062756666657273206E5B
:109CD0006F7420696E697469616C697A6564005695
:109CE000656E646F722048434920657874656E73B1
:109CF000696F6E73206E6F7420617661696C61624A
:109D00006C6500485720506C6174666F726D3A2024
:109D1000257320283078253034782900485720567C
:109D2000617269616E743A2025732028307825307D
:109D3000347829004669726D776172653A2025731F
:109D40002028307825303278292056657273696F63
:109D50006E2025752E2575204275696C6420257549
:109D6000004661696C656420746F207265616420CF
:109D7000737570706F727465642076656E646F724F
:109D800020636F6D6D616E6473004661696C65641C
:109D900020746F207265616420737570706F7274C7
:109DA00065642076656E646F722066656174757295
:109DB000657300484349206472697665722069734F
:109DC000206E6F742072656164790042542052588D
:109DD0002057510048434920647269766572206FAC
:109DE00070656E206661696C6564202825642900B1
:109DF000556E657870656374656420484F53545F91
:109E00004E554D5F434F4D504C455445445F504176
:109E1000434B4554532C2073746174757320307810
:109E20002530327820257300556E636C656172654C
:109E3000642070656E64696E672073656E745F631D
:109E40006D6400312E306200312E3100312E32002F
:109E5000322E3000322E3100332E3000342E3000BE
:109E6000342E3100342E3200352E3000352E3100A4
:109E7000352E3200352E3300352E3400362E30008C
:109E8000362E3100362E3200362E33005374616E7A
:109E90006461726420426C7565746F6F74682063CE
:109EA0006F6E74726F6C6C65720056656E646F7263
:109EB00020737065636966696320636F6E74726F87
:109EC0006C6C6572004669726D77617265206C6FAB
:109ED000616465720052657363756520696D6167C1
:109EE00065007265736572766564006E5246353141
:109EF00078006E5246353278006E5246353378001F
:109F00006E524635344878006E524635344C7800EF
:109F1000496E74656C20436F72706F726174696F03
:109F20006E004E6F726469632053656D69636F6E76
:109F3000647563746F72004E58502053656D696389
:109F40006F6E647563746F727300457370726573BE
:109F50007369662053797374656D730062745F680A
:109F600063695F636F726500636D64206469736128
:109F70006C6C6F776564004F6E6C792072616E64F3
:109F80006F6D20737461746963206964656E7469B0
:109F90007479206164647265737320737570706F77
:109FA0007274656400496E76616C696420696E70D4
:109FB000757420706172616D6574657273004661BD
:109FC000696C656420746F207265616420707562CD
:109FD0006C696320616464726573730052656164C7
:109FE000205374617469632041646472657373659E
:109FF0007320636F6D6D616E64206E6F7420617687
:10A0000061696C61626C65004661696C65642074AD
:10A010006F20726561642073746174696320616488
:10A0200064726573736573004E6F20737461746935
:10A0300063206164647265737365732073746F72F7
:10A04000656420696E20636F6E74726F6C6C6572EC
:10A0500000556E61626C6520746F207365742069B1
:10A0600064656E74697479206164647265737300E9
:10A07000556E61626C6520746F2073657420726127
:10A080006E646F6D20616464726573730062745FE7
:10A09000696400556E657870656374656420656EEB
:10A0A00064206F66206275666665720062745F7315
:10A0B00063616E004661696C65642072656164204D
:10A0C00072656D6F74652066656174757265732065
:10A0D00028256429005048592030782530327820CE
:10A0E0006E6F7420737570706F7274656400466172
:10A0F000696C6564204C4520536574205048592094
:10A1000028256429004661696C656420746F20739A
:10A1100065742064617461206C656E202825642953
:10A1200000556E6578706563746564206669727346
:10A1300074204C32434150206672616D6500556E4B
:10A140006578706563746564204C324341502063C8
:10A150006F6E74696E756174696F6E004E6F7420F6
:10A16000656E6F75676820627566666572207370CC
:10A1700061636520666F72204C32434150206461F8
:10A18000746100556E657870656374656420414341
:10A190004C20666C6167732028307825303278292E
:10A1A0000041434C206C656E206D69736D61746372
:10A1B0006820282575203E202575290028756E6B9E
:10A1C0006E6F776E29006E6F207472616E736974A2
:10A1D000696F6E202573004572726F72207768690F
:10A1E0006C652072656D6F76696E6720636F6E6E49
:10A1F00020757365722066726F6D207363616E6E79
:10A200006572202825642900496E76616C69642096
:10A2100028257529206F6C64207374617465006350
:10A220006F6E6E202570206661696C656420746FA6
:10A230002065737461626C6973682E205246206ECB
:10A240006F6973653F006E6F2076616C69642028CA
:10A250002575292073746174652077617320736597
:10A260007400696E636F6D70617469626C652068FB
:10A27000616E646C652025750054696D656F757439
:10A28000206469736361726465642E204E6F20627E
:10A290006C6F636B696E6720696E20737973777179
:10A2A0002E00466174616C206572726F72202825E1
:10A2B00064292E20446973636F6E6E656374696EE2
:10A2C0006720257000466F756E642076616C696446
:10A2D00020636F6E6E656374696F6E202825702928
:10A2E00020776974682061646472657373202573D4
:10A2F00020696E20257320737461746520002A63C1
:10A300006F6E6E2073686F756C6420626520756E69
:10A310007265666572656E63656420616E6420694E
:10A320006E697469616C697A656420746F204E553A
:10A330004C4C004E6F206275666665727320746FB8
:10A340002063616E63656C20636F6E6E6563746914
:10A350006F6E2C207265747279696E6720696E2049
:10A360003130206D730053656E64204C4520706160
:10A3700072616D20757064617465206661696C65D9
:10A380006420286572722025642900646973636FF4
:10A390006E6E6563742D636F6D706C6574650073AC
:10A3A00063616E2D6265666F72652D696E69746991
:10A3B0006174696E6700696E6974696174696E675A
:10A3C0002D66696C7465722D6C69737400616476B6
:10A3D0002D636F6E6E65637461626C650061647697
:10A3E0002D6469722D636F6E6E65637461626C6556
:10A3F00000646973636F6E6E656374696E67006293
:10A40000745F636F6E6E00556E61626C6520746F71
:10A4100020616C6C6F63617465206275666665723D
:10A4200020666F72206F7020307825303278004EB1
:10A430006F20617661696C61626C65204C324341CA
:10A440005020636F6E7465787420666F7220636F3E
:10A450006E6E20257000457870656374696E6720A4
:10A46000757020746F20256420726566732C2067D8
:10A470006F7420256400616C726561647920686185
:10A4800076652076696577206F6E202570004C32E6
:10A49000434150206C656E677468206D69736D610F
:10A4A0007463682028257520213D202575290049E1
:10A4B0006E76616C6964206964656E742076616C87
:10A4C000756520696E204C32434150205044550040
:10A4D000496E76616C6964204C4520636F6E6E2016
:10A4E000706172616D207273702073697A652028C3
:10A4F000257520213D20257A752900496E76616CED
:10A500006964204C4520636F6E6E207570646174C1
:10A510006520706172616D207265712073697A6562
:10A520002028257520213D20257A7529004E6F743D
:10A5300020636F6E6E65637465640052656A65635F
:10A5400074696E6720756E6B6E6F776E204C324348
:10A5500041502050445520636F6465203078253089
:10A56000327800546F6F20736D616C6C204C3243F5
:10A570004150207369676E616C696E672050445565
:10A5800000546F6F20736D616C6C204C32434150EE
:10A59000205044552072656365697665640049679B
:10A5A0006E6F72696E67206461746120666F7220DD
:10A5B000756E6B6E6F776E206368616E6E656C2072
:10A5C00049442030782530347800636F6E666967BF
:10A5D0000062745F6C3263617000415454206368A0
:10A5E000616E6E656C206E6F7420636F6E6E656356
:10A5F000746564004572726F72207369676E696E6C
:10A600006720646174610052616E206F7574206F01
:10A61000662054582062756666657273206F7220DA
:10A62000636F6E74657874732E004661696C65643F
:10A6300020746F207375626D6974206174745F7427
:10A64000785F64657374726F795F776F726B3A20AD
:10A65000256400556E61626C6520746F20637265BD
:10A6600061746520657272207273702050445500C9
:10A67000415454204D545520657863656564656484
:10A680002C206D61782025752C2077616E746564AF
:10A6900020257A7500556E61626C6520746F2063A9
:10A6A000726561746520636F6E6669726D205044D7
:10A6B0005500556E61626C6520746F206372656130
:10A6C0007465207273702050445500546F6F20736E
:10A6D0006D616C6C20415454205044552072656368
:10A6E000656976656400556E68616E646C656420AA
:10A6F00041545420636F64652030782530327800EF
:10A70000496E76616C6964206C656E2025752066E3
:10A710006F7220636F646520307825303278005581
:10A720006E61626C6520746F206372656174652070
:10A73000555549443A2073697A6520257500556E50
:10A7400061626C6520746F20637265617465205569
:10A750005549443A2073697A65202564004E6F207C
:10A76000617661696C61626C652041545420636F4D
:10A770006E7465787420666F7220636F6E6E20252C
:10A7800070004E6F20617661696C61626C6520417A
:10A790005454206368616E6E656C20666F7220632E
:10A7A0006F6E6E20257000556E61626C6520746F4F
:10A7B0002066696E6420415454206368616E6E6542
:10A7C0006C00476F74206572722025642C206E6FB8
:10A7D000742063616C6C696E67204154542063621D
:10A7E000004661696C656420746F2072652D737515
:10A7F000626D69742025733A202564004E6F2041F4
:10A800005454206368616E6E656C20666F72204DD3
:10A81000545520257A75004E6F2070656E64696E00
:10A8200067204154542072657175657374004469E2
:10A8300073636F6E6E656374696E67206661696CC1
:10A8400065642028657272202564290041545420D3
:10A8500054696D656F757420666F722064657669E2
:10A8600063652025732E20446973636F6E6E656384
:10A8700074696E672E2E2E0062745F6174740075A9
:10A880006E61626C6520746F20736176652053433E
:10A890003A206E6F20636667206C656674004E6FA9
:10A8A00020737061636520746F2073746F7265200C
:10A8B000434343206366670052656164206D65749D
:10A8C000686F64206E6F7420736574004661696CF4
:10A8D000656420746F2072656164206174747269AC
:10A8E00062757465202570202865727220257A644F
:10A8F0002900496E76616C69642072656164206C20
:10A90000656E6774683A20257A64004343432025C6
:10A9100070206E6F74207772697461626C65005389
:10A920004320726573746F726520696E6469636138
:10A9300074696F6E206661696C656400556E6B6E3C
:10A940006F776E20555549442074797065202575C0
:10A950000050617273652065727200496E76616C99
:10A9600069642064617461206C656E2025750050F7
:10A970006172736520657272206461740050617247
:10A980007365206572722063657000506172736533
:10A990002065727220636363005061727365206585
:10A9A0007272207363630050617273652065727206
:10A9B0002063706600496E76616C696420666F7210
:10A9C0006D61742025750042616420706565723A7E
:10A9D0002041545420726561642D62792D7575692A
:10A9E00064207273703A20696E76616C69642041EC
:10A9F00054545220504455206C656E2025750049F2
:10AA00006E76616C69642068616E646C6500426199
:10AA10006420706565723A20415454207265616407
:10AA20002D62792D75756964207273703A204861C2
:10AA30006E646C6520307825303478206973206F1F
:10AA40007574736964652072657175657374656486
:10AA50002072616E6765203078253034782D30782B
:10AA6000253034782E2041626F7274696E672072CF
:10AA70006561642E004661696C656420746F2075A1
:10AA80006E737562736372696265202865727220E5
:10AA900025642900496E76616C6964206461746183
:10AAA000206C656E202575203E2025750062745F40
:10AAB00067617474004E6F20617661696C61626CCD
:10AAC0006520534D5020636F6E7465787420666FF7
:10AAD0007220636F6E6E2025700062745F736D70FC
:10AAE00000757362645F776F726B710055534244F7
:10AAF000206576656E7420616C6C6F636174696F3C
:10AB00006E206661696C656421005553424420657E
:10AB100076656E74206D656D6F727920636F7272E9
:10AB2000757074656400556E6B6E6F776E2055534B
:10AB30004220706F776572206576656E742025649B
:10AB4000006E6F742061747461636865642C2045C5
:10AB50005020307825303278206576656E74206418
:10AB6000726F70706564006E5246205553424420E7
:10AB70007472616E73666572206572726F722028DE
:10AB80004F5554293A203078253032780046616993
:10AB90006C656420746F20616C6C6F6320657674E3
:10ABA0000055534244206576656E74207175657555
:10ABB000652066756C6C2100556E6B6E6F776E202C
:10ABC00055534244206576656E743A2025686400CA
:10ABD000556E6578706563746564206576656E741E
:10ABE00020286E7266785F75736264293A20256446
:10ABF0002C20657020307825303278005F65705FDA
:10AC00007374617475735F676574206661696C65E0
:10AC1000642120436F64653A20256400696E766183
:10AC20006C696420656E64706F696E7420636F6E0A
:10AC300066696775726174696F6E00696E76616CC2
:10AC4000696420656E64706F696E7420696E6465F6
:10AC5000782F6164647265737300696E76616C69E4
:10AC60006420656E64706F696E742074797065001D
:10AC700069736F20656E64706F696E742063616EB6
:10AC8000206F6E6C792062652069736F00455020DB
:10AC90006D6178207061636B65742073697A6520DB
:10ACA0006D757374206265206120706F7765722006
:10ACB0006F662032005354414C4C20756E73757092
:10ACC000706F72746564206F6E2049534F20656EFB
:10ACD00064706F696E7400456E64706F696E742085
:10ACE000307825303278206973206E6F7420656E5D
:10ACF00061626C6564006E52462055534244207771
:10AD000072697465206572726F723A2025640075ED
:10AD100073625F6E726678006E72665F75736264EE
:10AD20005F636F6D6D6F6E00636C6F636B4034308B
:10AD3000303030303030006866636C6B006C6663B6
:10AD40006C6B00636C6F636B5F636F6E74726F6CC0
:10AD50000072616E646F6D4034303030643030307A
:10AD60000063727970746F4035303032613030304A
:10AD700000696E76616C69642061646472657373E6
:10AD80003A2030782530386C783A257A7500756E1F
:10AD9000616C69676E656420616464726573733A9F
:10ADA0002030782530386C783A257A75006E6F74CB
:10ADB00020776F72642D616C69676E65643A20302C
:10ADC000782530386C783A257A7500666C6173683E
:10ADD0002D636F6E74726F6C6C65724034303031FD
:10ADE0006530303000666C6173685F6E7266006754
:10ADF00070696F4035303030303330300067706903
:10AE00006F403530303030303030004661696C652D
:10AE10006420746F20616C6C6F63617465205050A6
:10AE200049204368616E6E656C00756172744034D0
:10AE30003030303230303000756172745F6E72665F
:10AE4000785F756172746500536F667444657669E6
:10AE5000636520436F6E74726F6C6C657220415332
:10AE6000534552543A2025732C20256400536F66B5
:10AE70007444657669636520436F6E74726F6C6CA1
:10AE80006572206275696C64207265766973696F9A
:10AE90006E3A2000456E74726F707920736F757210
:10AEA000636520646576696365206E6F74207265E2
:10AEB000616479004661696C656420746F20726515
:10AEC0006769737465722072616E6420736F757246
:10AED0006365202825642900416C6C6F636174658B
:10AEE00064206D656D6F727920746F6F206C6F7761
:10AEF0003A20257A75203C202575004576656E74CC
:10AF00002062756666657220746F6F20736D616C68
:10AF10006C2E20257A75203E20257500556E6578AB
:10AF2000706563746564206D73675F747970653AEA
:10AF30002025752E20546869732069662D656C7311
:10AF400065206E656564732061206E65772062728E
:10AF5000616E636800556E6B6E6F776E20657272FE
:10AF60006F72207768656E2070726F6365737369A6
:10AF70006E6720686369206D65737361676520255E
:10AF8000640062745F6863695F7364630062745F26
:10AF90007364635F6863695F647269766572006297
:10AFA000745F7364635F63727970746F004D5053A4
:10AFB0004C204153534552543A2025732C2025648C
:10AFC000004D50534C20576F726B006D70736C5F67
:10AFD000696E697400556E737570706F7274656414
:10AFE000204846434C4B206576656E743A202564B4
:10AFF000006E7266785F636C6F636B5F6D70736C0D
:10B00000006D70736C5F74696D65736C6F745F73E2
:10B01000657373696F6E5F6F70656E206661696CD2
:10B0200065643A2025640074696D656F7574006607
:10B030006C6173685F73796E635F6D70736C0054DD
:10B0400065726D696E616C0048616C74696E672031
:10B0500073797374656D00556E6B6E6F776E2065D6
:10B0600072726F72003E3E3E205A4550485952203F
:10B07000464154414C204552524F522025643A20BB
:10B080002573206F6E20435055202564004661755E
:10B090006C7420647572696E6720696E7465727273
:10B0A0007570742068616E646C696E670A00437520
:10B0B0007272656E74207468726561643A202570DE
:10B0C00020282573290043505520657863657074E6
:10B0D000696F6E00556E68616E646C656420696EA0
:10B0E0007465727275707400537461636B206F764F
:10B0F0006572666C6F77004B65726E656C206F6F62
:10B100007073004B65726E656C2070616E696300D0
:10B110006D61696E006F7300737973776F726B7115
:10B1200000FFFFFFFF1F00C8DA3098F9F034A44B8E
:10B130006EBAD30819CC0CEA51DA4700286E756C48
:10B140006C29002A666C6F61742A000400000000FC
:10B15000000000000000000000000006000008CB16
:10B160001D702A02B1C3528FAAE34B8A9B1012347E
:10B1700012CBCB0102B1C3528FAAE34B8A9B1012B0
:10B180003411CBCB01206D657373616765732064E7
:10B19000726F70706564202D2D2D0D0A1B5B306D54
:10B1A000001B5B313B33316D2D2D2D200000000045
:10B1B00000000000FFFFFFFFFFFF00000000000095
:10B1C000303132333435363738396162636465661D
:10B1D000000000000000001000800000805F9B3431
:10B1E000FB0104000200000002000000000000005B
:10B1F000050000000000000000000000000000004A
:10B2000005030502000A6174745F74785F646573F6
:10B2100074726F795F776F726B5F68616E646C6573
:10B22000720000070E091C1B1215383F363124230B
:10B230002A2D010002030001020304050607002075
:10B24000303030303030303030303030303000015D
:10B250000000000000005454522052454747455317
:04B2600000000000EA
:10B26C00FFFFFFFFFF1F00001F0000000000000099
:10B27C001D40000000000000FFFFFFFF1FFF00004B
:10B28C00BAABBABA101010107F000000000000001A
:10B29C000080004000000000000000000C000000D6
:10B2AC000000000000FF7F00000000002FC0000025
:10B2BC000000000017C0000000000000F5BF0000F7
:10B2CC0000000000D07D0000FF00000048B000002E
:10B2DC000100000000000000000000000000000061
:10B2EC000000000000000000000000000000000052
:10B2FC000000000000000000000000000000000042
:10B30C000000000000000000000000000000000031
:10B31C000000000000000000000000000000000021
:10B32C000000000000000000000000000000000011
:10B33C000000000000000000000000000000000001
:10B34C0000000000000000000000000000000000F1
:10B35C0000000000000000000000000000000000E1
:10B36C0000000000B4070020A007002000C201006C
:10B37C0000000800000000000000000000000000B9
:10B38C0000000000000000000000000000000000B1
:10B39C0000000000000000000000000000000000A1
:10B3AC000000000000000000000000000000000091
:10B3BC000000000000000000000000000000000081
:10B3CC000000000000000000000000000000000071
:10B3DC000000000000000000000000000000000061
:10B3EC000000000000000000000000000000000051
:10B3FC000000000000000000000000000000000041
:10B40C000000000000000000000000000000000030
:10B41C000000000000000000000000000000000020
:10B42C000000000000000000000000000000000010
:10B43C000000000000000000000000000000000000
:10B44C0000000000000000000000000000000000F0
:10B45C003D5C010000000000000000000000000046
:10B46C0000000000000000000000000000000000D0
:10B47C0000000000000000000000000000000000C0
:10B48C0000000000000000000000000000000000B0
:10B49C0000000000000000000000000000000000A0
:10B4AC000000000000000000000000000000000090
:10B4BC000000000000000000000000000000000080
:10B4CC00000000000000000000000000AC7702004B
:10B4DC0000000000ADE001000000000000010000D1
:10B4EC000000000000000000000000000000000050
:10B4FC000000000000000000000000000000000040
:10B50C000000000089F300000000000000000000B3
:10B51C00BCA600200000000000000000000000009D
:10B52C0000020000BCA80020000000000000000089
:10B53C000000000000400000FF370200207F0200E6
:10B54C00BCE800200000000000000000000000002B
:10B55C0000040000BCEC0020000000000000000013
:10B56C000000000000040000E52A0100800000003B
:10B57C00C925010000000000C92501008000000061
:10B58C003885020000000200448502000000020021
:10B59C00200B00203A000000340B00203A00000081
:10B5AC00F80A00203A0000005C0B00203A00000072
:10B5BC0000600040000000000000000000000000DF
:10B5CC00000000000000000000000000000000006F
:10B5DC00000000000000000000000000000000005F
:10B5EC00000000000000000000000000000000004F
:10B5FC00000000000000000000000000000000003F
:10B60C00000000000000000000000000000000002E
:10B61C00000000000000000000000000000000001E
:10B62C00000000000000000000000000000000000E
:10B63C0000000000000000000000000000000000FE
:10B64C0000000000995E01000000000000000000F6
:10B65C0000000000754B010000000000000000001D
:10B66C0000000000BD6F01000000000000000000A1
:10B67C0000000000B16A01000000000000000000A2
:10B68C0089800100E18F0100000000000000000033
:10B69C00000000008D82010021500200EB500200DE
:10B6AC00698001000000000000000000E58C010032
:10B6BC0000000000000000005C850200000020007B
:10B6CC00000000000000000000000000000000006E
:10B6DC00F3560200000000004809002000000000A2
:10B6EC00000000000000000000000000000000004E
:10B6FC00F14F002020000000000000000090D0035B
:10B70C00FF0000009002000068090020680900207A
:10B71C000000000081040200CC090020C4090020B4
:10B72C00BC09002000000000B4090020D909020067
:10B73C002509020059090200A1090200A4090020F0
:10B74C00AC090020C04C00203A00003AC44C002048
:10B75C003A00003AC84C00203A00003ACC4C002089
:10B76C003A00003AD04C00203A00003AD44C002069
:10B77C003A00003A35030000CB00000051000000F5
:10B78C00EC4C00209C090020A0090020F4090020AA
:10B79C0088090020800900207C09002078090020FD
:10B7AC00000000000000000000000000000000008D
:04B7BC000000000089
:10B7C0000000000000000000000000000000000079
:10B7D0000000000000000000000000000000000069
:10B7E0000000000000000000000000000000000059
:08B7F000000000000000000051
:04B7F800000000004D
:10B7FC000000000000000000090202000000000030
:10B80C000000000000000000680A0020680A002008
:10B81C0065F10000000000000000000000000000C6
:08B82C00000000000000000014
:10B83400880A0020880A0020E8A3002000000000F5
:10B84400010000002400000000000000A40A002001
:10B85400A40A0020808B00200000000001000000EA
:10B86400A000000000000000C00A0020C00A002060
:10B874003CA4002000000000200000001400000090
:10B8840000000000DC0A0020DC0A00200CA40020D8
:10B894000000000003000000100000000000000091
:10B8A400F80A0020F80A0020000000000000000050
:10B8B4000E0000000C0B00200C0B00200000000008
:10B8C400000000000E000000200B0020200B0020D0
:10B8D40000000000000000000E000000340B0020F7
:10B8E400340B002000000000000000000E000000E7
:10B8F400480B0020480B002000000000000000005E
:10B904000E0000005C0B00205C0B00200000000017
:10B91400000000000E000000700B0020700B0020DF
:0CB9240000000000000000000E00000009
:10B93000840B0020840B0020090000000800000098
:10B94000208C0020688C0020208C0020208C00207F
:08B950000000000000000000EF
:10B95800AC0B0020AC0B002001000000010000002F
:10B96800BC0B0020BC0B0020000000000100000000
:10B97800CC0B0020CC0B002000000000FFFFFFFFD5
:10B98800DC0B0020DC0B00200000000001000000A0
:10B998000000000000000000F40B0020F40B002061
:10B9A8000000000000000000040C0020040C00202F
:10B9B8000000000000000000140C0020140C0020FF
:10B9C800030003001000000000000000A88102002E
:10B9D800F09F00200000000000000000380C00204C
:10B9E800380C00200300030010000000058001004F
:10B9F800C482020070A300200000000000000000C4
:10BA08005C0C00205C0C0020030003000000000018
:10BA18000000000058800200449A00200000000046
:10BA280000000000800C0020800C002001000100B4
:10BA3800100000007969010094810200C89C002070
:10BA48000000000000000000A40C0020A40C00204E
:10BA58000300030000000000000000005C810200F9
:10BA6800809C00200000000000000000C80C00209E
:10BA7800C80C00200C000C00040000005144010018
:10BA880044800200689800200000000000000000C8
:10BA9800EC0C0020EC0C002001000100000000006C
:0CBAA800000000006C800200909B002059
:10BAB40012010002EF02014015190F5204040102A1
:10BAC400030109020000000100C032080B00020259
:10BAD4000200000904000001020200000524001015
:10BAE40001052401020104240202052406000107C1
:10BAF40005800310000A09040100020A000000077F
:10BB0400058002400000070500024000000403090C
:10BB1400040E035A45504859520000000000001C0E
:10BB24000343425241494E204272696467650000F2
:10BB34000000000000000000000000220330313249
:10BB440033343536373839414243444546000000E2
:0FBB5400000000000000000000000000000000E2
:10BB6400000000002B0D00206D3B0200112C010091
:10BB7400092B010000000000000000000300000089
:04BB8400C8070020CE
:04BB880015E015E0CF
:04000003100038E9C8
:00000001FF
