:020000040000FA
:10000000E88500200DF7000045DB0100F9F600004F
:10001000F9F60000F9F60000F9F600000000000013
:10002000000000000000000000000000E9F70000F0
:10003000F9F6000000000000C1FA0000F9F6000027
:1000400075FB000069FB010075FB000075FB0000FB
:1000500075FB000075FB000075FB000075FB0000E0
:100060007FFB010075FB000075FB000095FB0100A4
:1000700075FB000075FB000075FB000075FB0000C0
:1000800075FB000075FB000075FB000075FB0000B0
:1000900075FB000075FB000075FB000075FB0000A0
:1000A00075FB000075FB000075FB000075FB000090
:1000B00075FB000075FB000075FB000075FB000080
:1000C00075FB000075FB000075FB000075FB000070
:0C00D00075FB000075FB000075FB0000D4
:1000E000064B074A5B7802604FF426728280C37128
:1000F0000822002382710372704700BFD80C0020D1
:10010000BBC30000064B074A5B7A02604FF49C7247
:100110008280C3710822FF2382710372704700BF7F
:10012000D80C0020E9BE0000F8B5C41D002824F05A
:100130000704054614BF2046002000F053FA071EAE
:1001400002DA6FF00B00F8BD254EB1887088F379A4
:10015000B2790331033089B280B209F062FE00281F
:10016000EFDB737831783C4403341944002D24F0DC
:10017000030400FB01F114BF2046002000F0B8FB8F
:1001800023180DB9002BDCDB717A184679B10333E3
:10019000002D23F0030414BF20460020728900F0D4
:1001A00019FC0028CDDB20440DB90028C9DB317AC9
:1001B00091B1737A83B1C41D002D24F0070414BFDC
:1001C0002046002002F034FF0028BADB0DB10020E9
:1001D000B9E72018B7D5B4E7002DF8D1B3E700BFD1
:1001E000D80C00201FB572B6194BDD68EDB9BFF30E
:1001F0004F8F1849184BCA6802F4E0621343CB6072
:10020000BFF34F8F00BFFDE72346B2FBF6F25C1C45
:10021000002AF9D104AEDCB256FA83F303F80C2CB1
:100220000A2234B901A8A847E1E7024600230A26BA
:10023000EDE7631E04AEDCB256FA83F3B0FBF2F6D0
:1002400002FB1600303003F80C0C3046E9E700BF23
:10025000D80C002000ED00E00400FA0507B50A4BB9
:10026000DA88ADF8002068469A885B88ADF80420EB
:10027000ADF8023001F0FAFC18B1FA219C20FFF72A
:10028000B1FF03B05DF804FBD80C002010B50446A4
:1002900028B308F0DFFE10B94FF0FF3010BD06F0B4
:1002A0007FFEB0F5FA7FF7D80E4B00221A744FF498
:1002B00080721A801B225A809A8040F20322DA80D0
:1002C0004FF484721A811F22DC605A81EFF310848C
:1002D00072B600F0DDFB04B962B60020DEE76FF015
:1002E0001500DBE7D80C002010B5002840D1234CC6
:1002F000237C032B39D059B1002A3CD0023905297F
:1003000036D8DFE801F0031227352A2D1378637001
:100310000020FFF709FF0028B7BF01230223237441
:100320006FF00B00A8BF237410BD13791BB3537972
:100330000BB31188FB291ED853881B3B9BB2E02BC3
:1003400019D81A2917D91368C4F802300C4B9288AF
:100350009A80DDE713786372DAE713886381D7E761
:100360001388FF2B07D82372D2E74FF0FF30DBE76B
:100370006FF02C00D8E76FF01500D5E7D80C0020FF
:10038000DA0C0020F8B50D46064620B319B311F07B
:10039000070420D1114F3B7C012B02D16FF00B00E1
:1003A000F8BD032B02D14FF0FF30F9E700F0ACFBB2
:1003B0000028F8D02846FFF7B7FE0028EEDB0CF047
:1003C00053F83046214601F0D3FCFFF747FF0323E3
:1003D0003B742046E4E76FF01500E1E7D80C0020FD
:1003E00010B5064C237C032B03D101F0D7FC02F09F
:1003F000C3F809F020FE0020207410BDD80C0020A6
:1004000008B501F081FCBDE808400249012000F078
:10041000E1B800BF0501000008B501F089FCBDE8A6
:1004200008400249002000F0D5B800BFE1000000FC
:10043000074B4FF0FF3141F6FF72C3E90012054947
:100440000022C1E900221F21C3E90212704700BF48
:1004500000050020EC0C00203F280CD801380B4B85
:10046000C0F3421200F01F0053F8223023FA00F0CC
:1004700000F001007047FF2806D04038C0F3421258
:10048000034B00F01F00EFE701207047000500203C
:10049000EC0C00200146074B006849681A4603C26D
:1004A00040F48C221A6041F0107242F4FF625A60EC
:1004B00000207047000500200246034B0068516889
:1004C00003C30020704700BFEC0C00200246034B22
:1004D0000068516803C30020704700BF0805002072
:1004E0000138064BC0F3421203EB820300F01F00F9
:1004F0009B6823FA00F000F001007047000500201F
:10050000F0B50C88C37C0288A5B2C4F30E0404F1D4
:1005100018060233865B1A44334497B213FA82F307
:10052000013B4288B3FBF7F313FB07439BB29A42AC
:10053000044A93BF22EA05032A4013439BB20B806F
:10054000F0BD00BF0080FFFF4A1E062A08B5034623
:10055000084604D84FF4D1711520FFF743FE094A2D
:10056000914202D940F2A311F6E711B903B1196023
:1005700008BD2BB11B680022C3E901211A1D1A60B6
:100580000430F5E7FAFFFF7F10B5114B00EB410493
:100590001A786389B3FBF2F303FB0223013A1A448E
:1005A000B2F5706F0279807828BF00231A440B18C7
:1005B000B2FBF0F100FB11215B1AB3FBF0F100FB81
:1005C000113313446FEA43436FEA5343638110BD11
:1005D000F40C0020024B03EB80035960704700BF0E
:1005E000F40C00202DE9F04F10F0070A85B0054605
:1005F00004D040F26F111720FFF7F4FD534F07F1BD
:100600000C06B1460446B04657F8043B8DF80BA0E3
:100610003BB101A898479DF80A30082B01D9F52174
:10062000E9E79DF80B1041BB05B131604F4506F17C
:100630000406E9D1002D70D0DFF81491002289F86A
:1006400000209646022758F827A0013FBAF1000F74
:1006500056D09AF804609AF802C0FF2E61D039464D
:100660000023481C39D19C44BCF1FF0F40D90AB18A
:1006700089F800E04FF49A71BDE79DF80AC0604622
:10068000022838BF02204B1D5A0004EB4303441ECE
:100690002344BDF808406444013CCCF1000C04EA5A
:1006A0000C044042B4F5803F03EA000302D340F259
:1006B0000511A0E775B19A1A01203260917014807B
:1006C000D0709DF80C001071019810814FEA104C09
:1006D000A2F806C004FB0134A8E758F8210028B1AD
:1006E00090F804B0B34504BF80781B180139B8E70F
:1006F000DBB2E6458AF804303CBF5FFA8CFE01228B
:100700007B1CA0D10AB189F800E0022640F6FF6AFE
:1007100058F82670B7B9013EFAD2601B05B0BDE8A3
:10072000F08F0023E5E707EB41033846A3F80AA062
:10073000FFF72AFF09F10109BB785FFA89F18B42C3
:10074000F1D8E8E74FF00009F6E700BFF80C002009
:10075000F40C002038B54FF6FF730380184B03EB01
:10076000810302461869A8B184780379B3FBF4F1D8
:1007700004FB1133DBB2194600EB4105B5F90A5011
:10078000002D0EDB0131B1FBF4F504FB1511C9B2EC
:100790008B42F1D1002038BD6381BDE8384009F0BB
:1007A0001CBB00EB41046389C3F30E031380C278C2
:1007B000002AF1D14FF4E5711720FFF713FD00BFB8
:1007C000F40C00201C4B03EB810370B51C6905463B
:1007D00044B3030404D54FF4EC711720FFF702FD76
:1007E0000146204609F0DBFAFF28014604D02046E6
:1007F000BDE8704009F0F1BAA078B5FBF0F300FB5A
:100800001353DBB219460A1D04EB4206B6F9026027
:10081000002E09DB0131B1FBF0F200FB1211C9B26D
:100820008B42F0D1002070BD8B4201D00023E370D9
:1008300004EB42025580DAE7F40C0020094B03EB8D
:10084000810310B51C690146204609F0A8FAFF286B
:10085000014604D02046BDE8104009F0BEBA002091
:1008600010BD00BFF40C0020F8B5104B03EB810362
:1008700007461C690146204609F091FAFF28054603
:1008800011D0E288238953EA024606D00146204669
:1008900009F0A3FA01463846B04720462946FFF73B
:1008A00073FE0020F8BD0520FCE700BFF40C00201B
:1008B00038B50E4B827903EB82030446186908B9F8
:1008C000052038BD8278E1799142F9D24B1CE37161
:1008D00000EB41035D89B3F90A30002BF3DBA580FF
:1008E00009F07BFA20600020EBE700BFF40C002049
:1008F00070B5044610F003000E4603D04E211820B8
:10090000FFF770FCFFF720FE054624B1034831468F
:100910000460FFF719FE284670BD00BF100D0020CF
:100920002DE9F14FDFF870B09DF828A09DF82C90CC
:100930001E46DBF8003007460D4690461BB9602185
:100940001820FFF74FFC52460921404609F0ACF849
:100950004A4684B20921304609F0A6F814FA80F11B
:10096000DBF8000009F0EFF9386018B9286001B031
:10097000BDE8F08F04442C60386853464146092294
:1009800009F055F828684B460922314601B0BDE808
:10099000F04F09F04CB800BF100D002070B50E46A6
:1009A000044609F094F80546304609F090F8044BE7
:1009B0002A1821461868BDE8704009F0E9B900BF5F
:1009C000100D0020024B186808B109F0B0B970474B
:1009D000100D00201F2AF8B5044626D80420032352
:1009E000134D12FB003254B1A30703D06821092034
:1009F000FFF7F8FB22F0030329706C602B8122F0D3
:100A000003022823120403FB01F001276B68120C78
:100A10000025EEB2B14200D8F8BD14B126181F70FF
:100A20005E60104401352833F3E74FF0FF30F3E701
:100A3000140D002070B5154A157853680021C8B20E
:100A4000854203D8BA210920FFF7CCFB1C46184683
:100A500014F8286B01310EB92346F0E70021997094
:100A6000128999610124D96159685C70920803F177
:100A70001E0403F1260524F8022FAC4243F8041F9C
:100A80001144F8D100234361037070BD140D0020A0
:100A9000134B012200214FF0FF309A60C3F800127F
:100AA000C3F80803C3F80015C3F804259A60C3F817
:100AB0000803C3F80015C3F804250A490A4A03F5D8
:100AC00080334FF40040C3F80825C1F88000BFF31D
:100AD0004F8FBFF36F8FC1F88001C3F808257047AF
:100AE00000F0004000E100E00000F63F024B026829
:100AF0001A600020704700BF200D0020014B1B68CA
:100B0000184700BF200D0020024B1868003818BF9E
:100B100001207047200D00200A468F2302F8033B76
:100B20000448C368C1F803300369536043699360A4
:100B3000704700BF240D0020024B5A8C02435A8498
:100B40005B6A1847240D0020014B00215B6A18479F
:100B5000240D002010B5154C05F034FA05F030FCDA
:100B6000208DFFF7F1FF237E63B12246104952F832
:100B70000C3BE3606368536004F11900A368936061
:100B80000AF0F4FA218DE06A02F086FAE36AB3F81B
:100B9000AA0002F003FA636B94F8301094F8310065
:100BA0009847002384F8383010BD00BF240D002082
:100BB000190B0000034B93F838300BB1FFF7CABF95
:100BC000704700BF240D002070B5184CE66AE36C36
:100BD000E3634FF481730546A4F8403094F8500065
:100BE000337D96F8151100EB83002DB9FF2803D152
:100BF00096F814318B4201D004F05CFF337D73B161
:100C0000606D05F035F9616DE06B05F0B5FB15B968
:100C1000284605F081F9022384F8383070BDE06B76
:100C200005F026F905F0CCFBF1E700BF240D00200C
:100C3000F0B590F86D40134A0B46012CD1E91E67C0
:100C400092F8502087B001F1800103F190034FF03A
:100C5000010006D0022C13D040F225410620FFF7F8
:100C6000C1FA00240025CDE9013205900090CDE9BC
:100C7000034532463B46012005F0DCFA07B0F0BDE3
:100C80000446EFE7240D002008B5094B93F83820FF
:100C9000022A04D040F257312720FFF7A3FADA7A6C
:100CA00042F00102DA72BDE80840FFF753BF00BF0F
:100CB000240D002070B50F4DAE6D3478C90001F0E1
:100CC000080104F0F30492000C4302F00402144300
:100CD0001B0103F0100304F0EC041C4300F00300BC
:100CE00004433470B5F8643073700223A5F85C30A7
:100CF00070BD00BF240D0020F7B5184CA56E064648
:100D00000DB1636C23B940F6C4012720FFF76AFADE
:100D1000B4F848306B702B782F4601F0030123F0B4
:100D200003030B4307F8033BB4F84820616C3846D3
:100D300008F036FC0DF1020201A9E06EE56367647C
:100D400008F0EBFF019808F0D6FFB4F848103060C7
:100D50000122E06E08F07EFF03B0F0BD240D0020FC
:100D60002DE9F0412C4C94F83830012B06460F4603
:100D70005FFA83F804D040F60C112720FFF732FA0F
:100D8000E56A2B7933B1002129710420FFF7D4FEE5
:100D900085F805802B7A052B0AD120490220FFF720
:100DA000CBFE236E1B78991E4B424B4184F870306A
:100DB0001EB1BDE8F041FFF7CDBE002FF9D0636F43
:100DC000304698470028F4D094F83030002BF0D10A
:100DD000638C9A0716D594F87030002BE9D02B7DE0
:100DE000E46A23B1294604F1A800FFF721FF94F833
:100DF0001521012096210BF0ABFBBDE8F04100204E
:100E0000FFF7E2BE002BD4D194F87830002BE6D166
:100E100094F87930E1E700BF240D0020840D002014
:100E20002DE9F04F964EF46A91B004F1A8030A93AD
:100E30000023CDE90D3396F838300790022B099145
:100E40005FFA83FA04D040F6AD112720FFF7CAF904
:100E5000F36B03221D785978A6F848101344736485
:100E6000079BA6F8402005F00308002B00F0F48053
:100E700019B1F06E08F0CEFE0146627A338DB1668C
:100E80000132D2B282EA950743F4007317F00107EA
:100E9000338546D1237A23B3032B62720AD8012B00
:100EA0001FD0D6F880000DA908F05DFE90B940F281
:100EB000D471CAE7053B012B02D940F2B371C4E7F4
:100EC00001F00EF810B940F2DE71BEE73946082095
:100ED000FFF732FED4E91C32013342F10002C4E9CB
:100EE0001C326379002121721BB161711020FFF760
:100EF00023FE338D43F40063338500230893237D61
:100F0000C5F3C007CBB1B6F84830B3B105F070FAFD
:100F10000328FBD0022806D1FFF71CFE11B0BDE864
:100F2000F08F079BEAE740B9A37A03F001039F42E1
:100F300003D1012386F83130EEE7A27A02F00103F3
:100F40009F4240D04FF0000BB36E002B40F09680D4
:100F5000B6F84830B3FA83F35B0903EA151386F851
:100F60007930099B002B40F08F80728C96F8863088
:100F7000110704D596F87020002A40F08580012BD7
:100F800000F28280736F0120984700287CD096F889
:100F90003050002D78D1E37C002B00F0D78094F8FE
:100FA0001461012ED4E91C2304F1800104F190079F
:100FB0004FF0010000F0BF80022E00F0F18040F2FF
:100FC0002541062042E7B6F84830E3B108F1FF3189
:100FD000012918D8318D41F48051318596F884105B
:100FE000994206D296F8303043F0100386F830303C
:100FF000A8E7B16E0029A5D096F8851019B1202078
:10100000FFF7A2FD9EE70132B8F1030FA27219D0DB
:1010100008F1FF32012A0BD8002B93D0D4E91E32FD
:10102000013342F10002C4E91E32DDF81CB08BE747
:10103000002B87D0D4E91E32013342F10002C4E90B
:101040001E327FE7338D0F49012043F48053207116
:101050003385FFF771FDEDE7237D0BB105F004FA51
:1010600096F88630013386F88630338D4FF0000BCA
:1010700043F480633385CDF820B065E701236CE746
:10108000240D0020680D002004F09CFFBBF1000F30
:101090004CD101230993A54D2B8D5A0606D440202F
:1010A000FFF752FD2B8D43F040032B85089B63B166
:1010B000B5F80720B5F805301343E28813431EBF87
:1010C000B5F809300133A5F80930079B002B00F073
:1010D0002681B5F805300133A5F80530002385F8E1
:1010E0008630934801F048FF0D9830B108F003FEB8
:1010F000002202720A9901F047FB0E9B33B10022D5
:101100001A720C220A990E9801F00CFB099B002B15
:101110007FF402AF2B8D1B063FF500AF8020FFF759
:1011200013FD2B8D43F080032B85F7E641460EA877
:10113000FFF7E2FDADE72E4605900020CDE9036004
:10114000FB26CDE90176009005F074F8774F94F80E
:101150001421962100200BF0FBF9D7F82C9097F87A
:10116000503099F8142099F8141103EB8203FF2BE7
:1011700003D199F815318B4202D0FF2004F09AFC7C
:10118000FE6A00238DF83130ADF83230337A062B09
:1011900000F2B280DFE803F0068E9191B0A3A300C5
:1011A0000646C9E797F88730A6F804310DF13201F9
:1011B0000FA8ADF8323000F085FE30B10F9820B1A5
:1011C00005233372BDF8323014E0FB6A93F85130D6
:1011D000002B6AD1D7F880000DF131020DF13201F8
:1011E00008F09CFC002860D0BDF83230002B4BD1B9
:1011F00001223272B865A7F8643003B1C31C3B66A4
:10120000B27A96F809A0367A0B92022E07D0053EE4
:10121000012E74D81B78022B4FF003060CD0D7F8A0
:10122000800008F0D6FC00286BD1032E04D000F01B
:1012300063FE80F00105EDB23C4F05F0010387F835
:10124000783099F81330002B5DD0B7F86430002B5C
:1012500059D051460B9A2B463046FFF72BFD786D3F
:1012600004F006FED7E9150105F04CF8012387F8D4
:10127000883087F83830BBF1000F3FF40CAF41469F
:101280000EA8FFF739FD06E79DF831201AB9028054
:101290008270032395E7027802F00302012A08BF57
:1012A0004FF0030A86F808A0A4E70023ADF8323017
:1012B000012333721F4800239CE7B6F80431D7F8A6
:1012C0008000ADF832300DF131020DF1320108F03D
:1012D00025FC00287FF476AF40F2C351B5E50DF14F
:1012E00032010FA800F0EEFD08B10F9810B940F2DE
:1012F000D251AAE5062364E740F2DC51A5E50126B8
:101300008DE7012598E70B9A2B4651463046FFF7AB
:10131000D1FCB86D04F0ACFD05F052F8A6E7B5F8C5
:1013200007300133A5F80730DBE600BF240D0020AD
:10133000500D00209E0D002010B5064B93F838206C
:1013400002F0FF0422B91C7601F09EFE204610BD7B
:101350000C24FBE7240D0020094B0A4A10B51A6043
:10136000FFF7EAFF20B14FF4B1712720FEF73AFFF3
:1013700000F024FD044CE06400F024FD606510BD25
:101380008416002030150000240D0020F8B55C4CB8
:1013900094F83860054606F0FF0016B909B102B1AD
:1013A00023B94FF420712720FEF71CFF63639DF8DB
:1013B000183084F885306162626784F8300084F800
:1013C000860084F8310084F888006084208584F8E1
:1013D000780084F8790084F87000A0652066A4F88D
:1013E0006400E0636064A4F84800E56204F0A4FBD4
:1013F00004F0E6FF95F91C0104F0E8FBD5F8D06095
:10140000D5F8C80004F0E8FB304604F023FD95F859
:10141000240004F0EBFBE36A93F891320BB104F083
:1014200079FB0AF032FA95F8152100F189010120C3
:1014300004F04AFC334B186804F012FDD5F8BC30B8
:10144000C4F88030D5F8C030E366AB7B233B072B74
:1014500054D9EB7B233B072B50D9B5F8E630B5F8D0
:10146000EC0095F81411984228BF184609F0FDFBCE
:1014700095F8E830834228BF034698B295F8E430E7
:10148000984200D3C3B295F8151184F8873005F15E
:10149000DC0009F0E2FE2F7D95F81511B5F8F0603B
:1014A00009F0E3FB0FB9043080B2864228BF06463C
:1014B000F3B284F8843084F850302B7D23B1294670
:1014C00005F1A800FFF7B4FB0120FFF77DFBE36AFD
:1014D000D3F8C00104F0E8FC002323606360A3603C
:1014E000EB886380B5F8AA30238095F82430237107
:1014F000D5F818310BB101221A60F8BD1B23C2E7E1
:10150000240D002084160020014B93F888007047BA
:10151000240D0020024B93F82900C0F3C00070474F
:10152000240D0020014B93F886007047240D002005
:10153000890C0000210E0000610D0000B50B0000B9
:10154000F0B5070CA7F5AA42144B543A012A03EA56
:1015500090231FD927F4004042F6AA22801A18BF10
:1015600001200022162116461F2487EA060562EA9A
:101570000505013510D0DD03ADB245EA5606E50399
:10158000ADB2013945EA52024FEA53034FEA54041F
:10159000EBD1F0BD0020E4E70020FAE7E0FF3F00D8
:1015A000304BF0B55A89B0F86070B0F85E609D8934
:1015B000974228BF1746964228BF16461B2E85B075
:1015C0000C462ED0B5F5A47F2DD040F648039D42A1
:1015D00001A928BF1D4608F05FFDBDF80A30BB42D7
:1015E00028BF3B46E380BDF80C30AB4228BF2B46FA
:1015F0002381BDF80630B34228BF33466380BDF86F
:101600000830AB4228BF2B46A380FF232370E3881A
:101610001B3B9BB2E02B08D940F209513920FEF761
:10162000E1FD1B2FCED105B0F0BD63881B3B9BB203
:10163000E02B02D940F20B51F0E72389A3F5A47304
:101640009BB2B3F5E06F02D940F20D51E6E7A388F3
:10165000A3F5A4739BB2B3F5E06FE4D940F20F5148
:10166000DCE700BFB00D002010B501210020FFF71E
:10167000E5F8044670B90121FFF7A4F8044620B943
:1016800040F225313920FEF7ADFD034B93F91810D8
:101690000AF0FCFB204610BDB00D0020014BD8889D
:1016A000704700BFB00D0020044BD87CC0F3400051
:1016B00080F0010000F00100704700BFB00D002075
:1016C00008B509F064FA00F05BFD00F09BFB09F03F
:1016D00025FD01F0BFFC03F0C7FE084B08480022BF
:1016E0001A60084B4FF01B11C3E901014FF4A471BC
:1016F000D960DA741A801A8208BD00BF88160020EB
:1017000003021B00B00D0020034B41F64C525A61FE
:101710001B229A74FFF7D4BFB00D0020F7B5284DF7
:101720006B69C0F8DC3000F1A807264BC0F8C43064
:10173000044638460AF03DFA064600F053FB83069D
:1017400054BF1B23EB88A4F8063158BF1A461E4B22
:10175000A97C1B6848BF2A89A4F8082184F8E410F2
:10176000A4F8E66023B194F91C11B4F8AA009847D4
:101770001649384608F0F6FF0123EA886979A4F88B
:10178000DA302B89019129790091033303329BB21E
:1017900092B204F1C00104F1BC00FFF7C1F8D4F823
:1017A000BC3023B940F2E2413920FEF71BFDD4F8EA
:1017B000C03013B940F2E341F6E703B0F0BD00BF1B
:1017C000B00D002000093D008C160020BE0D002049
:1017D000024B1B6803B118470C2070478816002085
:1017E000034BDA8802801B7983700020704700BFAA
:1017F000B00D002037B583781A2B054608D8042B86
:1018000004D9144A22FA03F3DB0705D412241AE0A0
:10181000292B01D03B2BF9D12888B0F5706FF5D278
:1018200001A909F046FA88B9019B93F8202102F03A
:10183000FF046AB9AA7883F82121FF2283F82021C6
:1018400001A808F0FCFC204603B030BD0224FAE7F2
:101850000C24F8E7200038040188A1F11B039BB297
:10186000E02B0CD84288A2F5A4739BB244F2481036
:10187000834204D8034B002059819A81704712207B
:10188000704700BFB00D002038B50278447802F0F0
:10189000010354EA030102F0020201D1112038BD14
:1018A000BAB98578002DF9D0002B18BF002400E0CC
:1018B0001D46204608F0E3FB0028EFD0284608F03C
:1018C000DEFB0028EAD0054B00209C73DD731882F4
:1018D000E5E7002BECD000242546EAE7B00D002018
:1018E00013B5008801A909F0FDF9044620B9019853
:1018F00090F832311BB13A24204602B010BD90F866
:101900005C3003F0FF04002BF5D190F853309B07B7
:1019100006D1FF2380F8323101A808F090FCEBE7F4
:101920000249543009F022FCE6E700BFE1B70000AD
:10193000F7B50778EF2F05460C460FD890F9012030
:101940004378002A0ADB8278900707D113F0100051
:101950001DD1990603F0030202D51AB1122442E008
:10196000032AFBD01E07F9D42979EA78EE7942EAF6
:101970000122697942EA0142A97941EA06212E7AD7
:1019800041EA06418A42E9D81F2A0FD8E6E713F058
:10199000600FE3D103F00702052A05D003F00F0121
:1019A0000D22CA40D107D9D51A07DDD56A7A013A86
:1019B000062AD3D8AA7A032AD0D813F0040102D178
:1019C000023A012A03D8EA7A012AC7D811B9AA7CB7
:1019D000032AC3D82A7D48B1012ABFD12A7E012A11
:1019E000BCD830B91124204603B0F0BD022AF5D18D
:1019F000B4E7DB0712D46B782A7D03F01803082BB9
:101A000011D1022AEED101213846FEF717FF064612
:101A100078B10AF0EFF9B8B10C24E4E700F0A2F9CC
:101A20000028E8D1DEE7022AEDD02B7F002BEAD098
:101A3000D8E701213846FEF7C5FE064640B3154BF0
:101A400093F918100AF022FA30460AF00FFB2946E3
:101A50002070E87430460AF05FFAEB7E0446002BF3
:101A6000C1D00028BFD1B16A0246684608F0F0F93B
:101A7000B06A2246012108F037FAB16A68460422AA
:101A800008F0E6F9B06A2246214608F02DFAAAE7E6
:101A90000724A8E7B00D002030B50279042A8BB0E6
:101AA00003464FD84088B0F5804F4BD826498D5C0F
:101AB000114400244A79ADF8004042F0100242EA95
:101AC00045028D7AC97B8DF8084042EA850242EAD8
:101AD000C10202F01F028DF80020BDF80020ADF811
:101AE00009201A888DF80B208DF80E00120A000AC2
:101AF0008DF80C208DF80D408DF80F008DF81040FA
:101B00005A7B8DF811205A798DF812209A79D3F8E2
:101B100007008DF81320B3F80B209B7B8DF81A304B
:101B20007F2305908DF81B3069464FF0011302A802
:101B3000CDE90734ADF818208DF82440FFF7F8FE02
:101B40000BB030BD1220FBE7FC1E020073B5064649
:101B5000FFF78AFD04460AF094FA3378012B054614
:101B60005FD120460AF0C5F900287AD020460AF055
:101B700088FA18B115B9122002B070BD20460AF0DB
:101B800039F908B10C20F7E720460AF070F906464B
:101B90000028F7D1204602F00DFC0028EBD0ED0123
:101BA00042F2107331462046ADB25D430AF055FA59
:101BB00020460AF05EFA014658B92A46204601F04E
:101BC000F5FD08B90020D7E741F698213920FEF746
:101BD00009FB31460DF10600FEF7BCFD064608B9CB
:101BE0000D20C9E7BDF8061009F08BF831462046F4
:101BF0000AF04BFA3046FFF791FD2A46314620465F
:101C000001F0D4FD024610B141F6B421DEE7164BD7
:101C1000DB69002BD6D006F5917106F1A800984734
:101C2000D0E7002BA7D120460AF063F9C8B12046BF
:101C30000AF0E0F80028C5D0204609F08AFF0546E2
:101C4000204609F089FF014600289BD1002DB9D01C
:101C5000B5F8AA00FEF708FE0028B3D041F6D62159
:101C6000B4E7422088E700BFB00D002002780346A9
:101C700072B1427862B142881A2A09D982881A2A36
:101C800006D9044A006850609B8813810020704781
:101C900012207047B00D0020024B02685A610020EC
:101CA000704700BFB00D00200378A3F10A02112A8B
:101CB0009DBF024A0020937412207047B00D00208F
:101CC00008B5052000F082F803F08EFB014B024AB4
:101CD000DA6108BDB00D0020A115000008B5094B60
:101CE00001221A7002F056FB0AF080FB08F04DFF4B
:101CF000FFF732FB002008F078F8BDE8084000F05C
:101D00004BBC00BFD00D002010B5064C0649201D6D
:101D100008F0D7FC04F108000449BDE8104008F0C1
:101D2000D0BC00BFD00D0020480500205005002089
:101D300010B5084C0849201D08F0C3FC04F1080048
:101D4000064908F0BEFC04F10C000549BDE810404E
:101D500008F0B7BCD00D0020580500206005002019
:101D600068050020014B1878704700BFD00D002097
:101D700010B5064C00F0ECFB606808F09AFCFFF729
:101D8000C3FC00F07FFD0123237410BDD00D0020A3
:101D9000014B187C704700BFD00D002010B5064CD9
:101DA000A06808F086FCE06808F083FCFFF788FC78
:101DB0000023237410BD00BFD00D002000487047E1
:101DC000E10D002000487047E30E0020C2080449DE
:101DD00000F0070001238340885C03438B54704765
:101DE00010050020014BD3E90001704710050020C9
:101DF000034B1868C0F30020400040F0010070471A
:101E00001005002008B505F0CBF8084A002332F889
:101E10002310814205D302EB83029378044A1370A6
:101E200008BD01330C2BF2D10023F7E7101F02008D
:101E3000E50F002008B50068B0F8AA30A0F86531B9
:101E400090F8143180F86411012B06D0022B04D0D5
:101E50004FF43F710620FEF7C5F980F8673190F81E
:101E60001531012B01D0022BF2D180F86831BDE889
:101E70000840024900F25B1009F078B94FA7000052
:101E8000024B002283F822209A847047E60F00203C
:101E9000044B93F82220012A1ABF0360012000207E
:101EA000704700BFE60F0020054B93F82210012970
:101EB00002461DBF012083F822009A84002070474B
:101EC000E60F0020054B024693F8220020B1136074
:101ED00009B19B8C0B800120704700BFE60F0020EA
:101EE000044B93F8220000229A8410B183F8222038
:101EF00001207047E60F0020034B93F82200B0FA50
:101F000080F04009704700BFE60F002050B90A4A30
:101F10001346012003F8010B0868C2F801008A8803
:101F20009A807047012805D1034B0A689A608A8815
:101F3000D8719A81704700BF0C10002050B90B4B2C
:101F4000187888B1D3F80120B3F805300A608B8087
:101F500001207047012806D1044BD87920B19A6836
:101F60000A609B89F3E70020704700BF0C10002037
:101F700010B9044B18787047012806BF014BD87977
:101F8000002070470C100020F7B500238A888DF8D8
:101F90000600ADF8042008680B4A8DF80730019D53
:101FA0001478014602F5A872D8B2844201D80820FC
:101FB00008E052F8087F5668AE4208BF8F4203F12E
:101FC0000103F1D103B0F0BD2010002030B5094B62
:101FD00001465C78002203F20113D0B2844201D89A
:101FE000082005E013F8015F8D4202F10102F4D1EF
:101FF00030BD00BF20100020F0B5254D95F8984168
:1020000089B0224605F29911684607F0C9FA2146BF
:10201000684608F0DBFD0446B8B300EB4001C9B2E6
:1020200002A8FEF76BFD631E95F8A161DBB20124E7
:1020300095F8981105E0721CB2FBF1F001FB10223B
:10204000D6B206F120020DEB020010F8202C002A77
:10205000F1D103EB43012031694406EB46022A44E7
:1020600011F8187C82F8A27111F8177C11F8161C6F
:1020700082F8A37182F8A41100F8204C013BAA1940
:10208000DBB2FF2B82F89941D2D109B0F0BD00BF7D
:102090002010002070B5064688B00C46002A4ED0AD
:1020A000294A92F8A131D01890F8991119B9FF2155
:1020B0002820FEF797F803EB43011144013391F810
:1020C000A251E57091F8A35191F8A411617100211A
:1020D000257180F8991192F89811B3FBF1F001FB8A
:1020E000103382F8A13192F8C23123B9174902F5B1
:1020F000DD7009F038F8657905F03F0545F04005D9
:1021000065710D220021684607F00AFAE3788DF820
:102110000F3023798DF80E3004AA04236946304627
:102120008DF80D5007F05AF89DF81F3023709DF878
:102130001E3063709DF81D30A37008B070BD032180
:102140006018FEF7DBFCD6E720100020F91F000026
:10215000044B5A78824286BF1B1893F84A0100202C
:10216000704700BF20100020044B5A78824286BF7F
:102170001B1893F842010020704700BF2010002078
:10218000064B00224FF461711A8083F8C32183F853
:10219000C421A3F8C61183F8C22170472010002083
:1021A000014BB3F8C60170472010002030B50A4B30
:1021B0005C7884420ED9184490F802012B3003EB6E
:1021C000C004A5790D7053F830001060A388938087
:1021D000012030BD0020FCE7201000200246074807
:1021E00010B590F8C34124B1417821B1023003F019
:1021F0005DF9204610BD0C46FBE700BF2010002013
:102200002DE9F74F2F4C9A466378834280468946E2
:1022100056D9231893F8425185F00105F9B193F886
:102220004A31E3B945F002070135BAF1000F18D180
:10223000FA070AD5062101FB084104EB08105246B3
:1022400001F585718230FFF725FFBB0734D504EB1C
:102250000810524649460230FFF71CFF2CE02F467B
:10226000E3E794F8A1614FF0010B002DE0D0A31932
:10227000019393F8991199B90092DAB100F0D2FA6A
:1022800006EB46012144019B81F8A2014FEA102C84
:10229000009A81F8A3C1000C81F8A40183F899B1D8
:1022A00094F898310136B6FBF3F103FB1166F6B2F0
:1022B000013DDAE747F00407384603B0BDE8F08F88
:1022C0000027F9E720100020074B5A78824209D9ED
:1022D0001A1892F842212AB9062202FB003000F5B2
:1022E000857070470020704720100020064B5A78F8
:1022F000824281BF1B1893F83A01B0FA80F040097E
:1023000098BF0020704700BF20100020034B80F8CA
:1023100074101B680BB14088184770479016002056
:102320000B2808B504D940F229112920FDF75AFFDE
:10233000014B33F8100008BD401F0200036830B5A0
:102340000024D3F8C400A3F84040B3F8444042F25C
:1023500010754443B4FBF1F4A3F844404C1E05FB54
:102360000242B2FBF1F2A3F84220094AB2FBF1F2B9
:102370000132A3F848209A8F05FB02445A6BB4FB44
:10238000F1F450439C63B0FBF1F0586330BD00BFE3
:10239000005A620213B540F6B8338387B0F8CE20F6
:1023A000D0F8C4100190044601A8FFF7C7FF0C4BFA
:1023B0001B68062B01D001330FD10A4B1B68063B6B
:1023C00008330AD9D4F8C800FFF7BAF880F0010042
:1023D000C0B284F8910202B010BD0020F9E700BF3E
:1023E000081600200C1600200346084671B13F2B4A
:1023F0000BD8074AD35C03F07F02914205D08CBF13
:102400000120002000EAD31070470120704700BF70
:10241000581F0200FF230B7002234B7083238B7025
:10242000014B1B78CB707047EC1100202DE9F84F61
:10243000D0F80480D8F8186030460C4607F049FC04
:10244000054620B94FF4AA711020FDF7CBFE0146D6
:10245000304607F04CFCB5F800B01FFA8BF7824607
:1024600017B94FF4AC71EFE7224B1B6800F1030979
:10247000D3B998F8023098F8032023706378A4F851
:1024800002B002F00F0223F00F03134323F0C00346
:1024900063709AF8003003F00303012B0FD0022B76
:1024A0000DD04FF4BB71CFE7B8F802003A46494669
:1024B000984705460028DCD12846BDE8F88F6278A9
:1024C00063F305126270304607F017FC054610B939
:1024D0004FF4C071B8E7FB2F02D940F28F11B3E778
:1024E0003A464946201D07F05BF8304607F060FB8E
:1024F000E2E700BF9416002038B5134C10220021EB
:10250000201D07F00DF801252574102204F10803A1
:10251000002104F11400C4E9013307F001F884F844
:10252000205004F11803C4E90533084A002363620C
:10253000A36284F82C30C4F82D30C4F8313084F80C
:1025400035301360A36338BDEC11002094160020D1
:1025500010B5084C2378FF2B04D040F299111020BD
:10256000FDF740FE06F080FE2070BDE81040FFF74A
:10257000C3BF00BF1D05002010B5034C207806F036
:102580008DFEFF23237010BD1D050020014B187820
:1025900006F094BE1D050020014B024A1A607047E8
:1025A000981600202D2400002DE9F341DFF87081FA
:1025B000054608F11407D8F80830D8F81840227AF0
:1025C000012A22D1D8F8382052B1137A1BB9BF2181
:1025D0001020FDF707FED8F83840C4B9002083E08A
:1025E0001A7A012AFAD04C4A1C46EFF3108172B6CF
:1025F00050680068506001B962B6A34208BFC8F8CD
:102600003840237A1BB9EE21E2E73A46EDE7267A15
:10261000F6B205232372731E0B2B6ED8DFE803F08E
:102620006A062235676D3E6D6D6D6D5B636813B92B
:102630004FF40371CCE72046294698470420EFF376
:10264000108272B6237A052BD9B24FF0000359D10C
:102650002372D8F83810A14201D1C8F83830B2BB83
:1026600062B634E0636813B940F21521B0E7294639
:10267000204698470346C3F30723012BADF8040017
:10268000C0B22FD0022BDAD11AE0636813B940F23E
:102690001D219DE7204698470020D0E763680BB9CD
:1026A000FE2195E786222A7001225988AA706A7154
:1026B00000225869A5F80310AA7107F079FA0420DE
:1026C000D8F83830A34202D10023C8F838300028A7
:1026D0003FF471AF08E0114B29461B68204698472C
:1026E000034668B9267298B102B0BDE8F0814FF494
:1026F00015716DE740F257216AE740F25A2167E70A
:102700000220DDE711B940F27B2161E71846A6E718
:10271000002B7FF450AF61E7F011002098160020E5
:10272000EC11002010B51346027A22B140F20231BA
:102730001020FDF757FD0A46BDE81040014601484C
:1027400008F0EEBCF0110020044890F82C301BB9C2
:102750000349243008F001BD704700BFEC11002090
:1027600011B100000346064890F83C203AB190F8B9
:10277000352022B900F82D3B024908F0EEBC704725
:10278000EC1100201524000010B50A46037A23B18D
:1027900040F20A311020FDF725FD0146BDE810404A
:1027A0000148072308F0BCBC001200201346027A3F
:1027B0000AB1037270470A460146014808F0B0BCEE
:1027C000F01100201B234FF01B12838403848261CD
:1027D0008382C260038539B94FF4A473034AC3846A
:1027E0004384C261C3820261704700BF480148014F
:1027F000014908F0BBBC00BF73B100000B8BA2F80D
:102800000B304B8BA2F80D308B8BA2F80F30CB8B9B
:10281000A2F809000249A2F81130104608F0A0BC45
:10282000C3B10000094AD2E90003434083EAB01172
:1028300081EA43214FEAF3435360054B116058434B
:102840004FEAF06000EB8000704700BF2C120020C0
:10285000BB79379E094AD2E90003434083EAB011AD
:1028600081EA43214FEAF3435360054B116058431B
:102870004FEAF06000EB8000704700BF20050020A9
:10288000BB79379E10B50A4C09480821FEF736F986
:10289000D4E900321343F7D0064CFFF7DBFF20608A
:1028A000FFF7D8FF236860601843F6D010BD00BF63
:1028B000200500202C120020174B184A9A60184A55
:1028C0005A60184A1A60184A9A62184ADA62184A14
:1028D000DA60184A9A61184A1A63184A1A62184A42
:1028E000DA64184A9A64184A5A62184B184A9A606D
:1028F000184A5A62184ADA62184A1A61184A5A6122
:10290000184A9A61184A1A63184A9A64184ADA648B
:10291000184A9A63704700BF9C160020FDB400005F
:1029200023B5000089B5000045B600008FB6000051
:10293000792C0000A1B60000ED2E0000752D0000DE
:1029400065B700007DB70000C12D00009C17002076
:1029500013B5000039B70000BFB600006FB6000025
:10296000DFB60000052D000003B80000ABB7000083
:102970009DB7000023B70000044B054A5A65054B7C
:10298000054A1A65054A5A65704700BF9C16002023
:10299000B1B800009C1700209BB800001DB90000D2
:1029A000054B064A9A65064A1A66064B064A9A6518
:1029B000064ADA65704700BF9C1600203BA900005C
:1029C000EFA900009C1700208BA800006FAB00004F
:1029D00037B5044601A80D46FFF75AFA20B94FF45F
:1029E000AA615120FDF7FEFB00210198222206F08A
:1029F00097FD019B194601F8035F023D232D00F26C
:102A00008980DFE805F02587128A8A25872B878A47
:102A1000313D418787458A8A4E4E6565878787871E
:102A2000878787878787876C77802168D1F8CE2151
:102A30005A60D1F8D2219A602268D2F89420DA60E4
:102A40000D20FFF731FA002869D140F25751C8E74D
:102A5000226892F8A0201A710220F2E7204600F0C6
:102A60000BFA0028EDD13DE011221A7159225A715A
:102A700000229A713922DA7110221A720620E0E7D8
:102A8000226892F89A20E6E7084600F0E3F9E8E7C2
:102A9000226892F89B10197192F89A205A710320BB
:102AA000CFE72268B2F800111971090A5971B2F81A
:102AB000A2109971090AD971B2F8FC101972090AA9
:102AC0005972B2F8A0209A72120ADA720920B8E795
:102AD000226892F82E11197192F82F21DEE7114B1E
:102AE0001B6813B940F249517BE7232022469847DF
:102AF0000420A6E70B4B1B68002BF3D022462420B2
:102B0000984705209DE7074B1B68002BEAD022461B
:102B10002520F5E740F2445163E7012091E703B037
:102B200030BD00BF9C1800203F289ABF024B53F8CD
:102B300020000020704700BF9C1600203F289ABF4D
:102B4000024B53F820000020704700BF9C17002064
:102B5000F7B50568D5F8BC6004464FF6FF770DF170
:102B600002010DF101023046ADF8027006F0D6FF09
:102B700001A9304606F0F7FF48B1019807F0BBF80D
:102B80002168A83100220272FFF7FEFDE7E7044941
:102B900005F1280003B0BDE8F04008F0E1BA00BF3D
:102BA00091B40000F0B5044685B00D46FF2600F84C
:102BB000A56C10F8A63CF3B1174F3B781BB162210E
:102BC0001F20FDF70FFB0C21381DFDF797FF3E700E
:102BD000002304F8A53C2A468A2302F8033BD4F8D4
:102BE0000930C5F80330D4F80D305360D4F81130F3
:102BF000936005B0F0BD01A80C21FDF77FFFA4F59F
:102C0000F473039A1A6001AB03CB44F8AE0C44F89A
:102C1000AA1C04F8A66CDBE73412002010B5054CA2
:102C200023782BB90C21201DFDF768FFFF232370AB
:102C300010BD00BF34120020024690F8D631BBB957
:102C400090F8D73103F0FF010BB100207047094B1A
:102C500018780028F9D01970D968C2F89410043394
:102C600003CBC2F8CE01C2F8D211FF2382F8D631CD
:102C7000012070473412002038B50268D37B044627
:102C80000D463BB1122B05D0103B0F2B8CBF012002
:102C9000082038BD92F8523013B9204608F0BEFB28
:102CA0002268D5F80B30C2F8C631D5F80F30C2F81B
:102CB000CA312368D5F81320C3F89020B3F8AA20AE
:102CC000A3F88522D5F80120C3F88722D5F805207E
:102CD000C3F88B222368B5F80920A3F88F22236854
:102CE000002583F89E5183F8D6512068044900F5E9
:102CF0001F7008F032FA23681522DA732846C8E7F5
:102D0000A52B000010B50368DA7B1F2A044604D007
:102D100040F29D211F20FDF765FA93F85220B3F889
:102D2000AA00002183F8511082B1C3F8A91183F8D9
:102D30005210A3F8AD110D49A3F8AA0103F5D07004
:102D400008F00BFA23680022DA7310BD0121A3F802
:102D5000990183F89B1183F89821054983F89F21F5
:102D6000A3F89C2103F28F10EAE700BF2DB6000004
:102D700015B6000038B505682B6813F0010419D1A9
:102D8000D1F801200C4BD1F8051013400B4AC5F8BF
:102D90006230C3F3076343F008030A4085F86530E7
:102DA000C5F8662008F03AFB2B6843F001032B605E
:102DB000204638BD0120FCE72FC904F76FDB0080F7
:102DC00010B50068837B042B2CD1D1F80130D1F8E9
:102DD0000540C0F86230C3F3076343F0080380F88E
:102DE000653000234A1CC0F8664080F84A3083737F
:102DF00090F8713103F0FF040BB1002010BDB0F862
:102E0000AA30A0F8733180F87241D1F80130C0F8CF
:102E100075315368C0F87931034900F2691008F040
:102E20009CF9EAE70120E9E7F9B60000006890F8AC
:102E300071315BB9B0F8AA30A0F873311A2380F869
:102E40007231034900F2691008F087B9704700BF7A
:102E5000F9B6000010B50446FEF7C4FF044A054B5E
:102E600002400B40C4F80120C4F80530092010BD11
:102E70002FC904F76FDB008037B50C460568FEF7F5
:102E8000B1FF0A4A0A4B0A4095F8621001920340CA
:102E900000930B408DF800306B4603CBC4F8010063
:102EA0000920C4F8051003B030BD00BF6FDB0080FF
:102EB0002FC904F738B5DB04154604D5037D13B1DB
:102EC0000023436338BD446B0134446308F078FC4D
:102ED000836B9C42F6D30023436303492846BDE835
:102EE000384008F043B900BF59B7000038B504684E
:102EF000A37B012B054602D02368980738D494F8A9
:102F000053309A0713D44A7884F85D204A88A4F88D
:102F10005E208A88A4F86020D80743F0020284F873
:102F200053200FD5134904F1540008F01FF994F809
:102F30005330D90711D423689A0708D55821402067
:102F4000FDF750F994F83231002BEBD1EFE743F065
:102F500002032360284608F061FAA37B012B4FF09F
:102F6000000301D0002038BDA37384F84A30F9E78C
:102F70000120F8E7E1B7000070B50568044602F0EB
:102F800051FA054BE8721B6801461BB12046BDE8AB
:102F90007040184770BD00BFA4180020024B1B688A
:102FA00003B11847704700BFA0180020F0B51F4DAF
:102FB0002B78002414709BB1013B6D68DBB21E1BA3
:102FC000012E0FDC05EBC40655F8347076688E428E
:102FD00008BF874227D0B84271EB060612D21470A0
:102FE0000020F0BD1E19771005EBC70E55F837C04D
:102FF000DEF804708445C6F347068F412CBF334684
:103000003446DCE705EBC30455F8335064688C4262
:1030100008BF854206D0A84271EB040428BF0133E3
:103020001370DDE71C4614700120DAE7541200200B
:1030300010F0070208B503D063214820FDF7D2F84D
:1030400018B1034B197258601A70C80008BD00BF50
:1030500054120020014B00221A70704754120020B5
:10306000FF230B70074A0D234B7082238B7013686C
:10307000C1F803305368C1F807309368C1F80B30CA
:10308000704700BF6A12002002481622002106F095
:1030900047BA00BF6A1200200B4B5A7D92B14A0614
:1030A00010D5B0F8AA201A80D0F850225A60D0F873
:1030B00054229A60C2885A800449022203F10C000B
:1030C000FFF774BB704700BF6A1200206130000038
:1030D000094B53F8203070B503F523430C461646D0
:1030E000A1334FF47A72B3FBF2F503F02FF83444B6
:1030F0002C44204470BD00BF5C2002002DE9F04F3D
:103100008FB09A4690F81531079304468946069287
:1031100007F01BFB834694F81F01FFF701F9834476
:1031200008F0B3FBE37B0393069B1FFA8BFB00F1D4
:103130006007002B4BD1637B032B48D1039B0C2BE7
:1031400032D1B4F86C324B452ED1D4F8F031C4F8FA
:10315000E031D4F8C430B4F8C421C4F8E431B4F890
:1031600062321344C4F8E831204602F007F9D4F87B
:10317000742294F81D31C4F8C42041F64B518A42A0
:103180008CBF002303F00103D4F87012D4F8782226
:10319000C4F8D41084F81E31B4F86E12A4F8D81014
:1031A0000223C4F8CC206373E37BA17B282B01D0DE
:1031B00028290CD1B4F86C32A9EB03031A0406D405
:1031C000A1F1280359425941204601F099FCB4F875
:1031D000605294F815310893A9EB05052DB204F55A
:1031E0000C73002D0493BEBFD4E99223C4E9962347
:1031F0000123B4F80680B8BF0493D44BA8BFCDF820
:1032000010A0A9EB08081B780FFA88F8B8BF45464C
:1032100013B103F0A9FE50B90026637B032B00F223
:10322000D581DFE813F069006F01BE009701B4F8A3
:10323000D831012BF0D9637B022BEDD094F80262D8
:10324000002EE9D194F81F01FFF76AF8637B00F5BF
:10325000C86B012B1FFA8BFBD9B23FD1A27CD4F8EB
:10326000D430032A33D1D4F8E42113445946D4F896
:10327000E401099303F03CFED4F8E061099BD4F823
:10328000E821C4F8E001861B59461846564303F06E
:103290002FFED4F8EC31C4F8EC01C31A5946D4F827
:1032A000C4001E4403F024FEB4F8C431D4F8E8216D
:1032B00043445B1B9B1AD4F8F021013B821A02FBAA
:1032C00003660123C4F8F00184F80232A5E7304612
:1032D000099307F0D9FC099B0344C7E7D4F8C4005D
:1032E000594603F005FEB4F8C461D4F8F031464401
:1032F000761BC31A5E43E4E70121002007F0C4FCFB
:103300008046D4F8D4005946404403F0F1FD5946B4
:10331000C4F8EC01D4F8C40003F0EAFD0BA9C4F82A
:10332000F0010CA802F05EFE0B9B0093D4E996011D
:10333000DDE90C2303F0BEFE049004F1A80008F0C0
:1033400016FBD4F8D410D4F8642294F815018D1823
:1033500002F004FFD4F8EC11049B203D6D1AED1B24
:10336000454400F52340ED1AA1304FF47A73B0FBC9
:10337000F3F0B4F8D83030312D1A03EB410194F852
:1033800015013A46FFF7A4FED4F86432EB1A223056
:10339000DA2BC4F8F4015DD840F2C7413020FCF7C5
:1033A00021FFD4F8D430D4F8E4015946184403F08E
:1033B0009FFD5946C4F8EC01D4F8C40003F098FD11
:1033C000C4F8F00104F1A80008F0D1FAD4F8D43020
:1033D000D4F8E4511D44B4F8C431002B40F08E8081
:1033E000BAF1000F00F08A8094F8150102F0B6FEE1
:1033F000D4F8EC11D4F8503294F815216D1A203D10
:103400001D44D4E992BC524B53F82220A5EB0B0586
:103410004FF47A7302F2E732B2FBF3F21544ED1B7C
:1034200000F52340A130B0FBF3F02D1AD4F8E821C9
:10343000D4F8E03194F8150102FB0313B4F8D81066
:10344000303301EB43013A46FFF742FE0123C4F853
:10345000F4016373D4F8C430D4F8F0217E3B9B1A96
:10346000DF1B002384F83032D4E996328742A5EB83
:10347000060528BF07465B1942F10002C4E99032F5
:10348000C4F8C07104F1DC0007F0E5FE042384F801
:103490003932D4E99023C4E99623B4F8B031A4F8C2
:1034A0006092A3EB09031BB2002BD4BF00220122C0
:1034B000520084F83822039A38440C2AC4F83402A3
:1034C00000F08780BAF1000F40F08680637B002B0C
:1034D00000F09F80D4F8C410D4F8F03104F50C70DB
:1034E000C91A07F094FB80B2002800F09280189B64
:1034F00003B1188001200FB0BDE8F08FD4F8EC11B3
:103500006D1A93E7D4F8F011D4F8C430B4F8C4219C
:10351000D4F8E8015B1A4244121A5D43D4F8EC3146
:1035200002F1FF3CD4F8E021303302FB003301FB11
:103530000C33B4F8D81094F815013A4601EB430166
:10354000FFF7C6FDC4F8F40184E700BF8012002035
:103550005C200200D4F8F0E1D4F8C430B4F8C4C15F
:10356000A3EB0E035D43049B3BB3BCF1000F24D1DE
:10357000D4E99423D4E99201904271EB030302D37E
:1035800040F20E510AE707992B4B53F82130D4E94A
:103590009201CDE904010498203A121A03F2E731AE
:1035A0004FF47A7B03F52343B1FBFBF10A44A133CB
:1035B000B3FBFBF3D21AD21B15440CEB08010EFB34
:1035C00001F1303108983A464900B9E740F22651F6
:1035D000E4E6BAF1000F1CD0B4F8D80118B3B4F87F
:1035E000DA1194F8DC21A4F8DA1101FB02229042EE
:1035F00001F101050DDD002B0BDD002384F83832CD
:10360000A4F8DA51FFF70EF900F00700013084F852
:10361000DC0104F50C7104F5027004F061FE20B9C0
:1036200040F27651BAE60146DBE7069B83F00103E0
:1036300084F8003200205EE75C2002002DE9F843A8
:103640000E46044618B9D3213020FCF7CBFD0529DE
:1036500000F2A780DFE801F00376413DA52E03F0DC
:103660006BFEC4E94601204600F0C8FFD4F80C0107
:10367000CB3803F017FD204608F003FD054600BBDC
:103680000146204608F03AFC00F1E506D4F80C01AA
:10369000B04209D2301A322838BF3220032103F059
:1036A0001BFE60B103F002FDC4F80C61204608F077
:1036B000FAFC45B12046BDE8F84308F0F5BC012509
:1036C000F2E70025F2E7D4E94623C4E94023BDE848
:1036D000F883BDE8F84302F091BC08F01AFC04231B
:1036E00084F811318146884603F0DAFC07220F4640
:1036F000A9FB023102FB0811D4E940525B1941EBEE
:103700000205D4F8E8203AB159EA080204D09842F8
:1037100077EB050228BF012684F81061D4E948261A
:10372000121A66EB070694F8301139B9012A76F1BE
:1037300000010BDA204600F069FF03E0012A76F170
:103740000006F7DB002384F82831C0E7984277EBC6
:1037500005010FD259EA08080CD01B1A65EB0701C6
:103760009A4276EB010005DB012B71F10000A4BF4A
:103770001A460E460C490123914284F829314FF034
:10378000000384F80831B341B8BF0A4604F1C00011
:1037900004F5847104F038FE002898D140F2B2613B
:1037A00052E7EF2150E700BF0040420F2DE9F843F8
:1037B00004460E46154690F8283103F0FF07002B0B
:1037C00040F0948000F1C00839467822404605F068
:1037D000A7FE47492246404604F07CFDC4F8E86055
:1037E000FF2384F8283166B1FFF734F800F00700B2
:1037F000013086F8DC013F49324606F5027004F0DC
:1038000069FD40F202434FF00009A4F8103184F83A
:10381000089103F0CFFB00F19E06204608F031FC32
:10382000B6B20146C0B306F090FF00F1280189B29C
:10383000284603F05DFB2844C4F80C0103F030FC7B
:10384000301841F10001C4E94601012084F8EC0080
:10385000A4F81E9008F0C7FCE53D2D1AC4F8F050FE
:103860004FF0FF356FF00041D4E94623C4E94851D9
:103870000025C4E93E23C4E9402384F8295142F2DB
:10388000107204F58471404604F0BEFD38BB40F26E
:10389000B9113020FCF7A6FC204608F02FFBDFF81A
:1038A0005890E530C4F80C01B9F8020048B1E08B3B
:1038B00038B1FEF7CFFFB9F80230B0FBF3F202FBEC
:1038C0001300064403F0ECFB361841F10001C4E993
:1038D0004661002DC4D0AD1941F10001C4E729466D
:1038E000204608F0E3FB3846BDE8F8830C27FAE7EA
:1038F0003D36000089B9000080120020F0B5002399
:1039000085B0CDE9003301238DF806306846FCF719
:10391000CFFF70B1104E012333710023CDE9023384
:1039200002A8FCF7C5FF044638B10023337105B087
:10393000F0BD009808F010F9E8E7029D6B7B002BC2
:10394000EED005F50277384603F060FC384603F008
:1039500071FC6C73E4E700BF80120020054B00226D
:1039600001215A7119701A7142F210725A80FFF7D0
:10397000C5BF00BF80120020014B5871704700BFC7
:103980008012002008B502F071F8044B9A68824258
:103990002ABF1879002080F0010008BD80120020A5
:1039A0002DE9F3470446062900F2DB80DFE801F049
:1039B00004847381878CD300D0E99201D4E99423E5
:1039C000904271EB030354D294F80232002B50D092
:1039D000637B032B4DD107F058FF94F815A1814666
:1039E00006F0B3FE064694F81F01FEF799FC064464
:1039F00094F81F01FEF794FCD4E99223D4F8507296
:103A0000D4F8C05180465046BF1A02F09FFB564A78
:103A100052F82A20A5F1600302F52342A1324FF4A7
:103A20007A71B2FBF1F29B1AA3EB09031B1A09F19D
:103A3000890909EB5309B6B2603B08F5C8687343BE
:103A40001FFA88F8B3FBF8F360335A08A9EB530365
:103A50009F4202D391444F4501D903F08BFAD4F829
:103A6000C400314603F044FA0023C4F8F00184F89E
:103A700002323E4B1B7903F0FF0263B90092B4F8A7
:103A8000B41101232046FFF739FB30B140F2CE617B
:103A90003020FCF7A7FB0423637302F079F904F0EC
:103AA00005FCE288A4F8FE210023A4F8623284F821
:103AB000013202B0BDE8F08703234373F9E708F051
:103AC0003DFDC4E99401F4E790F81501274F07F094
:103AD0003EFF6E30D4F8F031D4F8C45095288CBF36
:103AE0000020C0F19600C218954288BFED1A7B797C
:103AF0008CBF2D1A002523B9D4F8DC309D4228BF95
:103B00001D4604F1DC00D4F8C06107F0A4FB0644B4
:103B1000022003F0B5FBAD1B25EAE575854228BF01
:103B200005460221284603F0D7FB10B103F0BEFA88
:103B30002E440123DC22314604F1A80007F036FCB4
:103B4000D4F8C031B860D4F8C400184402B0BDE85D
:103B5000F04703F0A7BAA83002B0BDE8F04707F07D
:103B600006BF40F29C7193E75C20020080120020A7
:103B7000014B5880704700BF80120020074A03465F
:103B80001068D3F84920C0F80320B3F84D20A0F8FE
:103B9000072093F8481007F0B7B900BF8C12002037
:103BA00070B504460E466588807D15F00401134605
:103BB00018BF04F157013246FEF722FB41070546C4
:103BC00021D4C2070BD5012384F84830A07DFEF72D
:103BD0007BFB0368C4F849308388A4F84D30AB07F9
:103BE00001D4012070BD094B1868D4F85730012169
:103BF00084F85610C0F80930B4F85B30A0F80D30E6
:103C000007F08BF9EDE70020ECE700BF8C120020F5
:103C100038B5C38C0F4D0133C3F30E03C3842B7C23
:103C200004462BB102F09EF901F072FC00232B74C4
:103C300000232B7194F869302BB101212046BDE897
:103C4000384008F055B8637C13B1E28C9A42F4D244
:103C50000021F3E78C12002010B5074C2379012BCB
:103C600005D1237C1BB102F07DF901F051FCA06964
:103C7000BDE81040FFF7CCBF8C12002070B5254C7A
:103C80002379012B04D040F682412D20FCF7AAFABB
:103C900098B90125237C1BB102F064F901F038FCCE
:103CA000002D36D0A06907F072FF68B302F020F84B
:103CB000E369BDE870409B6818472168A26911F864
:103CC000095B02F14903E80992F8482006F060FF19
:103CD0000028DED02068002107F044F90028D8D061
:103CE0002379A069012B02D040F65C41CDE723790E
:103CF000E26903F180435269013B05F00F0152F87C
:103D0000233098470546C5E7A069BDE87040FFF736
:103D10007FBF70BD8C120020074A0346906903B92B
:103D200009B9FFF775BF1379D26903F180431269AE
:103D3000023B52F8233018478C1200202DE9F04343
:103D4000032985B00546174607D14388980723D431
:103D50000024204605B0BDE8F083428890F8683022
:103D6000D107DBB2F4D5002BF2D14FF00108DFF818
:103D7000D49099F81060C6B106F03FFF082838705B
:103D800016D002AA0DF10701FEF710FA38B940F675
:103D9000F7612D20FCF726FA4FF00208E7E79DF8BF
:103DA000070002A907F059FD06463B78082B08D109
:103DB000D9F8001011F8030BC0F3801007F04DFD87
:103DC0000646D9F8001095F84F2011F8030B05F1BD
:103DD0005003C0F3801006F0DBFED9F80010044653
:103DE00011F8030BC0F3801006F0FDFE8146FEF7CC
:103DF0007DFA40B1B9F1080F1BD04846FEF7A8F98B
:103E000080F00103D8B23A78082A14D01CB9AC7DEE
:103E1000A21A544254416A8853079AD4002897D171
:103E200076B9EC7C444518BF002C0CBF012400245B
:103E30008FE70020E7E780F001022240D4B2EAE7F2
:103E4000344686E78C1200202DE9F04F85B0082318
:103E50000DF10702052104468DF80730FFF76EFFCC
:103E6000064620B90026304605B0BDE8F08F794FF0
:103E700039687A7C11F8030B07F11203C0F3801044
:103E800006F086FE80460028ECD13B68A169184602
:103E90008D7D10F8032BC2F340122A408A75D3F8A7
:103EA0000320C1F8AD208288A1F8B1201D46A26987
:103EB00015F81F1BC1F3801182F8AC10D3F81F0056
:103EC000029002A928790871D3F80F00C2F8C8003F
:103ED000587D1D7D000440EA0520DD7C2843C2F8A2
:103EE000D000B3F8190082F81E8140F2E24909FBC4
:103EF00000F0C2F8C4009D7DC5EB451005EB8005C0
:103F000005EB85056D00A2F8D850B3F8170009FB42
:103F100000F0C2F8D400B3F81B00A2F8CC00B3F84C
:103F20001D00A2F8CE0093F8243003F01F005B09B7
:103F300082F8220082F81F31A56994F912A005F1D8
:103F4000160006F03FFF40F20113A5F814314FF0C0
:103F5000FF0B85F816B1414605F1DC00FEF732FC97
:103F6000514605F1A800FEF7D1F9A36984F87380E2
:103F7000B3F8AA20A4F8742084F891B04FF6FF7229
:103F8000A4F89220D3F8C420B2FBF9F2A4F88A2056
:103F9000B3F8CC20A4F88C20B3F8CE20A4F88E205F
:103FA00093F81F2184F89020627D9DF8070004F1AA
:103FB0007E0162B394F84820012A28D194F84E205B
:103FC00002F0C002402A22D1D4F84920C4F87E2051
:103FD000B4F84D208A8093F8AC2084F87720082824
:103FE00003F1AD0504F18401D3F8AD3004F178029A
:103FF00027D0C4F88430AB888B8004F17701FEF7BA
:10400000D5F840B940F6E2312D20FCF7EBF800225C
:10401000C4F87E20DEE794F8773043F0020384F89A
:10402000773004F16A000C4907F097F80B4BA06950
:104030001B6800223A71002B3FF415AF21469847C8
:1040400011E7A367AB8893800023C4F884308B808A
:10405000E7E700BF8C12002019BE0000AC1800205A
:10406000032937B5044604D0052953D0012003B0F5
:1040700030BD08230DF107028DF80730FFF75EFE13
:104080000028F3D0237C284D03B39DF8070094F853
:10409000B630DBB9237884F8B730082804F1B902C8
:1040A00029D004F1B801FEF781F820B94FF4776107
:1040B0002D20FCF797F894F8B83043F0020384F809
:1040C000B8301A4904F1AE0007F047F82B68042213
:1040D0001A7006225A702046FFF750FD286894F89F
:1040E0003820616B06F02FFF032328682B7101F045
:1040F000BFFE0020BBE72868034613F8031BC1F38B
:10410000801184F8B810D0F80310C4F8B9109B8857
:104110009380D6E7064B1B68002BEAD0984780F0C7
:104120000100C0B2A3E700BF8C12002001BE000056
:10413000A8180020F8B504460F4619B300F1200571
:10414000284608F029F8A0B963881A072ED5284612
:1041500008F039F80646284608F01EF8301AC0B2B2
:1041600008F041F8474A936803442846936007F0F3
:10417000EFFF284607F0F1FF01F038FD21792520F7
:1041800001F098FC3F4E94F85620306800230370ED
:1041900043706388103B0D2B64D8DFE803F05F6346
:1041A0005B0C634063636363636363402046BDE805
:1041B000F840FFF72DBD06234370202303702046EF
:1041C000FFF7DCFC638823F008039BB2152B05D0B6
:1041D00094F83020E16A306806F0A6FE306801F0FD
:1041E00047FE022321793371002001F00DFD0546C1
:1041F00007B9F06063881B0704D507F0F1FF054499
:10420000C4F8F4506388103B0D2B36D8DFE803F078
:1042100038352F2F352F353535353535352F0C239E
:1042200043700346212103F8091B52B1D4F85720EB
:10423000C0F80920B4F85B209A80012106F06DFED9
:10424000BDE7226DC0F80920B4F854209A8094F894
:104250004F10F3E7062303704370B0E702230370A7
:104260000623F9E740F259612D20FBF7BBFF2179C6
:104270000120BDE8F84001F09BBE40F6F541F3E7B0
:10428000F8BD00BF8C12002038B54388102B0446BF
:1042900004D1BDE838400121FFF74CBF0B4D2B7C0A
:1042A00023B101F01BF9402001F050FE286801F015
:1042B000DFFD608810F0040002D1217901F078FE62
:1042C000002001F029FE01232B7138BD8C12002043
:1042D000024B01219869FFF72DBF00BF8C1200200F
:1042E00010B5124C237C1BB101F03CFE01F010F91B
:1042F000A06907F04CFC38B12379012B09D040F6B6
:1043000086312D20FBF76EFFA069BDE81040FFF756
:104310007FBC2379E269A069D26803F18043013B45
:10432000BDE8104052F82330184700BF8C1200201F
:1043300010B50748037903F0FF0433B9142221466E
:10434000043005F0EDF8204610BD0C24FBE700BF5B
:104350008C12002010B50A4C00232371FDF72EFDAE
:104360002060FFF7E5FF20B14FF442712D20FBF7ED
:1043700039FFE36913B940F20B31F7E710BD00BF15
:104380008C120020014B024ADA6170478C12002027
:1043900058460000034B044A1A60044B044A1A6052
:1043A000704700BFA8180020493E0000AC1800204C
:1043B000A3BC0000F8B5057DAF1E0446FFB2002D7A
:1043C0003AD0012F2DD800F1500190F84F0006F09F
:1043D0000AFC0828064624D0FDF7C6FE10BB023DA5
:1043E00018BF0125012F8CBF0027012784F84850F2
:1043F0006775A675FDF7D4FE054602F051FE154B14
:104400000022E5FB0301C4E9100184F8562011469F
:104410002046FFF7C5FB70B940F2A3412D20FBF702
:10442000E1FE0826022D09D104F149010020FDF723
:1044300085FD60B90020F8BD0826F5E704F14901C3
:104440000120FDF77BFD0028F4D00125CAE70025F7
:10445000C8E700BF40420F00F0B5444E327985B046
:10446000044602F0FF0312B90278FF2A04D140F695
:10447000DD112D20FBF7B6FEB36080F869303C4BB0
:1044800000933C4B01933C4B0293F36968465B6895
:10449000039301F0E5FC01F04FFB01F063FD01F037
:1044A00037F8364801F098FB04F12005344801F054
:1044B000D1FC284607F04CFE284607F04EFE01F0DE
:1044C00095FB2179252001F0F5FA94F9120001F00D
:1044D0007DFB04F12C01A06A05F02BFD04F13401F1
:1044E0000746A06A05F04CFD0546DFB1237FCBB13E
:1044F000B4F92650ED43ED0F637D13B963885B0774
:1045000009D5D4E910126FF000439A4208BFB1F107
:10451000FF3F0DD19DB930680330FDF75FFE307469
:1045200005B0F0BD002DE7D0657F002DE0D1E3E7B9
:1045300002F0B6FDD4E9102390429941EAD301225A
:1045400029462046FFF72CFB50B1FDF729FE054612
:1045500002F0A6FD0B4BE5FB0301C4E91001DAE70D
:10456000002DD8D040F61C2183E700BF8C1200201C
:10457000E14200007D3C0000193D0000D6BE898E5E
:104580005555550040420F0073B50446FFF764FFD0
:1045900000212046FFF7CEFD236E0BB101221A60E9
:1045A0006388DB0724D50023124EA569CDE90033CB
:1045B000FF2373746846FCF77BF9C8B9009CA542D9
:1045C000F8D095F8B32094F8B30005F1B40304F1E2
:1045D000B40106F0DDFA0028ECD094F8AC30737426
:1045E000D4F8AD30C6F81230034BB4F8B1209A803D
:1045F00002B070BD8C1200209E120020024B986108
:10460000DB691B68184700BF8C12002043881B071A
:1046100010B5044612D583690A493C2280F87320FC
:10462000B3F8AA30A0F87430FF2380F891304FF629
:10463000FF73A0F892306A3006F08FFDFF2384F8F4
:10464000693010BD19BE000065BE0000894200003F
:104650006BBE00006140000089450000593C00002D
:10466000D1420000484600004C460000544600007D
:104670000138022808B503D9C4212F20FBF7B2FD69
:1046800013290A4B05D811290CD8102907D0D2219B
:10469000F3E71529FBD103EB4003D88801E033F899
:1046A000100008BD03EB40039889FAE7DC1F020005
:1046B000294A38B5948803461C43402B10689480DF
:1046C00004D10421BDE83840FFF76AB9802B01D13D
:1046D0000521F7E703F00304032C04D140F6A431CD
:1046E0003120FBF77FFDDD0706D50C68916024784B
:1046F000062C0FD00B2C17D09C0706D5096809781B
:104700001173052919D00B2921D09B0644BF08231A
:10471000537338BDC47B1B2CEED100240025C0E9A7
:104720001C450124C474E7E7C47B112C01BF00249D
:10473000C474012480F85240DEE7C17B1729E4D11C
:1047400000240025C0E91E4501210175DDE7C17B7C
:104750001029DAD10021F8E7AC1200200C4A517B75
:10476000034689B910683BB9B0F80411B0F8E820E5
:10477000914209D8FFF706B993881B0706D5007C3C
:10478000073818BF0120704700207047012070478C
:10479000AC12002073B504460068036813F0300FB4
:1047A0000D4649D1B1F805101A2904D9B5F80730DA
:1047B000B3F5A47F06D22978204602B0BDE8704048
:1047C00006F055BEB5F801201A2AF4D9B5F80360F1
:1047D000B6F5A47FEFD30096DC3006F04EFD174B04
:1047E0009A8892070DD51B7B142B0AD12268136877
:1047F00043F010031360204606F010FE002002B0C4
:1048000070BD23689A7B202AF0D093F82331002BC7
:10481000ECD1236893F82231002BE7D123681A6882
:10482000B3F8AA0042F020021A6003F1DC0103F59C
:10483000A472FDF7E3FFDEE70120E0E7AC12002001
:104840002DE9F843614D06462C6800287ED1AB88DF
:104850001A0725D594F89E30FE2B04D140F2FB5167
:104860003120FBF7BFFCFE2384F89E30E37B1D2B39
:1048700005D184F85100284606F0DAFDE673A37BE3
:10488000232B06D1E37B233B072B94BF2A2324232E
:10489000A373237C072B02BF0223AB7384F89E30E3
:1048A000AB88DB0717D4AB885F0776D499077DD533
:1048B000287B2B6801220D2883F89F2073D01128B4
:1048C0007DD007287DD0FEF739F9034600286BD14B
:1048D00040F2EE51C4E7D5F80080A96898F80F308F
:1048E000D1F80090103B0F2B99F8007009D8BB1E2F
:1048F000DBB2092B67D840F2333222FA03F3D80730
:1049000061D509793846FDF76FFD20B939462F4842
:1049100006F0ADFD39E0012F01D9162F21D198F80D
:104920000E0006F094FD40B198F80E30232B04D011
:10493000242B07D12A2388F80E303846FEF7F4F8E6
:1049400003461BE0162F14BF022620266B7B1B0795
:1049500004D5E37B103B0F2B98BF08263046BDE8FB
:10496000F883112F15D005D8072F14D00D2FE4D1BF
:10497000174B05E0142FE0D1164B1B68002BC5D058
:10498000AA68124812794946984700288BD00646F3
:10499000DCE7114BF4E7114BF2E7227C062A04BF57
:1049A0000122AA7382E70E4B08489847AB88DA06C3
:1049B000CCD5E37B092BC9D10A23E373C6E7094BA6
:1049C000F2E7094BF0E70826C0E700BFAC12002071
:1049D0005DC30000B0180020A1C30000714A0000B0
:1049E00087C20000D3C20000FDC200002DE9F041E3
:1049F000A0F10E040B1EE4B208BF1F23172C1646AD
:104A00000AD80125A54040F251210D4207D115F4E5
:104A100060051FD1082C07D00020BDE8F081BDE85B
:104A2000F041002107F0E3BB1468A17B242906D1E3
:104A300019463046FDF7FEF984F82C5105E02A2985
:104A4000EAD1E37B233B072BF3D80023A37384F83D
:104A50004A30E1E7054A1468002CDDD01A460146C9
:104A600023463046BDE8F041184700BFB418002087
:104A700070B54D78A5F10E03DBB2152B04460CD8AA
:104A8000012101FA03F640F25122164207D10268D1
:104A9000152B927B2AD0082B07D0002070BD024630
:104AA0002846BDE8704007F0A2BB242A01D02A2A7C
:104AB000F3D1204606F0AAFC2368DA7B252AECD045
:104AC00093F8632022F0010283F86320226892F8B1
:104AD000633023F0080382F863301A212046FDF783
:104AE000A9F92368002283F82C21D6E72C2AD4D1F7
:104AF000024B1B68002BD0D09847CEE7B818002097
:104B00002DE9F04190F86E7290F86F6204460D4600
:104B10007FBB90F8141176BB94F8153184F814110A
:104B200084F81531FF2384F81631154B1B6804F106
:104B3000A8080BB14046984794F82C31012B01D0BE
:104B40003E4303D0237B43F001032373404606F02A
:104B50009BFB18B1237B43F00203237306212046FD
:104B6000FEF71EFF002384F82C3135B1A373BDE896
:104B7000F0813946CFE73346D0E7E573F7E700BF6A
:104B8000BC18002073B5484D002604462860AE804E
:104B90006E73AE73FF2380F84C30B0F8B231002B47
:104BA0007CD090F89E30FE2B78D190F82031002BED
:104BB00074D0037C063B012B70D990F82131A0F80A
:104BC000446080F8A0300221012207F069FB84F8DC
:104BD000BA6102212846FDF7FBFEB4F8B611B4F81D
:104BE000B821B4F8DA30013989B2B1FBF3F31344D8
:104BF000A4F8B831B4F840300B44A4F84030204653
:104C000007F09BFB10B1636B0B446363B4F8B231E4
:104C1000012B9CBF0133A4F8B231002609B184F8FE
:104C2000BE61E37B84F8BA61093B012B0FD8E388AE
:104C3000B4F86C229B1A190409D404F26E2104F111
:104C4000160006F0BFF8E673FF2384F84B30B4F883
:104C5000B62104F1A801204606F0FAF8E37B134AD6
:104C60001349103B0F2B8CBF0023012300932868AE
:104C7000104BFCF78BFB2C68237BDA0703D50A4823
:104C80000021FDF7D7F8237B9B0703D504F23F10E3
:104C9000FDF7AEFD0023237302B070BD94F89E10A3
:104CA000FE299AD0004896E7AC1200205D4700002C
:104CB000B1460000B94C00002DE9F047B24F0E4656
:104CC000B9883C688D0556BFB4F8402000230132F6
:104CD000804646BFA4F8403084F8BE31A4F8402096
:104CE000204607F02AFB38B10B4604F59B7204F10D
:104CF000A8012046FEF7DEF8BB8803F4C06323B1A9
:104D0000A37C002B45D0032B49D0A27CBB88012A71
:104D100003D1180544BF0222A274B8F1000F40F07D
:104D20008F8059065DBFB4F8D821013292B2424655
:104D3000A4F8D82103F00A020A2A0CD13A7B022AED
:104D400009D123F008033046BB80FFF779FD082323
:104D50003043C6B2BB803046FFF772FD3D6895F820
:104D60009E303043FE2BC6B23BD1D6BB2B7C063BDC
:104D7000012B36D995F82031ABB195F82131A5F842
:104D8000446085F8A03001220221284607F088FA05
:104D900027E00121A1742046FEF702FEB5E70223B9
:104DA000A3740121F7E795F80FA0AAF10F0A5FFAA3
:104DB0008AFABAF1100F40F2E9802B68DA0702D5BF
:104DC00032460921E1E7980740F18D8032460C21F7
:104DD000284607F065FA95F8533043F0010385F84B
:104DE0005330B4F8B83194F8BB510133A4F8B8315A
:104DF000002D00F0FB81FCF78DFB10B10023A4F81F
:104E0000B831A17C012940F22382237C072B40F09A
:104E10000582B4F84030022B40F21A82B4F84250B6
:104E20000135ADB2E3882B44A4F8B03194F8BC311D
:104E3000002B00F011820123E2881344A4F8B4315E
:104E4000BB883D685B065FBFB5F8C431B5F8B621D5
:104E50009B189BB248BF0023A5F8C43195F82031B8
:104E60001BB92B7C063B012B06D8B5F84430B5F8AE
:104E7000B6211344A5F8443095F84A1031B1B5F87D
:104E80004630B5F8B6211344A5F8463095F95020C0
:104E9000002AC1BFB5F84E30B5F8B6011B18A5F809
:104EA0004E3095F8313063B9B8F1000F40F05E82B2
:104EB000BB7B022B40F0168295F8A030062B18BF62
:104EC000162395F8302022B92F4885F83130FDF7A8
:104ED0003FFE284607F091FA002384F84C30BDE8E5
:104EE000F047FCF7FDBF590702D5324613214CE7C6
:104EF0001A0706D595F8983085F8A0303246072174
:104F000043E713F0300F3AD095F82331002B5BD1F3
:104F100095F82231D3B1EB7B282B05F1A80005F5DC
:104F2000917105F26E2228D0AB7BA3F1280CDCF145
:104F3000000343EB0C0306F092F92B6823F02003E7
:104F400043F010032B60002385F822312B68DA062A
:104F50003AD505F1A80006F097F918B105F23F100F
:104F6000FDF746FCB5F8FE30A5F8A030B5F80231E3
:104F7000A5F8A2300022152107E70123DBE75B0635
:104F800022D50022242100E7AC120020D7F800909F
:104F900099F80F30172B2DD011D8102B1DD0152BB1
:104FA0001FD0AB7B002B63D1EB7B0F3B102B67D962
:104FB00095F83E30002B63D001221221E5E61F2B2D
:104FC000EFD1324606210AE03868C37B252B3FD05B
:104FD000342BE6D100221121D8E632460B21484677
:104FE000D4E64846FDF728FE00283FF4FAAE00223A
:104FF0000421F4E799F86832012B07D132460521E4
:10500000484607F04DF989F86862EAE699F868328F
:10501000022BD9B27FF4E5AE99F8523053B1062392
:1050200089F8A0303246484607F03AF9002389F85B
:105030006832EAE73B6840F20632A3F89A2099F812
:10504000623013F0040F32460CBF0D211121EAE744
:1050500090F82C31022B02D10022172196E690F80D
:105060002C31012B9DD190F82D31002BF4D098E7F5
:10507000082B05D195F8993085F8A03001223EE73C
:10508000BAF1100F7FF6ADAE3D6895F80E90B9F10C
:10509000000F7FF4A6AE95F833313BB101220E210B
:1050A000284607F0FDF885F83391AEE795F83231E0
:1050B00083B195F8539019F0030A0BD101220C210A
:1050C000284649F0010907F0EBF885F8539085F878
:1050D00032A19AE795F822313BB395F8233123BBEF
:1050E000EB7B282B05F1A80005F5917105F26E22E6
:1050F00019D0AB7BA3F1280CDCF1000343EB0C03CC
:1051000006F0ADF8002385F822310122142128464B
:1051100007F0C6F8B5F8FE30A5F8A030B5F80231B2
:10512000A5F8A2305DE60123EAE795F82C31012BC2
:105130003FD195F82D31002B3BD1EA7BA2F123031F
:10514000072B36D995F81401012806D0022804D07F
:105150004FF43F710620FBF745F895F8151101292A
:1051600001D00229F4D1022895F82E310BD0012B61
:1051700014BF0023012343B9093A042A7FF631AE54
:105180000122162101E6022BF2E7022995F82F31C0
:105190000DD0012B14BF00230123002BECD0764847
:1051A0000021FCF747FE002385F82C3119E6022B7D
:1051B000F0E795F835314BB195F82D3133B9EB7BEC
:1051C000233B072B02D901222321DEE595F8343158
:1051D000012B05D1002385F8343101222521D4E5A6
:1051E00095F83431022B7FF4FCADF3E7FCF78CF932
:1051F00008B1A4F8B851FCF795F900283FF401AEC6
:1052000094F8BE310133DBB2022B84F8BE3182BF89
:105210000023A4F8B83184F8BE31F2E594F83E30AA
:1052200013B1A37B0E2B13D1B4F84250B4F8403025
:105230002046ED1A033D07F080F858B1A36B626B6E
:10524000033B9B1A9D42A8BF1D46012D3FF7E9ADC8
:105250000125E7E52B46F5E7012D7FF6ECADE37B75
:1052600013B10A2B7FF4E7ADA37B002B7FF4E3ADF2
:10527000237C002B7FF4DFAD02297FF4DCAD94F8B2
:10528000BE31002B7FF4D7ADD4F8BC00B4F8DA906F
:1052900004F098FC00283FF4CEAD94F89E30FE2B2D
:1052A0007FF4C9ADB4F8B231012B7FF6C4ADB4F8C8
:1052B000B821B4F8CC309A42BFF4BDAD9B1A9BB272
:1052C000013DADB2B5FBF9F59D4228BF1D4619FB66
:1052D00005F3003D03F1010318BF01259BB284F8DB
:1052E000BA51A9E5012B08D16B7C002B7FF4E9AD05
:1052F00000212846FEF754FBEEE55EB1F00633D4FC
:10530000310733D4B20633D4B30733D14FF431610C
:10531000312020E739B1B5F84610B5F84830994248
:1053200001D32223CDE5002A05DDB5F84E20B5F8DE
:1053300048309A42F5D2B5F84420B5F842309A4246
:1053400009D2AA7CB5F8403052B1B5F842209A4251
:10535000CED80823B5E595F82031002BE1D1F0E750
:10536000052BC5D93E23ACE51E23AAE53D23A8E5C0
:105370002323A6E52A23A4E5AC12002013B5D0F818
:105380007432D0F8C42001909342044605D1D0F87D
:105390007812D0F8CC20914216D0B4F8AA20A4F804
:1053A000872140F2E242B3FBF2F3A4F88931B4F86A
:1053B0007832A4F88B31B4F87A320A49A4F88D31E6
:1053C00004F27D1005F0D2FEB4F87A22D4F87412FB
:1053D00001A8FCF7B3FF0023E3730323A37402B017
:1053E00010BD00BF69B5000008B5FDF7C5FA024B56
:1053F000024A1A6008BD00BFB0180020954700009F
:10540000074B93F900301844142804DC10F17F0F87
:1054100003DB40B27047142070476FF07E00704786
:10542000BD12002007B57F230DF107008DF807306E
:1054300000F0A6FD03469DF9070053B1094B5B78C8
:105440005B4240FA83F0142806DC10F17F0F05DB85
:1054500040B203B05DF804FB1420FAE76FF07E0061
:10546000F7E700BFBD120020024B00221A705A70ED
:10547000704700BFBD120020064BD3F8000138B1C1
:10548000D3F8040120B1D3F80801B0FA80F0400944
:10549000704700BF00F00040034B00221A705A70A2
:1054A00010229A70704700BFBF12002070B50646E8
:1054B000022014460D4600F0A3F8064B01221A7094
:1054C000054B033CC3F81045C3F80865C3F8045501
:1054D00070BD00BFBF12002000F0004008B50220E0
:1054E00000F08EF8084B01221A70084B0022C3F816
:1054F0000021C3F80421C3F8082103F580334FF4D9
:105500000002C3F8042508BDBF12002000F00040CF
:105510000E4A08B5137883B10D4B4FF40001C3F860
:105520000815FFF7A9FF68B101235370094BD3F8A1
:105530000034DBB2937000231370BDE808400020F4
:1055400000F05EB850701023F4E700BFBF120020D7
:1055500000F0014000F00040094B1A7862B1094B9D
:10556000D3F8002152B1D3F8040140B1D3F80801B7
:10557000B0FA80F0400970475878704702207047B1
:10558000BF12002000F0004008B5074B1A783AB16E
:10559000FFF772FF30B1054BD3F80004C0B208BD6D
:1055A0009878FCE71020FAE7BF12002000F00040D6
:1055B00008B50A4BD3F80025032A04BF01229A60DC
:1055C0000022C3F80025C3F8002500F0F9FE044BC3
:1055D0004FF40002C3F8082508BD00BF00F00040EA
:1055E00000F00140054B4FF40042C3F88020BFF3A8
:1055F0004F8FBFF36F8FFFF7DBBF00BF00E100E00D
:1056000010B50446FFF7D4FF012C06D0022C0CD0B5
:1056100054B18C213D20FAF7E5FD0B4B0222C3F873
:1056200000250A4AC3F8142510BD074B0322C3F80E
:105630000025064AC3F8142503F580334FF4000211
:10564000C3F80425F0E700BF00F00040C2120020BC
:10565000044B1868062818BFB0F1FF3F0CBF0120AB
:105660000020704708160020044B1868062818BF51
:10567000B0F1FF3F0CBF012000207047081600204A
:1056800008B5FFF7E5FF38B1044B1868063810F18C
:10569000080F94BF0020012008BD00BF0C16002099
:1056A00008B5FFF7E1FF38B1044B1868063810F170
:1056B000080F94BF0020012008BD00BF0C16002079
:1056C00008B5FFF7C5FF38B1044B1868063810F16C
:1056D000080F8CBF0020012008BD00BF0C16002061
:1056E000064B0022C3F80021C3F80C21C3F8102197
:1056F000C3F80421C3F80821704700BF0010004020
:1057000070B5134D6E7F0346084626B940F6C101B9
:105710003E20FAF767FD63B9012EAC69297F05D1F8
:1057200000F03CFD20442B69C01A70BD06F01CFF40
:10573000F8E7012B09D1012EAC69297F02D100F0D5
:105740001DFDEFE706F01BFFECE70020EBE700BFD5
:10575000D01300200B4B93F82B0088B193F82A301C
:105760007BB1094BD3F8002242F00102C3F80022BA
:10577000D3F8500500F0F600023818BF012070473A
:1057800001207047D01300200010004008B5094BDD
:1057900001281871084B06D0022808D040F6455160
:1057A0003E20FAF71FFD0322C3F8102508BD04228E
:1057B000FAE700BFD01300200010004008B570B910
:1057C000104B2831D96018460F4900F023FF0130F3
:1057D000012816D940F2C2613E20FAF703FD0128E4
:1057E0000CD1084B2931D9601846074900F018FF41
:1057F0000130012805D940F2CC61EDE74FF4DA61C0
:10580000EAE708BD28050020F01F020008B50C4B90
:105810005B78012B09D100F009FF013001280ED976
:1058200040F611113E20FAF7DDFC022B07D100F003
:1058300003FF0130012802D940F61711F2E708BD35
:10584000D0130020094B0A4A1B89B3F5166F3ABFE3
:10585000A3F6381343F48073A3F5166300F07F00BA
:10586000C2F80835C2F85405704700BFD0130020B5
:105870000010004010B50C46FFF788FF2046FFF7E8
:10588000E1FF0F4A0023C2F81C31D2F8003243F482
:105890008873C2F8003240F20313C2F8343540F284
:1058A0005B63C2F83835FFF7EBFE40B9FFF708FF3E
:1058B00028B9D2F8683543F4C023C2F8683510BD62
:1058C0000010004073B50C46154D0646FFF75EFF0D
:1058D0002046FFF7B7FF214695F9052001AB30467A
:1058E00000F034FE9DF8050000F0ACFE20B140F25F
:1058F000E3513E20FAF776FC9DF90400294600F0BA
:1059000035FC084B40F20312C3F83425284640F218
:105910005B62C3F8382502B0BDE8704000F0FABD04
:10592000D0130020001000402DE9F04106460C463F
:10593000174601F0C3FB0028FBD02C4B2C4D4FF435
:105940000022C3F808259EBB01236B7095F82A300E
:105950001BB9A9793846FFF7B5FF264B33F8173046
:105960004FF47A7203F5FA73B3FBF2F3224AE41AA6
:105970001E4BC3F8AC252B691C4A204FE1184FF091
:1059800001081F4B85F82A80C7F84015C2F8A835D2
:105990002B6A43F400232B624FF40023C2F8043532
:1059A000FFF7D8FE0446B8B900242046BDE8F081D0
:1059B000012E0CD102236B7095F82A301BB9A979FE
:1059C0003846FFF757FF094B0E4A293CD1E740F60E
:1059D00034013E20FAF706FCC7F84C80D7F84C3566
:1059E0008B42E1DA3046FFF7E9FEDEE700F00140E6
:1059F000D01300206820020000100040008000400A
:105A0000408100400410004008B5402210480021A9
:105A100003F086FD0F4B1B6823F004020A2A05D011
:105A2000102B03D0082B0ED1402200E024220A487C
:105A3000FF2103F075FD4FF080430022C3F8082ECC
:105A4000C3F8102E08BD0D2BEED03822EFE700BFB3
:105A5000D013002008160020000E0040024B034423
:105A6000187E00F516607047F01F0200024B98691F
:105A70001B69C01A704700BFD01300200A4B1A7F61
:105A8000D3E90430C01A094B03EB82031B6CC01A24
:105A9000074B53F822304FF47A7203F2F313B3FB3F
:105AA000F2F3C01A704700BFD0130020F01F0200AD
:105AB0005C200200FF2808B504D940F2CB213E202B
:105AC000FAF790FB114B0129188504D0022919D04F
:105AD0004FF44F71F3E700230D4A43F4801340F075
:105AE000007043F4847340F44030C2F81435C2F8B7
:105AF0001805D2F8503503F0F703032B05D140F217
:105B00005631DCE74FF08073E6E708BDD013002084
:105B10000010004008B5FFF7B3FD50B1054AD2F8B8
:105B2000743723F0807323F0010343F08073C2F8CD
:105B3000743708BD001000401E4B2DE9F0410226CD
:105B4000C3F88060BFF34F8FBFF36F8F01F0B0FADF
:105B5000044601F0F1FB184D001B184C286100278A
:105B60004FF00108C4F8FC7FC4F8FC8F00F082FC01
:105B700040F20122C4F83085C4F85026104AC4F817
:105B80000062107C00F076FD0E4A0A4B0E49C2F806
:105B900004151022AF836F85AF61C3F88061C4F82C
:105BA00004231E602B6C03B19847BDE8F04100F060
:105BB00025BD00BF00E100E0D01300200010004030
:105BC0002805002000F001400000020C014B587134
:105BD000704700BFD0130020034B020E0002C3F831
:105BE0002425C3F81C05704700100040044B054AEB
:105BF000034490711B7E03F516631381704700BF49
:105C0000F01F0200D0130020F8B52B4C94F82B3075
:105C100006460F4623B940F206713E20FAF7E2FA33
:105C2000264A012384F82A30D2F8003243F00103D7
:105C3000C2F8003201F042FA0028FBD02EBB01234B
:105C4000A17963703846FFF73DFE6378012B02D0DF
:105C50004FF4E961E1E71A4AD364A2F5E042136028
:105C6000174BD3F84C5530462946FFF7A7FD23695B
:105C7000ED1AF6B9134B33F817304FF47A7203F577
:105C8000FA73B3FBF2F35819F8BD012EE8D10223E1
:105C9000A17963703846FFF7EDFD6378022B02D0DF
:105CA00040F25171B9E7064BDE64A3F5E0435E6054
:105CB000D6E705F12900E7E7D013002000100040E7
:105CC000008000406820020008B5FFF72DFE58B99B
:105CD000064BC3F84005A3F5E04301221A610220F8
:105CE000BDE80840FCF73EBD08BD00BF0080004095
:105CF00073B5234B2349D3F80443234D02224FF0BD
:105D0000FF30C3F80803C1F880212049C3F80022FE
:105D100000226A85C1F8402501F5B8314FF46026AC
:105D2000C1F80865D3F85015C9B204F01004D1B118
:105D30008DF80700C3F8102101221A619DF8072091
:105D400012B1D3F810213AB19DF807305BB940F693
:105D5000FF013E20FAF746FA9DF80720013AD2B239
:105D60008DF80720EAE7FFF751FD054B0022C3F845
:105D700010212A8014B11022C3F8042302B070BD90
:105D80000010004000E100E0D0130020008000403F
:105D900038B51B4D0024C5F84845C5F84445C5F83D
:105DA0004045C5F84C45FFF7A3FF00F02DFC154B0F
:105DB00015491A6A1C6242F0446242F40032C1F88A
:105DC0000825C3E90544DC70104BC5F8484502229C
:105DD000C5F84445C5F84045C5F84C45C5F84841A7
:105DE000C5F84441C5F84041C5F84C41C3F880208E
:105DF000BFF34F8FBFF36F8FC3F8802138BD00BF53
:105E000000800040D013002000F0014000E100E0DD
:105E100070B50F4D2C7806461CB96C70EC706C8513
:105E200070BD18B1BDE87040FFF762BF013C18BFFC
:105E30000124AA7896212046FFF762FC2E80AA78DA
:105E400085F82A6001462046BDE87040FFF73CBF58
:105E5000D0130020014BC3F83C05704700100040F0
:105E600010B50FC8014C84E80F0010BD14140020B9
:105E70000A490B4B10B5C1F80405012483F82B40E7
:105E80005862FFF767FC40B9064BC3F840050C6148
:105E90000320BDE81040FCF765BC10BD00100040B9
:105EA000D013002000800040174B1A6910449A69F3
:105EB000824210B5154C09D30220FCF753FC002395
:105EC000C4F84035124B01221A610CE00122DA704D
:105ED0006264D4F844150531814205D30C4BD3F8E4
:105EE00004110029F0D010BD0022C4F84421C4F8E8
:105EF00044051A6A42F480021A62064B4FF480028B
:105F0000C3F80425EFE700BFD01300200080004055
:105F10000010004000F0014010B50B4C0346607FBC
:105F2000217F227901284FF0960009D100F044F931
:105F3000A36922699B1ABDE810401844FFF7B4BF5B
:105F400000F054F9F4E700BFD0130020044BC3F86D
:105F50006005D3F8002242F04002C3F800227047E7
:105F600000100040054BD3F8002222F04002C3F895
:105F700000220022C3F86025704700BF00100040D7
:105F80000A4A0146D2F81C0182B068B1D2F84835FD
:105F900003F07F035B420B700023C2F81C31D2F880
:105FA0001C310193019B012002B07047001000409A
:105FB000034B002814BF0222012299701A70704707
:105FC000D0130020054B0022C3F84025044AD2F824
:105FD0005035DBB20BB101231361704700800040E4
:105FE0000010004030B5044BD3E90C459B6BC0E971
:105FF00000450B6030BD00BFD01300202DE9F047F5
:1060000001F05AF84D4C4E4E4FF00109C4E90C0115
:10601000C6F84C90D6F84C35A363FFF7F7FB494B15
:10602000226AC3F808250025474A2562C3F8AC5503
:10603000D2F8003223F48E7323F00103C2F8003249
:10604000D6F84835A361D6F8443563616378637741
:10605000D2F80C8184F82B50D2F81011FFF740FBD6
:106060006778022F4FD1E37813B1D6F8443113BBD0
:10607000B8F1000F26D0FFF703FB50BBFFF720FB62
:1060800038BB314BD3F85034D90122D51A0705D08B
:1060900013F0F00F02D013F4706F1AD12A4AC3F331
:1060A00004410129D2F8542413D1012A11D0C3F399
:1060B0004253022B0DD80120FFF7AAFE636CBDE806
:1060C000F0471847002937D00120FFF7A1FE236DC4
:1060D000F5E7237923770020258DFFF799FE1A4BEA
:1060E000D3F80034DB070CD5636A5878A84294BF14
:1060F00000200120A36C002180F00100BDE8F047E2
:1061000018470120F6E7012F13D123792377B8F13F
:10611000000F06D02846FFF77BFEE36C3946284681
:10612000ECE749B13846FFF773FEE36C4146404661
:10613000E4E709B14846C8E7BDE8F087D01300207E
:106140000080004000F0014000100040024B03EBD3
:106150008003186C704700BFF01F0200024B03EB76
:106160008003D86C704700BFF01F0200024BC0B222
:10617000C3F80C05704700BF00100040064A4FF4FA
:106180007A7332F91120584300F2E7301044B0FB23
:10619000F3F00238704700BF54200200054A4FF464
:1061A0007A7332F9112000FB03301044B0FBF3F096
:1061B000704700BF5420020038B51D460A4B33F922
:1061C000114003EB820305359B681C4404F6B73489
:1061D0004FF47A7303FB00441046B4FBF3F4FFF76B
:1061E000B5FF2544284438BD5420020070B506464A
:1061F00008461546FFF7B2FF094B03EB85039C6881
:106200004FF47A7304F6B73403FB0644241A284685
:10621000B4FBF3F4FFF79AFF0530204470BD00BFD4
:1062200054200200024B00221A705A709A70704774
:10623000241400202DE9F041054601200C461746A4
:106240009846079EFFF7DCF99DF8243005F003011E
:1062500041EA0341244B41F08071C3F80415234BFC
:10626000214604F11002184651F8044B43F8044B40
:106270009142F9D11E499DF81830C0F81480076189
:10628000CB763368CB6173680B62174B194AC3F83E
:1062900008051268062A09D001321FBFD3F8182555
:1062A000BDF8200060F30702C3F81825124B134A0B
:1062B000C3F8082515F0FB0F01BF114AC3F8982554
:1062C000FC3AC3F89C250122022D4A7081F8245023
:1062D00007D8054B0A700021C3F80011C3F800125B
:1062E0001A60BDE8F08100BF00F0004027140020D4
:1062F000241400200816002000F0014000000202D3
:1063000000F1004070B5194C637823B94FF4D57192
:106310003C20F9F767FF164BC3F80C15C3F81005BE
:1063200094F824500122A270C5B924780CB99721A1
:10633000EEE7104CC3F804514FF40035C4F804558F
:10634000D3F8006116B15A60C4F808550B78037091
:106350004B78043343708B78837070BD00212270BA
:10636000C3F80411C3F800221A60F6E724140020D1
:1063700000F0004000F001400E4A08B5537823B900
:106380004FF4DF713C20F9F72DFF0B4BC3F80C15D0
:106390000121C3F81005917012780AB9BA21F1E70A
:1063A0000022C3F80421054B4FF00072C3F8042506
:1063B00008BD00BF2414002000F0004000F00140A0
:1063C000084B1A784AB10849084AC1F80825002242
:1063D000C1F89825C1F89C251A7000225A709A704D
:1063E000704700BF2414002000F0014000000202AA
:1063F000194B1B7870B523B94FF4F2713C20F9F7B3
:10640000F1FE164CD4F80431BBB90223C4F80433AE
:10641000134B144E1D691A6942F0100205F0100565
:106420001A61D4F804317BB125B90D4A136923F000
:10643000100313610223C4F80833084BD3F8000497
:10644000003818BF012070BD4FF40043C6F88031FA
:1064500006F07DF9E5E700BF2414002000F00040BD
:1064600000ED00E000E100E0014B01229A6070477E
:1064700000F0004010B5FFF7F7F888B1224B1B6819
:10648000063B083333D9214AD2F83C3723F0004386
:1064900023F0FF0343F0004343F09603C2F83C3778
:1064A000FFF7FEF8194C38B1D4F8403723F47F4396
:1064B00043F4B053C4F84037154BC4F8783700F0B4
:1064C000D3F838B14FF08053D3F830335A1C18BF8B
:1064D000C4F84C374FF01023196E4B1C1FBF0B4AEA
:1064E000D2F88C3561F31743C2F88C3510BD074ADA
:1064F000D2F83C3743F48063C2F83C37FFF7B4F876
:106500000028C0D1CCE700BF0C16002000100040CE
:106510002C00008908B50146FFF7C2F898B10B7945
:106520000948022B4FF08053D0F88825D3F8203348
:1065300022F4FE420CBFC3F30663C3F3062342EA10
:106540000323C0F8883508BD001000402DE9F04F46
:10655000264C85B0054698460E46174600F0C8F80A
:106560002378AB42814611D16378B3420ED194F9BE
:106570000230BB420AD1E378834207D1A388A8F84E
:10658000003094F9060005B0BDE8F08F012D06D06B
:10659000022D10D040F289410620F9F723FE002099
:1065A0000DF10F033A46314600F0A8F8824620B1BB
:1065B0004621A920F1E70120F2E730469DF90FB00E
:1065C000FFF74CFAA91E4A4203464A41CDF800A003
:1065D0004146584600F03CF8B8F80030A071A3805E
:1065E00025706670A77084F80390CAE74005002004
:1065F000014B1B681B68184770050020014B1B6886
:106600005B68184770050020014B1B689B681847A2
:1066100070050020014B1B681B691847700500209E
:10662000014B1B685B69184770050020014B1B6814
:106630009B69184770050020014B1B68DB691847F0
:1066400070050020014B1B689B6A184770050020ED
:1066500030B4044C9DF8085024680295E468A446C0
:1066600030BC604770050020014B1878704700BFB0
:10667000C018002010B500220C49134640FA02F45D
:10668000E40744BFCA545C1C02F1010248BFE3B2F4
:10669000042AF3D1054AFF24D118032B01D9107124
:1066A00010BD013301F8014BDBB2F6E7CC18002036
:1066B000C9C50000CFC50000D1C50000F7C5000066
:1066C000D5C5000001C60000DBC500000BC60000F8
:1066D000E1C5000017C60000EDC50000F1C50000CF
:1066E000E3C50000E9C5000007C6000011C60000B0
:1066F000014B187D704700BF58140020042810B5C6
:1067000011D883B104280CBF10242824A1420AD236
:10671000064C54F8200018B141568A42A8BF0A46D8
:106720001A70002010BD6FF01500FBE75814002010
:1067300030B50346114890F91C209A4219DD90F9B2
:1067400024209A4217DA9A1A846AA05C0C4A1556D9
:106750009D420DD00E32002918BF01309442C0B2C4
:1067600006D129B1013BDBB2012B01D80130C0B207
:1067700030BD0D20FCE70020FAE700BF58140020D0
:106780007420020008B5054B93F91C30984203DAD7
:10679000FFF7CEFF024B1B56184608BD58140020C9
:1067A0007420020008B5184B93F82C20FAB9012286
:1067B00083F82C20154A1268A2F10800082803D893
:1067C00013490141C90709D5911F092910D901327F
:1067D00012D04FF4DF71742002F0B8FB0D4A9A62B8
:1067E000D8221A6283F8242008229A611A7708BDF9
:1067F000094A0A41D207ECD4084A9A62D8221A629E
:1068000083F824200422F0E7581400200816002002
:10681000DEFEFFFFAF200200EEFCFFFF8220020041
:1068200010F0FF0008B508D14FF0804301225A60F4
:10683000C3F80001034B187008BD7C21B52002F09D
:1068400085FB00BF85140020014B01221A707047A0
:106850008514002008B548B94FF08043D3F80031C3
:1068600013B9044B187808BD0120FCE7C221B520FC
:1068700002F06CFB85140020044B1868062818BF32
:10688000B0F1FF3F0CBF0120002070470816002028
:1068900008B5094B1A680A2A02D1084B1B6823B1B4
:1068A000FFF7EAFF08B9082A04D14FF0804302221B
:1068B000C3F8342C08BD00BF081600200C160020B9
:1068C000F8B50F4E0127375404460D4605F0B0FECB
:1068D00060B934B94FF08043B7707560C3F8047382
:1068E000F8BD40F225116D2002F030FB002DF7D0ED
:1068F0001CB92046A8477460F2E74FF4A071F2E794
:1069000088140020044B191800228A7003EB8001C0
:106910001A544A60704700BF88140020014B9881C8
:10692000704700BF88140020014BD889704700BF12
:1069300088140020014B9889704700BF88140020FC
:1069400010B5EFF3108472B6064B03441A7C013283
:10695000D2B21A741B7C012B01D105F05DFE04B983
:1069600062B610BD8814002010B505F089FE05F050
:106970005FFE4FF08044084940B1FFF789FF0123D3
:10698000236104238B740023CB7410BD03238B7409
:106990000123C4F80433F6E78814002010B5EFF3A0
:1069A000108472B6094B03441A7C22B940F2572175
:1069B0006D2002F0CBFA1A7C013AD2B21A741B7C19
:1069C0000BB9FFF72DFF04B962B610BD8814002083
:1069D000024B987C003818BF0120704788140020B3
:1069E00038B5164C237D23B940F206316D2002F0F4
:1069F000ADFA637DC3B9A37DB3B1E27C013B9A429A
:106A000012DA05F015FE054602F0F2FBA37D012B1C
:106A100082BFE37C0133E37455B1A369C31A013328
:106A2000022B09D935B1A061BDE83840FFF79CBF02
:106A3000E369F3E7E061F7E738BD00BF88140020A1
:106A400073B51B4D6B7D63B9286A00F0030005F038
:106A500007FE30B1EFF3108372B6AA7C1AB103B906
:106A600062B602B070BD0122AA7403B962B64FF0DB
:106A700080430822C3F808234FF42073ADF8063092
:106A8000BDF80640A4B2631E9BB2ADF80630002CE0
:106A9000F6D14FF080460748C6F80C4105F039FEA4
:106AA00085F82540FFF760FF0823C6F80433D8E7D0
:106AB00088140020AC1400202DE9F347484C237DB6
:106AC000002B00F08A800323ADF804304FF08043A0
:106AD000D3F80051F5B9D3F80481B8F1000F09D00B
:106AE0004FF080430022C3F804210222C3F8082398
:106AF000FFF7A6FF94F825603A484FF08047F6B2BA
:106B0000D7F80C8105F009FE48B340F243316D20FF
:106B100002F01CFA00258DF804500122D3F80481FC
:106B2000C3F808230DF10409271DA61C19F8010B51
:106B300003280AD0337843B13B684FF0000A86F847
:106B400000A013B19847C7F800A06B1C022B07F1F7
:106B5000040706F101064FF00105E7D1BDE745B195
:106B6000A37C032B05D10423A374FFF791FE01231B
:106B70003B61B8F1000F1FD04FF080430022C3F8F3
:106B80000C21A37C042B02D040F26931BFE7164BE5
:106B90001A680A2A02D1154B1B6823B1FFF76CFE55
:106BA00008B9082A04D14FF080430022C3F8342CDE
:106BB0000223A37405F067FD4EB1002384F825304D
:106BC000A37C022B01D1FFF7CFFE05F05CFD054849
:106BD00002B0BDE8F04705F0AFBD02B0BDE8F087F8
:106BE00088140020AC140020081600200C16002089
:106BF00010B5054C206A00F0030005F031FD0028B7
:106C0000F8D0002010BD00BF88140020F8B505465C
:106C100050B10278042A07D8437842B9013B1F2BB0
:106C200002D88378212B07D96FF0150075E0002B6F
:106C3000FAD18378002BF7D17B4B0127C3F8807002
:106C4000BFF34F8FBFF36F8F4FF08046C3F8807153
:106C5000764C0B23C6F808330023C6F80031C6F87B
:106C60000431C6F80C3123746374AB88E38105F0FA
:106C7000E2FC08B127702774D6F80C24D6F80C343F
:106C8000D20303D5DF0701D5FFF7DEFD4FF4AF6375
:106C9000A3812B78A978637500222262A175E27422
:106CA000042B4DD8DFE803F005033A484A000123DE
:106CB000236205F0C7FC00284DD005F0CAFC236A0A
:106CC00003F00303984246D1AB79002B3DD1FFF787
:106CD0008FFFA37D6BB12B785BB905F0A9FC05464E
:106CE00002F086FA6FF00043002D00F09980C4E9AD
:106CF00006034FF08043D3F80C24D3F80C34D203AE
:106D000003D5DB0701D5FFF79FFD474A012300208C
:106D1000A0742375C2F880311360F8BD05F0B0FC93
:106D20004FF08043D3F80C14D3F80C24CE03F9D5DC
:106D3000D007F7D50223BBE73D4BB9E73D4BB7E79B
:106D400040F21E516D2002F001F94FF08043022203
:106D5000C3F80423BDE74FF080430122DA6000222C
:106D6000C3F80421226AC3F81825334A1368A3F133
:106D70000E01012904D90A2B02D0FFF77DFD48B18D
:106D80004FF080534FF08041D3F84432C3F3423385
:106D9000C1F83C351368A3F10E02012A04D90A2B6D
:106DA00002D0FFF769FD20B14FF080430122C3F804
:106DB0004C254FF0804301229A600222C3F804233D
:106DC000AA79002A85D1D3F80423910702D440F28E
:106DD000D141B7E7194A1669116941F010011161F3
:106DE000D3F8043106F010060BB905F0B2FC4FF0F1
:106DF0008047D7F8043183B1FFF7FAFE26B90F4A6E
:106E0000136923F0100313614FF080430222C3F88B
:106E100008230022C3F804215BE705F098FCE8E7AB
:106E2000C4E9063065E700BF00E100E088140020F7
:106E300001000200010003000816002000ED00E040
:106E400010B50D4C04F1240005F067FC48B9A37C93
:106E5000022B01D1FFF788FDBDE81040074805F07F
:106E60006BBC074A012384F82530BDE81040C2F806
:106E7000003105F005BC00BF88140020AC140020D0
:106E800000E100E038B50C4B0C46197919B18321AB
:106E90006F2002F05BF860B95D790DB1002038BD5C
:106EA00001225A71FFF74CFD21462846FFF708FDE5
:106EB000F4E76FF01500F2E7B014002038B50B4D81
:106EC0002B7904461BB19A216F2002F03FF850B98C
:106ED0006B790BB9002038BDFFF714FD20466C71AB
:106EE000FFF75CFDF6E76FF01500F4E7B014002043
:106EF00010B501B3F0B14FF0FF33104A1C46E0FB70
:106F00000134944203D9DB216F2002F01FF81A0DDF
:106F100042EA0432C3F30F10094B00EB02404FF278
:106F20002444B2FBF4F103FB1100B0FBF4F040EA9F
:106F30000140013010BD0846FCE700BF3F420F0092
:106F4000000024F4014B9B68184700BFB0140020D8
:106F5000014BDB68184700BFB0140020014B1B69D0
:106F6000184700BFB0140020014B1B6A184700BF30
:106F7000B0140020014BDB69184700BFB01400209B
:106F800008B5064B1B7923B140F237116F2001F091
:106F9000DDFFBDE80840FFF723BD00BFB0140020AF
:106FA000034B1A790AB9FFF7BFBC988D704700BF31
:106FB000B0140020034B1A790AB9FFF7BBBC988ABA
:106FC000704700BFB0140020024B1B790BB9FFF7CC
:106FD00037BD7047B0140020014B9B69184700BFB4
:106FE000B014002010B5144C2379A3B1636A9847FC
:106FF000002806DB94F82E3023B1012384F83030CA
:10700000002010BDFFF7E8FF0028F6DA40F28D11EE
:107010006F2001F09BFF094BA361094BE361094B12
:107020002362094BA360094BE360094B2361FFF71F
:10703000EDFD0028E1D0E4E7B0140020F16B000082
:10704000416E0000D169000081C6000087C60000C3
:107050008DC6000038B5084B1D79044625B140F2B5
:10706000E1116F2001F072FF01F024F82046FFF7D4
:1070700055FC284638BD00BFB014002008B50748AD
:1070800001F006F8054800F021F801F04DFA01F092
:107090002FFA00F01FFB012008BD00BFE414002000
:1070A00001F0E0BB103001F027B800BF01F03CB8A0
:1070B00001F0D4BC01F09CBD01F0AEBD01F04EBCAE
:1070C00008B52721032001F041FF00BF024B1860E3
:1070D00000221A719A607047EC14002070B582B0DB
:1070E0001E4C2379012B11D0DAB2022A0BD1A068F1
:1070F0000DF1070100F014FB0023A36023719DF83C
:10710000070002B070BD012002B070BDA0680DF193
:10711000070100F0FBFAA5686B7DDB07ECD5AB7FC0
:10712000042BE9D001F044F806460028E4D001F031
:1071300045F82A69B3682E686D68961945F100050F
:1071400000220A3342F100021B1842EB0102B34253
:10715000AA41D1D3A06800F085FCCDE7EC14002053
:10716000837F0BB10020704710B50A684B688C68AC
:10717000D1F80CC0C0F80CC08460026043600A699A
:107180004B694361012402618477054B1A792AB95E
:1071900098601C7100F0A2FF204610BDFFF790FF21
:1071A000EC14002070B5044682B00D4601F000F8E2
:1071B000A37F012B17D02B686A68A9680646E86888
:1071C000E060A160236062606A692B6962610122EC
:1071D0002361A2770DF10701204600F097FA2EB146
:1071E000012002B070BD002002B070BD024B04212E
:1071F000186805F05FFAF3E7EC140020024B062153
:10720000186805F057BA00BFEC14002010B5084B01
:107210001A7952B90446986002221A7100F05EFF92
:10722000A07FB0FA80F0400910BDFFF749FF00BF12
:10723000EC14002038B5837FC3B1044609E0A37F76
:10724000042B09D0A37F012B11D005F080FAA37F76
:1072500063B1A37F032BF2D1EFF3108572B6204602
:1072600000F0BCFA05B962B6A37F2BB938BD4FF464
:107270008271032001F06AFEFF21032001F066FE07
:1072800070B5054600F094FF08B3044600F096FF81
:10729000A4680346E41841F1000628463346224616
:1072A00000F072FBA04271EB06034FF000050CD317
:1072B000001B6FF0010361EB0601834275EB0101D6
:1072C00000D370BD4FF0FF3070BD284670BD40F256
:1072D0002911032001F03AFE2DE9F04104460F4642
:1072E00000F066FF10B38568002362195B41064613
:1072F00013B10020BDE8F08100F060FF2A1841F1D1
:1073000000033846A51843F1000800F03DFBA842F1
:1073100071EB0801EDD301F0A5FA00F019FAB3689A
:10732000377523440120B360BDE8F0814FF4A371A9
:10733000032001F00BFE00BF00F040BFF8B5036969
:10734000002B4ED1044601F08DFA05460E46FFF79C
:1073500005FE78B3D4E90003643546F10006A8427F
:1073600073EB060223D3C4E90003EFF3108672B671
:1073700000F01EFF054698B100F020FFAB68002228
:107380000B3342F100021B1842EB0101D4E9000269
:10739000834271EB02053CBF03461146C4E900314C
:1073A00006B962B62046BDE8F84000F083BB284627
:1073B0003346D8E7FFF7FEFD074600F00DFFB84261
:1073C0002168626838BF3846963546F10006401994
:1073D00046F10003884273EB02053CBF08461346A2
:1073E000C1E74FF4D171032001F0B0FD1C4B1868C8
:1073F000A0B350E9063130B550F8104C13F10A0231
:10740000036841F100011519A0F1180041F1000CC9
:107410001BB922E014D31B68FBB153E90621AA4231
:1074200071EB0C0419D290F814E013F8044C744575
:10743000F0D19C88B0F81CE0A4EB0E042404EAD53B
:1074400053F8100C0A3241F100018518A3F118001D
:107450001B6841F1000C002BDFD130BD704700BF2D
:10746000F814002070B5264D00236B60EFF31081F7
:1074700072B6AA686A60AB60EB6009B962B66A6806
:1074800072B3204C00269379032BA2F1180028D068
:10749000136873B39A79042AA3F118038446A646A5
:1074A0000FD1818B9A8B521A12049A6944BF0CF146
:1074B000180E184642B19C46A2F118039A7F042A7E
:1074C000EFD09B7F032B16D1DEF800201368CEF897
:1074D00000300221C368867798476A68002AD2D1B3
:1074E00070BD116852F80C3C967169600121984793
:1074F000F3E7A646EAE763219F2001F027FD00BFDE
:10750000F8140020FC1400202DE9F04F6F4B0468A4
:107510001B68456883B08283427D0646894602F037
:107520000102002B00F0CB80A3F1180C002A6ED0D2
:10753000DCE90001844275EB0107644A2FD39CF813
:107540001420337D9A421BD8DCF808301B1841F117
:10755000000113F10A0E41F10007744575EB0702B3
:1075600080F0A8803269121945F10000964577EB4A
:10757000000801D2724638469A428841C0F08280A3
:10758000DCF818300CF11802002B00F09180A3F108
:10759000180CDCE90001844275EB0107CFD21F46CD
:1075A0006346B068001945F10008002B44D0CDE9CE
:1075B0000027CA46D3E9007110F10A0C48F1000215
:1075C000674571EB020245D21A7D96F814C09445C6
:1075D00019D39A68D21941F1000112F10A0941F157
:1075E000000E4C4575EB0E0745D237693F1945F142
:1075F000000CB9457EEB0C0B01D24F46F446974286
:107600007CEB010C3DD39B6923B3183BD2E7DCE94B
:107610000001844275EB01012C4A0CD3DCF81830D0
:107620000CF118023BB1A3F1180CDCE90001844213
:1076300075EB0101F2D21F46334643F8187F136001
:10764000FFF7D4FE864210D0002389F8003003B043
:10765000BDE8F08FDDE900273346D14643F8187FB7
:107660001360FFF7C3FE8642EED1012389F8003094
:1076700003B0BDE8F08F2746AC4697427CEB010C87
:10768000C1D2D146114A0423B377916800233376DF
:107690007376B376F37606F118020C4B69B1DB68AA
:1076A0001A600B4B09491878CA6001F007FECBE756
:1076B0001F4676E7224628465EE79A60F1E712B950
:1076C0001746024AB8E7014A1F466AE7F814002045
:1076D0007405002010B50A4C2378FF2B0AD1094805
:1076E00001F0C2FD084B207000221A609A60DA6037
:1076F0001A8210BD4FF48D719F2001F027FC00BF4E
:107700007405002065740000F8140020034B1A8AE9
:1077100002F1010CA3F810C0FFF7F6BEF814002028
:1077200038B504460D46FFF761FE0346E31AB3FA87
:1077300083F35B0905482B7004F1180104F0E0FFA6
:1077400010B10023A377012038BD00BFF81400203A
:107750002DE9F0431F4E34686CB34FF000083546F6
:10776000C6464FF004092346246853F8187C53F8A2
:10777000082CD21953F8147C47F1000C82427CEBA0
:10778000010C1AD22A6812682A6083F80690B2683F
:1077900083F800E083F801E083F802E083F803E077
:1077A0007AB1F2681360F3604FF00108002CDAD16F
:1077B000B8F1000F07D1BDE8F0831D46002CD2D1EF
:1077C000F6E7B360EFE7044BBDE8F043187801F04B
:1077D00075BD00BFF81400207405002070B5154E6B
:1077E000B368054600F11801BBB1B368002423B9A2
:1077F00013E01A681C4682B113469942F9D10CB1C4
:10780000AA692260B268914204BF1B68B360F36842
:1078100099420AD00023AB7770BD074804F070FF8F
:107820000028F9D00023AB77F6E70023F460AB77AC
:10783000F2E700BFF8140020FC1400202DE9F84303
:10784000484E3468002C00F087804FF000080F4647
:107850000546B14641464FF0040E2346246853F8CE
:10786000180C53F8082C121853F8140C40F1000CA3
:10787000AA427CEB070C69D2D9F800201268C9F83B
:10788000002083F806E0B268197059709970D970B9
:10789000002A5FD0F2681360F3604FF00108002CFB
:1078A000DBD1B8F1000F03D02F4B187801F006FDA3
:1078B0003368002B50D053E90612A94272EB07003F
:1078C00053F8100C3CBF29463A46A3F1180C0A3075
:1078D0004FF000041B6844F10004091842EB040255
:1078E0001BB92DE016D81B6853B353E90604884230
:1078F00074EB020E24D29CF8148013F804ECF045CB
:10790000F0D1B3F804E0BCF81C80AEEB080E1EF416
:10791000004FE8D0854277EB040E294638BF014678
:1079200053F8100C3A46A3F1180C38BF22461B68D6
:10793000091842F100020A3142F10002002BD4D1B1
:107940000CF1180373616046BDE8F8839946002C7A
:1079500083D1A6E7B3609FE700239C46736160462E
:10796000BDE8F883F81400207405002010B5054C1C
:107970006169204604F0C4FE18B16069002318381C
:10798000636110BDF81400201C49096839B3A1F1E6
:10799000180C9CF8141081421DD870B5DCE9004128
:1079A00012F10A0543F1000EAC4271EB0E0620D233
:1079B000DCF81060341941F10001AC4271EB0E01AA
:1079C00015D2DCF8181071B1A1F1180C9CF8141044
:1079D0008142F6D8E2E7DCF818100029D7D14FF041
:1079E000FF30014670474FF0FF30014670BD2C4616
:1079F0007146B4F10A0041F1FF3170BDF814002066
:107A000010B5837F022B06D0837F012B02D0837FAA
:107A1000042B1DD110BD437D13F0020313D10321AC
:107A20000E4A81779468037600F1180143768376D5
:107A3000C3765CB1D3681960094BD160BDE81040D2
:107A4000187801F03BBC0023837710BD9160F3E709
:107A50004FF4FF719F2001F079FA00BFF814002065
:107A60007405002070B5114D00F11806044631462A
:107A7000284604F045FE98B10423A377AA680023A2
:107A800023766376A376E37642B1EB681E60084BFB
:107A9000EE601878BDE8704001F010BCAE60F6E70B
:107AA0004FF402719F2001F051FA00BFF81400203A
:107AB000740500202DE9F04F066983B0002E6ED1C9
:107AC000D0E900158368077DEFF3108472B6DFF804
:107AD000D8C0DCF80020002A52D0BCF8108013F186
:107AE0000A0E46F10006CDE90008183AB046D2E980
:107AF000003611EB0E0A45EB08099A4579EB060CA6
:107B00003DD38B4276EB050C27D3106910EB030CA9
:107B100046F1000BD4457BEB090B34BF4FF0010C51
:107B20004FF0000CBCF1000F13D092F814C0BC450C
:107B30002DD034BF4FF0010C4FF0000CBCF1000F02
:107B400007D013F10A01936846F10005591845F171
:107B5000000592699AB1183AC9E7906813F10A0CC6
:107B600046F1000910EB0C0C49F10009614575EB79
:107B7000090934BF4FF0010C4FF0000CD2E7009818
:107B800004B962B6C0E9001503B0BDE8F08FB2F8E1
:107B90001CC00198ACEB000CCCF3C03CCEE740F22B
:107BA00027219F2001F0D2F9F8140020024B052173
:107BB000186804F07FBD00BF10150020054B586801
:107BC00010B1C3680521184710B54FF41B71B020E0
:107BD00001F0BCF9101500202DE9F0471646002BE6
:107BE00055D0D3E900894B4C804579EB0103A38A3A
:107BF0003CBF804689466433B8EB000569EB01075A
:107C00000022AB422261BA41C4E9028916DBA369B2
:107C100003F2A3139D4277F1000769DA3E4AC4F8E4
:107C2000288040464946C4F82C9000F03FFD3B4A6E
:107C3000052384F830303260BDE8F087627F237F0F
:107C40001AB19A071ED40022627703F0010AA369D1
:107C500003F2A3139D4277F100072EDABAF1000F69
:107C6000DCD0A08A2C4AB8EB000069F10001C4E91D
:107C70000A0100F01BFD0623284A84F830303260E8
:107C8000BDE8F087236A01209847237FDBE7214C7A
:107C9000637F2BB1237F9B0702D5236A012098477E
:107CA0000025657701F03CF8FFF752F92B461C4A96
:107CB00084F830303260BDE8F08701F031F8FFF72A
:107CC00047F9A08AA369BAF1000F01D0984215D8EC
:107CD000B8EB0300104A69F10001C4E90A0100F0A1
:107CE000E5FC02230D4A84F830303260BDE8F087AD
:107CF00001F016F8FFF72CF9A369E9E7B8EB0000EB
:107D0000054A69F10001C4E90A0100F0CFFC034A09
:107D100001238EE710150020AD7B0000697E000076
:107D20006180000002392DE9F04104292DD8DFE8F7
:107D300001F00309292C0C00164A137F003B18BFE1
:107D4000012353770020BDE8F081044600F07AFC5F
:107D500000F088FD0E460746FFF770FD0D4D80468A
:107D60006868FFF74DFE22463846314643460024F8
:107D700000260027C5E902676C60FFF72DFF02208F
:107D8000BDE8F081FFF7AAF9DCE740F21721B02047
:107D900001F0DCF8101500202DE9F84F2E4C637F20
:107DA000A769804683BB94F81C9019F0010934D16F
:107DB00000F058FD10EB070B41F1000A05460E4696
:107DC00058465146FFF73AFDA8B3D0E900329B452B
:107DD0007AEB02011BD30023204AA56228463146D4
:107DE000C4E902BAE662236100F060FCB9F1000F59
:107DF00018D0A38A1A4A9F4216D0022384F8303042
:107E0000C8F80020BDE8F88F4FF00009D0E7DD1B6F
:107E10009B4662F100069246DDE7A38A9F4238BF87
:107E20001F46C5E70E4AE8E7012384F83030C8F85A
:107E30000020BDE8F88F637F2BB1237F9B0702D51D
:107E4000236A012098470023064A84F8303063777C
:107E5000C8F80020BDE8F88F10150020AD7B0000A9
:107E6000697E000061800000023970B50546032973
:107E700000F2EB80DFE801F006024508754B0022B6
:107E800083F83120002070BD724C94F830301A1FF6
:107E9000012A40F29F8000F0E5FCA26A2369801A63
:107EA0009842B8BF184694F830302061022B7FD03A
:107EB000237FD90740F1C480607F002840F0C08054
:107EC000236A98470123637794F83020022AD4E983
:107ED00002034BD0012A70D02269323843F1FF31BE
:107EE000101841EBE2715C4AC4E90A0100F0DEFBC4
:107EF00094F83030062B0CBF0523042384F830306F
:107F0000C0E7544C94F83030042B0FD8022B25D8FE
:107F1000013B012B00F28F80FFF7E0F80028B1D081
:107F200000F08EFC2846FFF737FF15E0053B012BDC
:107F300000F28180FFF7D2F80028A3D000F080FC87
:107F400000F090FC06460C46FFF778FC2A460346F4
:107F500021463046FFF740FE022070BDFFF7BEF815
:107F600000288FD0012384F831308BE7227FD2079D
:107F70000ED5627F62B9A18A374A401A63F10001C7
:107F8000C4E90A0100F092FB032384F8303079E75A
:107F90002169314A323843F1FF33401843EBE17134
:107FA000C4E90A0100F082FB042384F8303069E759
:107FB00000F0AEFEFEF7C6FF86E7A169264A401A2A
:107FC00063F10001C4E90A0100F070FB022384F8A8
:107FD000303057E7042B94F8316019D0002EAFD120
:107FE000FFF7C4FC0028ABD06060C4E90D6600F068
:107FF0001DFB6068022383773146C3689847D4E944
:108000000201FFF7A5FB154B84F830602B60A3E756
:1080100000F08EFE0028E1D100200021FFF70EFCC9
:1080200008B1FFF71FFD00F07BFEFEF791FF284629
:10803000FFF7B2FE90E74FF4CD71B02000F086FF5D
:1080400040F2B311B02000F081FF40F2F111B020F6
:1080500000F07CFF10150020AD7B0000257D0000A6
:10806000032910B506D801290AD840F25D11B020C5
:1080700000F06CFF0429F8D10446FFF72FF808B987
:10808000002010BD2046FFF787FE022010BD00BF74
:1080900010B5064A064C02600023206084F8303098
:1080A0002377FEF787FF5130A06110BD618000008B
:1080B0001015002008B5074B074A19680968914256
:1080C00002D15130986108BD40F25121B02000F03A
:1080D0003DFF00BF101500206180000010B5EFF3D8
:1080E000108472B6034B0421186804F0E3FA04B953
:1080F00062B610BD1015002008B5094B5A684AB188
:10810000D3E902218018BDE80840064A41F1000188
:1081100000F0CCBA40F27221B02000F017FF00BF8F
:1081200010150020BD7B000008B5064B5B681BB135
:10813000BDE8084000F084BB4FF41E71B02000F091
:1081400005FF00BF1015002008B5054B5A680AB19D
:10815000586308BD40F27E21B02000F0F7FE00BF5A
:108160001015002008B5054B5A680AB1986308BD80
:108170004FF42171B02000F0E9FE00BF101500207F
:10818000044B9B6B03B1184710B540F28A21B02015
:1081900000F0DCFE10150020044B5B6B03B11847A8
:1081A00010B54FF42471B02000F0D0FE101500205F
:1081B000014B5868704700BF1015002008B5054BEB
:1081C0005A6812B1D3E9020108BD40F29B21B020E8
:1081D00000F0BCFE10150020034B187F10F00100CA
:1081E00018BF988A704700BF10150020054B1B6808
:1081F0001BB1D3E908200421104710B57221452096
:1082000000F0A4FE50150020054B1B681BB1D3E9FC
:1082100008200321104710B56C21452000F096FE80
:10822000501500202DE9F04104460D4679B9174F4D
:108230003B683BBB16483C60FFF786FF1548FFF7DD
:1082400091FFFFF779F8637D5B07064605D4D4E913
:1082500008302946BDE8F0411847FEF729FF2036CF
:10826000361A7E6000F07AFB0028FBD00A4B002211
:10827000C3F8A8252946C3F8AC25D4E90830BDE8E1
:10828000F04118478621452000F060FE501500207F
:1082900009820000ED81000000F00140024B002245
:1082A0001A601A81704700BF5015002008B5074BAF
:1082B0001A683AB10648D06000211960BDE808404C
:1082C000FEF79CBFB921452000F040FE501500206C
:1082D00025820000C0E908122022002101F020B907
:1082E00030B587B04B7A00220D460592CDE90022C9
:1082F0000492C3F3800282F001024FF0000162F3A6
:10830000820104462A78287A8DF815108DF8140019
:1083100069682B4802910390002A40D1D5E90420D6
:108320009DF815C01CF0040FCDE9002028D19DF860
:1083300015202449C3F340035B0043F0010322F0FE
:10834000030213438DF815304B68C3F308038BB158
:10835000103B5BB2002B1CDB03F1604303F5614370
:1083600093F800335B092BB969462046FEF71AFFE4
:1083700007B030BD69462046FEF7F2FE07B030BDBB
:10838000203A01F1200140F1FF300092029101906A
:10839000CDE703F00F0319440B7D5B09E3E72B697D
:1083A0000493FEF77DFE9DF815305B07CDE90001D3
:1083B00004D5029A6B7A20320292B8E76B7AB6E75C
:1083C0002582000000ED00E010B5037886B0B3B957
:1083D00090ED047B04464068217ACDE902036846AB
:1083E000CDE904338DED007B8DF81410FEF7A6FF68
:1083F000DDE900230120C4E9042306B010BD4FF4D9
:10840000AB71452000F0A2FD30B50C7887B07CBB85
:108410004B7A05940C7A8DF81440C3F3800E174CF8
:108420004D6803948EF0010ED1E904414FF0000C29
:108430006EF3820C1CF0040FCDE900418DF815C0DD
:10844000029507D0203C05F1200541F1FF31009451
:10845000029501919DF815400492C3F3400363F324
:10846000410469468DF81540FEF77AFE07B030BD2D
:1084700040F21F21452000F069FD00BF2582000069
:1084800070B4EFF3108672B617490D78ADB1174B83
:10849000D3F80445D3F848314FF6FF7294421FD009
:1084A000E3B147F6FE739C4218D84B68013306B916
:1084B00062B6C0E9004370BC70470C4AD2F804456C
:1084C000D2F8043153B14B6801334B60C2F8045108
:1084D000D2F80445D2F80431002BF4D14B68E6E71A
:1084E000002BFBD11C46F9E78815002000B00040A6
:1084F00010B50A4C002222742277094B0948012149
:108500005960C3F84025C3F840214FF40022196197
:10851000C0F8082500F020FF206210BD881500205B
:108520000080004000F001403749384BF0B44D6AFC
:10853000374C002201204A6058609860C3F8084315
:10854000C3F84843C3F80421C3F84021C3F84421C9
:10855000C3F84821002D55D02E4C2F4EC4F8A865E5
:108560002E4AC4F8AC55C4F85C394FF40023C4F863
:1085700004350523C2F840351060D2F84031002B95
:10858000FBD02448002301244FF40025C0F80855EF
:108590005460D460C2F84031C2F84035C0F8A83504
:1085A000C0F8AC35C0F8AC350B7833B391F828403F
:1085B000184816491A4E1B4DE30003F1804303F59A
:1085C000F8330122A2404FF6FF774FF48024C0F821
:1085D0000825C1F84443C1F84875C1F80443C3F8FD
:1085E0001065C3F81455C0F804250F4B4FF4006212
:1085F000C3F88021F0BC1A607047044B0222C3F814
:108600000423F2E71860CFE78815002000B000408F
:108610000200070000F0014040810040008000405F
:1086200048B1004008B0004000E100E0044B4FF0CA
:1086300080411A6A0123C1F808351360704700BFF2
:108640008815002010B4144C1449154A0023C4F8AE
:10865000A8350120C4F8AC354FF0FF3448600861FC
:10866000C1F808430F4891684FF48074C0F8804106
:1086700041B10D494FF48030C1F808031374C1F8BB
:1086800040319360126A5DF8044B4FF08041002343
:10869000C1F808351360704700F0014000800040C9
:1086A0008815002000E100E000B00040F0B55A4C11
:1086B000A36883B0002B40F09F802578A260002D36
:1086C0005CD1564B994200F29C80430F544E554F5B
:1086D00043EAC101A6FB0132C0F34F33920B03EB17
:1086E000014307FB1233A6FB03639B0B43EA0243E0
:1086F0004D4A02FB1300420B48F2376101FB02F2C4
:10870000120C43F60957494907FB120000FB01F11F
:10871000490D43F6085601EB422207FB0161B0EB1D
:10872000512F88BF01320026002D41D01F0C1B04A1
:108730009D18684647F10007FFF7A2FEDDE9003209
:10874000053346F100064FF48031E2FB01369D42CD
:1087500077EB060647D32A0C4FF6FF71ADB242EA1B
:108760000742002D08BF0D4631494FF48030C1F853
:108770004055E260C1F8040303B0F0BD2D4B9942AF
:1087800044D8430D264E274F43EAC121A6FB0132B0
:10879000C0F34F13920B03EB014307FB1233A6FB0D
:1087A00003639B0B43EA0243234A02FB1300A2E745
:1087B0001F0A1B069E18684647F10007FFF760FE78
:1087C000DDE90032053345F100054FF08071E2FB31
:1087D00001359E4277EB050505D3320E42EA0722AA
:1087E00026F07F45C0E7FF232374144B4FF400624B
:1087F000C3F8002103B0F0BD40F2F921052000F0DC
:10880000A5FB4FF49471052000F0A0FB40F223116A
:10881000052000F09BFB00BF88150020FF7F841E11
:1088200083DE1B43000024F40080841E6F0C0100D3
:1088300000B000407F841E0080841E0000E100E044
:10884000064B9A684AB106494FF48032C1F80823B2
:1088500000221A74C1F840219A60704788150020E0
:1088600000B0004070B4EFF3108572B6364C20783B
:1088700020B3364BD3F80425D3F848614FF6FF7385
:108880009A4252D043F60951C2F3080301FB03F3A5
:10889000500A01FB00F003F5807300EB5320002128
:1088A000002E45D047F6FE739A4241D863680133E3
:1088B00025B3274A70BCE3FB02017047234AD2F874
:1088C0000435D2F8041111B3636801336360C2F850
:1088D0000401D2F80435D2F804110029F4D143F68A
:1088E000095CC3F30802580A0CFB02F202F580731C
:1088F0000CFB00F000EB532063681DB962B62278D0
:10890000002AD6D1134AE3FB020170BC704743F63C
:108910000956C3F30802580A06FB02F306FB00F0EF
:1089200003F5807300EB5320E6E71EB10A480021EF
:108930006368BDE7636815B928462946DEE7044A3F
:1089400030463146DFE700BF8815002000B0004008
:1089500080841E000080841E61841E0070B4EFF3CA
:10896000108072B6384A15780DB3384BD3F80455D9
:10897000D3F848614FF6FF739D4256D043F6095431
:10898000C5F3080104FB01F16B0A04FB03F301F5D5
:10899000807103EB51230024002E49D047F6FE716D
:1089A0008D4245D85168013108B3294824E0274950
:1089B000D1F80435D1F804414CB353680133536006
:1089C000C1F80451D1F80435D1F80441002CF4D198
:1089D00043F6095CC3F308010CFB01F15B0A01F5E6
:1089E00080710CFB03F303EB5123516818B962B695
:1089F00010780028D9D11748E1FB0034D2E90C12D5
:108A00008B4294412CBF0120002070BC7047C3F3FF
:108A1000080143F609555B0A05FB01F105FB03F369
:108A200001F5807103EB5123DFE71EB10A4B0024EF
:108A30005168B9E7516810B903460446D7E70448BE
:108A400033463446D8E700BF8815002000B0004008
:108A500080841E000080841E61841E002DE9F04782
:108A6000DFF888815C4E012100234FF4002284B09E
:108A7000C8F80410C8F84035C8F84031C8F81010DC
:108A8000C6F80825D8F8042522F00302C8F8042502
:108A9000D8F8082542F00302C8F80825102292FAF7
:108AA000A2F2B2FA82F2092A00F39180C8F81025E6
:108AB0004A4A4B4FC8F80C104FF48070C2F880013E
:108AC0001060484AC8F80410C8F80C10C6F8A82569
:108AD0003A78C6F8AC8502A8002A56D0019306E081
:108AE0000123C6F808A5C8F80430C8F80C30FFF711
:108AF000C7FCDDE90243019D4FF4002A4FF48039A1
:108B0000C6F804A5E3FB0945FFF7BAFCDDE902322C
:108B10000199E2FB0931A94208BFA342E0D1013427
:108B200043F60952C4F3080345F1000502FB03F3C1
:108B3000210EC4F34E2441EA052102FB04F02D0E60
:108B400003F5807300EB53204C016B01641A43EA78
:108B5000D16363EB0506B201A3011B1B42EA9462D9
:108B600062EB0602D20042EA5372DB005B1845EB6F
:108B70000205E903DA03801841EA534141F100019B
:108B8000C7E90C0104B0BDE8F087019206E00123BB
:108B9000C6F808A5C8F80430C8F80C30FFF770FC18
:108BA000DDE90243019D4FF4002A4FF08079C6F8B9
:108BB00004A5E3FB0945FFF763FCDDE902320199F7
:108BC000E2FB0931A94208BFA342E0D1A7E706486A
:108BD00040F29F3100F0B0F900F0014000E100E008
:108BE0008815002000B10040B05E03000080004006
:108BF00010B5029C201841F10001801A61EB0301BD
:108C0000B0F1004F71F1000100DA10BD40F2A9315E
:108C1000052000F09BF900BF70B4EFF3108572B629
:108C2000364C207820B3364BD3F80425D3F848616E
:108C30004FF6FF739A4252D043F60951C2F308032C
:108C400001FB03F3500A01FB00F003F5807300EB16
:108C500053200021002E45D047F6FE739A4241D89A
:108C60006368013325B3274A70BCE3FB02017047F8
:108C7000234AD2F80435D2F8041111B363680133E2
:108C80006360C2F80401D2F80435D2F80411002957
:108C9000F4D143F6095CC3F30802580A0CFB02F254
:108CA00002F580730CFB00F000EB532063681DB9E4
:108CB00062B62278002AD6D1134AE3FB020170BCC7
:108CC000704743F60956C3F30802580A06FB02F33D
:108CD00006FB00F003F5807300EB5320E6E71EB1BE
:108CE0000A4800216368BDE7636815B9284629462C
:108CF000DEE7044A30463146DFE700BF8815002032
:108D000000B0004080841E000080841E61841E002C
:108D1000024B0122C3F84423704700BF00B000405B
:108D2000024B0122C3F84823704700BF00B0004047
:108D300008B5FEF713F930B9074A936B0133312BAD
:108D4000936304D808BD044B00229A6308BD40F227
:108D5000F531052000F0FAF88815002010B53F4CD9
:108D6000237882B0002B55D03D4BD3F80423520317
:108D70005BD43B4BE168D3F80423D00334D5D3F85C
:108D80004031002B30D0636899425DD800232374B2
:108D9000334AA168C2F840314FF48030C2F808036A
:108DA000002955D0A36088472D4BA169D3F804232F
:108DB000920324D5D3F844310BB363688B423FD37D
:108DC00000222277264B6169C3F844214FF400301A
:108DD000C3F8080300293BD08847214BD3F8403122
:108DE0000193019B02B010BD6268237C002BCDD1A2
:108DF0009142D9D91A4B0022C3F84021D4E76268C6
:108E0000237F002BDCD18A42E7D2154B0022C3F826
:108E10004421E2E7124AD2F804110029A9D0C2F88D
:108E20000431636801336360A3E7D3F84821002A63
:108E30009FD00022C3F8482163680133636098E73C
:108E4000237F002BE1D0BBE7237C002BD2D09DE712
:108E500040F23741052000F079F800BF8815002066
:108E600000B00040014B1879704700BFC8150020C2
:108E7000044B1A79824283BF1B68602202FB0030D8
:108E800000207047C8150020BFF34F8F0549064BDF
:108E9000CA6802F4E0621343CB60BFF34F8F00BF98
:108EA000FDE700BF00ED00E00400FA05094B0122D8
:108EB0005A604FF0FF32C3F80823074B4FF480424B
:108EC000C3F88020BFF34F8FBFF36F8FC3F88021AB
:108ED000704700BF00E0004000E100E0094B0122C4
:108EE0005A604FF0FF32C3F80823074B4FF480520B
:108EF000C3F88020BFF34F8FBFF36F8FC3F880217B
:108F0000704700BF00C0004000E100E0084B0022B5
:108F1000C3F8FC2F0122C3F8FC2F064B0222C3F832
:108F20008020BFF34F8FBFF36F8FC3F8802170474E
:108F30000010004000E100E008B572B6024B5B682B
:108F400003B19847FFF7A0FFD01500201FB572B6F8
:108F5000134B5D6895B9FFF797FF2346B2FBF6F216
:108F60005C1C002AF9D104AEDCB256FA83F303F894
:108F70000C2C0A2234B901A8A847ECE702460023CA
:108F80000A26EDE7631E04AEDCB256FA83F3B0FBAB
:108F9000F2F602FB1600303003F80C0C3046E9E71D
:108FA000D0150020F8B51F4E337805460C461746FD
:108FB000A3BB00F0C5F9FDF7F5FB77603472FFF74E
:108FC000A5FFFFF78BFFFFF771FF174B002D14BFB5
:108FD00028461846FEF706F80546E8B9FFF75EF999
:108FE000FDF7F2FF03F055FBFEF748F818B9B8217A
:108FF0001120FFF7ABFF002C0CDB04F01F0264090B
:10900000A40004F1604404F5614401239340C4F8D2
:1090100080312360012333702846F8BD4FF0FF35BF
:10902000FAE700BFD0150020E0200200074B93F9BB
:109030000830002B09DB5A09012103F01F03994076
:1090400002F14003024A42F823107047D015002075
:1090500000E100E0014B1878704700BFD0150020F8
:1090600050B1074B03F1140253F8041B40F8041BE2
:109070009342F9D1002070476FF01500704700BF90
:109080008D860300F0B5284D284C294F83B02E78EB
:109090000136F6B2D5E84F3F0133DBB2C5E8423FB7
:1090A000002AF7D101236360C4F80021C4F8042129
:1090B000EFF3108272B6C4F80405236052B962B6A9
:1090C00008E0D4F804314BB92B789E4206D13B69B5
:1090D000DB0613D4D4F80031002BF2D0D4F80431DD
:1090E000002BD4D12A78B242D1D10322C4F8003166
:1090F000C4F80431C4F8082303B0F0BD0D4B0321BC
:109100004FF48042C4F80413C3F88021D4F800312E
:10911000002BDFD1D4F80431002BDBD1019003F018
:1091200016FB0198D6E700BFD915002000E00040EB
:1091300000ED00E000E100E070B51446DA078CB005
:109140001D4686468C4633D5C36842681BBA0093D9
:10915000CB681BBA049383681BBA019303681BBADC
:1091600003938B6812BA1BBA029205934A680B6884
:1091700012BA1BBA6E46069207933046FFF782FF7B
:10918000AB070DD5DDE90A10DDE9083200BA09BAEE
:1091900012BA1BBA20606160A260E3600CB070BDBF
:1091A00008AD0FCD20606160A260E3600CB070BDBF
:1091B000DEF80410DEF80820DEF80C300068EE4619
:1091C000AEE80F00DCF80000DCF80410DCF8082042
:1091D000DCF80C306E46AEE80F00CEE710B5002488
:1091E00082B0CDE90044FFF7A7FF02B010BD00BF79
:1091F0001A4B4FF4805270B5C3F88020BFF34F8FE5
:10920000BFF36F8F164C174D0021C4F80011C3F83F
:1092100080212E692B6943F010032B610123C4F8D0
:10922000043306F010062360D4F800319BB11EB958
:109230002B6923F010032B610123D4F80805636028
:10924000C4F808330023C4F80031044B4FF48052B3
:10925000C3F8802170BD03F07AFAE5E700E100E091
:1092600000C0004000ED00E00B4938B5042301EBDD
:10927000C302157905F0FF042DB1013BF7D240215F
:109280006920FFF763FE41F83300012154719471A6
:109290001171D8B238BD00BFDC150020042808B514
:1092A00003D947216920FFF751FE034B03EBC003AD
:1092B00000221A7108BD00BFDC150020042808B583
:1092C00003D950216920FFF741FE094B03EBC00091
:1092D0000379012B01D05121F4E7437982790133DD
:1092E000DBB29A4218BF4371BDE80840FFF79EBE4B
:1092F000DC15002038B5114D052495F8281005EB34
:10930000C1031A79012A09D158799A79904205D076
:109310005A79D2B29A7155F83130984795F8283079
:109320000133DBB2052B04F1FF3428BF002314F016
:10933000FF0485F82830E0D138BD00BFDC150020DF
:109340004FF08052034BD2F830111960D2F834211B
:109350005A60704708160020084B1B68083B082B12
:109360000AD840F2211222FA03F313F0010F044B42
:10937000044818BF18467047024870470816002076
:1093800000E701400C050040144B1B68062B03D07E
:10939000013301D020BF7047EFF3108072B6104A3E
:1093A0001369116941F0100111610E49D1F80021D2
:1093B000D1F804110A4303F0100300D040BF20BFCE
:1093C00000BF00BF00BF00BF23B9054A136923F0E7
:1093D0001003136100B962B6704700BF0816002081
:1093E00000ED00E000E100E0914270B53FD2B2FA3A
:1093F00082F33BB1C3F1200420FA04F499402143E5
:1094000098409A40150CB1FBF5FC05FB1C1E4FEA79
:109410000E4E030C84B20EEB10401FFA82FE0CFBC2
:109420000EF6864206D9361A964294BF01260226C7
:10943000ACEB060C03EB01430CFB1233B3FBF5F072
:1094400005FB103304EB034400FB0EFEA6454FEA78
:109450000C4C09D9AEEB040E964594BF4FF0010EAB
:109460004FF0020EA0EB0E0040EA0C0070BD73211D
:109470009620FFF76BFD00BF2DE9F8431C4652EA2A
:10948000040349D0074615460E4684B9914204D2DA
:10949000FFF7AAFF2146BDE8F88321463046FFF7D3
:1094A000A3FF04462A46384604FB1561F0E74FF057
:1094B0000108B4FA84F908FA09F3A3FB021220FAAE
:1094C00008F003FB042240EAC67026FA08F1FFF711
:1094D0008BFFC9F11F0230FA02F34FF0000C08D1E4
:1094E00040461946AF42A6413CBF18466146BDE81A
:1094F000F8835A1E61466CEB0C0C05FB0CFE02FB5C
:1095000004EE18461346A5FB0228BA1A0EEB08070C
:1095100066EB07061746E5E7A6219620FFF716FD3E
:1095200010F0030FC9B2034607D0BAB303F8011B0A
:1095300013F0030F02F1FF32F7D170B5032A01EBEC
:10954000012404EB04441ED9161FB508032E05F1AF
:10955000010521D94FEA550E03EBCE0E9C46CCE90E
:1095600000440CF1080CF445F9D115F0010F04D0BA
:1095700025F0010503EB85052C6026F00306043376
:10958000334402F0030232B1012A197003D0022AD7
:10959000597018BF997070BD1D46EDE7704700BF48
:1095A000844641EA000313F003037DD1403A51D3CE
:1095B000F0B4F0C9F0C0F0C9F0C0F0C9F0C0F0C913
:1095C000F0C0403AF5D2F0BC44E0403A42D300BF8C
:1095D00051F8043B40F8043B51F8043B40F8043B8D
:1095E00051F8043B40F8043B51F8043B40F8043B7D
:1095F00051F8043B40F8043B51F8043B40F8043B6D
:1096000051F8043B40F8043B51F8043B40F8043B5C
:1096100051F8043B40F8043B51F8043B40F8043B4C
:1096200051F8043B40F8043B51F8043B40F8043B3C
:1096300051F8043B40F8043B51F8043B40F8043B2C
:1096400051F8043B40F8043B51F8043B40F8043B1C
:10965000403ABDD2303211D351F8043B40F8043BBC
:1096600051F8043B40F8043B51F8043B40F8043BFC
:1096700051F8043B40F8043B103AEDD20C3205D3CC
:1096800051F8043B40F8043B043AF9D2043208D0C4
:10969000D2071CBF11F8013B00F8013B01D30B8836
:1096A00003806046704700BF082A14D38B078CD014
:1096B00010F0030389D0C3F10403D21ADB071CBFE7
:1096C00011F8013B00F8013BFFF47FAF31F8023B9A
:1096D00020F8023B79E7043AD8D3013A11F8013B6C
:1096E00000F8013BF9D20B7803704B7843708B780C
:1096F00083706046704700BF57C7000063C7000013
:1097000067C700006FC7000073C7000053B94AB9AC
:10971000002908BF00281CBF4FF0FF314FF0FF3079
:1097200000F00CB8ADF1080C6DE904CE03F03DF883
:10973000DDF804E0DDE9022304B07047704700BFA4
:1097400008B5F6F775FEF8F729FBF6F787FD002058
:1097500008BDFFF785BCF8F7B3BA00F0A5BF00F06D
:10976000A6BF10B586B0044601A8FFF779FC022316
:109770002370A3709DF804306371BDF80530E38059
:10978000DDF80730A36000206070E070207106B043
:1097900010BD00F0B0BD70B5044602F083FE012894
:1097A00005461AD1601C02F084FEB0B1A37963F0C3
:1097B0003F03A3710020F8F7DBFBE61D38B1102250
:1097C00000213046FFF7ACFE2570002070BD30460A
:1097D00002F082FE0028F2D0F6E70025F4E710B58B
:1097E000102204460021FFF79BFE04F11003102213
:1097F00000211846FFF794FE02F087FE0020F8F7DC
:10980000B7FB20B1204602F067FE002010BD02F039
:1098100049FE0028F6D0F8E710B50446FFF7E8FC4B
:10982000B0F5007F09DA10F5007F08DD031EB8BF30
:1098300003339B102370002010BD7F23FAE76FF0E5
:109840007E03F7E78178008800F0F1BE37B5054662
:109850000C4600880DF1060100F01EFE2B882380C7
:10986000BDF80630638003B030BDF7B5044620462E
:10987000F8F79AFE022805462ED004282CD123782A
:109880008A2B18D13E20F6F7E7FD78B9E3782279E4
:1098900001A943EA02236846ADF8003000F07BFEE0
:1098A0000028E4D053210820F6F79CFC0520F6F7A9
:1098B00017FE0028EAD0204600F013F82678A77893
:1098C0003046F6F7C9FD0028D1D03E2E04D13846E7
:1098D000F6F706FE0028CAD0284603B0F0BD01F016
:1098E000F6BB10B50378813B04460E2B2FD8DFE87A
:1098F00003F02F3541454F676D08613B71775B2E53
:109900007D002920F6F7ECFD30B13E2323702223A1
:1099100063702923A3701AE00A20F6F7E1FD3E23C5
:10992000237018B11F2363700A23F3E70123A37088
:1099300013236370E37903F00103E371D4F81A3061
:10994000C4F80E30E38B638294F82030237510BD89
:109950003E230370042343701423DBE73E2303708C
:109960000A2343700323D5E73E2303700D2343707E
:109970000523CFE705232370042307E05A20F6F7D9
:109980006BFD08230028F6D05A2222706370DEE7B0
:109990005B20F6F761FD18B15B2323700623F5E722
:1099A000302323700323F1E73E2303700B2343701E
:1099B0000723AFE73E230370062343700C23A9E778
:1099C0001323037083789B000133DFE75723037071
:1099D0000223DBE73E23037006234370122399E73B
:1099E0003E23037009234370132393E7FF2303707F
:1099F0000D23437080238DE708B510B96FF0150073
:109A000008BDFFF76CFF0028F8D00020F8E710B57C
:109A10000C4648B141B1FFF728FF002820700CBF69
:109A20006FF02200002010BD6FF01500FBE7F8B5C5
:109A3000941C0C446343B3F5004FA8BF4FF0FF33B1
:109A40000E4610F00301054617469CB203D0B02124
:109A50001420F6F7C7FBB4F5004F01D9B121F7E7A1
:109A600014220430FFF75CFDEF746C802E80F8BD8B
:109A700038B50388C48805898B42C4F30E0203D22B
:109A8000D1211420F6F7AEFB84EA0503C3F30E03DD
:109A90000BB9AC4206D102F118030122C152827403
:109AA000184438BD1846FCE7023101444A43B2F578
:109AB000004FA8BF4FF0FF3290B21B3020F00300E0
:109AC000B0F5004F34BF00B24FF0FF307047408810
:109AD0001B3020F00300B0F5004F34BF00B24FF050
:109AE000FF3080B2704738B503888B4203D2F7212C
:109AF0001420F6F777FB857C65B1C388C3F30E03AA
:109B00001833C25A8A4207D3C152811DF6F7F8FCB6
:109B100000238374284638BD0025FBE70346F0B5D3
:109B20009E88DD88B4B2A54200F11800C6F30E0687
:109B300016D05F89DD7C845B3D4402353544E41BEF
:109B400028440D88A4B2A54288BF0C805989B1FA77
:109B500081F14FEA511188BF25461170DD81F0BDBA
:109B600000252846FAE7F8B58288C389002604460E
:109B70000D4692B20E60CBB1C2F30E02418918328B
:109B800087180B44825A9BB29342438104D94FF405
:109B9000A2711420F6F726FB04D1011DF6F7B0FCE4
:109BA00046812F600023E3810120F8BD1846FCE7C1
:109BB000838802899BB29A42014602D00831F6F7A7
:109BC0009FBC70478388C0889BB2C31A58425841D3
:109BD0007047828873B5C48895B2AC42C2F30E0256
:109BE00002F1180212D04189C689835A3144994240
:109BF0000EDB0DF10601ADF80650F6F781FCBDF85D
:109C00000600001B18BF012002B070BD0020FBE75A
:109C10000120F9E770B5C488068984EA0602C2F318
:109C20000E020346C4F30E0518300AB9B4420FD130
:109C30009C891A880CB1465B921B914207DCDA7C46
:109C40002C440232224410440A461A8270BD00227B
:109C50001046FAE7F8B5038A002B38D08B4236D38A
:109C6000C488858900F11803C4F30E041E1995B940
:109C70001D55757085891E5B0D44ADB231448581DB
:109C80001953D2B1811DF6F73BFC002383810023D9
:109C900003820120F8BD1E5BAE4204D04FF4F67182
:109CA0001420F6F79FFAC57C878A2644023535448E
:109CB0005E195F53857DB570DCE7C27C25440232B6
:109CC0002A4499189B5A83828B788375DFE700209A
:109CD000E0E78388C2889BB29A4206D0428922B9C3
:109CE000C3F30E0318331844704700207047C37C39
:109CF0000233C81870470230704738B58388C2886D
:109D00009BB29A4207D045892DB9011DF6F7F8FBA1
:109D1000C581012038BD0020FCE703881380C3887B
:109D2000C3F30E03183303440B6080897047036844
:109D3000002223B9C0E90132031D0360704759684E
:109D40001B680A44F5E7072970B5034604D84FF4A9
:109D5000EC711520F6F746FA0068C0B144681A683D
:109D60008C42064610D0106860B901F10805AC427B
:109D70000DD3546850501868651A5418006865600F
:109D8000505002E01346E9E714681C60304670BD8D
:109D90000023C1E9003203680B600160704730B5F1
:109DA00090B18478B1FBF4F304FB131300EB43028E
:109DB00052898A4201D1D8B230BDC27822B900F1AD
:109DC0000803D0B2844201D8FF20F5E733F8025FE0
:109DD0008D4202F10102F4D1EEE782780388053268
:109DE0004B4303EB42031844704737B50024CDE9D9
:109DF000004405468DF806006846ADF80440F6F7C5
:109E000057FDBDF8044008B103B030BD29462046D7
:109E1000F6F72AFD0028EFD040F235211720F6F79B
:109E2000E1F970B50D4609211E46FFF73DFE3246A9
:109E3000044609212846FFF737FE40EA04031B04C5
:109E400054BF00194FF0FF3070BD012303707047FD
:109E500010B5FF238B70C2F380035B00DBB2CA181E
:109E60000124127D032A08BF0133CA18147503F1B7
:109E70000C0401EB8303002221F814205B688A7034
:109E80000360828010BDF8B50C4684F001046400C4
:109E9000054611461E46E4B2FF23837003191B7D5D
:109EA000012B06D0631CDCB250FA83F31B7D012B1F
:109EB0000AD105EB44073B8B3A8C9819904205DD9B
:109EC0002C4400233B8323750020F8BD05EB84045C
:109ED000324660681844FFF763FB3B8B1E443E83A9
:109EE0000023AB700120F0E781F00101490010B5BB
:109EF000C9B2FF23837043181C7D012C07D10C319C
:109F000020F8112002221A750023837010BD013140
:109F1000CBB250FA81F10C7D012C05D10C3320F825
:109F2000132002230B75EFE74FF499710920F6F720
:109F300059F930B50246837803F0FF00F3B9137D79
:109F4000022B19D0537D022B15D10346012089B174
:109F5000D5180C3300242C7522F813401318032451
:109F60001C7502EB80035B680B6000F10C0332F898
:109F700013308B80012030BD0123E8E70020FAE791
:109F800030B50346827802F0FF00E2B99A7D022ADA
:109F900017D0DC7D022C13D1032281B11D190C34A2
:109FA0000020287523F8140098180324047503EB87
:109FB00082000C32406833F8123008608B80012038
:109FC00030BD0324E9E70020FAE7037D012B01D12E
:109FD000008B7047437D012B0CBF408B00207047E6
:109FE000837D012B01D1808B7047C37D012B0CBF7A
:109FF000C08B00207047027D022A01D1008B704780
:10A00000437D022B01D1408B7047032AF6D0032BEE
:10A01000F9D000207047827D022A01D1808B7047E1
:10A02000C37D022B01D1C08B7047032AF6D0032BCE
:10A03000F9D000207047F6F72BBDF6F78BBD07B5BA
:10A040000023CDE9003301238DF806306846F6F78A
:10A050002FFC08B1002004E0009801F0CBFE00289E
:10A06000F4D003B05DF804FB1FB50022009240F667
:10A07000881303A9FCF7ECFA05B05DF804FB10B5F2
:10A08000044638B1F7F7B4FE24EA0000B0FA80F0D5
:10A09000400910BD0120FCE72DE9F0410F46B0F862
:10A0A0005E60B0F8605001F084FD0221044600F0CB
:10A0B000DCFD02218046204600F0D7FD464528BF42
:10A0C0004646B6B21B2E38BF1B26FB2E28BFFB26EA
:10A0D000854228BF0546ADB21B2D38BF1B25FB2D81
:10A0E00028BFFB25B4F5A47F38BF4FF4A47440F615
:10A0F00048039C4228BF1C467E80FD80BC803C817A
:10A10000BDE8F0812DE9F04186B0054602A900883E
:10A1100000F0CFFD0446002870D1029A92F8503129
:10A12000D91E4B424B418DF80630136898064ABF42
:10A130009DF80630234683F001038DF8073092F82E
:10A1400062309B0603D49DF80730002B5CD0EB886F
:10A150001B3B9BB2E02B59D82989A1F5A4739BB274
:10A1600044F24810834251D86B881B3B9BB2E02BD2
:10A170004CD8AA88A2F5A4739BB2834246D840F675
:10A180004807B94244D8BA4242D8029E4FF0FF086D
:10A1900086F823819DF80630A3BB03A906F1A80029
:10A1A000FFF77AFF6A88BDF81230BDF81410E8880E
:10A1B000934228BF1346A6F82831BDF80E30AA886E
:10A1C000B94228BF3946834228BF0346A6F8243146
:10A1D000BDF810302889BB4228BF3B46834228BFC8
:10A1E00003468A42A6F82631134628BF0B46A6F836
:10A1F0002A3186F82281002386F82331204606B0D2
:10A20000BDE8F0813A24F6E71A24F7E71224F5E7CF
:10A210001124F3E710B5FFF712FF60B1F7F724FA46
:10A22000044601F02AFF40B9204601F022FF80F0E9
:10A230000100C0B210BD0120FCE70020FAE7006871
:10A2400090F8BA3123B1002380F8BA3101F0C6BCCE
:10A2500070471122027041F23903C2705922A0F8EE
:10A2600001308280C3800020704708B50821F6F7CE
:10A2700045FC002008BD73B50646008808800C46E2
:10A2800080B201A900F015FD054640B9B3784BB97D
:10A29000019B93F91C01A070FBF7B2F8A07028464F
:10A2A00002B070BD7F20FFF7DFFEF4E710B5044673
:10A2B0006FF07F00FFF7D8FEFBF7A2F820707F2039
:10A2C000FFF7D2FEFBF79CF86070002010BD08B5C8
:10A2D0000A46072300F11001FEF780FF002008BDA9
:10A2E00010B5014604460020F7F728FE08B92060A3
:10A2F000A080002010BD10B50446F7F749FD28B92D
:10A3000000202146F7F702FE002010BDFFF782FF74
:10A310000028F5D10C20F8E710B50446FFF77AFFC6
:10A3200028B101202146F7F7F1FD002010BD0C20D7
:10A33000FCE7FFF7E7BE1FB502880A80838844F276
:10A3400090218B4215D840F648018B42ADF804208D
:10A350004288ADF8062028BF0B4601A8ADF80830AA
:10A36000ADF80A20ADF80C30FFF7CCFE05B05DF873
:10A3700004FB1220FAE737B508800D4601A900F06A
:10A3800098FC044620B901982946A830FFF784FEBE
:10A39000204603B030BD10B503466FF00404002022
:10A3A000482108221C7058709970DA701C7158711D
:10A3B0009971DA7110BD13B5008808800C4680B21F
:10A3C00001A900F076FCC8B9019B83F8160193F847
:10A3D0001421012A06D0022A04D04FF43F7106202E
:10A3E000F5F700FFA27093F81521012A01D0022A87
:10A3F000F3D1E27093F81621002AE6D102B010BD25
:10A400001FB5044603A9008800F053FC38B9A3889F
:10A41000022B14D8E078FFF732FE10B9112004B0F7
:10A4200010BDA078FFF72BFE0028F7D00123009382
:10A43000A388E278A17803A800F0A9F9EFE7122039
:10A44000EDE737B58378C178027903F0010451EA6A
:10A45000040503F002031DD052EA03051AD0002CB4
:10A4600018BF0021002B18BF00228DF803200378AD
:10A4700042788DF8021043EA0223ADF800304379A8
:10A480008279684643EA0223ADF80430FFF7B8FF4B
:10A4900003B030BD1120FBE713B50C4601A900F055
:10A4A00008FC18B9019BDB880133238002B010BD82
:10A4B00007B5008801A900F015FC30B9019B93F89D
:10A4C000332112B9FF2283F8332103B05DF804FB76
:10A4D00010B50446F7F786FC20606160002010BDCF
:10A4E00037B50446F7F7C0F823781F2B054618D870
:10A4F000816A04226846FFF7ABFC2246A86A12F87C
:10A50000013B0021FFF7BFFC68B1AC6A2046FFF7B2
:10A5100067FD002102462046FFF7E6FC002003B05D
:10A5200030BD1220FBE70720F9E737B50446F7F7FF
:10A530009BF823781F2B054618D8816A00226846AD
:10A54000FFF786FC2246A86A12F8013B0121FFF7BB
:10A550009AFC68B1AC6A2046FFF737FD012102463C
:10A560002046FFF7C1FC002003B030BD1220FBE7FE
:10A570000720F9E710B5044634F8020B08800021E3
:10A5800080B2F6F75BF920B12146BDE8104001F03A
:10A590003FBF022010BD008808B50880002180B2AE
:10A5A000F6F74CF920B1BDE80840002101F030BFBA
:10A5B000022008BD13B5008808800C4680B201A9AE
:10A5C00000F077FB10B9019B9B8F638002B010BD38
:10A5D00037B503880B80044698B2638813B91220FC
:10A5E00003B030BD01A900F064FB0028F8D16588F4
:10A5F000019B42F21072A9B2D3F8C4405143B3F8A0
:10A60000DA206243B3F8CC4004FB02229142E6D345
:10A61000D3F8C420D3F8C4409442F9D100225A633D
:10A62000621E0A449D87B2FBF4F29A63D8E710B524
:10A630000C460021F6F702F990B1022C12D804F072
:10A640000102C4F3400480F8BC2180F8BB4112B180
:10A6500090F8BA310BB9002010BD01F0BFFAFAE74B
:10A660000220F9E71220F7E710B504460078FF282A
:10A670000AD00121F6F7E2F858B16378A27843EAEC
:10A680000223C383002010BDB4F80100F9F770FA6B
:10A69000F8E74220F7E708B50078003818BF012036
:10A6A000F9F76AF9002008BD0820F7F78FBB01F021
:10A6B000D9BE10B5044604B910BD23689847646834
:10A6C000F9E703680BB9016070471A465B6813B17C
:10A6D0008A42FAD170478A4218BF5160704708B564
:10A6E000F9F750FEF9F73AF9BDE80840F9F732BE3C
:10A6F00008B50020FFF779FBF6F764F9F7F7C0FB20
:10A70000F6F71AFE20B140F243119320F5F76AFDE7
:10A7100008BD08B5F9F7F2F8F9F70AFE20B140F2E2
:10A7200063119320F5F75EFDBDE808400120FFF7B7
:10A730005CBB08B5FFF7EDFF01F056FE20B14FF40A
:10A74000BC719320F5F74EFD08BDFCF729BC0B4604
:10A75000892203F8032BD0F80920C1F80320427B9B
:10A760001A71704738B50D460446F7F741FB2B7850
:10A77000002B08BF034684F868306B78002B08BFB5
:10A78000034684F869306B88A4F86A3038BD2DE937
:10A79000F7430468994694F8633094F80F8043EACD
:10A7A000D303DB070F46164602D4B8F1250F36D186
:10A7B0006FBBF7F71DFB0546BEBBF7F719FB45BBA3
:10A7C000B8F1250F2ED100200546FF2384F82D3146
:10A7D00094F82C3103F0FF08F3B99DF8283084F881
:10A7E0002F0184F82C3184F82E5101A904F1A8001E
:10A7F0008DF804708DF80560ADF80690FFF7B2FF94
:10A80000002384F82D31404603B0BDE8F0833D4677
:10A81000D2E70028D4D0D8E74FF03A08F0E74FF05D
:10A820001A08F0E74FF00908EDE7002DC8D03046D0
:10A83000CBE738B5036893F82C31012B04460D465D
:10A8400002D11E21F7F7F6FA2368002083F82C01C5
:10A8500065B1182283F8992008229A7393F84A3038
:10A8600093B940F25B41AE20F5F7BCFCDA7B233AAA
:10A87000072A03D8DD73204600F0DAFD20461821B0
:10A88000BDE8384000F0F3BD38BD08B503689A7BD9
:10A8900022B14FF4E671AE20F5F7A4FC23229A739F
:10A8A00008BD034610F0010002BFC3F340035B0084
:10A8B000D8B270472DE9F84F074610461E46FFF7FD
:10A8C000F0FF83460846FFF7ECFF42EA01044BEA3B
:10A8D00004040443E4B2003C0A9D88469246814643
:10A8E00018BF0124F7F784FA10EA0A0A18BFDA46FB
:10A8F000F7F77EFA97F8143110EA080118BF4946B5
:10A90000534508BF4FF0000A85F800A097F81531AD
:10A910008B4208BF002169705AEA01010AD1FB8805
:10A92000013EF61AB6B247F6FD739E428CBF002474
:10A9300004F001042046BDE8F88FF7B50468E57B14
:10A94000A5F12303072B06464FD9002D4BD1A37B3E
:10A95000282B4AD04B7813F007033DD08A7812F0A9
:10A96000070239D084F80C31252384F80D21E373D4
:10A9700094F82D31F3B994F82C31012B1AD094F8B6
:10A980000C7194F8150194F8101194F81121B4F891
:10A990001231874214D194F80D7194F81401874252
:10A9A0000ED1022084F82C0184F82E1184F82F2176
:10A9B000A4F83031304600F031FD284603B0F0BD38
:10A9C000022000903046FFF7E2FE0028F2D04FF45C
:10A9D0006671AE20F5F706FC0978304603B0BDE895
:10A9E000F04000F044BD0125E7E72025E5E72DE92B
:10A9F000F04F056895F80EB0ABF12403D3F10008D1
:10AA000048EB0308052A87B0044670D1EB7B262B60
:10AA100073D10F358A784F78039207F0070902F057
:10AA2000070A09F1FF330AF1FF3003EA090300EADC
:10AA30000A00034366D1B1F80360F7F7D9F9039A26
:10AA4000174307F0070787435CD15046FFF729FFFC
:10AA50002768A8B197F81431984211D097F82E21A1
:10AA60001AEA020F4ED0BBF1240F09D097F80D213E
:10AA70001AEA020F04D1022870D1013B012B71D8D0
:10AA80004846FFF70EFF40B197F81531834204D0D6
:10AA900097F82F3119EA030F34D005AB00933846ED
:10AAA000334652464946FFF705FF2368074678BB01
:10AAB00093F82C21012A28D101462046F7F7BAF94C
:10AAC000236883F82C712F70236803F10F029542DD
:10AAD00001D10022DA73236803F10F02954237D1C6
:10AAE000204600F0A5FC002007B0BDE8F08F4146ED
:10AAF00007B0BDE8F04FFFF79CBEBBF1240F2BD190
:10AB00000E3587E741462046F2E783F82C01DBE764
:10AB1000DA88A3F86C62013EB61AB6B247F6FD7247
:10AB2000964206D9282283F831202046F8F710F8FB
:10AB3000D1E7DA7B0C2A02D0093A012A01D82A226D
:10AB4000F1E7BDF81420A3F86E2228232B70C2E78A
:10AB5000002283F84A20C6E70220C5E7012B8FD0E8
:10AB6000022BCFD04FF4DD710620F5F73BFB08B583
:10AB70000368DA7B252A05D022B140F2D351AE20FA
:10AB8000F5F730FB2622DA7308BDF7F779B970477D
:10AB900030B542401C7808785D7860404C786C4055
:10ABA00020449D788C786C402044DD78CC786C40D3
:10ABB00020441D790C795B7949796C4020444B40E5
:10ABC00018441044B0FA80F0400930BD024600201D
:10ABD0000139C9B2FF2900D17047535C83F00103EA
:10ABE0000344D8B2F4E708B5F7F7CEF9082803D044
:10ABF000BDE80840F7F7EAB908BD08B501F03FFC29
:10AC000018B1BDE80840FAF7BFBC082008BDF8B588
:10AC1000D0E9047605460C46FDF7D6FB18B952215B
:10AC20002920F5F7DFFAE4B1D5E90423D21B63EB61
:10AC30000603012A73F100014FF0000113DB6FF0EE
:10AC400001009042994101DA5C21E9E7631E134457
:10AC5000B3FBF4F35C43E41946F10006C5E904468E
:10AC60001C462046F8BD0C46FBE7022905D13C28CE
:10AC700008D980100F3880B27047702802D9C010F0
:10AC80000E38F8E700207047012908B5034605D0C3
:10AC900002290BD0E7212920F5F7A4FA40F6C410C9
:10ACA00040F2E242002B08BF104608BD40F6C41037
:10ACB000FBE710B50C460021F5F7C0FD2060B0FAA7
:10ACC00080F04009400010BD0368587BC0B293F883
:10ACD00030302BB900F0FB00003818BF012070475E
:10ACE0000020704710B50C46FFF7E3FF38B9204647
:10ACF000FFF7EAFF80F001004000C0B210BD022063
:10AD0000FCE738B54FF4267204460D460021FEF7E5
:10AD100007FC6FF0360284F86320042284F8642074
:10AD20006FF03B0284F865206F2284F866200322CE
:10AD300084F86720002284F868206FF07F0284F88E
:10AD400069202B2284F86220FE22012384F89E20B1
:10AD50007F22A375E27284F8A830A4F8AA5038BD07
:10AD6000C2B292FAA2F2030A93FAA3F31B0E100ED8
:10AD700040EA0320704770B50131C9B205300022A6
:10AD800010F8013F8B4216D310F8054C0023012523
:10AD900005FA03F626421CBF01F1FF31C9B269B1C1
:10ADA0000133082BF4D10132D2B2052AE8D19B211C
:10ADB0004620F5F717FAC91AC9B2F4E703EBC20047
:10ADC000C0B270BD0B6870B5C0F801300B7903F0EC
:10ADD0001F03437100230446C3720546461D15F840
:10ADE000010F00F002FB6871E37AB5421844E0728B
:10ADF000F5D170BD70B581EA11418CB20546C17ABA
:10AE0000032682EA0400FFF7ABFF013E00EB0010CF
:10AE1000221816F0FF0690B2F5D144402522B4FB6B
:10AE2000F2F302FB1343C3F3C4022A44D8B25678A8
:10AE300003F00703012202FA03F31E4207D1614324
:10AE40002846C1F30741BDE87040FFF794BF70BDCD
:10AE5000F8B590F821506B1E242B044603D9E1214C
:10AE60004620F5F7BFF9DAB1807D002843D194F888
:10AE7000233094F8221002FB01322523B2FBF3F1B8
:10AE800003FB1123DBB204EBD30284F82330D17D22
:10AE900003F007060122B240114202D084F82430A8
:10AEA000F8BDB3FBF5F205FB1233013303F0FF03EA
:10AEB00004F11B0111F8012F9A4219D311F8055C16
:10AEC0000022012606FA02F72F4208D0013B13F0B8
:10AED000FF0304D102EBC00284F82420E0E7013232
:10AEE000082AEFD10130C0B20528E3D1D721B7E756
:10AEF0009B1ADBB2F6E7E288096A04F11600FFF755
:10AF000079FF84F82400CBE70378890123F040031C
:10AF100001F040010B4303707047037803F07F0397
:10AF200043EAC113037070471F2A38B5054614461B
:10AF300003D9A8212A20F5F755F909300634FEF780
:10AF40002FFB6C7038BD1F2A38B50546144603D94F
:10AF5000CA212A20F5F746F909300634FEF720FB0E
:10AF60006C7038BD037803F00F03032B02463ED00C
:10AF7000052B42D1C37F90F82000034392F82100B3
:10AF8000034392F82200034392F8230000F01F00CD
:10AF9000184333D05378222B2FD1B2F81930B1B1E6
:10AFA000B3F5506F13D940F607518B4225D8B2F84C
:10AFB0001B30B3F5FA7F20D2B2F81D000A3880B2F8
:10AFC00040F6764398428CBF002001207047991FBD
:10AFD00089B240F67A4081420FD8917D481E0728F9
:10AFE0000BD8994209D2B2F817109942DEE740789F
:10AFF000A0F10C03584258417047002070478388E5
:10B00000A1B1B3F5506F11D940F6075293421BD846
:10B01000C388B3F5FA7F17D200890A3880B240F6A8
:10B02000764398428CBF0020012070479A420BD88B
:10B03000B3F5486F08D84278511E072904D89A42C0
:10B0400002D242889A42E2E7002070472DE9F34796
:10B050000E4601A914469946FFF72BFE054618B97E
:10B06000019F2CB901237B75012002B0BDE8F08758
:10B07000D7F8BC8021464046FEF7FAFC824608B964
:10B080000020F2E7F6F70AFB8442F9D85146404621
:10B09000FEF72DFE7B7DA0F80150002B18BF022685
:10B0A000494600F8036B2246FEF77AFA21464046ED
:10B0B000FEF719FD18B983212B20F5F793F801A8A5
:10B0C000FFF7BDF8019BA3F8B2517D75CCE743783B
:10B0D000C3F30111012910B502460ED0022915D083
:10B0E000047803F00F00131D5288022144EA002067
:10B0F000FFF7ACFF38B1012010BD047803F00F005A
:10B10000131D5288F2E7F7F71FFBF4E70020F3E77F
:10B110001A230B7001234B708B707047F7F7ECB953
:10B1200010B521B940F2A9211020F5F75BF84A606B
:10B130000B72EFF3108472B6031D0B6042681AB1F4
:10B14000127A012A08BF036003681960016004B91C
:10B1500062B6BDE81040F7F719BA0222F7F7E2BA73
:10B160000322F7F7DFBA0422F7F7DCBA0222F7F777
:10B170001DBB8D230B7030F8953CA1F8033030F8DF
:10B18000573CA1F8053030F8533CA1F8073030F8AF
:10B19000553CA1F8093030F8513CA1F80B3070470C
:10B1A000012908B503D10E30C00080B208BD0229C4
:10B1B00002D10F308000F8E74FF40C710620F5F74C
:10B1C00011F830B587B004460D46F6F76DFA80B336
:10B1D00034F89E4C69462046FFF7CDF818B1FB21A4
:10B1E0002C20F4F7FFFFBDF80630ADF80E30BDF8A7
:10B1F0000830ADF81030BDF80230ADF8123003A8B9
:10B20000BDF80430ADF80C40ADF81430FFF791F8FC
:10B2100010B14FF48271E3E7ADF80C009DF80C30EB
:10B22000002063F307009DF80D3063F30F2007B093
:10B2300030BD2B468E2203F8032BD4F80920C5F825
:10B240000320D4F80D205A60B4F811201A81042389
:10B25000ADF80C30E2E740687047C08A704710B51F
:10B260008A880B89CC884988A0F85410A0F85840E7
:10B27000A0F85620A0F85A3010BD8383BDF80030E6
:10B2800001834283C3837047034670B5B3F84C1003
:10B29000B3F85820B3F85A40B3F84850B0F84260B9
:10B2A000B0F84600914228BF1146B3F85020A3F8E9
:10B2B0004210A24228BF2246B3F84A40A3F84620D3
:10B2C000944238BF14468D4238BF0D468E42A3F8D3
:10B2D0004850A3F84A4021D1801A18BF0120B3F882
:10B2E0004E10B3F85420B3F85660B3F84050B3F89A
:10B2F0004440914228BF1146B3F85220A3F84010B1
:10B30000B24228BF32468D42A3F8442008D194426D
:10B3100018BF40F0010000F0010070BD0120DEE721
:10B320000120F8E738B5C58B438C04469D42007A6E
:10B3300028BF1D46FFF734FF6389AB4228BF2B4669
:10B34000984238BF184680B238BD2DE9F041064614
:10B350000F468089194698461446FFF721FF41465B
:10B3600005463046FFF7DEFF854228BF05469DF8BB
:10B370001810B08AFFF714FFF38A834228BF0346F0
:10B38000ADB2A01D15FA83F338441844BDE8F0812E
:10B3900007B590F86D30009390F86C30002296213C
:10B3A0003430FFF7D2FF03B05DF804FB38B50D462B
:10B3B00019461446FFF7ECFF96342044A84294BF88
:10B3C000281A002038BD38B50D4611460446FFF74F
:10B3D000DFFF2844A06338BD01F19C0383423DBFD9
:10B3E0009C38401A40080020704700F05503400880
:10B3F00000F05500034403F033009B0803F03303CF
:10B40000034403F00F0000EB1310704703680022A1
:10B410009A7383F84A20A3F84620704703680022F5
:10B42000A3F84E2093F85020013283F85020704743
:10B4300008B5026892F85030013B5BB2002B82F8ED
:10B44000503003DA52214A20F4F7CCFE08BDA0F1B7
:10B450000903042B09D9A0F14603012B05D9233890
:10B4600007288CBF00200120704701207047026828
:10B47000136810B513F0080408D143F008031360F3
:10B4800082F89810FFF7CAFF204610BD0120FCE7A4
:10B4900030F8023CF7B5B0F8827005460E4673B13D
:10B4A000012268468DF80020ADF80170ADF8033038
:10B4B000F6F78EF918B195216320F4F793FE8323F4
:10B4C00000243370B470A6F803706B7AD5F8980036
:10B4D0007371FEF777FB08B9BA21EDE721463846CC
:10B4E000F5F7C2F94FF4017303F00402204662F34A
:10B4F00007001B0A63F30F2003B0F0BD03681A7C3A
:10B50000063A012A81BF4A785A7406221A7400202A
:10B5100070470268137C063B012B84BF072313741A
:10B52000704770B50268D57BE5B9CB88D688A2F89C
:10B530006C32013B9B1B9BB247F6FD76B34206D9AA
:10B54000282382F83130F7F703FB284670BDD1F885
:10B550000130C2F86E324B7982F8723203680922E8
:10B56000DA73F2E70125F0E70B46822203F8032B9A
:10B57000D0F80920C1F80320D0F80D205A60427C91
:10B580001A720023CB70704770B50368DD7B0646E6
:10B590000C46002D3CD1062229462046FFF72FFD00
:10B5A00028B921783046BDE87040FFF760BF3268A7
:10B5B0006389D188A2F86C32013B5B1A9BB247F6D3
:10B5C000FD718B4207D9282382F831303046F7F7D6
:10B5D000BFFA284670BDA38840F2E2414B43C2F84F
:10B5E00074326378C3EB431003EB800303EB8303F4
:10B5F0005B00A2F86E3263884B43C2F87032E38876
:10B60000A2F878322389A2F87A320C23D373E0E7C8
:10B610000125DEE70B46842203F8022BD0F809202F
:10B62000C1F80220D0F80D205A6070470B468522E1
:10B6300003F8022BD0F80920C1F80220B0F80D2041
:10B640009A80704738B50368DC7B054634B1103CFE
:10B650000F2C8CBF01240824204638BD1B7D002BF5
:10B66000FAD0FFF7DBFE2B681022DA73F4E708B597
:10B670000368DA7B152A04D040F253211F20F4F727
:10B68000B1FD012283F851201722DA7308BD036847
:10B69000DA7B112A03BF12220020DA7302207047DE
:10B6A00010B50368DB7B1B2B044606D1FFF7C0FEF9
:10B6B00023681F22DA73002010BD0220FCE708B5C2
:10B6C0000368DA7B102A04D040F27E211F20F4F7B1
:10B6D00089FD012283F851201122DA7308BD08B5D3
:10B6E0000368DA7B172A04D040F28A211F20F4F77E
:10B6F00079FD1B22DA7308BD3E230B700C234B70BF
:10B7000004238B70D0F80930C1F80330D0F80D3025
:10B71000C1F80730B0F81130A1F80B30C37C4B737F
:10B72000704708B503689A7B1AB1CF211C20F4F743
:10B7300059FD04229A7308BD026808B51368D90739
:10B7400003D4DD211C20F4F74DFD23F00103136029
:10B75000BDE80840FFF76CBE87230B7030F88C3CC7
:10B760004B80704703689A7B0E2A01BF002283F842
:10B770003E2083F84A209A730020704738B5056848
:10B780002B6813F0040407D1FFF748FE2B6843F041
:10B7900004032B60204638BD0120FCE702681368D3
:10B7A00023F004031360FFF743BE08B503689A7BD8
:10B7B0001AB172214B20F4F715FD0E229A7308BDC1
:10B7C00010B5D0E90D42A24206D38B8C498E0533C9
:10B7D0004B43121B934202D3012380F83E3010BD2D
:10B7E0000C230B7008234B7000238B70B0F856307D
:10B7F000A1F80330437A4B714389CB8083890B8155
:10B80000704710B5046894F853309A070CD4A37BA2
:10B810001BB177214020F4F7E5FC0122A27384F8E4
:10B820004A20A4F8463010BD23689B0705D5FFF7D2
:10B83000FFFD236823F002032360002384F83231E4
:10B84000F1E710B50B794C790A68012843EA042125
:10B8500008BF41F48031104610BD07B5FFF7F1FF76
:10B860000DF10702F7F7A2FB03B05DF804FB07B583
:10B87000002301A80193FAF7BBFE019810F0030022
:10B8800018BF012003B05DF804FB08B5FFF7EFFF18
:10B89000002814BF1420002008BD08B503689A7B57
:10B8A0001AB12621A320F4F79DFC20229A7308BD2B
:10B8B000F7B50568AB7B203B022B06460C462BD820
:10B8C000B1F805101A2921D9B4F80730B3F5A47FCF
:10B8D0001CD3B4F801201A2A18D9B4F80300B0F523
:10B8E000A47F13D3009005F1A80405F1DC00FFF755
:10B8F000C4FC20463768FFF7C7FC18B107F23F10B9
:10B90000F6F776FF30680621F8F74AF8002085F848
:10B910004A00A87303B0F0BD0120FBE7026813687A
:10B92000D90610B5044603D4B821A320F4F75AFC75
:10B93000990601D5B921F8E723F010031360FFF74A
:10B9400077FD20680621BDE81040F8F729B810B54A
:10B95000FAF704FC0446FFF798FF04F55F43BE3096
:10B960004FF47A724133B3FBF2F3184410BD10B5B3
:10B97000044690F86D00FFF7EAFF012201462046D9
:10B98000BDE81040FFF71FBD7FB5044618B9A521DB
:10B990003020F4F727FC052900F2B580DFE801F03C
:10B9A00003AE2A25B3A990F80032C288A3B1B0F83B
:10B9B000FE31934208BFB0F8B4319A1AA0F8B6210C
:10B9C000E380D4E990232046C4E99223F9F7DAF81A
:10B9D00094F84C3004B070BDB0F8FC319B1AA0F85C
:10B9E000B631B0F8FC319BB2EAE704B0BDE8704074
:10B9F000FAF704BBFBF754FBD4E99223801A61EBFE
:10BA00000301012871F1000302DA40F20161BFE78E
:10BA10006FF0010383424FF000038B4102DA40F2E2
:10BA20000261B5E7D4F8C4300BB1B0FBF3F3E17BAE
:10BA3000B4F8FE210C2931D10132A4F8FE21B4F86A
:10BA40006232E5880133A4F86232B4F842301D4412
:10BA5000B4F84030013DED1AADB203AEB4F8FE11BA
:10BA60006B1A180434D4002300961A462046F7F7C0
:10BA700045FB0128AED1B4F8FE21B4F8B011BDF8F1
:10BA80000C301344521A12049BB204D5EA1A12F471
:10BA9000004F18BF0B46A4F8FE31DFE7E1880B44E6
:10BAA0009BB2D11A0D044DBF0133013293B29BB248
:10BAB000A4F8FE3194F80132002BC0D1B4F8B431AF
:10BAC000B4F8FE21934204BF0133A4F8FE31B6E777
:10BAD000A37C0394002B14BF08233E23304684F834
:10BAE0003130F7F735F8204600F087FC0023637308
:10BAF00070E704B0BDE87040FEF79FBA437B042BAB
:10BB0000F4D0C62144E7CB2142E713B500234373A9
:10BB1000A0F860321A46009319460446F7F7EEFA89
:10BB200020B140F2E7113020F4F75CFB012363738E
:10BB3000C4F8E801C4F8E001A4F8FE01A4F8FC018F
:10BB400084F80102E388A4F86202013BE38002B0BA
:10BB500010BDD0F8E800704738B5044690F8283199
:10BB60009BB1FF2380F83031012100F09FFA94F857
:10BB7000283153B104F1C0052846FBF747FB28469E
:10BB8000FBF758FB002384F82831002038BD08B5A6
:10BB900090F8302142B990F8EC2042B1D0E93C3124
:10BBA000994202D9F8F732FD0022104608BD012261
:10BBB000FBE710B50446FFF768FEE269636B9A4243
:10BBC00028BF1A4600F5C1711046FFF705FC40F684
:10BBD0004803984228BF184680B210BD7FB504467E
:10BBE00090F84C3003F0FF05002B58D1437B032B1A
:10BBF00055D1FBF755FAD4E99223801A61EB030182
:10BC0000012871F100034ADB6FF00103834275EBF9
:10BC1000010104DA40F2AA513020F4F7E3FAD4F833
:10BC2000C420E3880AB1B0FBF2F2013313449BB2A3
:10BC3000A4F8FC31B4F8FC21B4F8B4319B1A1BB25F
:10BC4000002B2CDD04F50270FBF7E0FA38B3FF237C
:10BC500084F80132B4F84230E5881D44B4F840302D
:10BC6000013DED1AADB20DF10E06B4F8FC31EB1A40
:10BC70001B0414D4B4F8FC1100960023012289B2ED
:10BC80002046F7F73BFA012809D1B4F8FC31BDF89A
:10BC90000E2012FA83F39BB2A4F8FC31E5E704B05E
:10BCA00070BD2DE970430C461546E2B9F9F7DEFE8A
:10BCB000D4E94689064684F8EC5084F82851D4F833
:10BCC000E800F6F767FBD4F8E800C0E99289C0E91C
:10BCD0009689C0F86462FFF718FFFAF759F8BDE8D3
:10BCE0007043FCF7E3BA40F2C3713020F4F77AFAFC
:10BCF00070B5044621B1012978D040F2D37172E0C9
:10BD000000F007F994F8293105460E46DBB150EAF8
:10BD1000010318D0D4E93E32D4E94601C01A61EBE0
:10BD2000020133462A46FDF7A7FB05FB01F300FBA2
:10BD30000633A5FB00021344D4E93E21121843EB5D
:10BD40000103C4E93E23E08B30B1F6F76BFDE38BD2
:10BD5000B0FBF3F202FB1300D4E93E32ED1846EBE0
:10BD600002062D184FF0000346F1000640F2024291
:10BD7000C4E93E56C4E9465684F80831A4F81021B7
:10BD800084F8293194F8303103F0FF01DBB9D4E9AC
:10BD900048026FF000439A4208BFB0F1FF3F18D04D
:10BDA0002046D4E9465600F0A9F8D4E94832E530F7
:10BDB0005B1B62EB06021B1A62F10002002A08DA22
:10BDC0002046F8F723FCF9F7E3FFBDE87040FCF7E5
:10BDD0006DBA04F5847104F1C000FCF781FA002803
:10BDE000F1D14FF4E0613020F4F7FCF9002380F842
:10BDF000EC30E8E790F82801003818BF01207047C0
:10BE00000B468C2203F8032BD0F80920C1F803203D
:10BE1000D0F80D205A60704738B50B46882203F8D9
:10BE2000032B0C4600F10902293052F8041B43F899
:10BE3000041B8242F9D112781A70A5880123A371DC
:10BE400000212846F4F7FAFC58B1E3784BB1002101
:10BE50002846F4F709FD20B140F233212D20F4F7F4
:10BE6000C1F938BD0121F8F765B9FFF7FBBF90F8BC
:10BE700072300BB10120704790F8AA2002F0FF0346
:10BE8000002AF7D190F89C201846704737B5044631
:10BE90000D464FF49C720021FDF742FBFF232370F7
:10BEA0001323638042F21073E383F4F7C3FD00228F
:10BEB0000146A0626846FDF7CBFFA06A002201217F
:10BEC000FEF712F8A16A68460422FDF7C1FF0022BE
:10BED000A06A1146FEF708F804F12000A57403B02B
:10BEE000BDE8304000F019B9FF23886A0B70FDF7F8
:10BEF000ACBF0078FF3818BF0120704710B504466A
:10BF0000203000F060F961882822F8F7B1FB6D302D
:10BF100010BDD0E9020170472DE9F04F07460C46ED
:10BF200006460FCF8FB006AD0FC597E80F000DF195
:10BF3000100885E80F00404600F0EFF8677894F8A5
:10BF4000149094F80AA094F800B007F07F05B9F1B6
:10BF5000010F2F4607D0B9F1020F04D040F2123181
:10BF60000620F4F73FF9617A404600F0DDF8237DC2
:10BF7000227F022B08BF617D02F1010206BF013161
:10BF8000C9B20121D2B2404600F0D0F815F0080342
:10BF900060D14046019300F016F928223946F8F79F
:10BFA00067FBE578019B00F52472207945EA0025BE
:10BFB000607940F2712145EA00454D43B2FBF1F250
:10BFC0004A43AA420AD9E079A57945EA0025207AB0
:10BFD00045EA00454D43954228BF1546227E03930E
:10BFE000531E5A425A41A17CB06A02910192FEF757
:10BFF00002F8B06AFEF70FF8039B019A02998DF8D8
:10C0000018B0ADF81A7008958DF828208DF82B100F
:10C010008DF82CA08DF81C90099306AF0FCF3546F4
:10C020000FC597E80F0085E80F0098E8030030621D
:10C03000B184E37A03F0FD03003B18BF012386F8C7
:10C040004F30E3683365238AA6F8543000200FB0E0
:10C05000BDE8F08F00252B46C0E74FF40043C384B2
:10C0600043881D2B08BF00214174704790F91200CE
:10C070007047408800F0010070478078C0F34000AE
:10C0800070478078C0F3C000704790F848308161F5
:10C0900081F8B330D0F84930C1F8B430B0F84D3041
:10C0A000A1F8B83070477047F7F7B2BD80F8681054
:10C0B00070478278034612F0010002D0D978C90790
:10C0C00010D5900702D5D97889070AD512F0040057
:10C0D00008D0D878C0F3800080F001008000C0B2A2
:10C0E000704702207047C0F34002C0F3800313443E
:10C0F00000F0010018447047022808B507D0042852
:10C1000007D0012807D039212E20F4F76BF826201C
:10C1100008BD2720FCE72520FAE70023C0F80230FD
:10C1200001234370037070478170704710B54270EF
:10C13000017080781446FFF7D6FF10FB01F010FB6A
:10C1400004F2FE2A03DD5C212E20F4F74BF810BD2B
:10C150000023C37043710371704710B50446FFF7A5
:10C16000A8FF637962780133DBB29A4263710FD121
:10C17000E378A1780343DBB29942E37008BF2379E7
:10C180004FF0000208BF0133627104BFE2702371F7
:10C19000BDE81040FFF7B0BF38B501468078FFF723
:10C1A000A2FF0446C8784D78FFF79DFF0A790B7807
:10C1B0009B1A13FB05F34A7913FB04F39B1A00FB4C
:10C1C0001530C0B238BD08B501468078FFF78BFF47
:10C1D0004B780A7813FB02F313FB00F0C0B208BDE2
:10C1E00040F2EF20704740F25A335843704738B559
:10C1F00013680E3814460D469A7B09283ED8DFE8AE
:10C2000000F0053D3D3D0F3D183D3D27042A05D179
:10C210002046FFF7FBF82046F6F708FE002038BD61
:10C220000E2AFBD1002220461146BDE83840FFF718
:10C2300099BA202AF2D12046FFF7E8F8002DEDD078
:10C24000226892F8623023F0200382F86230E5E73A
:10C25000DA7B262AE2D10025DD732046FFF7E8F8D5
:10C26000236893F82C31012B03D129462046F5F79A
:10C27000E1FD2368002283F82C21CFE740F2622100
:10C280003120F3F7AFFF08B50368DA7B172A04D033
:10C2900040F27E513120F3F7A5FF1D22DA7308BD6D
:10C2A00008B590F89E30FE2B04D040F66F11312077
:10C2B000F3F798FF002380F89E1080F89F3012B9A2
:10C2C000A0F84E2008BDA0F84630012380F84A307F
:10C2D000F8E708B50368DA7B342A05D10022DA735F
:10C2E000BDE80840FFF7A4B8172A02D11D22DA736F
:10C2F00008BD40F293513120F3F774FF08B503688D
:10C300009A7B082A0AD193F8991093F8A0209142B9
:10C3100004D100229A7383F84A2008BD1A681107D5
:10C3200006D522F008021A60BDE80840FFF780B881
:10C330004FF4AF613120F3F755FF037D63B9C37B41
:10C34000A3F10F02032A07D990F8520028B11F2B3E
:10C350008CBF002001207047012070470246006812
:10C360004978837B202B13D00AD8042B12D00E2BB4
:10C3700012D0C37B262B0CBF1720FE20F8F736BB4C
:10C380002A2B03D02C2B09D0242BF2D11620F5E731
:10C390001420F3E70E20F1E71220EFE72320EDE76A
:10C3A000024600680B4690F8621041F0040180F8E4
:10C3B000621099785878F8F719BB38B50C460546DD
:10C3C000D1E92F01F4F7EAFA637B3BB104F502747B
:10C3D0002046FAF71BFF2046FAF72CFF28460221D9
:10C3E000BDE83840F4F740BA0020704708B5F6F7CA
:10C3F00063FABDE80840F6F711BC0022C2818274DE
:10C4000090F84C3013B10221F7F7CABA0321FBE7C9
:10C4100038B504460846E37B03F0FD0394F8682230
:10C4200012B10C25284638BD152BFAD194F8843268
:10C4300003F0FF05002BF4D191B194F8D63123B964
:10C4400040F66C313120F3F7CDFE052304F1800274
:10C4500004F5E371FCF7C2FE012384F86832E1E7DA
:10C460000223FAE7F6F79CBA08B5F9F7CDFAF9F71F
:10C47000B9F8F9F711F8BDE80840F9F7D3BE10B5DF
:10C48000C824F9F769F8022808D1013C14F0FF0428
:10C49000F7D10620F6F766F9204610BD431E584234
:10C4A0005841FAE74FF08053D3F8A00000F00100A4
:10C4B00070474FF08053D3F8A420D3F8A830511C14
:10C4C0009BB203D14FF6FF718B4203D00260838091
:10C4D00001207047002070474FF0805330B5D3F8EB
:10C4E0009050D3F89440D3F89810D3F89C2005EAE4
:10C4F00004030B40134001331FBF0560446081609B
:10C50000C2600CBF0020012030BD4FF0805330B519
:10C51000D3F88050D3F88440D3F88810D3F88C2017
:10C5200005EA04030B40134001331FBF056044605C
:10C530008160C2600CBF0020012030BD10B5F9F74A
:10C540009DFA0446FAF7F8FE201841F1000110BDEB
:10C5500038B504461546F9F7D3F82A460146204671
:10C56000BDE83840F9F7B0BB10B504460846F9F706
:10C57000F5FD4FF47A73B0FBF3F0201A10BD10B53F
:10C5800004460846F9F7EAFD023C00F2E7334FF4AF
:10C590007A72B3FBF2F3E01A10BD08B5FCF7D0FED7
:10C5A000BDE80840FAF7FEB8801A00F3070038B576
:10C5B00040B20D4659B21446FAF7E4F80023287049
:10C5C0006B70204440B238BD002303607047704751
:10C5D000002070474FF0FF3070474FF0FF3070473A
:10C5E00070474FF0FF3070470020704700207047C1
:10C5F0000023037070479DF800300022FFF7D4BF7E
:10C600004FF0FF307047002070474FF0FF30704709
:10C610004FF0FF3070477047C0B208B520B94FF0F7
:10C62000804301221A6008BD4D21B520FCF78EFC25
:10C630000020FAF70FB94FF08043D3F8080400F058
:10C64000010070474FF08043D3F8140400F001005C
:10C6500070474FF08043D3F81C0400F0030070478C
:10C660004FF08042D2F81834D2F81824C3F30043B4
:10C6700002F00302824214BF002003F00100704761
:10C680000020FAF75DB90020FAF788B90020FAF720
:10C69000E1B870B5FCF7E6FB002405462646E0B29B
:10C6A000854200D870BDFCF7E3FB0134068580F8B5
:10C6B0002A60F4E7F8B5037904461BB11B219D20DD
:10C6C000FCF744FC4679017126B9012343712179B5
:10C6D00009B96171F8BD276826712046B84702285C
:10C6E0000546F4D103212046B84708B12F21E6E7DB
:10C6F00023682946204698470028E8D03021DEE705
:10C700000346006800B970478842F9D102681A6090
:10C7100070470346002018707047EFF3108272B61E
:10C7200003780121DBB2017002B962B6012B0CBFA4
:10C730006FF0220000207047EFF3108372B60022E2
:10C74000027003B962B600207047FCF7D3BDFCF756
:10C750001BBEFCF719BE00280CBF6FF015000020AF
:10C7600070470020704707230370002070470020A7
:10C7700070470020704710F8012B11F8013B012A87
:10C7800028BF9A42F7D0D01A7047034611F8012B00
:10C7900003F8012B002AF9D17047034613F8012B47
:10C7A000002AFBD1181A013870472DE9F0478C4652
:10C7B0008E46089E154604461946002B40F0D08050
:10C7C000724547D9B2FA82F74FB1C7F120030EFA8A
:10C7D00007FC20FA03F3BD4043EA0C0CBC404FEACF
:10C7E000154EA8B2BCFBFEF8230C0EFB18CC08FBC0
:10C7F00000F943EA0C43994528D9EB1808F1FF32B8
:10C8000004D2994502D9A8F102022B44A3EB0903F3
:10C81000A4B2B3FBFEFC0EFB1C330CFB00F044EA9D
:10C820000344A04214D92C190CF1FF3304D2A042C6
:10C8300002D9ACF102032C44241A43EA02401EB18F
:10C84000FC40002334607360BDE8F0874246DDE7BA
:10C850006346F1E7002A79D0B2FA82F3002B3FD089
:10C860001946C1F1200302FA01F52EFA03F20EFA7D
:10C8700001FE20FA03F343EA0E034FEA154E00FAD5
:10C8800001F4B2FBFEFCAFB20EFB1C201A0C0CFB39
:10C8900007F842EA004290455AD9AA180CF1FF3035
:10C8A00004D2904502D9ACF102002A44A2EB08025E
:10C8B0009BB2B2FBFEFC0EFB1C220CFB07F743EA0B
:10C8C00002439F4246D9EB180CF1FF3204D29F423B
:10C8D00002D9ACF102022B44DB1B42EA004202E027
:10C8E000AEEB020301224FEA154EAFB2B3FBFEFCE2
:10C8F000200C0EFB1C330CFB07F840EA0343984561
:10C900002AD9EB180CF1FF3004D2984502D9ACF1CA
:10C9100002002B44A3EB0803A4B2B3FBFEFC0EFB06
:10C920001C330CFB07F744EA0344A74216D92C1921
:10C930000CF1FF3304D2A74202D9ACF102032C441C
:10C94000E41B43EA00400F46114678E71F2188E7C1
:10C950006046ABE76246BFE76046DBE76346EFE76A
:10C96000734506D916B9002108466DE7C6E9000EE1
:10C97000F9E7B3FA83F787B9734501D3824207D841
:10C98000841A6EEB030301209C461EB900215BE76D
:10C990003846FAE7C6E9004CF8E7C7F1200CBB407F
:10C9A00022FA0CF51D4320FA0CF12EFA0CF30EFAC4
:10C9B00007FE41EA0E014FEA154900FA07F4B3FBFE
:10C9C000F9F81FFA85FE09FB18300B0C08FB0EFA6C
:10C9D00043EA00439A4502FA07F240D9EB1808F1FE
:10C9E000FF3004D29A4502D9A8F102002B44A3EBF0
:10C9F0000A0389B2B3FBF9F809FB183308FB0EFEF2
:10CA000041EA03418E452CD9691808F1FF3304D25D
:10CA10008E4502D9A8F10203294443EA0040A0FB55
:10CA20000298A1EB0E014145CE46434602D306D102
:10CA30004C4504D2B9EB020E68EB05030138002E19
:10CA4000A4D0B4EB0E0261EB030101FA0CFC22FA54
:10CA500007F34CEA0303F940C6E9003196E7404684
:10CA6000C5E74346D9E700002DE9F04F8BB04442BB
:10CA70008DF81E30304B8DF81C1004F018048DF822
:10CA80001D200DF11C0A1C444FF000081AF8013B50
:10CA90000593D4E900730293BB6802995B6808AA06
:10CAA00038469847002839DBDDE908530393234BC8
:10CAB000039AA5FB03B603FB026631461CA3D3E928
:10CAC00000235846FCF722FE4FF0FF391C4B049020
:10CAD000D94573EB060621D305994FF47A73594370
:10CAE000A1FB05650B46039903FB0155294610A3DD
:10CAF000D3E900233046FCF709FE114AB14572EB39
:10CB0000050503460AD30499BA68994206D3012160
:10CB1000009115680299049A3846A84708F101085F
:10CB2000B8F1030F04F10804B0D10BB0BDE8F08FE9
:10CB300000CA9A3B000000000824020018E4030029
:10CB4000FFC99A3B4B1E59425941064B064A197080
:10CB50001978064B0648002918BF1A46114610F0EE
:10CB600002BB00BF515C0020B0630300A863030058
:10CB7000B963030030B5114B1B6889B0ABB9104DD8
:10CB80000FCD03AC0FC42B68236001230D49009324
:10CB900002220D4B03A805F057FB014628B110F106
:10CBA000780F02D0094810F0DEFA09484FF48032BD
:10CBB000002309B0BDE830400DF0AABC943D002030
:10CBC000A01E02004435002088230200D263030027
:10CBD0009819002010B5044621B1BDE81040064860
:10CBE00010F0C1BA054810F0BEFA204611F005FB5E
:10CBF000034B186010BD00BFED6303000964030020
:10CC0000943D00202DE9F04786B016460746884639
:10CC100012F068F9DFF84C9003288CBFC41E14246E
:10CC2000B2460025B54203D3002006B0BDE8F08728
:10CC300018220021684614F016FD544508EB050340
:10CC4000029369462346384628BF5346CDF80490E0
:10CC5000ADF80C3008F028FCAAEB040A0028E4D157
:10CC60002544DFE7B823020037B50D4C2568A5B190
:10CC70000C4C24788CB1CDE900230B4C02460B46BA
:10CC80000A48216810F09AF8084902462846FFF73A
:10CC9000B9FF10B923680133236003B030BD00BF72
:10CCA000943D0020515C0020903D00202D5B002031
:10CCB00001480DF0A5B900BFB80B002070B51148B0
:10CCC00010F051FA104B00241C701048104D14F055
:10CCD000FEF82346224621462046FFF7C5FE0120E6
:10CCE000234622462146FFF7BFFE286810B105F013
:10CCF0009BFE2C60BDE870400648002200230DF02A
:10CD000007BC00BF14640300515C0020700B0020BE
:10CD1000943D0020981900202DE9F04F4FF00008B5
:10CD2000934E8DB04746042592484FF0FF324FF0A6
:10CD3000FF330DF099F9B8F1000F08D18E4B8F4AEF
:10CD40001D786946EDB24346D8B2854240D8D6F840
:10CD50000090B9F1000F47D169462A4604A800F0B7
:10CD6000B5FD01463060C8BB854C14F81C3C33B39C
:10CD700014F81B3CAB4222D234F8082CFAB1A4F1CF
:10CD8000020A013A52002146504614F053FC34F88E
:10CD9000081C7C4B40F20E2202FB091203EB4203FB
:10CDA00014F81B2C0CA800EB420232F8202C1A833A
:10CDB00034F8063C994267D9013324F8063C09F15E
:10CDC0000103022B04F21C444FF00109CDD11FE0F6
:10CDD00012F8010B01F8010B0133B5E76A4810F0B6
:10CDE000C2F93368002BBFD02022002104A814F020
:10CDF0003AFC00231A4619461846FFF735FE002371
:10CE00001A4619460120FFF72FFE604B00221A80B8
:10CE10005F4C04AB04EB48010022D0B2854201F123
:10CE2000200100F2838008F10108B8F1100F7FF4AF
:10CE30007BAF564B32681B8827606FEA83436FEAEB
:10CE400093439BB2A3806AB15242120102F0700276
:10CE5000134343F400534F48A3804FF40072002162
:10CE600014F001FC4C49A5716A460023D8B28542F2
:10CE700062D84A4B1B7810371BB1494B1B78002BEB
:10CE800060D14FF000084FE734F8043C01339BB207
:10CE90001F2B02D824F8043C91E7424B54ED050ABD
:10CEA00014ED060A1A884FF0000B504624F804BC13
:10CEB00000F07EFD54ED047A4FF4807AB4EEE70A78
:10CEC0000AFA09FAF1EE10FA5FFA89F01FFA8AFA03
:10CED00021DD14F809EC14F80A3C14F80B2C14F8B2
:10CEE0000C1C4FF0640C13FB0EF312FB0EF211FB43
:10CEF0000EF1B3FBFCF3B2FBFCF2DBB2D2B2B1FB3E
:10CF0000FCF1C9B2FFF7B0FD204A13889BB24AEA90
:10CF10000303138053E75B465A465946FFF7A4FDC7
:10CF20001A4A13889BB223EA0A03F2E733F9020B89
:10CF300021F8080C013270E712F8010B01F8010F1B
:10CF4000013393E7184B1B68002B9AD0174B1B78C3
:10CF5000002B96D00E4916480022002313F0B0FF94
:10CF600000288ED0134A13680133136089E700BF8D
:10CF7000983D0020B80B00204B0A0020415C0020A7
:10CF800074350020583500202E640300C858002056
:10CF90002C33002044330020323300204A0A002082
:10CFA000515C0020380A0020943D00204C0A0020EB
:10CFB000700B002028330020F0B515468FB01E46B8
:10CFC000002B00F09B8014784E481A46214610F042
:10CFD000CAF8312C26D009D8242C17D0252C1DD0E6
:10CFE000202C4CD000231A46FE2115E0422C41D0C3
:10CFF000502CF7D1042E02D96878012875D9002366
:10D000001A46FE215020FFF72FFE30E03E4B012252
:10D010001A7000231A4600212046F4E73A4A0023FA
:10D020001370F7E7394B1F680FB3394B1B78F3B117
:10D03000384B029303F1FF1303F57063364A0393F1
:10D04000364B374D3748CDE904231023019302AB0B
:10D0500000932968224600230FF0B0FE31490246B2
:10D060003846FFF7CFFD10B92B6801332B603046EF
:10D070000FB0F0BD2C4B029302AA0423CBE7032E82
:10D0800003D800231A46FE212DE0E9784B1E0F2B12
:10D090000ED80B1D9E4234BF0023012303352846C2
:10D0A0000022002BEED08A4204D1204A00230FE058
:10D0B0000023F3E710F8013F01320F2B8CBF002350
:10D0C0000123D2B2EDE715F8010F02F8010B01338D
:10D0D000D8B28142F7D8164B1648197010F043F8B1
:10D0E00000231A46194620208DE72B79EA78A97883
:10D0F000FFF7BAFC00231A46194683E76FF00C06C7
:10D10000B5E700BF4D6403004C0A0020943D0020A9
:10D11000515C0020020003000014AE473E010004F1
:10D12000903D0020AD5B002000030002415C002028
:10D130004B0A0020686403002DE9F04F8E4D002358
:10D1400091B02B7001236B700223AB700323EB7043
:10D150008A4813F00CFE98B1884813F008FE78B1A5
:10D16000864813F004FE58B1844813F000FE38B12D
:10D17000834813F0FCFD18B1814813F0F8FD10B995
:10D1800080480FF0F0FF4FF01023DFF85482D3F8FF
:10D1900080307D4E5A1E033288BF4FF080537B4A49
:10D1A00088BF1B6E3360142140460DF0F9FF3168D3
:10D1B0004246044676480FF0D6FF002004F0CEFB2E
:10D1C000014630B173480FF0CEFF002011B0BDE82A
:10D1D000F08F714F714E404603F0BCFE40F20113D8
:10D1E0003B806F4B6F4970487B6009233B727C72B8
:10D1F000C7F80C8014F023F84FF4803200236A48FB
:10D200000DF086F90FCE0BAC0FC4336823600123F9
:10D2100000933946654B02220BA805F015F801462C
:10D2200008B16348CFE7414662480FF09CFF00F029
:10D2300053FA614B61491860614B0246002808BFF0
:10D24000194660480FF08FFF5F4904224FF4E02039
:10D2500014F011FA0446002840F0C8804FF4E0268C
:10D26000B388012B40F0C280584840210FF08DFD5B
:10D27000F388834240F0BA803389A3F18002B2F58B
:10D28000786F40F272814FF4E021DFF858814B7BD8
:10D2900003F0010388F800300B7B013B0F2B40F2B9
:10D2A00073814FF4E0224A4F508C3B884FF47A72DE
:10D2B0005843B0FBF2F080B200B998080FF0C2FDFD
:10D2C000444E308000F02EFB434BB6F800C0DFF830
:10D2D00018E119464FF000091422624302F5E022DA
:10D2E000002692F82000003818BF01201870506AFC
:10D2F0005860906A9860D06AD86092F830001874CC
:10D3000092F83100587492F83200987492F8330011
:10D31000D8744FF0FF30A3F814C0A3F81690A3F808
:10D32000189058709EF800A0F0B2824508D915F800
:10D3300000A092F821B0D34506F10106F2D1587051
:10D34000621C022A03F21C434FF00104C4D191F87D
:10D350001D349EF80020049391F81C3403934B78FD
:10D3600002930B781D48CDE900C398F80030398846
:10D370000FF0F9FE3DE000BF415C00207C1B020085
:10D38000601B0200A664030054350020BA64030049
:10D39000C4640300EB64030044350020A01E0200B7
:10D3A000AD86030075CB0000981900208823020089
:10D3B000066503002C650300983D0020806403008F
:10D3C00095640300556503007365030008000700BA
:10D3D000380A0020CA58002058350020A0650300F4
:10D3E0002D5C00204A0A00204B0A00208F480FF0D5
:10D3F000BAFE002200230024CDE906236FF00803C3
:10D40000CDE90334CDE901440094894B89498A4828
:10D41000DFF850824FF400620DF0CCF88749B8F87D
:10D4200000308748B0FBF3F00D4621464FF400442E
:10D43000E0FB0451824A00232846FCF767F90246C4
:10D440000B46CDE900017F487F4F0DF013FE4FF0F2
:10D4500001097D497D484FF0FF324FF0FF330CF05A
:10D4600079FC7B4BBE7918687A4BB8F80050196884
:10D47000B7F804C03B68DFF800E200242246B4425B
:10D48000C0F28480744C4FF0430B84F800B04FF02E
:10D49000420B84F801B04FF0020B84F802B04FEA5F
:10D4A000102B207184F805B04FEA104B000EE0718C
:10D4B000A274080A120A21736073E274080C102225
:10D4C000090E4FEA461A0AF1380EA073E173D8B27A
:10D4D000C3F307216275C3F307421B0E84F808E00B
:10D4E00084F80AC02574A07522766376A076227728
:10D4F0006377802200234FEA1E2E4FEA1C2C2D0A50
:10D500005648E27784F8039084F806B084F809E07E
:10D5100084F80BC065742675E175E176A37704F194
:10D52000260284F8203084F8213084F8223084F8F0
:10D53000233084F8246084F825309E42C8BFC15C43
:10D5400003F10103D8BFFF21102B02F8011BF4D116
:10D55000434BDFF8F4C075004FF0000E9B46591C9A
:10D56000CDF824C00022084625E03E4A13808AE612
:10D5700003F5E0200132007CE854087BD3B29842E6
:10D58000F6D8394B18708CE60022F6E71EF801AF8A
:10D590000AF00F0A09FA0AFA42EA0A0292B20134C0
:10D5A0006DE7099931F9081C03F81210C1F307213E
:10D5B00000F8121001320999964201F120010991F7
:10D5C000EFDC0EF1010EBEF1100F2B440CF1020C3A
:10D5D000C5D10BEB0A03191B1F4809930FF0D5FBAC
:10D5E000099B0BF80A00000A5870204B1E221D44AC
:10D5F00002FB06552D1B383B1D4C099309992068E9
:10D600002A46FFF7FFFA20B9114A13680133136065
:10D610001FE72368002BF7D0164B1B78002BF3D0A5
:10D620000021422013F0F1FEE8E700BF7865030017
:10D6300019CD0000805E0020D81800203F420F0066
:10D6400040420F00D00A002010310020700B002053
:10D65000903D002054350020F25800201731002062
:10D6600028590020380A00204B0A00202A5900209F
:10D67000943D0020515C00201631002030B58BB065
:10D68000022301AACDE90423039302AB40BA00248C
:10D69000069304AA0123CDE90823ADF80000ADF8F4
:10D6A0000440CDF808D0079308480949836806AAC2
:10D6B0001D6808ABA84720B1064B186020460BB088
:10D6C00030BDBDF8040040BA80B2F8E7B41B0200D8
:10D6D0003C2402009C3D00202DE9FF476F4D0026B1
:10D6E0000021002440F2676013F08FFE2C606C482C
:10D6F00013F03DFB00286AD06A4813F038FB00287D
:10D7000065D04FF47F40FFF7B9FF4FF47F40FFF73C
:10D71000B5FF4FF47F40FFF7B1FF4FF47F40624FFA
:10D72000FFF7ACFFB84698F8003098F801001B02EC
:10D7300003F47C53184340F400400134FFF79EFF8C
:10D74000122C08F10208EED14FF46840FFF796FF63
:10D750004FF46940FFF792FF4FF46A40FFF78EFFE6
:10D760005FFA80F84FF46B40FFF788FFC4B24FF4C4
:10D770006C40FFF783FF5FFA80F94FF47F40FFF7BB
:10D780007DFF5FFA80FA4FF47F40FFF777FFB8F133
:10D79000490F2968C0B209D14E2C07D1B9F1540FF5
:10D7A00004D1BAF1410F01D14E281FD03F4B224680
:10D7B0000024CDE90213CDE900A04B463C48414688
:10D7C0000FF0D1FC2B68ABB16FF0010404E03948D5
:10D7D0000FF0C9FC4FF0FF3401363748224631467E
:10D7E0000FF0C1FC032E7FF47BAF4DE0334B0124DF
:10D7F0000246DEE7002C4BD03F200FF013FB8146A2
:10D800003E200FF00FFB4946024680462C480FF0A1
:10D81000AAFC2C68002CD7D1B9F1020F3BD1B8F18A
:10D82000100F38D1DFF8A09097F80080B8F10F0FF3
:10D8300014D840460FF0F6FA2A68C3B2002AC3D1C2
:10D840007A7819F8081083EA0200084206D01D48C9
:10D8500041460FF088FC6FF00404BDE70134122C40
:10D8600007F10207E0D1642013F065FA4FF4AA40F3
:10D87000FFF704FF09244FF47F40FFF7FFFE013C50
:10D88000F9D12C68002C9FD1204604B0BDE8F08768
:10D890006FF00204A0E76FF003049DE79C3D0020B9
:10D8A000B41B02000C1B0200BE860300F6650300D9
:10D8B00017660300FF6503008B660300ED65030038
:10D8C0004766030062660300AE8603002DE9F0415F
:10D8D000DFF84C8000240E461546C8F80040071FAC
:10D8E000A5421ADDBEB1305D000200F47C50FFF7A6
:10D8F000C5FE012CC8BF27F81400A54204F101039E
:10D9000007DAD8F80000002818BF6FF00100BDE862
:10D91000F0811C46E4E7E0B2E6E70020E4E700BF60
:10D920009C3D00202DE9F041A0F12003B3F5F07FEC
:10D930002DED048B04462DD8461E10EA060529D18C
:10D94000014617480BF0A4F938BB07EE906A154B57
:10D95000DFF858809FED149A1C80B8EEE78A2F46B6
:10D96000F6EE008A07EE907AB8EEE70A013720EE6D
:10D97000090A80EE080A0EF0E5FCBC42F0EE687A77
:10D9800040EE687AE8EC017AECD1BDEC048B2846D5
:10D99000BDE8F0814FF0FF35F7E76FF00105F4E7E0
:10D9A000A0550020CC580020DB0FC940A04D00201E
:10D9B00010B52DED048B3E4B1B888B4208EE102AD0
:10D9C0000C46B0EE409AF0EE608A6DD1DFED397A08
:10D9D00000EB41020346934231D107EE104AF8EEC4
:10D9E000479A354B354987EEA97A904230D1344A6F
:10D9F0003249344800230BF091F8314B9FED2D0A4A
:10DA0000F8EEC87A640887EEA96A0122194690B236
:10DA100084422CD8B6EE007A67EE877AF4EEC97AA3
:10DA2000F1EE10FA08DBF4EEE87AF1EE10FA03D525
:10DA3000D1ED017A07EEA70ABDEC048B10BD33F9D6
:10DA4000021B07EE101AB8EEC77A77EE877AC2E7A4
:10DA500030F902CBF3EC016A07EE90CAF8EEE77AF0
:10DA600077EEC77A67EEA67AE1EC017ABDE707EEBA
:10DA7000102AB8EEC77A27EE067AB4EEC79AF1EE0E
:10DA800010FA0ED8F4EEC78AF1EE10FA09DD93ED24
:10DA9000037AD3ED026A27EE077A06EEA67A30EE15
:10DAA000070A01320833B2E79FED020AC4E700BF5C
:10DAB000CC58002000000000A04D0020A045002010
:10DAC000A03D0020A05500202DE9F84F8A4600AF68
:10DAD000002974D004680E1F361BF50826F00706CF
:10DAE00004EB0608B8F802B01BF0010B16D1E946AA
:10DAF00088B06A46334BCDE90531032342F8103F25
:10DB000031485B464FF4C25100F0B0FFCD468BF375
:10DB10001188BFF36F8F0423184602DF2946204681
:10DB20000FF09DF9284434F83030C01A854217D0E0
:10DB3000E94688B06A46254BCDE9053A032342F809
:10DB4000103F214800234FF4C25100F08FFF002303
:10DB5000CD4683F31188BFF36F8F0423184602DF8D
:10DB6000B8F8023023F00103A8F802302946204615
:10DB70000FF075F905EB000804EBC8035B88DA07C2
:10DB800008D4414620460FF0B3F9424629462046C4
:10DB90000FF0F3F9A65BAE1B04EBC6035B88DB0753
:10DBA00009D4314620460FF0A3F92A4631462046D3
:10DBB0000FF0E3F93546294620460FF055F9BD46EA
:10DBC000BDE8F88FFA660300601E0200D16603000C
:10DBD0002DE9F04F91B08407009302F00403029303
:10DBE000C2F3C20303F10103DDF868A00392054606
:10DBF0000E46059340F09D81041D00284AD101F096
:10DC00000706341DC6F10806009B00275A1E4FF078
:10DC100004084FF0FF3301930497B946BB464346CF
:10DC20000DB1009820600598002800F3D780904837
:10DC30000099814203D38F488142C0F0CF8003997D
:10DC400011F0020CA4EB050040F0D680B9F10F0FE3
:10DC500000F2CF80002D00F0D68009F140010DEBDD
:10DC6000010EC0F3870001990EF8200C0EF8101C6D
:10DC7000BCF1000F00F0C38060F07F000EF8200CB4
:10DC8000013709F10109C5F10801043406914FF685
:10DC9000DA7E8CE00729B7D86FF01B0011B0BDE821
:10DCA000F08F7A285BD84B280FD8472857D82928D7
:10DCB0002ED8252850D052D8202818BF23280CBF92
:10DCC0004FF0010B4FF0000B71E04C382E2846D876
:10DCD000DFE800F06D454545454545454545454529
:10DCE0004845454545454545455645484856565697
:10DCF0006D486A456D4518481845457F7C4845453F
:10DD000048457C0000204FF0000B4FF0040835E040
:10DD10002A38C0B2012101FA00F010EA0E0F46D1F4
:10DD200010F0625C2CD110EA010B40D06046013C3F
:10DD30004444B4FBF8F408FB04F425B1A3EB050C50
:10DD4000A444B445A8D8002870D00598013805909F
:10DD50005AF8040B009063E70199013901914FF0E3
:10DD6000000B24E012F8010C6C2834D112F8023CAC
:10DD700000206C2B8346C8D14FF008084346D6E7F5
:10DD80000AF1070A2AF0070A0734BAEC027B24F0EA
:10DD9000070435B106982044B0423FF67DAF84EDCC
:10DDA000007B08344FF0000B4FF00808434612F890
:10DDB000010F002853D0BBF1000F7FF472AF25286C
:10DDC000F5D1019B013301934FF0010B4FF0040893
:10DDD000ECE7584697E700208346A8E703998807B1
:10DDE0007FF551AF601B4FF0010CB0F5007FFFF4E1
:10DDF0002DAF6FF0150051E74FF0000CF5E70498D8
:10DE0000013004903DE7BCF1000F01D0013638E746
:10DE10000299023600297FF434AF0098CDE906322A
:10DE2000FEF7BBFCDDE9063206442AE7042B08D1E5
:10DE30000AF1040015B1DAF80010216004348246BA
:10DE4000B5E70AF1070323F0070303F1080A1DB140
:10DE500093ED007B84ED007B08340823A7E7631B68
:10DE6000B3F5806FC5D23DB9A6F10804E01815E7F7
:10DE7000381A02009C870300029A28609B082B70C6
:10DE80009DF81030AAB1EB70AF702FB108A8002236
:10DE9000C5F1010C91450ED1C5F101030DF120082A
:10DEA0004FF0000A01930DF1300BD14512D1601BE8
:10DEB000F4E66B70E8E710F8013B190608D50CEBA7
:10DEC000040EB64503F07F033FF6E6AE04F8013BCF
:10DED0000132DFE71FB198F90020002A17DB029B0F
:10DEE000D3B11AF80B2004F8012B0022019B18195A
:10DEF0001044B0423FF6D0AE98F8000004F8010B91
:10DF000000990392204613F087FB039A14440AF108
:10DF1000010A08F10108C8E798F8002055F82230F6
:10DF20000093029B45F822300098FEF736FC421C15
:10DF3000DCE76FF00D00B1E62DE9F04F97B000AFD0
:10DF4000C7E90A3205468A4649B903784678807897
:10DF500000EB83002844564524D8A0EB050AD7F8E7
:10DF6000803095F80280D7F8804003F00103FB6110
:10DF7000EB787B62B8F1000F0CBF002404F00104C1
:10DF80001BB1D7F880309A0715D4A4B9FB6A1BB12E
:10DF9000BA6A514628469847564630465C37BD46D1
:10DFA000BDE8F08F441C2046FEF7F7FB013020440B
:10DFB0000AF1010ACFE7D7F88030C3F3C0033B6210
:10DFC0002B78BB619B003B616B687B61BB6905EB98
:10DFD000830BFB6A002B77D15646D844BCB11C4654
:10DFE0001BF8013B55F82300FEF7D7FBD7F8843028
:10DFF000013043B1D7F88830A34282BFD7F88430CC
:10E0000023F814000134C3450644E9D1D846D7F8B3
:10E01000803013F0050F0CBF4FF0020B4FF0010BD7
:10E020004FF000097B6A9945B7D298F8013055F84E
:10E0300023A0AF4B9A4508F10208C0F04C81AD4BCC
:10E040003A6A9A452CBF002301230AB318F8021C30
:10E050007869FB620FF066F8FB6AC8B1EA468AB0DD
:10E060006A46A54B05937B69CDE906314FF40073F1
:10E07000ADF82030A14B42F8103FA14800234FF4E7
:10E08000125100F0F3FC023ED54609F10109C9E73F
:10E0900023B1FB6933B9A6EB0B06F6E7D7F880305E
:10E0A0009B07F2D55046FEF778FBD7F884304BB18A
:10E0B000D7F888309C423FBFD7F88420431C22F811
:10E0C000143001340644E0E7002C69D1B8F1000FA8
:10E0D0006CD0D7F880305E076BD5C14607F1480099
:10E0E0004246594613F098FA0BEB0803FB600022F6
:10E0F0000233796A8A425ED3D7F8802095F801B05E
:10E10000F969920704EB0B03DBB254BF4FEA5902E3
:10E110000022002940F0A780D7F8801011F0040FEA
:10E1200014BF494600216B70A970EA703969BA6A58
:10E13000FB6A28469847061EFFF62FAFBB692B7077
:10E140007B6AEB704946BA6AFB6A85F801B085F8CC
:10E15000028007F148009847B0F10009C0F2B7808B
:10E160003B697A6A786A03EB4201FB68BA6A414408
:10E1700003EB4000AAEB0101FB6A98470028C0F2BC
:10E18000A880B14409EB00064FF0000B07F1380AF4
:10E19000A3456AD30021BA6AFB6A08469847FCE6A1
:10E1A000444607F138004FF0000999E74446C1465C
:10E1B0009AE7A14698E713F8016C13F8021C55F88A
:10E1C0002600B9604A498842C0F08B80494988429C
:10E1D000396A2CBF4FF0000B4FF0010B41B1B96809
:10E1E0007869C7E900320EF09DFFD7E90032F0B937
:10E1F000BBF1000F1ED0F96949B1611C04F1280080
:10E2000007F13004041904F8206CCCB20FE0D7F801
:10E21000801048070BD509F1280007F1300C09F1EF
:10E22000010100EB0C0909F8106C5FFA81F9013269
:10E2300002335EE7D7F880108907DED409F12801A0
:10E2400007F1300C8C44B9680CF8101C09F101007E
:10E2500007F1580151FA80F009F102095FFA89F9D2
:10E2600000F8106CE3E700215DE71BF80A3087F83F
:10E27000373055F82390D7F884302BB3D7F888304F
:10E280009B4521D2D7F8843033F81B80BA6AFB6AE9
:10E29000012107F13700984700281ADB0644B8F13E
:10E2A000000F06D14846FEF778FA00F101081FFA80
:10E2B00088F8BA6AFB6A414648469847002808DB56
:10E2C00006440BF1010B63E74FF00008DEE74E4612
:10E2D00063E6064661E63B6A002B3FF4DFAE0023AF
:10E2E000B4E6396A0029A5D04FF0000B77E700BFEC
:10E2F000381A02009C87030027670300040000010E
:10E30000101E0200014B1860704700BF400700203C
:10E3100080B505460E46174698460CF0C3FB0346EB
:10E3200001F03AFCDFF81890044649F80030424604
:10E3300030463946A84754F8090001F0ABFB00BF4E
:10E34000080000002DE9F047058B04462807174612
:10E350000CD501290CBF45F0100545F0200525839B
:10E3600087F31188BFF36F8FBDE8F087022905F0AE
:10E37000070540F0948020460FF07AF9052864D80C
:10E3800001A353F820F000BF61E300009FE4000008
:10E390004BE400000DE4000027E4000039E4000035
:10E3A00001F007035A1F012A1FD8002221F007019C
:10E3B000062BD4F8008089B2C4E9002209D1434673
:10E3C00003E0628B013262831B68002BF9D141F0BC
:10E3D0000201218320460FF04BF94FF0000900287D
:10E3E0006DD041F02001218369E0042B0AD121F096
:10E3F000070189B2218320460FF03AF910B141F0AC
:10E40000200121834FF00008C14658E02369D3F86A
:10E410000090238B23F0070343F0060323834FF080
:10E42000000846464BE02369D3F80490238B23F081
:10E43000070343F00403F1E72369D3F80890238B23
:10E4400023F0070343F00503E8E74FF00008C14657
:10E45000E7E7012243F00803238387F31188BFF322
:10E460006F8F002A3BD1B8F1000F4AD1B9F1000FEC
:10E4700002D02D492046C847EFF31187402383F38C
:10E480001288BFF36F8F238B23F008039BB2238383
:10E49000D9063FD523F01002228303F007056669F1
:10E4A000218B002EBFF67CAF0023D4F8008021F032
:10E4B0000701C4E9003341F0010121839946238B10
:10E4C00003F0070AAA4502D0A268002AC1D1B8F118
:10E4D000000F02D1B9F1000FDAD00022BAE7A1682B
:10E4E0000029C0D00D680029BDD04F683346524680
:10E4F0002046B8471DB12B6829461D46F3E72B4639
:10E50000FAE74146334652462046D8F800800FF0DD
:10E51000DBF8A8E79A067FF523AF23F020022283D9
:10E5200003F0070527E700BFF5D601002DE9F04706
:10E53000DFF85480044607464FF0010994FAA4F529
:10E54000B5FA85F509FA05F32E0108EB05156FEA12
:10E55000030A24EA03042B7B63B158F806301B69D5
:10E560006BB94644042273682846196807EA0A070B
:10E570000FF07FF9002CE1D13846BDE8F08728463E
:10E5800098470028F6D1ECE7901E020010B50F491D
:10E590000F4888B0002213F02BF800220023CDE9A9
:10E5A000062300240E23CDE90334CDE90144094BB1
:10E5B000094900944FF4407208480BF0FBFF0849EA
:10E5C000064812F061FE204608B010BDE5E50000E7
:10E5D000901E002015E9000000670020C8190020E7
:10E5E000E667030001480BF00BBD00BF980B00204D
:10E5F0002DE9F047804621480F460FF01AF90646EC
:10E60000002833D000252846BDE8F087237B83B15E
:10E610002368DB680BB120469847636883F806904F
:10E6200023681B69D3B963680422196820460FF078
:10E6300020F9013610345445E8D3B8F1000FE2D088
:10E64000002DDFD02846FFF771FF0546002FF7D0D9
:10E6500000214FF4A47012F0D8FEF1E7204698474D
:10E660000028E0D009FA06F31D43E2E7044CDFF886
:10E6700014A005464FF00109DDE700BFC855002092
:10E68000901E0200A01E0200014B53F820007047AC
:10E690006C24020008B5034608462BB1044A1360F7
:10E6A00000F042FC002008BD6FF01500FBE700BF42
:10E6B0004407002010B5044C237813B903480BF02D
:10E6C0009FFC0123237010BD525C0020980B00209A
:10E6D00010B504460B480FF0ACF85CB1BFF35B8F8C
:10E6E000094B53E8001F013943E80012002AF8D112
:10E6F000BFF35B8F05480CF0F5FC0548BDE8104002
:10E700000BF07EBCC0550020C4550020901E002098
:10E71000980B0020064BBFF35B8F002253E8000FDD
:10E7200043E800210029F9D1BFF35B8F704700BF98
:10E73000C055002070B5FFF7EDFF084C084E0546A8
:10E74000B44200D370BD63685B792BB123685B680A
:10E7500013B12946204698471034F1E7901E020075
:10E76000A01E020010B5044C044920460EF015FE10
:10E77000034B1C6010BD00BF900A0020582402000B
:10E78000B85500200D4A0E48002310B513700D4AED
:10E7900013600D4A4FF400411360FFF77BFFFFF752
:10E7A000E1FF0A4B0A4918468B4200D310BD1A1AE2
:10E7B0005C681211013222711033F5E7535C0020BE
:10E7C0002FD80100C0550020C4550020901E020023
:10E7D000A01E020001460022014800230EF0FEBDEB
:10E7E000900A002001480EF095BE00BF900A00205C
:10E7F000024B014618680EF0E8BE00BFB855002075
:10E8000001480EF01DBF00BF900A002070B52A4BD2
:10E810001B78002B4ED0FFF7E5FF0446002846D1B9
:10E82000264B274D1B68002B19DD12F099FE4FF483
:10E830007A76A0FB063206FB0121D5E90020DB0B2E
:10E8400043EA41439B1A4FEAD13140F2E93261EB8E
:10E850000001934271F1000101D3FFF76BFFD5E98D
:10E86000003213F57A7342F10002C5E900320CB3AD
:10E87000BDE87040FFF7C4BF6B685B7923B12B68BC
:10E8800021461B68284698471035B542F4D32046E8
:10E89000FFF7AEFFBFF35B8F0A4B53E8001F013950
:10E8A00043E80012002AF8D1BFF35B8FB8E7064DAA
:10E8B000064EEAE7002070BD525C0020C0550020E3
:10E8C000881E0020C4550020901E0200A01E0200D9
:10E8D00070B50D4D297861B90120FFF789FE0B4C09
:10E8E0000B4EB44206D3FFF791FF0028FBD1012362
:10E8F0002B7070BD63685B791BB1236820469B68F1
:10E9000098471034EDE700BF535C0020901E0200D2
:10E91000A01E020000212DE9F8430846FFF768FE1B
:10E92000044648B340F267684FF0000901F034F93B
:10E930001A4B1B4A1B58136033B11A4B1B68092B27
:10E9400002DD19480BF05CFB184F002544B120464E
:10E95000FFF7ECFD044618B94FF0FF384FF0FF39D0
:10E96000FFF754FF064628B9B5B90F4842464B4653
:10E970000BF07AFB3546E9E74FF0FF384FF0FF39EF
:10E98000D4E72B689B691BB10022114628469847A3
:10E990001035BD42F5D3E8E7054DFAE70800000061
:10E9A000BC550020C4550020980B0020A01E02007A
:10E9B000901E020013B518480EF03BFF174B1B7852
:10E9C00073B1EFF31184402383F31288BFF36F8F89
:10E9D000FFF71CFF84F31188BFF36F8F02B010BDE7
:10E9E0000F4B1B68002BF9D050B900220023CDE952
:10E9F00000230C484FF4004200230CF03BFBEDE7F2
:10EA00000928EBD107480CF06DFB074802B0BDE8C0
:10EA100010400BF0F5BA00BFC4550020535C002035
:10EA2000BC550020901E0020980B002010B5064B0E
:10EA30001B68044698472146A06004480EF04BFD31
:10EA4000BDE81040FFF7B6BF44070020900A002041
:10EA5000044A054B9B1AB1EBD30F34BF52F8310077
:10EA600000207047B01D0200901E02002DE9F04FFB
:10EA70008FB004AFC1F34A26B8600D4690467B6064
:10EA80000C0D002E61D04FF000090A234FF0040B4B
:10EA900007F1140AFE60C7E90799C7F824900093AC
:10EAA000CDF808B0CDF804A007F11C03F9684A4678
:10EAB0004046FFF741FAB0F5006F03461CD36C46A1
:10EAC0008AB0D8F8041004AB2448C3E9050140F229
:10EAD000FF71D9611A464FF400711984204B42F836
:10EAE000103F20484B464FF41251FFF7BFFFA54699
:10EAF0002C37BD46BDE8F08FC0F30A0604F11700BD
:10EB0000184420F0070080083B60FFF763FE66F3BF
:10EB10005325044680B13B68134A00F11001C7E950
:10EB20000839F961CDE901AB0A230093F96807F1CF
:10EB30001C034046FFF700FA66F353257B68B9686B
:10EB40002A4620460EF0B5FED2E704F1170020F069
:10EB500007008008FFF73EFE0446EDE7FB67030071
:10EB600004000001201E020085D801002DE9F04FAD
:10EB700087B0DDE9127ADDE9106B05468846144658
:10EB80009946BFB11021CDF800A03B465A4600205F
:10EB9000CDF814A0FFF71CF8B0F5006F01460BD3B9
:10EBA000194A1A4840F2FF73022107B0BDE8F04F3E
:10EBB0000EF0D8BE3946384604F0070305F00704C6
:10EBC000E40044EA831444EA402444EA065406F18B
:10EBD0001700084420F0070080080391FFF7FAFDB2
:10EBE000054640B13FB10399CDF800A03B465A46D7
:10EBF0001030FEF7EDFF4B4622464146284607B04F
:10EC0000BDE8F04F0EF055BE3A680300201E02002A
:10EC1000406820B1034BC01A40F3CF0070474FF05B
:10EC2000FF307047B01D02000EB403B503AB0146C0
:10EC300053F8042B0448019301F03AF902B05DF84F
:10EC400004EB03B0704700BFC7D90100CA0605D462
:10EC50008B064CBF02490349FFF7E6BF704700BF70
:10EC600073680300726803002DE9F04F89B098467D
:10EC7000159B0693DDE916A39DF85090189F059209
:10EC800004460D460493B9F1000F00F0AE8007F47E
:10EC9000807307930EF0EBFD07F0020B024600288D
:10ECA00072D077492046FFF7BFFF0646BBF1000F41
:10ECB00008D017F0440F69D172492A462046FFF761
:10ECC000B3FF064407F0010353B16F4B6F4953F88C
:10ECD00029206F4B2046002A08BF1A46FFF7A4FFE1
:10ECE00007F48073002B07F0080318BF4FF00008EB
:10ECF000002B77D0674B684953F829202046FFF74F
:10ED000093FF0546059B2BB164491A462046FFF741
:10ED10008BFF0544B8F1000F05D0614942462046FB
:10ED2000FFF782FF05445F483544069B1BB15E49EF
:10ED300022460EF0C6F9049B002B00F08C80049B49
:10ED4000102B28BF1023394620469846FFF77EFF38
:10ED50000026B54250DC002633461AF803205349FA
:10ED60002046FFF761FF0136102E4BD0710703D10B
:10ED70004F492046FFF758FF46453346EDD34D49EE
:10ED80002046FFF751FFEEE706468FE74A4B18682B
:10ED9000002896D0494B4FF47A7B1B68B5FBF3F5FE
:10EDA0004FF46163B5FBF0F100FB11550BFB05F56A
:10EDB0004FF03C0CB1FBF3F203FB1211B5FBF0FE7C
:10EDC000B1FBFCF300FB1E550CFB13110BFB05F50F
:10EDD0000091B5FBF0F53A49CDE901E52046FFF792
:10EDE00023FF6EE707F008058CE7B8F1010F0CBFB1
:10EDF0002C4834484D4698E72D492046FFF714FF2C
:10EE00000136A6E7304920460026FFF70DFF3346BE
:10EE10001AF803202D49A2F120035F2B28BF2E22D0
:10EE20002046FFF701FF0136102E0DD0720703D1E7
:10EE30001F492046FFF7F8FEB0453346E8D81C4985
:10EE40002046FFF7F1FEEEE7049BB3EB0803C24454
:10EE500004937FF474AFB9F1000F0AD0FB0704D517
:10EE60000B4A0A492046FFF7DFFE39462046FFF7E6
:10EE7000EDFE204609B0BDE8F04F0EF097BD00BF93
:10EE80007A6803007E6803007C240200B2720300EB
:10EE90007568030090240200A3680300A9680300BA
:10EEA000AD680300C7D90100B1FE0000B2680300DD
:10EEB000BA680300B8680300D0550020CC55002084
:10EEC00087680300FDD90100BC680300BE68030029
:10EED00073B542F20F738B4228BF0B4605680F4A89
:10EEE0000446052168460CF05BF963680C495B68D1
:10EEF00006460B2228460EF04BFD636832466946F3
:10EF000028465B680EF044FD636806495B681B2277
:10EF100028460EF03DFD02B070BD00BF68850300BD
:10EF2000FE860300E2860300074A00210123904287
:10EF300006D8064A01B901231360054B18607047D3
:10EF400040085B000121F2E740420F00CC55002051
:10EF5000D0550020014B01221A707047545C0020EC
:10EF6000014B002019607047E85500200148FFF769
:10EF7000AFBF00BFC024020010B5064B18680C4696
:10EF8000FFF782FB21460346BDE8104002480F22EE
:10EF9000184700BFE8550020C0240200F8B5094D0D
:10EFA000094B0A4ED5E9004701221A700CB92C60B2
:10EFB000F8BD214630463A4600F01EF8241A0644B1
:10EFC000F4E700BFDC550020555C0020565C0020B3
:10EFD00010B9074B18707047064B1B781BB141F2F4
:10EFE000883011F0A8BEA420002112F00EBA00BF94
:10EFF000545C0020555C00202DE9F047DFF8849038
:10F000001F4E80460F46042599F80040ACB911F018
:10F0100085FE3A468246414620460AF095FB044664
:10F02000504611F083FEECB10123337099F80030A3
:10F030007BB93C462046BDE8F0873A464146002071
:10F040000AF082FB0446EEE72846FFF7C1FF6C1E7C
:10F05000254600200AF008FC0028EAD03378002B6F
:10F06000F2D1E6E7337833B1013D2846FFF7B0FF30
:10F070003378002BC8D13378002BDAD0DAE700BF21
:10F08000545C0020555C0020014B03600020704759
:10F09000D024020010B5DFF824C086B04FF4281445
:10F0A000CDE904C40824029404AC0194BDF82040C6
:10F0B00000940FF06CFE06B010BD00BF18002800D1
:10F0C00008B504480EF04FF803480EF04CF8002045
:10F0D00008BD00BFF16803002669030008B50348B6
:10F0E000034A0021121A0EF025FD08BDD80C00209D
:10F0F000485E00200748084A084908B5121A0EF071
:10F100001BFD0748074A0849BDE80840121A0EF0DF
:10F1100013BD00BF00050020D40C0020E4870300CD
:10F12000B8040020000500209C8703002DE9F84F5B
:10F13000804600AF0C46002965D0E9468AB0D1E987
:10F140000012A3686D4639486E464FF0050ACDE9B6
:10F150000501CDE9072346F810AF354832460023B4
:10F160004FF42151FFF782FCCD46D4E903126369C5
:10F17000AD463048C5F810A0C5E90501C5E907232B
:10F180002B48002332464FF42151FFF76FFCCD4648
:10F19000E369294A2648DFF8B0B001210EF0E2FB0E
:10F1A000264600254FF00A0AE9468EB0D6E908C087
:10F1B000D6E90A136A46CDF81CC005F1010CCDE969
:10F1C00008C0A81CCDE90A01E91CCDE905B5CDE9C7
:10F1D0000C1342F810AF1648002345F240010435E5
:10F1E000FFF744FC102DCD4606F11006DCD1236E4E
:10F1F000124A0F4801210EF0B5FBA369104A0C48D2
:10F2000001210EF0AFFBB8F1010F07D1EFF3058339
:10F210000C4A0748103B41460EF0A4FB21464046ED
:10F220000AF054FBBD46BDE8F88F00BF53690300E8
:10F23000581E020082690300B1690300036A0300DB
:10F24000126A0300406A0300C069030030BFFFF781
:10F25000FDBF00BF2DE9F0410B4EDFF8348006EB17
:10F260000807CC1B054632460849204612F0D4F95F
:10F27000A01942460021083C12F0F5F92C6707F16D
:10F280000800BDE8F08100BF00000000A01E0200E1
:10F290000400000010B5204C204921480EF059FC14
:10F2A000A36A990136D51E481E490EF052FC1E2055
:10F2B000A36ADA0104D51A481B490EF04AFC1F2044
:10F2C000154CA36A1B0304D5154818490EF041FCE0
:10F2D0002120A36A590304D5114815490EF039FCC1
:10F2E00022200D4CA36A9A0304D50D4811490EF053
:10F2F00030FC2320A36ADB0304D509480E490EF035
:10F3000028FC2420044A936A6FEA03436FEA1343FC
:10F31000936210BD1D20CBE700ED00E0536A0300AF
:10F32000581E02006B6A03007E6A0300986A03009D
:10F33000B66A0300DB6A0300F56A030070B506468F
:10F340000D46284C284929480EF003FCA36AD9042D
:10F350003CD5264826490EF0FCFB1720A36A1A0567
:10F3600004D5224823490EF0F4FB18201D4CA36A53
:10F370009B0512D51D4820490EF0EBFBA36BA26A3A
:10F38000100409D51D4A194801210EF0EBFA1EB1EF
:10F39000A36A23F40043A3621920124CA36A5905FF
:10F3A00004D5124816490EF0D4FB1A20A36ADA05D8
:10F3B0000ED50E4813490EF0CCFB1B20094A936A68
:10F3C00043F47F43936200232B7070BD1620C5E782
:10F3D000A36A9B04F2D505480B490EF0BAFB1C202A
:10F3E000ECE700BF00ED00E0206B0300581E0200B8
:10F3F000366B0300476B03005A6B0300736B03000B
:10F40000886B0300A36B0300BB6B03002DE9F8437B
:10F41000804689461746354D354936480EF099FBEA
:10F42000AB6ADE0627D5344932480EF092FB112430
:10F43000AB6A1D0704D531492E480EF08AFB122411
:10F440002A4DAB6A980718D52D492A480EF081FB42
:10F450006E6BAB6A190646D52A4A26483346012107
:10F460000EF080FAB9F1000F03D0AB6A23F08003ED
:10F47000AB62132403E01024DAE76FF015061B4D8E
:10F48000AB6ADA0704D520491A480EF062FB14244F
:10F49000AB6A9B0604D51D4916480EF05AFB15248D
:10F4A000124B9A6AD50602D49A6A90070AD55B680D
:10F4B000190507D54146304600F070FA10B180F3C7
:10F4C00009880224094B9A6A920642BF5A6A22F4BA
:10F4D00000525A629A6A42F0FF029A6200233B701D
:10F4E0002046BDE8F8836FF01506C2E700ED00E0A6
:10F4F000EA6B0300581E0200006C0300476B030018
:10F50000336C03004B6C0300616C0300BB6B0300A6
:10F510002DE9F041654B9CB0D3F8048000AF05465F
:10F52000C8F30804002686F31188BFF36F8F02F03A
:10F530007F43B3F17F4F07D102F00C03082B12D1A8
:10F540005B495C480EF005FB002635460023FB7145
:10F55000E31E092B00F28980DFE803F00A7F827B3B
:10F5600087878787878510074CBF0D460126EDE703
:10F57000514950484D4C0EF0ECFA0023FB71E36A00
:10F580009A0705D54D494B480EF0E3FA00242DE0CB
:10F59000E36A002B01DA4A49F5E7E36A5B00F5D537
:10F5A000484944480EF0D5FA6369AA6943F4807368
:10F5B0006361BFF34F8FBFF36F8F32F8023C626914
:10F5C00022F480726261BFF34F8FBFF36F8F03F439
:10F5D0007F42B2F55F4F25D1DBB2022B22D12B68DF
:10F5E000394A344801210EF0BDF92C68FB79ABB9DA
:10F5F0006822294607F1080012F00EF87B6A002EF7
:10F6000050D0C3F3080222B96FEA53236FEA4323B1
:10F610007B6207F108012046FFF788FD7037BD4681
:10F62000BDE8F081214B9A6AD2B22AB1FA1D0121BC
:10F630002846FFF7EBFE0EE09A6A12F47F4F04D0E3
:10F64000F91D0120FFF77AFE05E09B6AB3F5803FC4
:10F650009CD3FFF71FFE0446C8E7FA1D0021E7E729
:10F66000F91D0020EEE719498DE7194A194B18F4E6
:10F67000F87FE8468AB008BF13466A461649CDE9C6
:10F6800005134FF40073ADF82030103C134B079472
:10F6900042F8103F074800234FF41151FFF7E6F9F5
:10F6A000C54673E76FF30803B2E700BF00ED00E063
:10F6B000AE6C0300581E0200D96C0300F06C03000E
:10F6C000116D03001F6D03003E6D03005A6D0300B2
:10F6D000806C0300956C03007E6D03000400000144
:10F6E000044B5A6942F010025A615A6922F008022A
:10F6F0005A61704700ED00E0EFF30880EFF30981F5
:10F7000001B57246FFF704FF01BD00BF002080F382
:10F710001488BFF36F8F0F4880F3088809F038FB17
:10F7200000200D490860BFF34F8F00F02BF84020F8
:10F7300080F3118809484FF40861401880F3098864
:10F74000EFF314800221084380F31488BFF36F8F16
:10F7500000F0B4F8E885002094ED00E00077002088
:10F760000749D1F890200023C2F30722184693429C
:10F7700000DB7047C1F89830C1F8A0000133F6E70C
:10F7800000ED00E008B572B6002383F31388FFF79D
:10F79000E7FF144B4FF0FF32C3F88020C3F88420FA
:10F7A000C3F88820C3F88C20C3F89020C3F89420B5
:10F7B000C3F89820C3F89C20C3F88021C3F88421A3
:10F7C000C3F88821C3F88C21C3F89021C3F8942191
:10F7D000C3F89821C3F89C2162B6BFF34F8FBFF3E3
:10F7E0006F8F08BD00E100E01EF0040F0CBFEFF3C7
:10F7F0000880EFF30980816911F8021C0229FFD00B
:10F8000001B572460EF09AF901BD00BF40B2002862
:10F8100007DB044A4109012300F01F00834042F83E
:10F820002130704700E100E040B200280CDB4309C2
:10F83000064900F01F0020330122824041F82320B6
:10F84000BFF34F8FBFF36F8F704700BF00E100E041
:10F85000054B420900F01F0053F82220012303FA50
:10F8600000F01040704700BF00E100E040B2D30755
:10F8700054BF023100210028ACBF00F16040074AAC
:10F880004FEA4113ACBF00F5614000F00F00DBB25E
:10F89000B4BF135480F80033704700BF14ED00E08C
:10F8A000044B054A23F07F039360BFF34F8FBFF3F0
:10F8B0006F8F70470000000000ED00E008B5FFF713
:10F8C000EFFF104BD3F8882022F47002C3F8882091
:10F8D000D3F8882042F4A002C3F888204FF04042B9
:10F8E000C3F83422BFF34F8FBFF36F8F0023E1EED5
:10F8F000103AFFF7F3FBFFF7FDFB00F02FF90AF0DA
:10F9000009F900BF00ED00E04FF47D41C0F8BC10E4
:10F9100042F8203C009B42F81C3C0A49019B42F8FB
:10F92000183C029B42F8143C21F001014FF0807317
:10F9300042F8043C42F8081C0023203A0265436761
:10F94000704700BF11E30000838913F0020F124BD0
:10F9500003D190F8BD20D20611D45A6B42F08042F8
:10F960005A63D0F8BC3019075CBF43F00803C0F8F5
:10F97000BC30838943F002038381802070475A6B37
:10F9800022F080425A63D0F8BC301A0744BF23F0FB
:10F990000803C0F8BC30F0E700EF00E0094A034676
:10F9A000906870B113F1160F006E05D0A0F18002BF
:10F9B000934205D3834203D2814228BF002070477F
:10F9C0000020704790580020104B9B6883421AD14A
:10F9D000EFF30580B8B9EFF31181402282F312886A
:10F9E000BFF36F8F9A8922F002029A81EFF314839A
:10F9F00023F0040383F31488BFF36F8F81F311881E
:10FA0000BFF36F8F70476FF015007047905800205C
:10FA100008B515460E460022E1EE102AEFF31482D7
:10FA200022F0040282F31488BFF36F8FBFF36F8F4D
:10FA30000B4A0C4B9060026F1A6000F0BFF82C4626
:10FA400086F309880020044B9847204600210022B5
:10FA50000023024C2047000067DB010011E3000097
:10FA600090580020EC550020014B10221A6170477D
:10FA700000ED00E0054B9A699B689A421FBF044A5B
:10FA8000536843F080535360704700BF9058002084
:10FA900000ED00E0084B9B6883420BD1EFF3058338
:10FAA00043B1064B5A6842F080525A605A6A22F4B7
:10FAB00000425A620AF0FCBF9058002000ED00E0BE
:10FAC00023498A6882F8BDE04FF030001044EFF31C
:10FAD000098C80E8F01F1EF0100F03D102F17C00AA
:10FAE00080EC108A402080F31288BFF36F8F194F8B
:10FAF0004FF000668A698A603E60106F164C206085
:10FB000092F9BDE0506F0023536780F311881EF017
:10FB1000100F03D00023E1EE103A03E002F17C0065
:10FB200090EC108AEFF3148323F0040383F314881A
:10FB3000BFF36F8F04B5104600F040F8BDE80440F5
:10FB400002F1300090E8F01F8CF309887047000044
:10FB50009058002004ED00E0EC55002004480023FC
:10FB60004021C2180133272B82F80013F9D17047C6
:10FB700000E100E008B5EFF30583064A103B02EB15
:10FB8000C30152F8330049688847BDE80840FFF7D1
:10FB900071BF00BFD01B0200014800687047000021
:10FBA000EC550020024B034A0348012100F090B8B5
:10FBB00000000120000000205C25020010B5044672
:10FBC000FFF7C2FE226E03460548D21AC0E90023A1
:10FBD000044B8360BDE81040012100F083B800BFF2
:10FBE000F055002000000B1508B503461048D0F86A
:10FBF0009020C2F30722013A934207D90D480E4ADA
:10FC000001210DF0AFFE6FF0150008BDC0F898306F
:10FC10000A6822F01F021A4342F01002C0F89C202A
:10FC20008A6842F00102C0F8A0201846EDE700BF44
:10FC300000ED00E0381E0200956D0300F0B50E46A1
:10FC400085B01F4604460025B5420DDA606810B342
:10FC500097B1431E18420AD0104A11482B46012181
:10FC60000DF080FE6FF01502104605B0F0BD7F2844
:10FC7000F2D921680B42EFD1236801930DF096FF72
:10FC8000A36801A90343D0B20393FFF7ADFF10F1BE
:10FC9000160FE7D0421C01350C34D5E7BB6D0300CD
:10FCA000381E0200044B0522C3F89420BFF34F8F87
:10FCB000BFF36F8F704700BF00ED00E0BFF35F8FB1
:10FCC000024B0022C3F89420704700BF00ED00E013
:10FCD00010B5034C01232278FFF7B0FF207010BD50
:10FCE000665C002008B50B4A00231278FFF7A6FFD8
:10FCF00010F1160F07D0084A0021D2F89030C3F354
:10FD00000723984200DB08BDC2F89800C2F8A01093
:10FD10000130F2E7665C002000ED00E02DE9F043E1
:10FD20005D485E49D0F890300C68C3F307239C42CD
:10FD300085B000F2AE80FFF7C1FF4968002294420F
:10FD400001F10C011AD1564F564D3C706846FFF731
:10FD50009BF9554C554E81464FF00008C14520D1C6
:10FD60003B784D490020D1F89020C2F307229342FE
:10FD7000C0F28980FFF796FF002050E0C0F898207D
:10FD800051F80C3C23F01F03134343F01003C0F859
:10FD90009C3051F8043C43F00103C0F8A03001321C
:10FDA000CDE7009800EB08114FEA081CCB68234010
:10FDB000B3F5000F49D00BD8B3F5001F32D0B3F51F
:10FDC000800F37D0B3F5801F14D008F10108C5E7C4
:10FDD000B3F1007F42D0B3F1805F48D0B3F1807FB0
:10FDE000F3D150F80C3088684A680DF0DFFE40F01F
:10FDF000887009E050F80C3088684A680DF0D6FE2B
:10FE000040F0885040F43020039001A93878CDE9C3
:10FE10000123FFF7E9FE002831DA6FF0150005B085
:10FE2000BDE8F08350F80C3088684A680DF0BEFEDB
:10FE30003043E9E750F80C3088684A680DF0B6FEA8
:10FE400040F0C06040F40030DEE750F80C308868C5
:10FE50004A680DF0ABFE40F08270D5E750F80C30E8
:10FE600088684A680DF0A2FE40F48020CCE750F884
:10FE70000C3088684A680DF099FE2843C4E73B7847
:10FE800001333B70A1E7C1F89830C1F8A0000133FD
:10FE900069E74FF0FF30C2E700ED00E0682502009F
:10FEA000665C0020000002110000F0FF0000081155
:10FEB000F0B587B007460E4614460021102268466A
:10FEC0001D4611F0D0FB02238DF802302A46054B67
:10FED000019321466846CDE904760BF01BFA07B082
:10FEE000F0BD00BFCDDB010008B5024B1B68984791
:10FEF000002008BDFC550020034B044A186093788D
:10FF000043F0020393707047FC5500206007002007
:10FF100008B50649064821F00701C1F1005202F573
:10FF200080320DF08DF8002008BD00BF3BB80020E6
:10FF30000056002070B54169867A0B4D044659B1D0
:10FF4000437ADB0706D4242303FB0653DB691B68D3
:10FF50009B689847002363612420214600FB0650DC
:10FF6000BDE8704011F088B8D80B0020024B242265
:10FF700002FB0030704700BFD80B0020827A064B8E
:10FF8000242101FB02331A6A1B7D1B33801A23F0E4
:10FF90000303B0FBF3F07047D80B002038B5074BD4
:10FFA000827A242404FB0233DB69D3E901240C6048
:10FFB0001568FFF7E3FF04FB005038BDD80B0020A5
:10FFC0002DE9F04385B005466846039190461C46EE
:10FFD00011F0C8FADDE90067EFF31189402383F3DC
:10FFE0001288BFF36F8F6B8A002B41D02A8A9A4206
:10FFF00025D900220023284609F0D0FF0446F0B19D
:020000040001F9
:1000000089F31188BFF36F8F039B002B41D03246D9
:100010003B46684611F0CBFAA27A264B242101FB1D
:1000200002332046DB691B6803A91D68DDE9002354
:10003000A847606170BB2046FFF77CFF24E0698A17
:100040004B1E6B8289F31188BFF36F8F2B7D2A8A39
:100050002C6A1B3323F00303521A02FB0344154B93
:10006000154AEB1A9B105343A3722B7DE372CBE727
:1000700089F31188BFF36F8F23464246284609F063
:100080008DFF04460028BFD10024204605B0BDE8FE
:10009000F0836361012300252381039B6382E27A5D
:1000A0006560294604F1180011F0DDFA63692582C4
:1000B000E360EAE7D80B0020398EE33870B50D4CC9
:1000C000242500B970BD037A4668002BFAD0013BA5
:1000D000DBB20372002BF5D1C3604360837A05FB6A
:1000E00003439B6913B198473046EAE7FFF722FFC5
:1000F000FAE700BFD80B0020044A0123C2F84035BC
:100100004FF080420020C2F87835704700E001408F
:1001100048B1054B054A1B68B3FBF2F35843044B47
:1001200043F0010318477047240A002040420F00A3
:10013000F020020008B5054A054B136010463F2326
:10014000536008F05BFF002008BD00BF0C56002084
:10015000FFFF010070B50B7892B006460C4607AD64
:10016000032B31D8DFE803F0022A2C2E1949284648
:10017000FCF70BFB059563780493A3780393E3786E
:1001800002932379019363790093A379124A1E2184
:100190000AA80BF005F810AD0AAB32461C4603CC9A
:1001A000AC4210605160234602F10802F6D120688B
:1001B0001060A3889380304612B070BD0749D6E71F
:1001C0000749D4E70749D2E7074A0A2128460AF037
:1001D000E7FFCFE70B6E03002D6E0300126E0300E6
:1001E000196E0300236E03007C7E03000E4B402932
:1001F00070B528BF40210D4C46181D46B04203F192
:10020000020304D1002305F81130074870BD0278BD
:100210001209A25C03F8022C10F8012B02F00F0265
:10022000A25C03F8012CE9E7675C00202487030047
:1002300030B50378012B11D0022B21D06BB9154BAF
:100240000A4603F1100453F8045B42F8045BA3422E
:10025000F9D143881A0A8A70CB7030BD0D4B0A461B
:1002600003F1100453F8045B42F8045BA342F9D194
:1002700043681A0C180E4A700870C3F30722EAE7A5
:1002800000F11003013913F8012901F8012F9842F8
:10029000F9D1E2E73587030010B50DF0BAFD10F093
:1002A000EDFF044608B90AF039FBBFF35B8F064B3C
:1002B0001B68BFF35B8F0BB10A2098471CB9BDE8E0
:1002C00010400AF03FBB10BD1456002038B504465C
:1002D00008480DF08CFC054648B1631EDBB21F2BAD
:1002E00096BF054A0021D15C0C300DF0EFFC28468A
:1002F00038BD00BF8C0C002045870300054BBFF3C1
:100300005B8F53E8002F43E800010029F9D1BFF3C8
:100310005B8F7047145600200F2810B50CD80D289D
:100320000CD90A480DF063FC044618B104210C30C6
:100330000DF0CCFC204610BD1328F2D009B10448C2
:10034000F0E7BDE810400220FFF7C0BFB00C00206E
:10035000200C0020C3681B78024A034802210DF0DC
:10036000C8BD00BF5F6E0300E01D020038B5C56860
:100370002B7893B9B5F801400F21204602F08CFC90
:10038000EB78054650B90A4A118831B96FEA045032
:100390006FEA10501080074A137038BD4372012174
:1003A00002F098FB2846BDE8384002F03DBB00BF94
:1003B000CE580020E85C002070B5C3681D78BDB938
:1003C000B3F801600F21304602F066FC044638B9EC
:1003D000084A094833460121BDE870400DF089BD47
:1003E000294602F077FB2046BDE8704002F01CBBB6
:1003F00070BD00BF876E0300E01D020010B5C3682A
:10040000B3F801400121204602F046FC38B9064A03
:10041000064823460121BDE810400DF06ABDBDE845
:10042000104002F001BB00BFAD6E0300E01D0200F2
:1004300010B5C3681C880121204602F02DFC38B994
:10044000054A064823460121BDE810400DF051BD84
:10045000BDE8104002F0E8BAAD6E0300E01D0200F6
:1004600010B501210C300DF052FC0378034A04480A
:10047000BDE8104001210DF03CBD00BFD16E03006E
:10048000E01D0200014610B508480DF0B4FB084914
:10049000084810F0A3FE031E06DA074A0748BDE825
:1004A000104001210DF025BD10BD00BFB406002095
:1004B000F0070020A81F0020F36E0300E01D0200DB
:1004C00010B586B003AB0024009307490748059494
:1004D0004FF0FF334FF44072CDE9034409F07AFF47
:1004E000204606B010BD00BF806A0020C81E002054
:1004F00010B5084C0146062294F86F0002F0E4FEA5
:1005000038B994F86F000449BDE81040052202F0A4
:10051000DBBE10BD800500200A870300024A0348A5
:1005200001210DF0E4BC00BF106F0300E01D0200CC
:10053000B0B50B460D8A00AF04462946D868FFF7D0
:1005400055FE8AB06A46094BCDE9053440F20243B4
:10055000ADF82430064BCDE907504FF4325142F844
:10056000103F04480DF0D6FCBD46B0BD2A6F030015
:1005700005000001E01D020070B5C568B5F8016016
:100580000121304602F088FB044638B90D4A0E4876
:1005900033460121BDE870400DF0ABBC2B783BB970
:1005A000D5F80330C0F89930D5F80730C0F89D3041
:1005B000201D4FF480310DF09EFC2046BDE87040B8
:1005C00002F032BAAD6E0300E01D02002DE9F84FD3
:1005D000D0F80C90018A99F80040A30001338B42B7
:1005E00000AF63D96D468AB06A463248CDE907311B
:1005F0000523CDE905044FF4215142F8103F2E4860
:100600000DF088FCAD46BD46BDE8F88F2B4A2A4860
:100610002B4601210DF06DFC013699F800309E4209
:10062000F1DA09EB86030F21B3F80150B3F8038028
:10063000284602F031FB04460028E7D000F1C00A4A
:10064000B8F1000F06D0656945B91D4A1A48012165
:100650000DF04DFC204602F0E7F9DDE7A2692B68BA
:100660006361954208BFA361204602F0FFF809F0DC
:10067000C7FCC5F800B0236AABB9C4E90755BFF39E
:100680005B8F5AE8003F013B4AE80032002AF8D16C
:10069000BFF35B8F0021204608F1FF3802F0F2F82B
:1006A0001FFA88F8CCE71D602562E8E70026B3460C
:1006B000B3E700BF4C6F0300E01D0200776F03003B
:1006C000936F030037B502EBC303044608469A4212
:1006D00002D16FF05E0010E0114611F8085BA542F0
:1006E00011D1038A5178994209D90848084A0094DF
:1006F00001210DF041F96FF0150003B030BD5368D2
:1007000098470020F9E70A46E1E700BFE01D020034
:10071000AA6F03002DE9F0470C460AF0FFF8E568E0
:100720002B78022B75D0042B0AD03E4A3E4801217B
:100730000DF0DFFB2046FFF7C1FC6FF015040EE063
:10074000B4F81080B8F1020F0ED8384A4346364844
:1007500001210DF0CEFB2046FFF7B0FC00240AF08B
:10076000F1F82046BDE8F08768783E280CD1B8F152
:10077000030F02D12E4A4346E9E7EB78012B01D063
:100780000A2B46D1032704E00DF09FFB0746F8072C
:100790003FD504F10C0601213046D4F814A00DF029
:1007A000AEFA022130460DF0B2FA814600783E28BA
:1007B00007D1E3681B78012B01D00A2B06D1032651
:1007C00014E00DF082FBC10706460FD4194A1A49FE
:1007D0001A4841F268130CF0D3FC002383F311880C
:1007E000BFF36F8F0323184602DF0226144A99F8DD
:1007F0000000062321460DF0B8FBB2070DD5636952
:10080000A4F81080A5EB0A0513FA85F5E560BB078F
:10081000A4D52046FFF736FEA0E72046FFF74EFCA2
:10082000F5E700BF72700300E01D0200CC6F03000B
:10083000E86F0300087003003C700300557003006C
:100840000C26020010B5012104460C300DF05FFAB1
:100850002146034A0078BDE8104002230DF085BB15
:100860003C26020073B53E480DF0DAF90446002834
:1008700073D000F10C0528460DF051FA022803460A
:1008800003D0042847D0374A03E0238A032B05D836
:10089000354A364801210DF02CFB13E0042128468F
:1008A0000DF035FAFF23428806882376238AC6F3A3
:1008B0000B009A42608309D02C48009201212C4AF7
:1008C0000DF05AF82046FFF7F9FB12E00F2102F075
:1008D000E3F9054610B9638B264ADAE702F002FA1B
:1008E000320B20762146284602F022F8284602F0F4
:1008F0009BF8214BD3F834317BB32049204810F0CA
:100900006DFC031E29DA1F4A1848012102B0BDE818
:1009100070400DF0EEBA284602210DF0F8F90546B8
:1009200000783E2812D00DF0D0FA10F002060DD15A
:10093000154A1649164840F69A430CF021FC86F3F6
:100940001188BFF36F8F0323184602DF114A2878FE
:10095000042321460DF009FBB4E702B070BD00BFCF
:10096000B40600201B71030086700300E01D020026
:10097000A7700300CB70030080050020F007002063
:10098000A81F0020F36E030008700300ED70030041
:10099000557003004C26020010B5012104460C30AE
:1009A0000DF0B5F92146034A0078BDE81040072351
:1009B0000DF0DBBA6C260200F8B5012100AF044649
:1009C0000C300DF0A4F90678114A00232146304678
:1009D000FFF778FE5F3019D1258AE0682946FFF7D6
:1009E00005FC6C468AB06A460A4BCDE9053640F2F2
:1009F0000243ADF82430084BCDE907504FF4325193
:100A000042F8103F05480DF085FAA546BD46F8BDF1
:100A1000A42602002F71030005000001E01D020062
:100A20002DE9F74FDFF828A1BFF35B8F8046894699
:100A3000174600235AE8004F4AE80032002AF9D14D
:100A4000BFF35B8F264644B93D4A3E4843460121E9
:100A500003B0BDE8F04F0DF04CBA2046FFF78EFA18
:100A6000394D4FF00C0B0BFB0050438843451FD012
:100A70002046FFF783FA0BFB00504388334A00936C
:100A80003048434601210CF077FFBFF35B8F5AE8F3
:100A9000003F4AE80062002AF9D1BFF35B8F002BC8
:100AA0004BD01E46304603B0BDE8F04FFFF706BB03
:100AB000A74208D020460DF095F83A8AF96804F16B
:100AC0000C000DF0FAF82046FFF758FA0C2707FB48
:100AD00000504368ABB1B9F1000F12D12046FFF7C7
:100AE0004DFA07FB005001214268536803F01F00D4
:100AF000814010685B0900EB8300137ACBB10DF0E5
:100B0000FAF92046FFF73AFA0C2707FB00508368F2
:100B1000002BC7D02046FFF731FA784305F8009044
:100B20002046FFF72BFA07FB0055A86809F068FA82
:100B3000B8E7C9430DF0F1F9E3E703B0BDE8F08F82
:100B400061710300E01D0200185600208971030046
:100B5000B006002073B5C568B5F8016001213046C4
:100B600002F09AF8044640B93E4A3F483346012114
:100B700002B0BDE870400DF0BCB92B781A2B00F123
:100B8000040619D1C378012B50D14FF4804130466F
:100B90000DF0B1F942040FD4D4F88C3000936946BB
:100BA000D4F894300193204602F0D8FE204602B0DB
:100BB000BDE8704001F038BF2B78BBBBB5F80330FF
:100BC0002A4940F2E2425343C4F88830B5F8052080
:100BD000A4F89020B5F80720A4F89220A3F5EA52D3
:100BE0000C3A8A4204D9224A1F4802210DF081F9A9
:100BF000B4F89030B3F5FA7F04D31E4A1A480221A4
:100C00000DF077F9B4F89230A3F10A0292B240F6EF
:100C100076418A4204D9184A134802210DF069F935
:100C20006FF4805130460DF078F917E0BFF35B8F19
:100C30006368BFF35B8FDB04F2D52B78202BEFD1F9
:100C400094F89830002BEBD0013B84F898304FF4A7
:100C50002032002304F1400009F026FC204602F077
:100C600027FAA3E7AD6E0300E01D020095F03C00FB
:100C7000BC710300E37103000A720300B0B53C28A5
:100C800000AF04461AD101F0DBFA6FF48071103026
:100C90000DF043F90020FFF72BFC054630B9124A4E
:100CA000124801210DF023F9BD46B0BD4472002168
:100CB00001F010FF284601F0B7FEF5E76D468AB057
:100CC0006A460B4BCDE905300A4B079340F20133DE
:100CD000ADF82030084B42F8103F04484FF4125151
:100CE0000DF018F9AD46DFE736720300E01D020093
:100CF000577203007468030004000001094BBFF33E
:100D00005B8F1A68BFF35B8F02F00B02BFF35B8F40
:100D100053E8001F43E800200028F9D1BFF35B8FA0
:100D2000704700BF5406002010B5C1E900239DF8AC
:100D300008300B720C46FFF721F9034B0C2202FB23
:100D400000335C6010BD00BF18560020F8B50246A5
:100D50000B4610480CF04BFF0446C0B104210C3088
:100D60000CF09AFF2046FFF709F90B4D0C2707FB03
:100D70000050002646802046FFF700F907FB005090
:100D800086602046FFF7FAF807FB00556E602046A4
:100D9000F8BD00BF680C00201856002010B592B0B6
:100DA000044607494822684610F036FC112C9BBFC8
:100DB00012AB03EB8404034854F8480C12B010BD86
:100DC000B41E020073720300034B0146D3F84C01BA
:100DD00082689268104700BF800500202DE9F04F1F
:100DE00091B0042100AF4A480DF085F86D4688B0F7
:100DF0006A46484B0593484B06934FF40073ADF891
:100E00001C30464C464B42F8103F4648464E4FF485
:100E1000E6510DF07FF8454BE17907F12008AD462A
:100E2000012998BF1E4640462146FFF793F98AB034
:100E30006A463F4BCDF81C80CDE905363D4B089303
:100E40003D4B42F8103F37483C4EDFF800814FF4ED
:100E500023510DF05FF8A246AD460125E3799D428E
:100E60000AF1070A3BDB94F870502846FFF796FF1B
:100E70006E468CB0B4F87210B4F876306A46DFF87B
:100E8000D0C00993CDE907512D4B4FF40075CDE942
:100E900005C0ADF828504FF4535142F8103F214897
:100EA0000DF038F8B54694F871603046FFF776FFDC
:100EB0008AB0B4F874306A462249ADF82450CDE9BE
:100EC0000763214BCDE9051042F8103F15484FF458
:100ED00033510DF01FF84437BD46BDE8F08F514641
:100EE0003846FFF737F9E9468AB06A4640F20133DF
:100EF000CDE905650797ADF820300A4842F8108F14
:100F00004FF413510DF006F80135CD46A6E700BFAA
:100F1000540600207F7203009172030080050020B8
:100F200003000001E01D02007B72030074680300EF
:100F3000957203000002010304000002A472030082
:100F400006000001F3720300050000010400000127
:100F5000B572030038B50546FBF71FFC142804469C
:100F600010D80A482946FBF706FC48B12246074834
:100F7000294610F051FB064B2344002283F85021F0
:100F8000002038BD6FF00B00FBE700BFD00600204B
:100F90008005002000487047D00600200149024823
:100FA00010F01CB9E0070020C81E002070B50546EF
:100FB0000C4639B1CB684A699B1A032B0ED86FF0E7
:100FC000150509E04FF0FF304FF0FF31FFF7BEFE8F
:100FD000044618B96FF06805284670BD2046FEF734
:100FE000CDFF174B0C2202FB0033A618032130461D
:100FF0005D800CF073FE0580238A033B8370012122
:1010000030460CF073FE40F635439D420FD120462A
:10101000FFF7DAFE05460028DED00A4A0346012122
:1010200009480CF066FF2046FFF748F8D4E7074868
:10103000214610F016F80025FFF7B0FFCCE700BFFF
:10104000185600201A730300E01D0200BC060020A1
:101050002DE9F04784B0804600AF91460C4671B947
:101060004FF0FF304FF0FF31FFF770FE044660B9DC
:101070006FF0680528461037BD46BDE8F087887ACE
:10108000FEF774FF3C4B83426FD1012200213846AA
:1010900010F000F82046FEF771FFDFF800A10C23E6
:1010A00003FB00A0876020460CF0D0FD01464046BF
:1010B000FFF77CFF054618B12046FEF7FFFFD9E792
:1010C0004FF4A0220023384608F0CEFF064690B128
:1010D0004FF4F173294A2A492A480CF051F82A485A
:1010E000324641460CF04CF885F31188BFF36F8F00
:1010F0000323184602DF2046FEF740FF0C23584327
:101100001AF800605EB36D468AB06A461F4B0796B8
:10111000CDE905381E4B089340F20243ADF8243068
:101120001C4B42F8103F1C484FF432510CF0F2FEB9
:101130002046AD46093EFEF7C1FF092E0CD8DFE878
:1011400006F0050B0B08170B0B0B0B146FF06E055D
:1011500090E76FF00C058DE76FF004058AE7B9F1B1
:10116000000FA9D0C9F8004084E76FF0150581E7AA
:101170006FF00B057EE700BF680C002008700300CD
:101180003C73030055700300457303008A7303002A
:101190007468030005000001E01D020018560020DD
:1011A00073B506460D4601AA002142F22F00FFF753
:1011B0004FFF044638B1154A154801210CF097FE3F
:1011C000204602B070BD0198C368B3F80120328098
:1011D000B3F803302B80FEF771FF3388A3F11B02B5
:1011E000E02A04D90B4A0A4802210CF082FE2B881F
:1011F000A3F5A47292B244F248118A42E0D9064A99
:10120000034802210CF075FEDAE700BFA973030062
:10121000E01D0200C9730300EE7303002DE9F04FD7
:101220008DB05E4BB0F80190198849F4704291423C
:101230004FF0000602BF1E80594B1E78C378012B69
:1012400008BF584B00F1040A00AF054650460CBFDA
:1012500093F86F4000240CF0D8FD07F108085146C0
:1012600080B340460CF0C6FDD5F81130C7F8013008
:10127000B5F81530A7F805304FF0010BEB78012BCE
:1012800037D007F1100451462046FEF763FF6D4644
:1012900088B06A46444B4548CDE905344FF40073A5
:1012A000ADF81C30424B42F8103F4FF4E2510CF0C5
:1012B00031FE1321AD4648460CF08BFE3437BD4657
:1012C000BDE8F08F20460CF008FF03460068B860C8
:1012D0009A889B796868A8F8042088F80630BAF8DC
:1012E00004209AF8063095F804B03860BA80BB71D3
:1012F000C4E74046FFF7FCF804460028C1D0034687
:10130000B5F8012023F8702BB86898F80620B8F8D3
:10131000041020679A719980B5F8173040F2E242C4
:101320005343C4F88830B5F81930A4F89030B5F8B4
:101330001B30A4F89230EB78E3700022012B62722C
:101340001AD187F800B0BA88BB793868A4F87B2036
:1013500084F87D30C4F8770000F072FF237A1149D9
:10136000C3EBC3035A18CB58C4F87E309388A4F853
:101370008230937984F884300721204601F0AAFB5B
:1013800026B166720121204601F0A4FB204601F03F
:10139000E5FC204601F048FB90E700BFCE58002056
:1013A000E85C00208005002011740300E01D0200AD
:1013B0000300000100B5C368187889B020B109B0F6
:1013C0005DF804EBFFF75ABCB3F80120ADF801203B
:1013D000DA788DF800008DF80320B3F80B20ADF813
:1013E0001720B3F80D20ADF81920B3F80F20ADF891
:1013F0001B205A7C8DF81D20586801901A899B7A11
:101400008DF80A30094BADF8082068461A689B88A9
:10141000CDF80B20ADF80F30CDF81120ADF8153018
:10142000FFF7FCFE09B05DF804FB00BF1E87030058
:10143000F0B5002285B0114602AF40F60340FFF739
:1014400007FE044600285BD1FFF758FC21463A1DF1
:1014500041F20300FFF7FCFD0446002850D17A68F2
:10146000C74DD168D1F80100D1F8051005F1780316
:1014700003C31046FEF722FE21463A1D41F2010049
:10148000FFF7E6FD044600283AD17868C3685A7829
:1014900085F870205A88A5F872201A7985F871208D
:1014A000B3F80720A5F87420B3F80530A5F8763016
:1014B000FEF704FE21463A1D41F20200FFF7C8FD87
:1014C0000446E8B9D7F804C0DCF80C2005F1800622
:1014D000531C413218685968344603C40833934298
:1014E0002646F7D16046FEF7E9FD95F87C305906AF
:1014F0000AD4A44AA44801210CF0F9FC6FF01204AC
:1015000020460C37BD46F0BD3A1D002142F20300D3
:10151000FFF79EFD04460028F2D17A689B4BD16804
:10152000D1F80100D1F8051003C31046FEF7C6FD3F
:1015300021463A1D42F20200FFF78AFD04460028C8
:10154000DED17E68F468B4F801309AB292B1E278E4
:1015500082B1A5F8FC30E378032B06D00322009279
:1015600089488B4A02210CF007FAE2788948114633
:101570000FF090FD3046FEF7A1FD95F87C601F232B
:1015800016F02006A5F8103119D14FF0FF304FF0BA
:10159000FF31FFF7DBFB0446002800F09E810221AB
:1015A0000C300CF084FB0123037046702146324658
:1015B00040F66D40FFF74CFD04460028A0D195F899
:1015C0009C301A0712D53A1D002142F21C00FFF789
:1015D0003FFD0446002893D17868C368D3F8012002
:1015E000D3F80530C5E93823FEF768FD95F8D83003
:1015F0009B0623D5B91C3846FFF7D2FD04460028C8
:101600007FF47EAF4FF0FF304FF0FF31FFF79EFBCE
:101610000646002800F0618104210C300CF047FBE5
:101620003B8803807B8843802246314642F2240077
:10163000FFF70EFD044600287FF462AF4FF0FF3045
:101640004FF0FF31FFF782FB0446002800F0458190
:1016500008210C300CF02BFB95F8D82012F0020F6B
:1016600014BF2F230F23960695F8D92048BF43F0C7
:10167000400312F0090F18BF43F400630022037007
:10168000C3F3072343708270C2700271427182718A
:10169000C271214642F20100FFF7DAFC044600283D
:1016A0007FF42EAF95F87C30B5F8FC1098065DD429
:1016B000C9B93A1D41F20500FFF7CAFC04460028EB
:1016C0007FF41EAFB5F8FC307C684BB9E368B3F823
:1016D0000120A5F8FC209A882E4811460FF0DAFC6C
:1016E0002046FEF7EBFC4FF0FF304FF0FF31FFF7E5
:1016F0002DFB0446002800F0F08008210C300CF08F
:10170000D6FA102303708823002243700226202378
:101710008270C670027142718271C371214640F6B7
:101720000140FFF795FC044600287FF4E9AE01462E
:101730003A1D4FF60140FFF78BFC88B3164A12485A
:1017400002210CF0D4FBEB79002B40F0B68000F0C6
:10175000BDFC044600287FF4D3AE01F0F5FE04463C
:1017600000287FF4CDAEFFF739FBC9E60029BAD1D6
:101770000A4A054801210CF0BAFB6FF00404BFE6E9
:10178000800500202D740300E01D02005806002093
:101790005174030080060020BA740300977403009C
:1017A0007B68DC68B4F80130042B96BF584A59496D
:1017B00052F823106E468AB002AA5748D3614FF4FC
:1017C00000731384554BC2E9050142F8103F544899
:1017D0004FF413510CF09EFBB4F80120B4F8033021
:1017E000022AB54649D1052B47D84E4A52F8231054
:1017F0006E468AB002AA4C48D3614FF4007313843A
:10180000464BC2E9050142F8103F4FF413514448DA
:101810000CF080FB637994F806C0D4F80900032B20
:10182000B54698BF414AB4F8076094BF52F82310F8
:1018300038496C468CB002AADFF804E1C2E9073CE3
:101840004FF4007393853A4BC2E905E1C2E90960A0
:101850004FF4735142F8103F31480CF05BFBA54642
:101860007868FEF72BFC3A1D00214FF60240FFF787
:10187000EFFB044618B12F4A61E72649B8E77868BC
:10188000C368B3F80130A5F8C130FEF717FC95F82E
:10189000C1305A077FF557AF3A1D21464FF6034036
:1018A000FFF7D6FB08B1244A49E77868C3685B783C
:1018B00085F8C030FEF702FC45E72E78002E7FF455
:1018C00046AF95F8C1309B061FD54FF0FF304FF063
:1018D000FF31FFF73BFA044610B96FF068040FE6DA
:1018E00006210C300CF0E3F9D5F801300360134BFE
:1018F0009B888380214632464FF60640FFF7A8FBBF
:10190000044600283FF423AFFAE56FF08504F7E5BD
:10191000F825020073720300DE7403000400000166
:10192000E01D0200E0250200F7740300D02502004C
:10193000070000013C750300657503008105002068
:101940000F75030010B5FFF773FD034B1B6813B150
:10195000BDE81040184710BD3C56002037B52F4C4D
:101960000546D4F84C010FF002FA48B92C4A2D482C
:1019700001210CF0BCFA6FF01204204603B030BD18
:101980006FF0020104F1D4000CF0C7FA01210CF051
:10199000B2FAC3073ED42448FFF7DCFA30B1234A39
:1019A00020486FF00B0302210CF0A3FA204B1D60BE
:1019B000012211461F480FF06DFB1F480FF049FB35
:1019C0001E480FF036FC002300931D491B486FF0A2
:1019D00007034FF4806208F0FDFC1A4917480FF026
:1019E00053FCD4F84C01184983681B689847044697
:1019F00030B1164A034601210A480CF07AFABCE7D6
:101A000025B903B0BDE83040FFF712BD104808F01B
:101A1000DBFCB2E76FF07704AFE700BF8005002082
:101A20008E750300E01D0200A6750300AD7503006E
:101A30003C560020A0060020BC060020A81F002065
:101A4000006E0020CC75030015070100D57503005A
:101A50004406002073B5C368D9789A781E8842EA94
:101A60000122ADF8002059791A7942EA0122ADF835
:101A70000220D9799A7942EA0122ADF804201A7A33
:101A80005B7AB4B242EA032301212046ADF8063066
:101A900001F002F9054658B91D481E4A01212346A6
:101AA0000CF027FA022120460CF0F1FA02B070BDCA
:101AB000694601F04FFB38B91E2120460CF0E7FAC9
:101AC000284600F0B1FFF1E74FF0FF304FF0FF3153
:101AD000FFF73CF904460028F2D00E210C300CF040
:101AE000E6F800230680C0F80A30BDF800304380D5
:101AF000BDF802308380BDF80430C380BDF80630E5
:101B00000381214642F22000FFF750FAD8E700BFD8
:101B1000E01D0200AD6E030038B5042104460C3010
:101B20000CF0F5F8034640885D7818B11978224624
:101B3000FEF776FF35B1044808F062FABDE8384098
:101B4000FFF72CBA38BD00BFA0060020B0B50321B6
:101B5000044600AF0C300CF0DAF8E2680346B0F847
:101B60000100117840F63542904216D16C468AB099
:101B70006A46104B1048CDE90531104B079340F2EF
:101B80000133ADF820300E4B42F8103F4FF41251A4
:101B90000CF0C0F9A546BD46B0BD1D7810B1224677
:101BA000FEF73EFF002DF6D0064808F029FAFFF7B1
:101BB000F5F9F0E7F1750300E01D02007468030019
:101BC00004000001A006002038B508F0A7FE2F4D44
:101BD000D5F83C31002B56D00022002305F590703B
:101BE00008F042FA00284ED10022002305F59E702D
:101BF00008F0D4F9044668B9254A2649264840F633
:101C0000AA430BF0BDFA84F31188BFF36F8F03234F
:101C1000184602DFD5F830315BB1204A2048012157
:101C20000CF065F9D5F83001FEF748FA0023C5F845
:101C3000303120460CF00AF8C5F830012046FFF795
:101C4000C3F80346C8B1174A154801210CF051F9F1
:101C5000154808F0D5F92046FEF790F9134B0C22F1
:101C600002FB0033588818B122461F21FEF7D8FE28
:101C70002046FEF723FAFFF791F9FFF78FF9BDE849
:101C8000384008F05FBE01F079F8F8E780050020E1
:101C900008700300536E030055700300297603009B
:101CA000E01D02001A730300A00600201856002051
:101CB000F8B50A4DEF7906460024E3B29F4202D8F8
:101CC0006FF0010007E0294630460CF0FCF90735BB
:101CD000631C08B12046F8BD1C46EEE780050020D5
:101CE00070B51A4E0622314605460FF0C4FC38B3D3
:101CF0004FF0FF304FF0FF31FFF728F8044608B3EC
:101D0000062229460C300BF0D8FF2146002242F271
:101D10000500FFF79DF9044648B110F10D0F04D1FD
:101D20000B4A0C4802210CF0D6F9204670BD334610
:101D30002A6843F86929AA88B280012283F86820BA
:101D40000024F2E76FF06804EFE700BFE905002028
:101D500069770300E81D020073B504460D4689B19A
:101D6000174928460CF0AFF960B9164A2968C4EB48
:101D7000C404A3181151AA889A80AA799A710020E4
:101D800002B070BD6E4630460CF026F80028F7D140
:101D90003046FFF78DFF0028F5DA0A4A0098B1793E
:101DA000C4EBC404A3181051B08898809971002D19
:101DB000E5D012592A609A88AA809B79AB71DEE738
:101DC000118703008005002070B5044629BB38B395
:101DD00027490CF078F918BB2046FFF769FF002867
:101DE00040DA23786BB9234AD379002B3AD12068A3
:101DF0001060A179A088917101219080D17118465D
:101E000070BD012B04D1A37903F0C003C02B07D010
:101E1000194A1A4801210CF05EF96FF01500EFE73E
:101E2000144DEB79012B20D0BFF35B8FD5F8D43064
:101E3000BFF35B8FDB0707D4002CEED00C492046A4
:101E40000CF041F90028E8D1EE792146731C3046A8
:101E5000EB71FFF781FF08B93046D1E7EB79013B21
:101E6000EB71CDE76FF07700CAE76FF00B00C7E7C3
:101E7000118703008005002078770300E81D020029
:101E80002DE9F341044640B91A4A1B4802210CF0DF
:101E900022F9002002B0BDE8F08101AA002141F240
:101EA0000900FFF7D5F8054608B1144AEDE7019E91
:101EB0001349D6F80C8008F10107062238460FF0C6
:101EC000DAFB28B10F49062238460FF0D4FB18B9C7
:101ED0003046FEF7F3F8DCE7D8F80130C4F80130FB
:101EE000BB88A4F8053030462570FEF7E7F80120DE
:101EF000D0E700BFA6770300E81D0200BF7703000C
:101F00001E8703001887030007B56846FFF7B8FF70
:101F1000044BD87118B169460020FFF71DFF03B0CC
:101F20005DF804FB800500202DE9F041304EF17989
:101F300088B0002954D196F8C24014F0010411D1A0
:101F40002C4A2D4802210CF0C6F80024F471162505
:101F500000240127F379E0B283422BD8002B3FD035
:101F600000203AE06A464FF60940FFF771F808B1E1
:101F7000224AE6E7DDF800C0DCF80C5095F8018055
:101F8000B8F1000F0ED0AB1C02AA123518685968C0
:101F9000174603C70833AB423A46F7D11868386092
:101FA0009B88BB806046FEF789F8B8F1000FCDD161
:101FB000134AC6E708AB05FB0033694653F8182CF3
:101FC00033F8143CCDF80120ADF805308DF80070E1
:101FD000FFF7C2FE01340028BCD008B0BDE8F08194
:101FE0000021084608B0BDE8F041FFF7EDBE00BF94
:101FF00080050020DD770300E81D0200097803005A
:10200000297803002DE9F0411D460E461746034688
:1020100048B145B10A0311D54C0708D5284A2948CB
:1020200001210CF058F86FF01500BDE8F0810CF0BC
:1020300061F80028F9D101232B70F6E7B107047885
:1020400024D021492FB1B20603D591F8D8205006EB
:1020500032D5C4EBC40411F80480B8F1010F09D1E2
:102060000134214418460CF03DF80028DDD185F8F4
:10207000008002E0B8F1000FF9D02FB1B30642BFE3
:102080002B7843F002032B700020CEE7720710D5A7
:102090000D49C4EBC4040F5D012F07D10134214465
:1020A0000CF020F80028C0D12F70E7E7002FE5D111
:1020B000FAE70CF01FF8BEE76FF08500B5E700BF48
:1020C00052780300E81D02008005002038B5104D4D
:1020D000EB7913B10024204638BDFFF715FF044605
:1020E00028B10C4A0C4801210BF0F5FFF3E7EB791E
:1020F000002BEFD1FFF718FF04460028F1D1681C30
:10210000FFF7EEFD04460028E5D0044AEAE700BFE9
:102110008005002071780300E81D0200907803001C
:102120002DE9F74F884601904FF0FF314FF0FF3017
:10213000FEF70CFE044600284ED020210C300BF098
:10214000B6FD00212022064600270FF08CFAD8F8B1
:10215000005006F1010B3946D8F804309F4208D3ED
:10216000019831700022214603B0BDE8F04FFEF720
:102170006FBF6A7895F800C0881C13181F2B5FFA90
:1021800080F915D9BCF1090FC9F11F0201D1002A4C
:102190000CDC134A134801210BF0DBFB2046FDF752
:1021A0008DFF6FF0150003B0BDE8F08F4FF0080C05
:1021B0005FFA82FA0AF1010E0BF801E00131C9B2AF
:1021C00058440BF801C0D14469680FF025FA013773
:1021D0005FFA89F10835BFE76FF06800E3E700BFF9
:1021E000B3780300B01D0200F7B5CDE900016946E0
:1021F00042F208009DF8207016461D46FFF790FF3A
:10220000044668B97FB9BFF35B8F0C4B53E8001FDE
:1022100041F0040143E80012002AF7D1BFF35B8FBD
:10222000204603B0F0BD694642F20900CDE90065E1
:10223000FFF776FF0028E6D00446F1E7A805002066
:1022400000487047980500202DE9F04FD0F8109015
:10225000DFF848A389B0B9F100040546029193461E
:10226000039318BF0124BFF35B8FDAF80030BFF38C
:102270005B8F5A0740F17C81466873050CD56FF07F
:102280001504029B002240F20110934540F08B811F
:10229000204609B0BDE8F08FD0F81080B8F1000FEB
:1022A00001D0B707EBD0B54F2878FB798342E6D948
:1022B000C0EBC000B249072238440FF0DCF9002817
:1022C000DDD0B00706D197F87030082B02D8AB6884
:1022D0009F2BD4D916F0300F74D0B8F1000FCED0A8
:1022E000F10672D406F46036B6F5603FC7D02846D2
:1022F0000BF017FF80460028C1D0A24EBFF35B8FC2
:102300003268BFF35B8FC2F30023D20500F1338143
:102310006A68CDE90533CDF81B30AB68ADF81030F5
:1023200012F4004FEB68ADF8123014BF06230723F8
:10233000D00348BF03F00503910348BF03F0FB033C
:102340008DF81D30BFF35B8F5AE8003F23F4807394
:102350004AE80032002AF7D1BFF35B8F2B783B7637
:1023600087F86F302246696887480DF11503FFF73B
:1023700049FE0446002884D1844BB9F1000F30D0C7
:102380002A6911684AF8B31C9188998092799A71E8
:102390006B689A0727D0B9F1000F2BD013F0100FFC
:1023A0000CBF012304238DF814302B691A68CDF873
:1023B00016209A88ADF81A209B798DF81C304FF0C2
:1023C00000081AE0B8F1000F8CD1D5E902239A4237
:1023D0003FF655AF1F2A7FF652AFB3F5804F81D934
:1023E0004DE7674ACDE79B0502D4039B002B3CD009
:1023F000022300E04B468DF814304FF0FF304FF0D1
:10240000FF31FEF7A3FC0446002800F0C9800F222C
:1024100004A90C300BF051FC2146002242F20600C8
:10242000FEF716FE044600287FF42BAFB9F1000F2B
:102430001FD0686810F0030027D1074652480121D9
:102440000BF073FE0446002845D0514A5148012143
:102450000BF07FFA002F3FF414AF3846002100F054
:1024600039FB384600F0E0FA0BE703238DF814300F
:10247000A5E7129B039A0298CDF800805946FFF712
:10248000B3FE04460028D4D0FBE63C7E3C493F48DE
:1024900087F86F4007220FF0EEF860B93E492046FA
:1024A00000F094FE074610B96FF00B04E9E6052131
:1024B00000F010FBC2E73549204600F0CBFE0028B3
:1024C0007FF4DDAE387E314900F080FE07460028FB
:1024D000EAD00621ECE717B1384600F0A5FA6B68A0
:1024E000BFF35B8F9F0728D056E8003F43F400738B
:1024F00046E80032002AF7D1BFF35B8FBFF35B8F52
:10250000B8F1000F22D056E8003F43F4806346E85C
:102510000032002AF7D1BFF35B8F6B68BFF35B8F8C
:1025200058071CD556E8003F43F4805346E8003274
:10253000002AF7D1BFF35B8FA3E656E8003F23F4F0
:10254000007346E80032002AD6D0F6E756E8003F8E
:1025500023F4806346E80032002ADCD0F6E756E830
:10256000003F23F4805346E80032002AE2D0F6E729
:102570006FF00A0485E66FF0770482E6800500209C
:1025800011870300A805002098050020A105002060
:10259000CC780300B01D02000A8703005406002017
:1025A0006FF068046DE61988814204D1596811B151
:1025B0000978C90702D40132083366E6054906489E
:1025C0000EF03DFE4FF470220023034807F0A0FFF9
:1025D0005EE600BF59260100B005002010B51B4C77
:1025E00020460BF0C8FDBFF35B8F2369BFF35B8F01
:1025F000DA05C3F3002027D5BFF35B8F2369BFF350
:102600005B8F9B0516D504F10900114907220FF0D5
:1026100032F8034614F8180993B90E49052200F060
:1026200053FE044630B10021417200F053FA2046B7
:1026300000F0FAF9BDE81040044800210BF075BD28
:10264000062204F12101EAE710BD00BF9805002031
:10265000118703000A87030010B5FFF7BFFF034689
:1026600030B1044A0448BDE8104002210BF07AB9A9
:1026700010BD00BFE7780300B01D020070B50C4B21
:102680001C68054644B154F8143C143C13B1697AF3
:10269000284698476469F5E7064C074EB44200D3D4
:1026A00070BD236813B1697A284698471834F5E756
:1026B00074560020801D0200981D020010B50446CB
:1026C000FDF75CFC044901EB001120460BF0DEFB3A
:1026D000BDE81040FEF762BC4056002070B5D1E95D
:1026E000015600220446C1E9012206480EF0B9FC59
:1026F0003DB1314620462B466FF06D02BDE870407B
:10270000184770BDC80B002037B5031D0446BFF342
:102710005B8F53E8002F42F4806143E80015002DE1
:10272000F7D1BFF35B8F55053ED4BFF35B8F636872
:10273000BFF35B8FD90326D5E37823B91B4A1C4826
:1027400002210BF02BFDA37A072B2DD1194B93F807
:10275000D8309B0628D50BF016FC28B30DF10601E6
:1027600001A8FEF71DFDF8B9BDF80620BDF804105C
:1027700020460BF06DFC0346B0B10F4A0C48012116
:102780000BF00CFD10E00B4B93F8D8301A07D3D5A3
:102790000BF043FC034620B1084A054801210BF029
:1027A000FDFCA37A072BC7D003B030BD2E79030000
:1027B000C81D020080050020477903000D79030041
:1027C00070B505460F480022002307F04DFCB8B94C
:1027D0000D4B1C6834B154F80C3C143C03B19847C1
:1027E0006469F7E7094C0A4EB44204D32846BDE8B1
:1027F000704007F0E9BDA36803B198471834F3E7C8
:1028000070BD00BFA80B002074560020801D020080
:10281000981D02002DE9F041044640270025EFF302
:10282000118287F31288BFF36F8FE16929B1206AA3
:102830000B68E361814208BF236282F31188BFF312
:102840006F8F71B1D1E901680748C1E901550EF0F8
:1028500008FC1EB1002241462046B047FEF79EFB11
:10286000DDE7BDE8F08100BFC80B00200448B0F8E8
:10287000FC30002B00F5807008BF0020704700BFBF
:102880008005002030B50446FDF786F90D4A0D4657
:102890000D490858D2F8C010884289B005D12046A9
:1028A00009B0BDE83040FFF7B5BF243421461046DB
:1028B0000EF094FC1DB1694620460EF09FFC09B055
:1028C00030BD00BF502F00200800000038B50022A6
:1028D00004468A4202D10024204638BD04F1C803D0
:1028E0000120BFF35B8F53E8005F002D04D143E864
:1028F000000CBCF1000FF6D1BFF35B8F02D0D034D7
:102900000244E6E7002CE6D0C822002120460EF063
:10291000AAFE04F1400004490EF091FC034904F1C1
:1029200024000EF03FFCD7E72D340100ADE101009B
:10293000F7B516460D4601210446FFF7A3FF012E09
:1029400023D0022E52D123693BB13148314A0121B3
:102950000AF0FFFF20460BF047FC256121690B8A36
:10296000012B53D9CA681288043292B293424DD3D4
:1029700043D9274800920121274A0AF0FDFF20464B
:1029800003B0BDE8F0400BF02FBC206940B9234AEA
:102990001F4831460AF0DDFF20460BF025FC01E020
:1029A0002A8A2AB9284603B0BDE8F040FDF786BB65
:1029B000018A438A47695B1AC168C91B5B1A9A423C
:1029C0000CD9174A124831460AF0C3FF2169002288
:1029D000204600F097FF00232361E3E7E9680C300D
:1029E0000BF06BF92846FDF769FBB7E70D4A08487D
:1029F000334601210BF0D2FBCEE700230122204613
:102A0000236103B0BDE8F04000F07CBF03B0F0BD2F
:102A1000C81D020063790300E37903008079030095
:102A20009E790300C579030008B500F1C803BFF320
:102A30005B8F53E8002F013A43E800210029F8D1C9
:102A4000BFF35B8FAAB90B4B984212D303F1D002AC
:102A500090420ED2C01AD023B0FBF3F203FB120057
:102A600038B9054807F0CCFABDE80840034807F03C
:102A7000ABBC08BD88200020A80B00201008002057
:102A800010B504460BF0B9FB07F048FF104AD2F826
:102A9000141104F1BC0361B9C4F8BC10D2F81811C8
:102AA00059B9C2E9453307F04DFFBDE81040FEF7C4
:102AB00075BA8B4205D00968EDE70B60C2F8183192
:102AC000F1E707F03FFF2046FFF7AEFFEDE700BF5D
:102AD00080050020F8B5867A8E4200AF04460D4688
:102AE0001BD1082E96BF534B534B53F826306C46E0
:102AF00088B06A465149CDE905134FF40073ADF82B
:102B00001C304F4B42F8103F4E4800234FF4E45125
:102B1000FBF7ACFFA546BD46F8BD81720EB90BF0C0
:102B20006CFBA37A082B00F2818001A252F823F0FB
:102B30007D2B0100D32B0100172B0100172B010067
:102B4000172B0100172B0100172B0100552B01003B
:102B5000172B01000023C4E90D33E378012BDAD1F0
:102B6000A378012B04BF032384F898304FF420325C
:102B7000002304F1400007F097FCCCE7082ECAD8E8
:102B8000DFE806F02005171C1C1C1720200004F1AC
:102B9000400528460EF05FFB01212046FFF772FE3C
:102BA00020460BF021FB00220023284607F0B0FC52
:102BB000B1E7637A13B12046FFF760FD2046FFF7C7
:102BC00033FFA8E7204A2B461E4802210BF0E6FA05
:102BD000A1E7637A3E2B0FD16D4688B06A461B4B46
:102BE000CDE90534032342F8103F164800234FF483
:102BF000C451FBF73BFFAD46154D05F58076616985
:102C000011B9FEF7CBF986E7A2690B6863619142BF
:102C100008BFA3612046FFF761FDB5F8FC30002B2B
:102C200014BF3046002007F0EBF9E8E7094A2B46CD
:102C3000CAE700BFB8260200FE790300087A030045
:102C400003000001C81D0200197A0300307A030056
:102C500080050020577A0300F8B5074609480D465D
:102C600016460BF0CAFA044650B183781F4203D1CE
:102C7000BDE8F840FFF7D8BE3146A8472046F7E741
:102C8000F8BD00BF88200020024900220120FFF784
:102C9000E3BF00BFA1E1010070B505460E480E4636
:102CA0000BF0ABFA0446A0B1837A012B02D0073BAC
:102CB000012B0CD82388AB4208D1A3781E4209D13E
:102CC000064A07482B4602210BF068FA2046FFF718
:102CD000ABFE0024204670BD88200020737A0300DC
:102CE000C81D0200034BC01A034B00115843C0B269
:102CF000704700BF88200020C54EECC470B51C464C
:102D0000144305460E460DD00F49FCF745FFD1F898
:102D1000C0400E4909588C4206D10D4A0D48022187
:102D20000AF017FE002213460B49002D14BF284657
:102D300008460AF05CFF044618B1711D0C300AF019
:102D4000ABFF204670BD00BF502F002008000000E0
:102D50008A7A0300C81D0200D80B002010B5044673
:102D6000054807F031FB204600F012FD2046BDE883
:102D70001040FFF783BC00BF000800202DE9F04F92
:102D800087B000AF0023FB607B61BE4B5A8A3AB12B
:102D9000BD4DD5F814413CB91C37BD46BDE8F08F98
:102DA0001B68002BF4D1F7E754F8BC3903B1BC3BE6
:102DB000B649002601E01C461346B5F8FC20002A5F
:102DC00000F07381D5F808214AB904F1BC06002B44
:102DD000E2D0D3F8BC20002AEDD0BC3AEBE70A6879
:102DE000002AF2D0D4F8A820002AEED0D4F8AC20E3
:102DF000002AEAD0D4F8B020002AE6D0A37A072B24
:102E00006CD120469047002868D0BFF35B8FD4F880
:102E1000C030BFF35B8F022B60DC20460BF0EDF976
:102E200004460028B8D0A37A072B40F03B81D4F8A1
:102E3000A830B5F8FC1007F11002204698478146EB
:102E4000002800F00E81B5F8FC203B699A4208D3B7
:102E50000146D4F8AC6007F1140307F10C022046D8
:102E6000B0477B693B60B9F81030D7F80C80002B75
:102E700000F001814846D7F810A00BF01DF87860EB
:102E8000002840F0FB80B5F8FC30DFF810B2002BD2
:102E900014BF584600200022002307F0E5F878B957
:102EA0007A480022002307F079F8064600283BD133
:102EB000B5F8FC30002B18BF5E46304607F0A0F88E
:102EC0006FF00B054846FDF7F9F8B8F1000F00F078
:102ED000B38039682A462046C047ADE0D4F8BC30FC
:102EE00004F1BC02C6B9D5F81811C5F814318A42EC
:102EF00001D1C5F818310023C4F8BC302046D4F8FD
:102F0000B030984700288ED0A37A072B40F0CA80B3
:102F10002046FFF7B5FD86E73360D5F818319A42B1
:102F200008BFC5F81861E6E73B68C0F80480836015
:102F3000B5F8FCB05348DA454FF000024FF00003FB
:102F40004FF0000198BF1FFA8AFBFDF739F8804661
:102F500050B1FDF713F84E4B5A4603EB00134946A8
:102F600040460AF06EFF8046B5F8FC3094F8C490F5
:102F70009A4584BF01237B607B6884F8C4309CBF82
:102F800009F102095FFA89F904F1C00ABFF35B8F06
:102F90005AE8003F01334AE80032002AF8D1BFF373
:102FA0005B8F00233360A369002B5ED1C4E9056603
:102FB000A378012B5CD108F10C0B042158460AF0D0
:102FC0008DFE238809F0FD0943EA09330380B8F830
:102FD0001030043B4380022158460AF087FE4046E9
:102FE000FDF7F2FE814600285CD0BFF35B8F5AE804
:102FF000003F013B4AE80032002AF8D1BFF35B8F63
:10300000314604F114000BF0D4F8224A22484B4612
:1030100001210BF0C3F84046FDF750F82046314639
:10302000FFF75CFBB5F8FC301C48002B08BF002004
:1030300006F0E6FF6FF004056E4688B0184A079464
:10304000CDE905256A46042342F8103F12484FF4A3
:1030500001510023FBF70AFD1321B54620460BF072
:10306000E8F82046FFF7E0FC96E61E60A6619FE7C1
:103070006FF01509B9E76FF0790523E76FF00405E4
:1030800020E700BF440C002080050020C80B002072
:10309000405600201A730300C81D0200800600205D
:1030A000B37A0300FDF77AFFDBE79368FFDE00BF2A
:1030B0002DE9F04140F2E243D0F88860B6FBF3F628
:1030C0000446B6B2031DBFF35B8F4268BFF35B8F4C
:1030D000920417D5B0F88C20B24213D8B0F88E20E5
:1030E000B2420FD3D0E9241291420BD1BFF35B8FD0
:1030F00053E8001F21F4005143E80012002AF7D1E1
:10310000BFF35B8F104B1D6865B155F8047C143D0F
:1031100037B1B4F89230B4F8902031462046B84721
:103120006D69F1E7094DDFF82880454501D3BDE819
:10313000F0812F6937B1B4F89230B4F8902031465D
:103140002046B8471835F0E774560020801D02006D
:10315000981D02002DE9F041074608460D460AF089
:1031600014FF064618B900263046BDE8F081144B1E
:103170001C6884B154F8083C143C0BB96469F8E746
:103180002946384698470028EDD028460AF0FDFE2B
:103190000028F3D1E7E70B4CDFF82C804445E3D25D
:1031A000E3680BB91834F9E72946384698470028F0
:1031B000D9D028460AF0E9FE0028F3D1D3E700BFB2
:1031C00074560020801D0200981D020038B5054687
:1031D0000C460E480121FFF779FBB0B10572236858
:1031E0000367A388A0F87430A37980F876300123B0
:1031F0008370074BC0F8A830064BC0F8AC30064BC4
:10320000C0F8B030054BC0F88C3038BD88200020A5
:103210008D36010089E101007DE1010018002800E0
:1032200070B505460A480E460AF0E7FF044620B18D
:103230008378012B04D0FFF7F7FB0024204670BDF4
:10324000324629460BF015F80028F7D12046F2E760
:1032500088200020F0B589B000AF0D46FFF7E0FFF1
:10326000044610B329463846FCF774FFA37A082BAE
:1032700096BF0F4A0F4B52F823306D468AB06A460C
:103280000D49CDE907730D4B09930D4BCDE905149D
:1032900042F8103F0B4800234FF44251FBF7E6FB86
:1032A0002046AD46FFF7C0FB01202437BD46F0BDE8
:1032B000B8260200FE790300D67A03000103020457
:1032C00005000002C81D0200F8B505460E480E466E
:1032D00017460AF092FF044620B18378012B03D0F1
:1032E000FFF7A2FB00240DE036B1324629460AF072
:1032F000C0FF08B92046F3E7A37ABB42FAD1237A8C
:10330000AB42F7D12046F8BD8820002070B58B78FD
:10331000012B92B006460C4642D191F8703007ADB1
:10332000032B37D8DFE803F0023032341E49284639
:10333000F9F72BFA059594F87130049394F87230EC
:10334000039394F87330029394F87430019394F8D3
:103350007530009394F87630144A1E210AA807F0BD
:103360001FFF0AAB324610AD1C4603CCAC421060C6
:103370005160234602F10802F6D120681060A3884C
:103380009380304612B070BD0949D0E70949CEE7B5
:103390000949CCE7094A0A21284607F001FFC9E795
:1033A00000238DF82830DCE70B6E03002D6E030040
:1033B000126E0300196E0300236E03007C7E03006F
:1033C00038B5044608460D460AF0DFFD48B3164BF3
:1033D00093F8D830990707D4E37883B1294620467B
:1033E000BDE8384000F0BABA94F899309A07F3D59E
:1033F000BFF35B8F6368BFF35B8F5B04ECD429463C
:1034000020460AF056FF58B92B88A4F88C306B88F8
:10341000A4F88E30AB88A4F89430EB88A4F89630EA
:1034200038BD6FF01500FBE780050020F7B510F8F8
:10343000363C0446A0F140060BBB30460AF08CFF38
:103440003A4B1D684DB155F8103C143D1BB114F8B2
:10345000371C304698476D69F4E7354D354FBD420E
:1034600005D3304603B0BDE8F040FFF7DDBA6B6826
:103470001BB114F8371C304698471835EFE710F8A1
:103480003E3C012B31D1BFF35B8FA0F13C0555E8E9
:10349000003F23F4005245E800210029F7D1BFF393
:1034A0005B8F990429D5E36C00936946636D0193A2
:1034B0003046FFF785FF0346C8B9BFF35B8F55E879
:1034C000003F23F4805345E80032002AF7D1BFF3D0
:1034D0005B8FBFF35B8F55E8003F43F4006345E823
:1034E0000032002AF7D1BFF35B8F03B0F0BD124A60
:1034F000124802210AF052FEEBE7114A4FF428135A
:1035000069463046CDE90023FFF75AFF034650B91C
:10351000BFF35B8F55E8003F43F4805345E800322A
:10352000002AD4D0F6E7074AE2E700BF745600202D
:10353000801D0200981D02000F7B0300C81D0200C1
:1035400018002800347B030010B50E480DF081FDF3
:103550000D490C480DF085FD0C490A480DF081FD20
:103560000B4908480DF07DFD0BF02BFB02F0C2F873
:10357000044628B90BF04EFD044608B90AF095FF41
:10358000204610BDC80B0020505600205C5600207D
:10359000685600200346024A024801210AF0E2B9B7
:1035A000E77B0300F01D020080B500AF88B06A46DB
:1035B000074BCDE90530032342F8103F05480023AF
:1035C0004FF4C251FBF752FA6FF00B00BD4680BDBD
:1035D0000F7C0300F01D020008B5064A136823B9EA
:1035E000054850600A60184608BDFFF7DDFF6FF020
:1035F0000B00F9E77C5600200427020070B5044652
:1036000052EA030008D0FCF7C7FA074D074ED5F879
:10361000C0503058854201D1002213462046043163
:10362000BDE87040FFF76ABB502F00200800000083
:1036300073B5054618462B680BB39B7A072B1ED132
:10364000002A0E7A0CBF012302239E4209DD0D4A97
:103650000D48009601210AF08FF96FF0150002B0B5
:1036600070BDCB7A072BF8D9C8618A6105F13000AB
:103670000DF0F7FC28460AF046FE0020EFE76FF059
:103680007F00ECE7367C0300F01D02002DE9F84FC7
:10369000D0F8B44000AF8846914644B1403C236B1B
:1036A00063B92068B4300AF04DFE246CF5E7FDF7ED
:1036B00075FC00263046BD46BDE8F88F04F1300A9F
:1036C00050460DF0E3FC05460028F0D00AF0F4FB6C
:1036D00080B16C4688B06A462A4BCDE90535032394
:1036E00042F8103F284800234FF4C251FBF7BEF9BF
:1036F000A546DEE728460AF0A9FA656C06469DB99C
:10370000A38C058A403B9BB23F2B03D8238D9D425F
:1037100028BF1D46042106F10C000AF0DFFA0580DF
:10372000A38C438004356564454520D8B6F810B0B5
:10373000AB4506D100220023504606F02FFCFCF7D3
:10374000BDFCA38CA3F140023F2A07D8AB4514BFB0
:1037500000220E4AB26118BF1346F3612068B430EC
:103760000AF0F0FD236B13B120460AF0CCFD636C28
:10377000C9F80030984534BFA3EB0801002161640B
:1037800098E700BF567C0300F01D02005BE40100D7
:10379000F7B5284D284F04460026BD4201D303B09B
:1037A000F0BD298820460AF04EFE6B68019001A901
:1037B00020469847002838DB019B2A889A829A8401
:1037C00003F11002BFF35B8F52E8001F42E8006074
:1037D0000028F9D1BFF35B8F1E645E649E60A16B0D
:1037E00003F1080219BBC4E90D221C60DE6003F17D
:1037F00030000DF02EFC019843681B6803B1984718
:10380000019BBFF35B8F103353E8001F41F00101B0
:1038100043E80012002AF7D1BFF35B8F0198436899
:10382000DB6913B100F1100198470835B5E70A606C
:10383000A263DAE7681D0200801D020073B50D4621
:103840000646042105F10C000AF061FA2B8A428831
:103850009A42044607D000921C4A1D4801210AF0F2
:103860008BF802B070BD43783BB91A4A1848012161
:1038700002B0BDE870400AF06CB80378012BF0D0BC
:10388000132B06D1022AECD0022300931346124ACE
:10389000E3E7124A0E4802210AF064F861783568BD
:1038A000022201200AF0B5FD04460028D9D00221E9
:1038B0000C300AF0FCF900230370437021462846BF
:1038C00002B0BDE870400AF0D5BD00BF6E7C0300B9
:1038D000F01D02008F7C0300B07C0300DB7C030042
:1038E00008B50B8A032B06D8044A054801210AF0C3
:1038F00030F8002008BDFFF7A1FFFAE7037D0300C1
:10390000F01D020038B50B8A032B05460C4609D87A
:103910000F4A104801210AF01CF82046BDE8384043
:10392000FCF7CCBB042104F10C000AF0F0F941884B
:1039300028460AF0B0FD30B9074A06480B46022176
:103940000AF010F8E9E7436821465B699847E4E725
:10395000217D0300F01D02003E7D030070B5144A76
:10396000137801330C4613F0FF010CBF01230B4603
:103970001370064608BF1946082212200AF049FDB6
:10398000054688B108210C300AF091F9228802809E
:1039900062884280A2888280E288C28029463046BE
:1039A000BDE870400AF066BD6FF00B0070BD00BF4F
:1039B000E95C002023281FD81A2804D8431E182B9E
:1039C0000ED906207047A0F11B03082B1ED8DFE894
:1039D00003F0051D1B231D19251D0500032070473D
:1039E0000F4A012383401A40C2B90E4A1A40002AE6
:1039F0000CBF06200120704700F07F03522B05D139
:103A000000207047012070470520704710F0400FDC
:103A100014BF002006207047042070470220704722
:103A2000AAAA8A02545545012DE9F74F06460846D1
:103A30000C46FCF7A3FA2E4F18234343FA18054609
:103A400091680191E168BFF35B8FF06CBFF35B8F0E
:103A5000C0070AD4274A284801210AF049FD6FF01F
:103A60001509484603B0BDE8F08FE0680078107192
:103A70000022FA500B78D22B0FD1336821461868F8
:103A80000BF0C5FA814640B11C4A1B4801210AF0DF
:103A90002FFD2046FCF712FBE3E7182303FB057319
:103AA000D4F80C80D4F814B0B4F810A09E600023B1
:103AB0001A462146301DFFF7BBFD81460028D0D0B5
:103AC00010F1690F04D10E4A0B4801210AF010FDD4
:103AD0006269019BA4F810A0A8EB0B0812FA88F207
:103AE000E260182255437A1947F805909360B8E7C9
:103AF000CC5600207A7D0300B81D0200947D03009F
:103B0000A77D030008B5EFF31181402383F31288EA
:103B1000BFF36F8F002303600F4B5A68C2B9C3E92C
:103B2000000081F31188BFF36F8F0C4806F04CFC46
:103B3000031E0CDA0A4A0B48012109F013FF002387
:103B400083F31188BFF36F8F0323184602DF08BD8C
:103B500010605860E5E700BFC45600204808002008
:103B6000CA7D0300B81D0200011F01480DF059B9BC
:103B7000240B0020024A034801210AF0B9BC00BF0F
:103B8000F37D0300B81D020010B500F148030446A0
:103B9000BFF35B8F53E8001F41F0010143E80012BF
:103BA000002AF7D1BFF35B8F201F0AF075FD04F1E7
:103BB000640004490DF043FB2068BDE8104001F0AB
:103BC0005FBD00BF914B010073B50E46438D418B25
:103BD0008B4202F1010228BF0B469A42054609D9E1
:103BE0001E48009202211E4A09F0C6FE002420460B
:103BF00002B070BD3046FFF7DDFE6FF014030341E5
:103C000013F0010310D0FBF7C7FF164B1958164BE2
:103C1000D3F8C03099421ED0144B1B685A1A18BFF3
:103C20004FF0FF32134601E04FF47022104800219C
:103C3000FFF7E4FC04460028D9D0FCF79FF90D4BB0
:103C4000182202FB0033012104F10C009D600AF0F0
:103C50002EF80670CBE70022E4E700BFB81D020093
:103C6000107E030008000000502F00201457002091
:103C7000FC0B0020CC560020F0B51D4603680E4614
:103C8000003987B0044618BF0121186817460BF0A9
:103C90007EF940B904F14C000AF066FD002846D0D8
:103CA000002007B0F0BD002D43D018220021684647
:103CB0000DF0D9FC6FB1002213212046FFF784FFDD
:103CC000019030B91C481D4A01210AF011FC112055
:103CD000E7E723681A4A1B6800930023ADF8123007
:103CE0000C9B0393BDF83430ADF8103001238DF8F0
:103CF000143029466B4628468DF808600AF010FDFE
:103D00009DF8143063B1002FCAD00198FCF7D6F9A2
:103D10009DF814302A46314620460AF034FDBFE7AC
:103D200001990029BCD020460AF04CFCB8E71220CB
:103D3000B7E70120B5E700BFB81D0200357E0300DC
:103D400053E501002DE9F3410B8A04460D4643B9C2
:103D5000294A2A4801210AF0CBFB002002B0BDE825
:103D6000F0810768012105F10C0009F0D0FFBB7A52
:103D7000072B0646F1D154F8043C002BEDD0037814
:103D80001F4F043C002217F8320098424FEAC20845
:103D900007EBC20114D12A8A4878904226D91748E5
:103DA000009301211346174A09F0E6FD0423474416
:103DB000BA78012AD1D1002BCFD03178002211E07E
:103DC00001320C2ADFD1104A0C48022109F0CAFD49
:103DD00031780846FFF7EEFD2122C24012F00102C1
:103DE000BBD1062320460AF0CEFCB6E74B6820463E
:103DF000294698470346DAE74E7E0300B81D0200C5
:103E00002C270200837E0300697E0300F8B54FF47F
:103E100070220746002311480D4609F0E8FE0446CB
:103E200038B90F4A0F482B46012109F09BFD204667
:103E3000F8BD00F10C060921304609F02DFF20469F
:103E4000FCF79CF8084B182202FB00330121304696
:103E50009F6009F02CFF0570E9E700BFFC0B002014
:103E6000E77B0300B81D0200CC5600202DE9F0418D
:103E70000E8A043EF6B2022E04468CB0084601D0EB
:103E8000102E64D104210C3009F041FF0DF1080817
:103E900005884788011D3246404609F07DFF00280D
:103EA00057D0A5B300268FB3AF4230D34FF4205381
:103EB00001A940468DF80460ADF8063009F03FFFD7
:103EC00048BB1422002107A80DF0CDFB112120468C
:103ED000FFF79CFF0990002837D001210C30CDE975
:103EE000074809F0E4FE00230A90394603701A4A95
:103EF0000B93284607AB0AF013FCDDE909131B7886
:103F0000FBB90846FCF7DAF80A2301E03D46012335
:103F10002A4610210EE042F6010307A940468DF81B
:103F20001C60ADF81E3009F00AFF0028C9D010232C
:103F30002A46194620460AF026FC00200CB0BDE8AF
:103F4000F08120460AF03EFBF7E71120F6E7042057
:103F5000F4E70E20F2E700BFB14401002DE9FF4174
:103F6000036804460D46186801210BF010F840B9AB
:103F700004F14C000AF0F8FBA0BB122004B0BDE82D
:103F8000F0811022002168460DF06DFB21212046B2
:103F9000FFF73CFF029038B3009405F10C074FF097
:103FA00001082B8A012B04D8029920460AF00AFB4B
:103FB00018E0384609F0BBFE6B460C4A8DF80C80C1
:103FC000014606460AF0ACFB9DF80C30002BE8D009
:103FD0000298FCF773F89DF80C30324620212046F9
:103FE0000AF0D1FB0020C9E71120C7E7D3E901009F
:103FF0002DE9FF41036804460D46186801210AF0C7
:10400000C6FF40B904F14C000AF0AEFBA0BB122081
:1040100004B0BDE8F0811022002168460DF023FBBA
:104020000F212046FFF7F2FE029038B3009405F10D
:104030000C074FF001082B8A012B04D80299204667
:104040000AF0C0FA18E0384609F071FE6B460C4AD7
:104050008DF80C80014606460AF062FB9DF80C3094
:10406000002BE8D00298FCF729F89DF80C30324676
:104070000E2120460AF087FB0020C9E71120C7E780
:1040800057EA0100F0B51D46036885B004460E46A8
:104090001868012117460AF07AFF38B904F14C007C
:1040A0000AF062FB50BB122005B0F0BD65B31022D0
:1040B000002168460DF0D7FA39462046FFF7A6FEE4
:1040C000029018B3BDF82830ADF8043001238DF804
:1040D0000C3029466B460E4A009428460AF020FB15
:1040E0009DF80C3002995BB10846FBF7E7FF9DF89D
:1040F0000C302A46314620460AF045FB0020D3E723
:1041000020460AF05FFAF9E70120CDE71120CBE75E
:1041100057EA01002DE9F0410E8A043EF6B2022E64
:1041200004468CB0084601D0102E76D104210C3004
:1041300009F0EDFD0DF1040805884788011D3246A0
:10414000404609F029FE002869D085B377B3BD4207
:104150002DD8606801210AF01AFF064678BB8DF859
:10416000000042F6020369464046ADF8023009F00D
:10417000E6FD20B342F6030306A940468DF8186019
:10418000ADF81A3009F0DBFDC8B1012D03D14FF6AF
:10419000FF739F4213D004F14C000AF0E5FA0028A7
:1041A00014BF002012200CB0BDE8F0813D46012371
:1041B0002A46082120460AF0E6FA0020F3E71822F2
:1041C00000210DEB02000DF04EFA09212046FFF709
:1041D0001DFE0890F8B101210C30CDE9064809F028
:1041E00066FD0023099003700A238DF82C303946B0
:1041F00006AB0C4A28460AF093FA9DF82C30089931
:104200002BB10846FBF75AFF9DF82C30D0E720462B
:104210000AF0D8F9D1E71120C5E70420C3E70E2042
:10422000C1E700BF694501002DE9F0430F4687B0A3
:104230000446062107F10C0009F069FD0588EDB17F
:10424000B0F80280B8F1000F17D0454516D800230A
:1042500082888DF800308DF8043001A94FF4205386
:104260006846D7F80C90ADF80220ADF8063009F09A
:1042700066FD064660B10A2301E0454601232A4651
:10428000062120460AF07FFA002007B0BDE8F0833F
:104290000146142201A83F7C0DF0E5F907212046D4
:1042A000FFF7B4FD0290D8B10A238DF815304146CE
:1042B00001AB0C4A01942846CDE903698DF81470CE
:1042C0000AF02EFA9DF8153002992BB10846FBF73B
:1042D000F5FE9DF81530D2E720460AF073F9D3E7D2
:1042E0001120D2E7554301007FB5CB681D880446F5
:1042F0008DB15E8876B1B5420DD810220021684696
:104300000DF0B1F905212046FFF780FD019058B965
:10431000112007E0354601232A46042120460AF0F1
:1043200032FA002004B070BD6B463146084A009452
:1043300028460AF0F5F9DDE9011323B90846FBF731
:10434000BDFE0A23E8E720460AF03CF9E9E700BF92
:10435000E1E501002DE9F04391B0D2F80080064676
:104360000F46002542F601030068D8F804908DF846
:104370002C500BA91446ADF82E3009F0E0FC0028B3
:104380006DD04FF4205330688DF82C500BA9ADF848
:104390002E3009F0D4FC38B1A3681BB15A88BA4258
:1043A00000D25F80012010E0616808460AF088F8BA
:1043B000B8F82A20B8F81A309A4294BFC0EB02002D
:1043C000C0EB0300032803D8002011B0BDE8F08340
:1043D000084609F03FFC6168054608460AF070F897
:1043E0006B8A2A8AA3EB020C6B69EA68D21AACEBDF
:1043F0000203B8F82AC0B8F81A20944594BFC0EB5D
:104400000C00C0EB0200834228BF03466BB9887AD8
:10441000FBF7ACFD0022002309F0E9FB054600286C
:10442000D2D00146606809F026FC00230093D6F83C
:1044300004803146102302AA4846C047061E0EDB00
:10444000227CE068964227D001460BA809F0A4FC24
:1044500040B9237C134A1448022109F083FA00234F
:10446000A3609FE7F2B202A906A809F095FC10B973
:104470000E4A3346EFE706A90BA809F060FC0028B6
:10448000EDD100236374042105F10C0009F00FFC49
:10449000A0600780A36884E7324602A90DF0EBF81C
:1044A000EDE700BFA27E0300B81D0200C17E03003D
:1044B0002DE9FF4105460E464FF000084FF420530A
:1044C000006817688DF8088002A91446ADF80A3014
:1044D00009F035FCA0B142F6010328688DF80C8084
:1044E00003A9ADF80E3009F02AFC48B123691BB1CD
:1044F0005A88B24200D25E80012004B0BDE8F0814B
:104500006168286809F01BFC10B100232361F3E700
:10451000E368A0681A786AB1B7F81AC0798D038A7F
:104520008C4594BFC3EB0C03C3EB0103934201DA48
:104530000020E2E704210C3009F0B9FB206106807D
:1045400023695E80074B00930194A26800232946EB
:1045500038460AF0B5F90028EADB2069003818BFB0
:104560000120CAE701E701002DE9F3471768054676
:10457000894600685168D7F804A0144609F0DFFBAB
:10458000804600284BD19522294650460AF0ACFCC3
:104590000646207540B1E3681B780BB184F814809F
:1045A000002002B0BDE8F087294650460AF0F2FC30
:1045B00010B908232375F3E7A068267509F04AFBB4
:1045C00002210C3009F073FB164B2061A0F800901B
:1045D00000930194A2683346294638460AF070F9E0
:1045E000002807DA10F1FF0F26BF4042C0B20E20AC
:1045F0002075D5E72369002BD2D0A06809F060FFB1
:104600007B8D7A8B9A4294BFC0EB0200C0EB030013
:10461000E3681B78984294BF00200120C1E7012085
:10462000BFE700BFD1E401002DE9F04182B000AF47
:10463000044688463E4800220023394605F0F8FA31
:104640000546B0B16D4688B06A463A4BCDE90534AF
:10465000032342F8103F384800234FF4C251FAF7C1
:1046600005FAAD466FF00B0630460837BD46BDE88B
:10467000F081FBF791FA314B1A58314B38681A60C8
:10468000294624220CF0EFFF3B682E481C603C6852
:104690007D60C4E90155C4E9075500220023391D96
:1046A00005F0C6FA064688B123686C4688B06A46AB
:1046B0002549CDE90513032342F8103F1E482B4638
:1046C0004FF4C451FAF7D2F9A546CBE70146A02230
:1046D00078680CF0C8FF78681C4B836054300CF08D
:1046E000B8FC7B68BFF35B8F4C3353E8002F43E883
:1046F00000610029F9D1BFF35B8F7B681C60E3691F
:104700007D681BB904F10C000CF0A3FCE269C5F84C
:104710009820226A05F19803E36102B923627B685D
:1047200017225A855A830433C8F800309CE700BF2B
:10473000080B0020E07E0300B81D02000800000006
:1047400014570020240B0020057F030020080020C0
:1047500008B5837A072B06D00C4A02210C4809F0D1
:10476000C7FE002008BD042109F095FE10B9094AD2
:104770000121F3E7BFF35B8F836CBFF35B8FDB0734
:1047800001D4054AF4E750F8040CEBE72A7F030054
:10479000B81D0200387F03007A7D03002DE9F04F39
:1047A00085B000AFB860EFF31188402383F312881F
:1047B000BFF36F8F5B4D284609F078FE2E680446E4
:1047C00088F31188BFF36F8F00285FD0FBF7D6FB0B
:1047D0005549182202FB00F3C81851F803A00369D9
:1047E000FB600021D0E9025890F80490B0F806B0C0
:1047F0000CF039FFA07AFBF7B9FB6169034659B1A8
:10480000627AD00706D4DA697B6012682046926823
:1048100090477B6800226261214618460CF02CFC10
:10482000B9F1000F0DD065B12B6853B11B6843B1CE
:10483000BAF1000F2ED03D4A3D485346012109F000
:1048400091F81EB3B96800200CF0C8FC00281DDAEE
:104850006C468AB06A46374B0593374BCDE9063034
:104860004FF40073ADF82030344B42F8103F30481D
:1048700000234FF41151FAF7F9F80023A54683F30A
:104880001188BFF36F8F0323184602DF1437BD462C
:10489000BDE8F08F281D0AF00EF94846FFF78AF8A8
:1048A0000528CED801A353F820F000BFF548010039
:1048B000C548010043480100F54801004348010094
:1048C000C5480100BFF35B8FEB6CBFF35B8FDA076A
:1048D00005D41B4A1648012109F00AFEB1E72B6DE9
:1048E000002BAED04FF47022002305F1680005F0D4
:1048F0000FFEA6E72B68D3F80090BFF35B8FEB6C3D
:10490000BFF35B8FDB07E4D5B8F1000F99D000242B
:1049100003E0F9684846C0470134A3B29B45F8D884
:104920008FE700BFC4560020CC560020537F030001
:10493000B81D0200727F03006587030004000001B8
:104940007A7D0300F8B50F461646FFF701FFB0B1B8
:10495000C46920461CB150F8984904B1983C731CB6
:10496000194638B1428B458DAA4228BF2A469A4241
:1049700007D264B90A4A0B48022108F0F3FF00206D
:10498000F8BD32463946BDE8F840FFF71DB9D4F806
:10499000985005B1983D20460B462C46E2E700BFF3
:1049A0008D7F0300B81D020007B50B4602460021AB
:1049B000FBF7F2F801910E4909580E480068884249
:1049C00004D00D48D0F8C000884201D1002213461F
:1049D00001A90A4805F02CF9014638B901981022BE
:1049E0000CF041FE019803B05DF804FB0020FAE7EB
:1049F0000800000014570020502F0020400B00201A
:104A000010B50446806818B1FBF758FB0023A3607B
:104A100021460248BDE810400CF003BA400B0020CC
:104A20002DE9F743044668300F4690461E460CF0C9
:104A300012FC206D50B9154A1548022109F058FDA5
:104A4000204603B0BDE8F04300F08AB8114B98420D
:104A50004FF0000317D045684360206DD0F80C90EC
:104A6000FFF7CEFF0023206823650AF059F83DB117
:104A70002068CDF80090006843463A463146A84782
:104A800003B0BDE8F0831D46ECE700BFA87F03003C
:104A9000B81D020018570020F7B550F8044C054621
:104AA000002C59D000F1940104F11C0009F043FEE0
:104AB0002E1F05F1500700220023384605F06EFA3C
:104AC000024678BBEB6C2BB101466FF067033046B2
:104AD000FFF7A6FF002345F8043C05F14803BFF3A8
:104AE0005B8F53E8001F21F0010143E80012002A08
:104AF000F7D1BFF35B8FE36973BB04F10C060022AF
:104B00000023304605F04AFA78B9666886B913483A
:104B1000266021460CF085F9286803B0BDE8F04016
:104B200000F0DEBDFBF7CAFAC5E7FBF7C7FAE6E718
:104B3000A26833686360964208BFA36077683FB19C
:104B4000F3680093002320681A466FF06701B847A6
:104B50003046FFF755FFD8E703B0F0BD080B002043
:104B600010B504460430FFF797FF6068132109F081
:104B700060FB034630B1044A0448BDE810400121FF
:104B800008F0F0BE10BD00BFBF7F0300B81D0200DB
:104B9000F0B5044689B054F8683D00AF196838464E
:104BA000FEF7B4FB6E4688B06A460B4BCDE905377D
:104BB0004FF40073ADF81C30084B42F8103F00234F
:104BC0004FF4E2510648F9F751FF2046B546FFF78A
:104BD000C7FF2437BD46F0BDDD7F030003000001A1
:104BE000B81D0200F8B51D460F461646FBF7C6F97C
:104BF000044C182303FB0040C0E903760123C38063
:104C00000575F8BDCC56002010B5074C23788342BB
:104C100008D10722601C0CF02EFD00280CBF204696
:104C2000002010BD0020FCE7D45800202DE9F04101
:104C300080460F4616461D46FFF7E6FF0446A8B914
:104C40001449FFF7E1FF044630B9134A1348BDE8A1
:104C5000F041012108F07DBE034603F8018B3A685C
:104C6000C0F80120BA889A80BA799A7123892BB941
:104C700062892AB926816581BDE8F0819E4204D30C
:104C80006289AA42F8D29E42F5D263892681AB425C
:104C9000F2D2F0E71187030010800300D81D020054
:104CA0000C48BFF35B8F50E8003F23F0020340E85D
:104CB0000032002AF7D1BFF35B8FBFF35B8F03682D
:104CC000BFF35B8FDB0704D500220023303805F0EB
:104CD0001FBC7047A82100202DE9F041254B164646
:104CE00082689A42074602D1C46863892BBB0120BF
:104CF000BDE8F08106F17008307A414609F067F9A5
:104D000088B91D4B9C4202D130460AF01AF81B4B61
:104D10001A68C4F801209A889B79AB710023AA8095
:104D2000237023811EE0336FC4F80130B8F80430DB
:104D3000AB8098F80630AB7114E0238993B1254617
:104D4000304615F8011B2A4609F093FA0028D1D104
:104D500020782946FEF764FA20B1857AFDF764FED3
:104D6000072DC4D0E36800216181002BBFD03846F5
:104D70009847BCE7AD4D0100600800201187030093
:104D800010B54B1C0C4630B109781A4609F071FA7F
:104D900040B1204610BD0449072218460CF06BFCB8
:104DA0000028F6D00020F5E7118703002DE9F8432D
:104DB0001E46BDF82030D1F80C8081460F46002BEE
:104DC00050D1731E012B50D8012E41460CBF1578CF
:104DD0001588FFF7D5FF0446F0B915B93046BDE890
:104DE000F8834146FFF7CCFF044638B92048214AF2
:104DF000022108F0AEFD6FF01000F0E7D9F8703036
:104E0000C0F80130B9F87430A0F8053099F8763060
:104E1000C37199F808300370D8F81030B3B9258100
:104E2000B8F80A30AB4203D04146384609F05DFF7E
:104E3000002DD3D1104B25701A68C4F801209A8830
:104E40009B79A4F80520E3712581C7E72A463946F6
:104E5000484698470028C2DB01380128DFD96FF0A7
:104E60000D00BCE76FF00600B9E76FF00C00B6E785
:104E7000D81D02002F8003001187030010B41A4AC6
:104E8000BFF35B8F52E8003F43F0010142E800109E
:104E90000028F7D1BFF35B8FDB0722D4BFF35B8F12
:104EA00052E8003F43F0020142E800100028F7D129
:104EB000BFF35B8F13F0020307D10C480C49028843
:104EC0000C4CA14207D303B102800B490B485DF89B
:104ED000044B0CF0B4B94B681A4492B20831012368
:104EE000EFE75DF8044B704740570020E058002082
:104EF000981D0200B01D02004953010078210020D6
:104F00002DE9F041034648B1008A38B91249DFF86B
:104F10004CE001244FF0140C714501D3BDE8F08141
:104F2000D1E90076BB4204D30CFB0672143A9342DB
:104F30000ED93444A2B208311446EDE70CFB0578D3
:104F4000434507D001356219AE4292B2F6D1F2E77D
:104F50000025F8E71046E1E7981D0200B01D0200A9
:104F60002DE9F74FBDF83050009199464FF6FF7389
:104F7000002D08BF1D46244B1B88834207469046E0
:104F80003CD203B0BDE8F08F73682344BB4232D2F9
:104F90009CB208361D4B9E42F6D3F2E78958019326
:104FA000404608F0CCFE019B90B101340AF1010AA1
:104FB000A4B273685345ECD9009B9C42E1D8BC4233
:104FC000F3D331680BFB0AF28B18B8F1000FE5D16F
:104FD000B9F1000F0BD1013DADB218460E9A0D9BF1
:104FE00021469847002DCCD00028DED1C9E7DA68E9
:104FF0009145DAD1EFE74FF0000ADAE7044E0124D9
:105000004FF0140BC6E700BFE0580020B01D0200AF
:10501000981D020007B500230193FFF771FF411CA3
:1050200089B20846034A01AB09F051FF019803B069
:105030005DF804FBAFEC01002DE9F04387B0837A03
:10504000072B02AF80460C46154640F0A680002391
:105050003B73206842F6030307F10C01FB8108F063
:105060006EFE0646002834D1D4F80490B9F1000F42
:1050700005D14C4A4C48012108F06BFC8DE001231E
:10508000009007F108022146C847031E11DA6D4659
:1050900088B002AA4549D3610423C2E9051442F845
:1050A000103F414833464FF40151F9F7DFFCAD465C
:1050B00073E0012B05D03E4A3B48012108F052FC29
:1050C0006BE03B7A13F0300F67D02046FFF7A2FF6A
:1050D0000446002320683B7307F10C0142F60213DB
:1050E000FB8108F02CFE18B12046FFF793FF044621
:1050F000002642F6021920683E703946A7F8029051
:1051000008F01DFE18BB002320683B7307F10C015B
:1051100042F60213FB8108F012FE064600283CD13D
:10512000D4F80490B9F1000FA3D00090022307F146
:105130000C0221464046C847031EA8DB022BBAD109
:10514000BB8905EA0300003818BF012026E020686B
:105150003E7142F60303391DFB8008F0F0FD002884
:10516000D1D020683E724FF4205307F108017B81B3
:1051700008F0E5FD0028C6D020683E7342F6010322
:1051800007F10C01FB8108F0DAFD0028BBD02046B6
:10519000FFF740FF04460028ADD100201437BD467C
:1051A000BDE8F08349800300D81D02005D80030044
:1051B000838003002DE9F84389465168B1F81280D5
:1051C00018F09408074615463CD10222FFF734FF39
:1051D00000283AD04FF470200021AE8AFFF7E4FB9C
:1051E0000236044660B11A4B4360C56032461D2149
:1051F0003846FFF7A7FB064638B92046FFF700FC04
:105200006FF00B052846BDE8F8830123424641466E
:10521000FFF7E8FCA98A06F10C00023108F047FD0F
:1052200020F8029BAA8A29690CF0F6F9A6602146AB
:10523000384609F01FFD05460028E3D02046FFF759
:10524000DFFBDFE74FF0FF35DCE76FF01505D9E74F
:10525000B5EC010070B504468AB00D46374BBFF37C
:105260005B8F1B68BFF35B8F5A0761D510B1837AE0
:10527000072B60D16E6805963046FFF741FE2A681D
:10528000ADF8180032B305A902912D490191012111
:10529000002300914FF6FF710593FFF761FE059E15
:1052A0001EB96FF001000AB070BD6E600023306857
:1052B0008DF8103004A942F60303ADF8123008F05F
:1052C0003EFD70B90598C3689B799B0605D46FF0C5
:1052D0001500E8E70028E9D1E3E709F0A9FDADF8FA
:1052E0001800BDF818003CB101230146AB752A46F1
:1052F0002046FFF75FFFD6E76FF07F030793022397
:10530000ADF8203042F60213ADF8123005ABAC75A3
:1053100002930C4B01930123009304AA23464FF6FA
:10532000FF7109958DF81040FFF71AFE0798BAE74C
:105330006FF00A00B7E76FF07F00B4E75406002073
:10534000E3EC01009555010013B550F8082C0192CB
:105350000346A0F1200100F13004BFF35B8F54E855
:10536000002F22F0010244E800200028F7D1BFF30B
:105370005B8F114A43F81C2C104A43F8182C01AAE1
:10538000002043F8102C042223F8080C23F8060C04
:1053900023F80C2CFFF75EFF58B9BFF35B8F54E87E
:1053A000003F43F0020344E80032002AF7D1BFF384
:1053B0005B8F02B010BD00BFC8270200A14C0100E6
:1053C000F8B5304B8168994200AF044621D1C668D8
:1053D00015683389EBB13246284612F8011B08F0F4
:1053E00048FFB0B14FF495722146284609F07CFD84
:1053F000032811D16D4688B06A46234BCDE90534A8
:1054000042F8100F214800234FF4C451F9F72EFB46
:10541000AD460120BD46F8BD3146204609F065FC89
:105420001B4B9E42F5D1287A05F17001FFF7ECFB8A
:1054300004460028EDD0038913B94389002BE8D036
:105440002846FDF74FFC134B228923F8202003EB5D
:105450008003628910495A80182202FB00110F4A0A
:105460004A600B610E4A8A60042328468B82FFF74C
:10547000F1FE0028CDD00B4A0448012108F069FA5A
:10548000C7E700BFAD4D01009C800300D81D02009E
:1054900060080020D058002028570020C8270200AC
:1054A0001BED0100B080030070B504468AB00D46C4
:1054B000354BBFF35B8F1B68BFF35B8F5A075DD51E
:1054C00010B1837A072B5CD16E6805963046FFF7E2
:1054D00017FD2A68ADF8180032B305A902912B49CF
:1054E00001910121002300914FF6FF710593FFF711
:1054F00037FD059E1EB96FF001000AB070BD6E60E9
:10550000002330688DF8103004A942F60303ADF88B
:10551000123008F014FC70B90598C3689B79DB065B
:1055200005D46FF01500E8E70028E9D1E3E709F0BA
:105530007FFCADF81800BDF818002CB101462A46D2
:10554000204609F0EFFCD8E742F60212ADF812202F
:1055500005AA6FF07F0302920D4A07930123CDE95C
:105560000032ADF8203004AA23464FF6FF710995AA
:105570008DF81040FFF7F4FC0798BEE76FF00A00C3
:10558000BBE76FF07F00B8E754060020E3EC0100B2
:1055900095550100F8B5364B154682689A42044687
:1055A00001D00120F8BDC768324B9F4246D03A89EE
:1055B000AB899A42F5D1394611F8010BFDF730FE5F
:1055C00006460028EDD0837A072B05D0FDF72CFA8C
:1055D000E7E7FDF729FAEAE77B6923B12146984717
:1055E00008B93046F2E7648A14F09404F9D1AB8923
:1055F000022B16D13C8914F002040AD02A69A9882A
:105600003046FFF7D7FD044618B92A69937D013368
:1056100093753046FDF708FA002CAC60C1DA002023
:10562000C0E7012BF5D13C8914F00104F1D02A69BF
:10563000A988304609F076FC0446EAE70E4E0F4989
:10564000072230460CF017F80028B0D016F8010CED
:1056500007223146FDF738FE0028BAD12B6916F82B
:10566000010C1A69314653881288FFF7DFFA9EE76A
:10567000AD4D010060080020D558002011870300BF
:1056800007B5064A00906B4601204FF6FF718DF872
:10569000040009F01CFC03B05DF804FBC1530100D9
:1056A0002DE9F0410D4B1B6806460F46904623B18D
:1056B00053F8044904B1043C0BB9BDE8F0811B6800
:1056C0001BB142463946304698472CB1656805B152
:1056D000043D23462C46EFE72546FAE744570020D1
:1056E0000346034A4FF6FF71012009F0F0BB00BFEB
:1056F000D94C01007FB54FF42052ADF8162004AA12
:1057000002920B4A00230120CDE900324FF6FF71CF
:1057100005AA04938DF81430FFF722FC049B012B9B
:1057200014BF6FF01500002007B05DF804FB00BF48
:105730009DEF010080B500AF88B06A46074BCDE908
:105740000530032342F8103F054800234FF4C251AF
:10575000F9F78CF96FF00B00BD4680BDD5800300D2
:10576000081E020008B5064A136823B905485060B0
:105770000A60184608BDFFF7DDFF6FF00B00F9E780
:105780004C570020F0270200084B70B5C31A0D4695
:1057900007499B10044659430648402209F045FC3E
:1057A0002B4601462046BDE870401847A857002008
:1057B000B76DDBB6F01A020073B50C4C0C4A4023EF
:1057C000041B00930D460B460A49A410614306468C
:1057D000094809F056FC014628B130462B4602B074
:1057E000BDE87040184702B070BD00BFA857002048
:1057F000EFF00100B76DDBB6F01A02000022F8B539
:10580000012105461046FAF731F8104802F066FA11
:105810000446B8B90AF0D5F92F690D49384607F0A2
:1058200077FF031E09DB01263E642D69084905F157
:105830001C0007F06DFF031E02DA1C462046F8BD6F
:10584000EE64FBE76FF00404F8E700BFA159010024
:10585000182802001FB500220123CDE902236C465F
:10586000074A6B46CDE9004409F03AFC28B94FF4E9
:1058700080420023684604F0F7FB04B010BD00BF6F
:1058800003F1010010B5064C23782BB94FF4A57035
:105890000BF051FA01232370BDE8104002F008BA62
:1058A000EA5C002010B5EFF31184402383F31288E3
:1058B000BFF36F8F074A136823F00201DB07116003
:1058C00002D401200AF077F984F31188BFF36F8FB7
:1058D00010BD00BFF857002030B4104B0C2202FB63
:1058E000003301460020D3E90E529863EFF3118094
:1058F000402484F31288BFF36F8F1C6C04F0C00443
:1059000044F002041C6480F31188BFF36F8F1DB153
:105910002B46034830BC184730BC7047A8570020BE
:10592000F01A020010B4EFF31180402282F31288C3
:10593000BFF36F8F18490B6843F0020413F00103A3
:105940000C601AD04FF08043D3F80C14D3F80C3409
:1059500013F0010311D0EFF3118182F31288BFF32A
:105960006F8F0E4A136C03F0C00343F002031364FD
:1059700081F31188BFF36F8F012380F31188BFF388
:105980006F8F23B15DF8044B0020FFF7A5BF5DF8D2
:10599000044B012002F092B9F8570020A8570020CC
:1059A00010B1012804D07047034B1B6C5B0701D179
:1059B000FFF792BF704700BFA8570020F8B52849ED
:1059C000BFF35B8F0646012251E8003F41E800200B
:1059D0000028F9D1BFF35B8F33B9224922484B60CD
:1059E000CB608A6007F0A7FE731E012B2CD80BF04A
:1059F00045FC044650B1EFF31185402383F3128830
:105A0000BFF36F8F01244FF080470EE0174B1B78D8
:105A1000002BF0D04FF080430222C3F80823054644
:105A2000F1E794B1284608F0B2F8D7F81824D7F86F
:105A30001834D203F5D59B0701D0012EF1D14CB11A
:105A400085F31188BFF36F8FF8BD002121200BF083
:105A5000DCFCEAE74FF080430222C3F80423F3E7BB
:105A6000A457002094570020C4570020455E002012
:105A700008B50448F8F746FC0248FAF73DFA00205A
:105A800008BD00BF895A010073B5104E8DF807009C
:105A90000446032501220DF10701002003F0CAFE90
:105AA00020B101233370204602B070BD3378002B43
:105AB000F9D0013D08D00BF0E1FB0028EAD100212C
:105AC00042200BF0A2FCE5E73570ECE7EB5C002030
:105AD000EFF31182402383F31288BFF36F8F0A4BD9
:105AE000D3F8001161B10021D3F80805C3F8001103
:105AF000D3F80031C0B282F31188BFF36F8F7047C3
:105B00006FF00A00F7E700BF00D00040F0B5034691
:105B10008478C678EFF3118E402080F31288BFF3AB
:105B20006F8F1D7893F801C0641B3440A24288BF78
:105B3000A2B2AF18374028461F708EF31188BFF30A
:105B40006F8F8F188F4218D165450CD1EFF31181FB
:105B5000402080F31288BFF36F8F1878587081F35C
:105B60001188BFF36F8F1B79A41AA34228BF074B7C
:105B700090B224BF01221A60F0BD03EB000E013089
:105B80009EF805E001F801EB3040DBE700D0004073
:105B9000DB432DE9F04713F001050F46144604D00E
:105BA0002448FFF7B3FFBDE8F087B2B3EFF31186E7
:105BB000402383F31288BFF36F8F0D20F9F748FE5F
:105BC00080460D20F9F730FE86F31188BFF36F8F02
:105BD000DFF868A0184ECAF80051DAF800314FF427
:105BE00000590123CAF800302546C6F88091DAF83A
:105BF0000031A3B1FFF76CFF031EA4BF05F1FF3511
:105C0000ADB2C6F88091A8BF7B55002DEFD1B8F199
:105C1000000F02D00D20F9F7F9FD2046C3E7EFF39E
:105C20001180402383F31288BFF36F8F07F0AFFF1B
:105C3000DDE700BF1C58002000E100E000D000407C
:105C400070B50D4614460CB9204670BD4FF0FF33B9
:105C50004FF0FF320C4804F007FA224629460B4861
:105C6000FFF754FF0646084804F0CAF93EB94FF062
:105C7000FF324FF0FF33064804F0F6F9E6E7A41BC5
:105C8000A4B23544DFE700BFFC57002031580020A4
:105C90000C58002038B50122114617480BF0FAF9CC
:105CA000154D0122002105F110000BF0F3F940F22F
:105CB00007432B874FF070632B620C2385F8243049
:105CC00000240E4B85F83540EC86D3F8042522F0ED
:105CD0000102C3F804250121C3F80041D3F80021D3
:105CE000C3F80413224619600D20F9F7BFFD0D20FB
:105CF000F9F78CFD204638BDFC57002000D000404D
:105D000010B5FFF7E5FE002820DB174B93F82220A3
:105D100093F8214093F82310141B31EA0404C0B215
:105D20000DD193F8372093F8364093F83810141BB0
:105D300031EA04040BD10D4B01225A600EE09C188D
:105D40000132114084F8250083F8221010BD9C1800
:105D50000132114084F83A0083F837100448BDE856
:105D6000104004F04DB900BFFC57002000D00040A7
:105D70000C58002038B5430906D10A4B596819B1AF
:105D800001250C68854001B938BD8A682A4002D0D7
:105D90004B68054898471CB1236821461C46F2E72A
:105DA0002346FAE7405800200C1B020038B545682E
:105DB000A86890B10AF0D4F9014670B9A8680AF051
:105DC000B3F9044658B902460649A8680AF09DF995
:105DD000224605210620F9F749FD002038BD6FF065
:105DE0000400FBE7755D01002DE9F047DFF868E18D
:105DF000584D00EB810140F2FF1C814202D100208E
:105E0000BDE8F0870468C4F3C72616F00806C4F39B
:105E1000C327C4F3080340F08980240E1EF80770DE
:105E2000634508BF4FF0FF33192C00F28280DFE892
:105E300004F00D1C2230252C308080808033398086
:105E400080808080808080803C46494CC2F80C3540
:105E50005C1C32D05C0973D101244FF0A04804FAD5
:105E600003F9C8F80895A04640E0C2F814355C1C58
:105E700023D00024F7E7C2F80835E9E7C2F808356F
:105E80000024B3F1FF3F18D025E0C2F80C350124FF
:105E9000F7E7C2F81035EAE7C2F80835002FE6D177
:105EA0000627E4E7C2F80C35F8E7C2F86035448805
:105EB000B3F1FF3F04F001040AD104309DE7C2F8BA
:105EC0006435F4E7C2F86835F1E7C2F86C35EEE7FF
:105ED000002CBFD101245FEA53182DD14FF00108E7
:105EE0004FF0A04908FA03FAC9F80CA5D0F80090C1
:105EF00009F4004ABAF1000F0CBF4646012403F032
:105F00001F085B0920D14FEA880808F1A048C9F3AF
:105F10004129D8F800372B4043EA890343EA072395
:105F2000334343EA4403C8F80037C6E76FF015006F
:105F300066E76FF0850063E70023C3F80C35FFDEEA
:105F40000023C3F80835FAE708F5E078002353F892
:105F50002830F4E7F0F8FCFF8187030008B5044817
:105F600003F0C2F9BDE80840024803F0BDB900BF24
:105F7000A008002078080020F0B583B005694668C5
:105F8000044600AF002201211820F9F76FFC2846D3
:105F900023692F4A314603F07FF9051E18DA23687A
:105FA0006C4688B06A462B49CDE905134FF400735F
:105FB000ADF81C30284B42F8103F284800234FF41E
:105FC000E251F8F753FDA54628460C37BD46F0BD13
:105FD000636826691D6B3A1D0021284609F027FADF
:105FE000002805DB7B682A6819791868FFF7FCFE32
:105FF0000020356802464FF0A04602F5AC7355F814
:10600000231000290BDB4B091ED1D6F80435CB40F9
:1060100013F001031CBF012393400343D8B20132A4
:10602000042AEAD1002201256368196A05FA02F3FD
:106030000340B3FA83F35B09DB0321F8123001322A
:10604000042AF1D10025BFE70023D3F80435FFDE91
:1060500055F401004881030003000001681E02009E
:10606000F8B5BDF818C04668046903290D460CF060
:10607000010C06D9514A0B465148012107F072FC28
:1060800017E0B17D012904BF5B085208002B69D0DD
:106090009A426AD9216A8A421ED094F8247001215A
:1060A00001FA05FE37EA0E0706D0464A444807F0D3
:1060B00050FC6FF01500F8BD1146B1F5004F49D204
:1060C000226284F82570226896F816E0C2F80C75F2
:1060D000C2F804E5C2F8081594F8252023FA02F264
:1060E00092B2012741688CF0010E096A42EACE3271
:1060F00021F81520002F43D1226805F5AC7152F824
:106100002120002A11DB003B18BF0123634502F068
:106110001F014FF001034FEA52122AD1002A47D142
:106120004FF0A0428B40C2F80C3594F824100127A0
:1061300007FA05F521EA050184F8241041B394F823
:10614000263063BB1023012206F1200120460AF00D
:106150007EF922E00137082F4FEA5101ADD11346F5
:10616000194A89E71F461A46BCE7002747F6FF721F
:10617000B8E702BB4FF0A0428B40C2F80835D4E725
:1061800094F824300122AA40134384F82430D6E73F
:1061900000690AF095F984F8267000208BE7002347
:1061A00084F8263020460AF0A5F90028FAD0C9E77D
:1061B000C7F80C75FFDEC7F80875FBE768810300B8
:1061C000681E02007D810300928103002DE9F043E7
:1061D00083B045680669D5F8188000AF3A1D0021E4
:1061E000404609F024F9041E19DB7B68D8F800202A
:1061F00019791868FFF7F8FD041E10DB296A481C9E
:106200001AD0E86909F0D7F910F1130F04460BD141
:10621000344A3548012109F03CF96FF01204204658
:106220000C37BD46BDE8F083411D05D12F4A2E48ED
:10623000012109F02EF9F2E76B699847756B4FF071
:1062400001080835D6E90D3203EBC203A5F10802B7
:10625000934205D806F12C0009F049F90024DEE745
:1062600055F8080C0AF083FD034615F8041C55F890
:10627000080CABB96C468AB000686A461C4D0791A1
:106280004FF40071ADF820101A49CDE9055042F8DD
:10629000101F15484FF41151F8F7E8FBA546BCE76D
:1062A00035F8023CD0F810C0D0F80890DCF8004077
:1062B000DA0754BF43F4B01383F4D01323F48012ED
:1062C00008FA01FEDB074CBF44EA0E0424EA0E0480
:1062D000CCF80040D9F800309847041E05F10805B5
:1062E000B0DA9CE7DF810300781E02000A82030017
:1062F000278203000400000138B503780C4673B907
:10630000D1F8885065B9D1F884301C696FF07303F7
:10631000E36504F14C0003F073FE84F88C5038BD43
:106320008B6F33B19D4216D9244A2548012109F0CB
:10633000B0F8D4F8803043B1D4F888209A4222D9FA
:106340001E4A1F48012109F0A4F8D4F88400BDE8D2
:10635000384009F0F7B85B1B8B6773B90B6E0833D5
:106360000B664B6E013B4B6601F1780204F1600055
:10637000643109F095F86067DBE74B6F002BD8D0EC
:106380002B444B67D5E79B1AC4F880307BB9A36ECA
:106390000833A366E36E013BE36604F1800204F177
:1063A0006C0104F1680009F07BF8E067CDE7E36F6A
:1063B000002BCAD01344E367C7E700BF4B8203003A
:1063C000781E02002DE9F04F89B000AF04697B60B0
:1063D00043683B608B88814698048A46934631D453
:1063E0004FF0FF324FF0FF3304F13C0003F03CFE6E
:1063F000C4F830A0D9F81080D9F8042098F88D306E
:1064000023B1D8F82C309A4500F0CE80BAF8046059
:1064100016F400631DD0B24AB248012109F039F8E0
:106420006FF08505E36A13B19B889B0405D40023B4
:10643000236304F13C0003F0E3FD28462437BD4606
:10644000BDE8F08F636C002BCAD1236B9942C7D192
:10645000D0E7F10717D56D4688B0D9F800106A4625
:10646000A148CDE905014FF40071ADF81C109F491A
:1064700042F8101F9B484FF4E251F8F7F7FAAD4687
:106480006FF01505CEE7350705D5994A95480121E6
:1064900008F0FFFFF4E706F4FC63B3F5807F01D05A
:1064A000944AF3E7DAF80050934B9D4201D8934A9F
:1064B000ECE79446BCE80F0007F10C0EAEE80F00C5
:1064C000DCF80030CEF800308D4B9D424DD98D4B1D
:1064D0009D424DD98C4B9D424DD98C4B9D424DD9FF
:1064E0008B4B9D424DD98B4B9D422CBF4FF00045AD
:1064F0004FF0804516F002017D6106F0040343D0A1
:10650000002B0CBF02230323C6F300163B767E76D6
:10651000D8F80030D3F80825501C0CD002F01F002A
:106520000123520991BB002A40F026814FF0A0427E
:106530008340C2F80C3598F88D302BB140460AF0F4
:106540007EF8002388F88D304346734A07F10C012A
:1065500040460AF054F8034608B3704A61480121E6
:1065600007F000FA6FF004055CE74FF00075C1E733
:106570004FF08065BEE74FF00065BBE74FF08055F8
:10658000B8E74FF00055B5E79B08BDE7002A40F09B
:10659000F6804FF0A0428340C2F80835CBE70123D4
:1065A00088F88D30C8F82CA0012384F88C303B6823
:1065B000196A4A1C09D0D86900F0E6F8743004D191
:1065C000574A4848022108F064FFBBF1000F77D119
:1065D000C4F860B00023636604F1780204F164013A
:1065E00004F1600008F05CFF7B686067002B6FD1EE
:1065F000A3660023E36604F1800204F16C0104F158
:10660000680008F04DFF0023E067606EE3651A46FE
:10661000824240F089800022E56E1146A94240F096
:106620008A80E06A93422CBF2367226748B1037DCA
:106630003BB10121083008F046FFE36A18690AF00F
:106640007AFB484608F07EFF256F4FF4FA535D430E
:10665000E36A4FF400461B68B5FBF3F540F2E73000
:10666000C83500214FF47A720023E5FB0601F3F7E9
:106670004DF804F14C0802460B46404603F0F4FC8A
:1066800000285FD0274A1748012108F002FF0025A3
:10669000C4F88850204609F0D2FF84F88D50D9F80C
:1066A00010606FF07309C6F85C9006F14C0003F0BF
:1066B000A7FC86F88C50404603F0FCFC4D4645E0B4
:1066C000DBF800302366002B84D0DBF8043082E74F
:1066D0007B681B68A366002B8BD07B685B6889E7AF
:1066E00069820300781E0200838203000300000118
:1066F000A5820300C482030047E80100F38203007F
:106700008FD003001FA107003F420F007F841E00AF
:10671000FF083D0000127A00F962010024830300A3
:106720004983030073830300216E01EBC201013230
:1067300049680B446CE7A06E00EBC1000131406872
:1067400002446BE7E56D15F1740FA0D0E36A002BEE
:106750003FF468AE1A7D002A3FF464AE998811F4C4
:1067600080567FF45FAE18690AF0E5FAE06A3146B8
:10677000083008F0A8FE55E6C1F80C15FFDE00232E
:10678000C3F80835FAE700BF2DE9F0410D4606468B
:1067900009F037FD002207462946304609F0E8FC9B
:1067A0006B0905F01F0429D1A40004F1A044164B85
:1067B000D4F80027134043F00C03C4F8003709F065
:1067C0003FF980463368DB597BB1002730462946C4
:1067D00009F015FDD4F800270B4B134043F00403D8
:1067E000C4F800373846BDE8F08109F029F9A0EB7C
:1067F00008000628E6D96FF07307E7E704F5E074B0
:10680000002353F82430FFDEF0F8FCFF08B5044AFB
:106810000448012107F09DF86FF0730008BD00BF28
:1068200073830300801E020070B50D1E04690646C6
:106830000ADA616E09F04AF8C4F8945004F1840051
:10684000BDE8704003F0DCBBD4F8B03033B19D42FA
:1068500013D92B4A2B48012107F07BF8D4F8B83024
:1068600033B19D422AD9264A2648012107F071F802
:106870003046BDE8704008F051BF5B1BC4F8B03033
:10688000A3B9D4F898300833C4F89830D4F89C30C1
:10689000013BC4F89C3004F1B00204F19C0104F106
:1068A000980008F0B5FEC4F8AC00D7E7D4F8AC30D7
:1068B000002BD3D02B44C4F8AC30CFE75B1BC4F81B
:1068C000B830A3B9D4F8A0300833C4F8A030D4F855
:1068D000A430013BC4F8A43004F1B80204F1A401CF
:1068E00004F1A00008F094FEC4F8B400C0E7D4F8A6
:1068F000B430002BBCD02B44C4F8B430B8E700BF90
:106900004B820300801E02002DE9F04198468B88DF
:1069100004690E4699040746154600F185804FF03C
:10692000FF324FF0FF3304F1740003F09DFBA666C5
:10693000002D40F08280C4F898500023C4F89C30A9
:1069400004F1B00204F19C0104F1980008F060FE2B
:106950000546C4F8AC00B8F1000F76D1C4F8A080A9
:106960000023C4F8A43004F1B80204F1A40104F136
:10697000A00008F04DFE0023D4F89CC0C4F8B40079
:106980008046C4F894301A46624567D10022D4F894
:10699000A4E01146714569D193422CBFC4F8A830D8
:1069A000C4F8A82015B1D4F8B03033B9B8F1000F4D
:1069B0006FD0D4F8B830002B6BD03146384600F099
:1069C000A5F8054610BB04F16408666604F1BC0531
:1069D000284603F06FFB3049384608F060FF4FF05F
:1069E000FF324FF0FF33284603F03EFB3146384676
:1069F00008F056FF384608F091FE404608F068FE61
:106A0000054600283BD1B3889A040AD4636E13B1BB
:106A10009B889B0405D40023A36604F1740003F053
:106A2000EFFA2846BDE8F081E36F002B7FF477AFE3
:106A3000A36E9E427FF473AF7AE72B68C4F8983058
:106A4000002B3FF47AAF6B6878E7D8F80030C4F8D1
:106A5000A030002B84D0D8F8043082E7D4F8981006
:106A600001EBC201013249680B448DE7D4F8A00064
:106A700000EBC10C0131DCF804C062448AE710F17C
:106A8000740FC3D1384608F070FF404608F020FE6E
:106A9000BCE76FF01505B9E791F7010002460F4812
:106AA000824210B511D20E4B9A420FD80D4B9A422A
:106AB0000ED80D4B9A420DD80C4B9A420CD80C4C68
:106AC0000C4B0D48A24298BF184610BD0B48FCE77E
:106AD0000B48FAE70B48F8E70B48F6E700127A0094
:106AE000FF083D007F841E003F420F001FA10700EA
:106AF0008FD0030048E8010090D0030000093D005A
:106B000080841E0040420F0020A10700F0B589B02C
:106B1000056995F8303000AF06460C460BB36A6B3A
:106B20000B689A421DD1AA6B4B689A4219D195F80D
:106B30004830097D994214D1B5F84C20238B9A42F4
:106B40000FD1EA6BA368D9B193420AD12B6CE268EA
:106B5000534033F47F4304D16A6C23699A4200F0B6
:106B6000A980A28812F400630FD0564A564801212A
:106B700006F0EFFE6FF0850630462437BD46F0BDC7
:106B80009A42EED12A6CE368E8E7D10716D56C4645
:106B900088B031686A464D48CDE905014FF400716F
:106BA000ADF81C104A4942F8101F47484FF4E25113
:106BB000F7F75CFFA5466FF01506DDE712F0080C4D
:106BC00005D0444A4048012106F0C3FEF3E702F431
:106BD000FC63B3F5807F01D03F4AF3E721683F4B68
:106BE000994201D83E4AEDE72B687168D3F8080551
:106BF000431C10D012F0020200F01F0E4FF00103F0
:106C00004FEA501034D1002856D14FF0A04203FA79
:106C10000EF3C2F80C354FF0FF33FB6020688B7F1A
:106C2000BB74FFF73BFF8B69834294BF7B61786144
:106C3000A388990703F0040222D5002A0CBF022280
:106C40000322C3F300137B760123FB763B7795F891
:106C500030303A76B3B13946284609F086FE06460A
:106C6000B8B1204A03460121174806F07BFE83E7AE
:106C700028BB4FF0A04203FA0EF3C2F80835CAE76A
:106C80009208DEE7184A33463946284609F04EFE98
:106C9000E5E71649284609F0ECFF05F1340304F155
:106CA0001C0254F8041B43F8041B9442F9D101233D
:106CB00085F8303000265FE7C2F80C25FFDECCF8FF
:106CC00008C5FBE769820300801E0200838203007F
:106CD00003000001A5820300C482030047E801000D
:106CE000F3820300C083030069F8010070070020ED
:106CF00070B5012383400F4ABFF35B8FDC4352E83A
:106D0000001F01EA040542E80056002EF7D1BFF348
:106D10005B8F4FF4803282400748C0F80823BFF3EE
:106D20005F8FBFF36F8F03EA0100003818BF0120A7
:106D300070BD00BF545800200010014070B41249CB
:106D4000D1E90034D01AC31844F10004C2F30E068E
:106D5000C1E90034A6F58053B3F5C04F09D20B4BFF
:106D60001B685A0CDB039C19094B42F10005C3E96F
:106D70000045EFF31181402383F31288BFF36F8F37
:106D800070BC04F083B800BFD02100205858002008
:106D9000D821002011B3BFF35B8F0123104A834039
:106DA00052E800CF4CEA030C42E800C10029F7D1B9
:106DB000BFF35B8F0B4A4FF480338340C2F8043338
:106DC000094BBFF35B8F1B68BFF35B8FC340DB07CF
:106DD00042BF064B4FF40032C3F80021704700BF9A
:106DE00054580020001001404C58002000E100E001
:106DF00030B5144B1868410CC003BFF35F8F124BC2
:106E0000D3F8043547F6FF7293420AD10F4AD2E90C
:106E10000045844275EB010209D3C01841F100011D
:106E200030BD181841F10001B3F5006FF8D2074BDF
:106E3000D3E90023904271EB0303F1D210F5004037
:106E4000ECE700BF5858002000100140D821002076
:106E50002DE9F04F85B016461F469DF840A0044628
:106E6000FFF746FF0190FFF7C3FFB04271EB070346
:106E700061D2301A44F2010367EB0101984271F1CB
:106E8000000109D36FF0150520460199FFF782FF35
:106E9000284605B0BDE8F08F354B03EB0413D3E96A
:106EA00002239F4208BF964256D032494FF48038A1
:106EB00004F1500508FA04F8AD002046C1F84883F3
:106EC000ADB208F0B1FDC6F30E0B05F1804504F537
:106ED000A87305F5883558464FF003090293C0F3AF
:106EE0000E030BB901200346029A41F82230C1F883
:106EF0004483D1F80435C01A0338C0F30E0043F6BA
:106F0000FD7C604528D9286868B1D1F80435039321
:106F1000A3EB0B00C0F30E00B0F5804F1CD9204648
:106F200008F082FD039BBAF1000FABD109EB03001F
:106F300009F10109D3E7BAF1000FA3D101230E4AE9
:106F4000BFF35B8FA34052E8000F184342E80001F3
:106F50000029F8D1BFF35B8F05490E98230101EB9F
:106F60000412C8500F9B5360C2E9026700258BE7EB
:106F7000B0210020001001404C58002070B5294C71
:106F8000294B2A4A86B0C4F80833C4F84833284B42
:106F900000254FF0FF304FF0FF314FF48036C4F83A
:106FA0000855C3E90201C4F80463C3E906014FF4BC
:106FB00000330121C4F804331120C2F880312A467D
:106FC000F8F754FC1120F8F721FC1A4B012003229A
:106FD000A06020601A60184B009343F6FF720023F4
:106FE000CDE90155FFF734FF0220FEF7E7FC134A15
:106FF00013491368134823F00103136047F6FF7326
:10700000C4F844630DF11702C4F8403508F03BFEA4
:10701000002804DB9DF8170002F01CF8284606B093
:1070200070BD00BF0010014001000F0000E100E052
:10703000B0210020545800203D6D01005058002020
:1070400008100140401101402DE9F743314CD4F8BC
:107050000433D90318D540230022990810290BD1F5
:10706000D4F8403133B10023C4F84031D4F8403172
:107070004FF480324423F0E70433502BEDD11AB1A2
:10708000254A136801331360D4F804339A0323D5D7
:10709000BFF35B8F214B53E8002F22F0020143E83E
:1070A00000100028F7D1BFF35B8F930702D4D4F808
:1070B00044318BB10025C4F84451D4F84431FFF772
:1070C00097FEEFF3108272B6154BD3E90667B04214
:1070D000B94104D282F3108803B0BDE8F0834FF0C9
:1070E000FF384FF0FF39C3E90689D3E904101D6169
:1070F0004FF40033C4F84833C4F84451D4F8443151
:1071000082F310880029E7D0009032463B460120E8
:107110008847E1E700100140585800204C580020F3
:10712000B021002030B5431C85B043F6FF7223D058
:107130009042A8BF104601280446B8BF0124FFF7BB
:1071400057FE0F4BD3E90013401AB0F5804F43F6BA
:10715000FF7513D22218AA4228BF2A4652184FF0B0
:10716000000008490091CDE9010043F1000301202E
:10717000FFF76EFE05B030BD1446E0E72A46EDE7A6
:10718000D02100203D6D010008B5FFF731FE024B14
:107190001B68C01A08BD00BFD021002002460B4664
:1071A000014802F039BE00BF5C0B0020014802F02C
:1071B000A5BE00BF5C0B0020014902480AF00EB8D2
:1071C00060580020F02C0020094B93F80031042B6C
:1071D00002D1810709D47047022B02D1020704D4DF
:1071E0007047082B03D1830601D5FFF7E5BF704731
:1071F000FC5C002010B403460A46044881680C6811
:10720000194623465DF8044B184700BF281B0200AF
:10721000B0B584B000AF3B1D00247C600A22BC6086
:10722000C7F80B403960014618460AF034FA6D463B
:107230008AB0396803466A460D480791CDE90503CF
:107240004FF40073ADF820300A4B42F8103F0A4863
:1072500023464FF41151F7F709FCAD4684F311882A
:10726000BFF36F8F0323184602DF1037BD46B0BD52
:10727000F283030004000001001E0200F0B589B093
:10728000064600AF34480D46344909F08BFF07F13C
:107290000C00F2F75EFA6C4688B06A46304B0593F4
:1072A000304B06934FF40073ADF81C302E4B42F870
:1072B000103F2E492E4807F10C03F7F7D7FBA546E0
:1072C0002C4809F054FD50B92B4A2948012106F0F9
:1072D00040FB6FF0120420462437BD46F0BD274B1B
:1072E0007B60381DE9F702FC034638B1244A204888
:1072F000012106F037FB6FF01504ECE74FF0FF308B
:107300004FF0FF31FFF74AFF04460028E3D11D4943
:107310001D48E9F737F8044610B1FFF747FFDAE7F1
:1073200041F64C5307F10800BB60EAF7B5FC20B109
:10733000FFF73CFF6FF08504CDE7012338463B7033
:10734000F3F7A9F90028F3D1FFF730FF33690F48AD
:107350001D60F8F7D3FFBEE760580020EDFA01008A
:10736000B27203001784030003000001C01C400137
:10737000001E0200281B02003E840300F57101007C
:107380005E840300E02100205D740100C9710100EA
:1073900030B52F4887B0E8F779FF0446002852D16E
:1073A000E9F72EF80125E9F737F8F2F7D4F9F2F703
:1073B000D4F9F2F7D4F903AA022120468DF80C5033
:1073C000E8F792FF00283DDB082303AA07212046A7
:1073D000ADF80C30E8F788FF002833DB4FF0FB13E3
:1073E000039303AA40F2032303212046ADF8103093
:1073F000E8F77AFF002825DB03AA042120468DF850
:107400000C50E8F771FF00281CDB1F2303AA06219C
:107410002046ADF80C30E8F767FF002812DB40F695
:107420000C33984212D90B4A009029460A4806F0BC
:10743000A3FA84F31188BFF36F8F0423184602DF89
:107440006FF00B000446204607B030BD2046F9E738
:107450001172010082840300001E020073B5434CC8
:1074600094F800313BB394F80031042B56D12078C6
:107470003E2833D1A678B31E5E425E416378FF2B6F
:107480002ED14FF48073009340F20113384A3948EB
:10749000012106F071FA384A36486FF00B030121DA
:1074A00006F060FA002383F31188BFF36F8F042383
:1074B000184602DF1DE04FF0FF304FF0FF31FFF7BD
:1074C0006DFE48B904F58071204600F0EFFA0546DC
:1074D000FFF76CFE002DC6D002B070BD0026CDE7D0
:1074E000002200233146F8F717FF054648B9002E61
:1074F000F2D0002384F8003102B0BDE87040FFF7FD
:107500005BBE62780232194905F10C0006F0D5FB2A
:107510001A4B1B481B6829469847EAE7022B10D1F3
:10752000002200230820F8F7D1FE05460028D3D01A
:1075300063880433B3F5807F0FD94FF480720092D3
:10754000A4E7082B0BD1002300222020F8F7BEFE71
:10755000638805460028ECD1BEE71A46D3E7094AFE
:107560000448012106F0FEF9C3E700BFFC5C0020DF
:10757000A5840300001E0200FF8403005C58002065
:10758000441B0200C68403002DE9F341A54D2C786D
:107590000746002C40F0828204238DF80730A24B6E
:1075A0000688D3F80080B8F1000F15D1B6F5105F4A
:1075B0004FEA96230BD2002B00F06382013B072B8E
:1075C00062D8DFE803F026614D95616161DD3F2BF4
:1075D00000F09C810120D7E10DF106030DF10702B7
:1075E000691CC0470128E1D09DF8063013B9012875
:1075F00040F04A820F236B700423AB700123E870C4
:107600002B71A5F8056001232B70002002B0BDE8A6
:10761000F081384640F2064230F9033B934219D0DC
:1076200040F21D42934218D0012042F219039E42BB
:1076300000F2148242F20C039E4200F2088240F2F1
:10764000064440F21D43A64218BF9E4214BF0124C7
:10765000002430E0EAF7CEF8E7E7EAF741F9E4E79B
:10766000384640F6634230F9033B934234D00EDC97
:1076700040F60342934223D040F62D42934222D05B
:1076800040F60142934213D00120044613E040F635
:107690007B42934223D040F67C429342F4D19DF842
:1076A0000730624902338DF80730F2F791FF01E0AD
:1076B000E8F7F0FE012484F001048DF8064093E71A
:1076C000F2F73EF8F6E79DF80730584903338DF896
:1076D0000730F2F7D0FDEDE7E8F7EEFEEAE79DF8B8
:1076E0000730524904338DF80730F2F763FFE1E7C2
:1076F0003B88A3F58053013B082BC5D801A252F863
:1077000023F000BF297701003B7701004F7701008C
:107710008976010089760100897601008976010069
:10772000897601006F7701009DF807303F480833E4
:107730008DF80730F2F78DFDBCE79DF807303B4828
:1077400040338DF8073008F0D3F90020B2E79DF8F8
:10775000073008338DF80730344B00221A605A6026
:10776000EB7A23F0600343F06003EB72EDE79DF8E2
:1077700007302E4806338DF80730F2F7B1FD99E750
:10778000384642F2320130F8033B1AB28A4222DC18
:10779000B2F5005F24DDA3F50053013B312B1FD868
:1077A000DFE803F0202D361E46491E4C4F521E1EA8
:1077B0001E1E1E1E1E1E1E1E1E5558611E6A737C36
:1077C0001E1E1E1E1E871E901E1E1E1E1E1E1E1EFE
:1077D0001E1E939CA5A842F24B039A4200F08D8096
:1077E000012001E0E8F772FE42F264039E423FF49A
:1077F00062AF42F264039E4200F2C68015E79DF834
:1078000007300A4803338DF80730E9F7E9FFEBE763
:107810009DF80730054808338DF80730F2F758FE19
:10782000E2E700BFFD5D002070580020045E0020EC
:10783000F2F772FDD8E7EAF72FF9D5E7F2F775FE10
:10784000D2E7F2F74DFECFE7EAF780F9CCE7F2F79F
:107850002FFEC9E79DF80730924910338DF80730A5
:10786000F2F735FDC0E79DF807308E4808338DF8F4
:107870000730F2F7FAFCB7E79DF807308949023381
:107880008DF80730F2F776FEAEE79DF807308549B0
:1078900002338DF80730F2F77EFEA5E79DF807303A
:1078A00008338DF807308F23EB71C023EB72002073
:1078B0009AE79DF807307B4902338DF80730F2F7DD
:1078C0003AFD91E7E9F7C8FF8EE79DF80730754864
:1078D00008338DF80730F2F75EFD85E79DF8073035
:1078E000704904338DF80730F2F765FD7CE7E9F75E
:1078F000CBFF79E7F2F7A5FD76E79DF807306948F9
:1079000002338DF80730F2F7D1FC6DE738464FF6B9
:107910000C5230F8033B934222D84FF60252934266
:1079200012D803F2FF3292B20A2A3FF653AEA3F501
:107930007C43013B0A2B7DD8DFE803F01E347C7CBE
:107940007C5B7C7C49525E00A3F57D43033B092BA5
:1079500070D8DFE803F05A6F5D6F6F6F606F6F6311
:107960004FF6145293425CD04FF6165293427FF476
:1079700031AEEAF799F907E09DF8073049480C3332
:107980008DF80730F1F7EDFE42F285039E4272D882
:1079900042F267039E424FD842F26604341B18BF7E
:1079A000012488E69DF8073040338DF807303D4BC1
:1079B00000201880EB7923F0230343F02303EB71BD
:1079C0002B7A23F0070343F007032B72DCE79DF8C3
:1079D0000730344817338DF80730F1F7DCFED3E772
:1079E0009DF807302F4820338DF80730F1F7F7FE68
:1079F000CAE7F1F7CEFEC7E79DF807302948013303
:107A00008DF80730F1F708FFBEE7F2F744FEBBE759
:107A1000EAF742F9B8E7F1F715FFB5E7F2F724FE08
:107A2000B2E79DF807301F4904338DF80730F1F7AE
:107A30000DFFA9E70120DCE6A6F50153283B1A4C0F
:107A40009BB2DC4004F0010484F0010433E6A6F5A7
:107A500000530D3B9BB241F24124F2E742F2320364
:107A60009E423FF428AEA6F50154033C012C94BF7E
:107A7000002401241FE626F008044FF60253E41AFE
:107A80008DE70124204616E69DF80730AB700E22E4
:107A900001236A70EB70AE80A871B4E54FF0FF303F
:107AA000B4E500BF045E00202F80402038B5094CAB
:107AB00023780D461BB9BDE83840F1F7A8BFA2787E
:107AC000611C023209F0A8FD0020042320702B70F5
:107AD00038BD00BFFD5D002070B505460E46084C60
:107AE000204609F044F938B1A368B2B229462046CD
:107AF0001B68BDE8704018476FF0120070BD00BFF2
:107B0000281B020013B54FF4FA73ADF804300023BC
:107B10008DF806304FF48053ADF80030104A022340
:107B2000192168468DF80230F1F73CFA044698B9FD
:107B300007F0ECFA80B2EFF78DFA01222146082017
:107B4000F7F794FE012221460B20F7F78FFE012262
:107B500021461046F7F78AFE204602B010BD00BF4E
:107B6000757B01000149024809F038BB78580020B4
:107B7000F02C0020B0B584B000AF3B1D00247C6029
:107B80000A22BC60C7F80B4039600146184609F06C
:107B900082FD6D468AB0396803466A460D480791F2
:107BA000CDE905034FF40073ADF820300A4B42F8DD
:107BB000103F0A4823464FF41151F6F757FFAD46E0
:107BC00084F31188BFF36F8F0323184602DF103749
:107BD000BD46B0BD5785030004000001301E020001
:107BE00013B500241549164800946FF009034FF4AB
:107BF000806202F0EFFB1349114809F045FB12497E
:107C0000124809F0CFFA224604211920F7F72EFE78
:107C1000BFF35B8F0E4B012253E8001F43E80020A7
:107C20000028F9D1BFF35B8F0A4905484FF40032B1
:107C3000002302F00FFC204602B010BD807200202D
:107C4000F02C00206B8503004FFB010078580020CA
:107C500074580020E806002010B5BFF35B8F084B76
:107C60001B68BFF35B8F53B1EFF78AF9BDE8104093
:107C7000044905484FF40032002302F0EBBB10BD6D
:107C800074580020E8060020F02C00200346024A29
:107C90000248022105F066BE7F850300501E0200E7
:107CA00010B9024B1B681847FFF7F0BF8858002037
:107CB000014B01201B6818478858002028B1012873
:107CC00007D104490020EFF7DDB8034B01201B6802
:107CD00018477047A17C010088580020014B1860AC
:107CE000002070478858002031B32DE9F0414FF053
:107CF000000E02F1020832F81EC038F81E304FEABA
:107D00009C0C9B0850F82C7050F8236040F82C60B5
:107D10004FEA8C059C0040F8237005F1040C231DEC
:107D20000EF1020E50F80C50C45840F80C408E452D
:107D3000C550E0D3BDE8F081704700BF2DE9F04F9A
:107D40002DED108B8FB0CDE90B32034604339FED40
:107D5000BBCA0A908B468A460D934FEADA0707EBB7
:107D600087014FEACA000190C800C7EBC7010A9B10
:107D700003904FEAC709C8004FEA0718069008F1B8
:107D8000040109F1040007EB470603EB471218440E
:107D900019447B010293330102EB07150493F300AE
:107DA000A5EBC60405930D9E019B099702EBC70C3A
:107DB0004FF0000E04EB4717D5ED009A94ED004A02
:107DC00097ED009A11ED012A92ED006A9CED005AA0
:107DD00056ED013A50ED017A34EE098A37EE850A04
:107DE00032EE293A33EE867A70EE085A77EE036A5D
:107DF00077EEC57A36EEA55A76EEE56A06ED015ABB
:107E0000C2ED006A9CED01BAD0ED00BA94ED011A02
:107E1000D2ED01AAD6ED005AD7ED012A91ED00AAC4
:107E2000D5ED011A7BEECB6A37EEC45A76EEC14A25
:107E300075EEEA0A73EEC63A35EE095A34EEA26AD6
:107E4000F0EE608AF0EE634AE5EE4C4AD644F34524
:107E5000E6EE4C8A77EEC97A76EEE26A77EE847ABD
:107E600032EE699A3AEE614A76EE816A75EEAA5A66
:107E700039EEC22A7AEE21AA71EECA1A7BEE8BBACB
:107E8000E5EE0C3AB0EE44AAB0EE64BAB0EE495A50
:107E9000F0EE689A31EE221AA7EE8C5AE6EE0C0A42
:107EA000A6EE8CAA35EEEA6AE6EE8C1A37EE437A35
:107EB000E7EECC9AA6EECCBAA7EE8C2A7BEE812A0E
:107EC00077EE416A75EEAA7A36EE403A37EE6B7A73
:107ED00036EE486A77EEA2AA37EE017A77EEE27ABA
:107EE00033EE8A1A76EEAB2A74EEA14A33EE083AE4
:107EF00070EEC51A36EE006A73EECA3A34EE0B4ADB
:107F000035EE205A78EE825A79EE296AC6ED00AA3B
:107F1000C2ED017A1E4441ED012A1A4485ED007A32
:107F200081ED003A85ED016A194400ED011A1D4406
:107F3000C7ED003A8CED004AC4ED004AC0ED001ACE
:107F400087ED015A1844CCED015A1F44C4ED016A73
:107F50009C441C443FF630AF1F46099B072B40F260
:107F60009C810A9E049D059A069C0298039909F13A
:107F7000080906EB090308F108080835089306EB21
:107F8000080308320793731908340693B3180C30AA
:107F9000059333190C310493331803937318029328
:107FA0004FF001094FF000083B460B9A90440C9AA1
:107FB00002EBC80292ED00FA02EBC802D2ED00EA31
:107FC00002EBC80292ED00EA02EBC802D2ED00DA41
:107FD00002EBC80292ED00DA02EBC80208EB48019E
:107FE000D2ED00CA02EBC802D2ED00BA92ED01BA9E
:107FF000A2EB0112D2ED01AA02EBC80292ED01AA96
:1080000002EBC802D2ED019A02EBC80292ED019A8E
:1080100002EBC802D2ED018A02EBC802D2ED017A6E
:108020000A9ACDED017ADDE90276DDE90454DDE955
:10803000060102EBC90C089ACE4601E0F304353F75
:10804000D4ED004A91ED007AD5ED00FAD0ED006A4A
:1080500056ED013A17ED013ADCED005AD2ED007A07
:108060009CED011A74EEAF0A37EE830A37EE265AFA
:1080700035EEA36A30EE204A36EE052A77EEC37A53
:1080800032EE043A75EEE35A8CED003A97ED003A81
:10809000D2ED013A96ED008A32EE442A36EE456A78
:1080A00094ED014A33EEC35A73EE833A37EEE43A65
:1080B00077EE661A33EE2F3A76EEC76A77EEEF7AEE
:1080C00095ED017A75EE44FA71EE482A77EEA47ABE
:1080D0007FEE87FAF0EE654AE3EE4C4AD644F3456C
:1080E000E3EE0C5AB0EE623AAFEECC3AE7EE8C6AB1
:1080F00035EE475A73EE266AA7EECC3A35EE045AAF
:1081000031EE081A34EE074A91ED018A90ED017ABA
:10811000EFEE8C2AF0EE43FAB0EE613AA7EE8C3A1D
:1081200071EEAF7A78EE071A78EE47FA37EE487AB2
:10813000B0EE6F8AA5EE0C7AA5EE0C8A37EE247AA3
:10814000E5EE4C4A31EE615A74EEAF4A75EE60FAD4
:1081500035EE405A71EE211A35EE205A33EE841A6C
:1081600076EE440A36EE636A70EEA30A34EE066ACF
:1081700071EE813A22EE494A31EEC11ACCED013A54
:10818000ADEE814A9C4469EE011A2AEE051AEDEE25
:10819000821AB0EE412A70EE2FFADDED013A46ED7B
:1081A000011AAEEEA02A60EECA0A32EEC31AEEEE53
:1081B000850A23EEAF5A66EE633AACEE865A35EE88
:1081C000886A35EEC88A86ED004A33EE223A6AEEB6
:1081D000811A28EE4B4A26EE6A0AEFEE061A1E4472
:1081E000ABEE834A6BEE032A29EEA76A27EE693AC3
:1081F000AFEE010A68EEA65A24EEE81AAEEE076A60
:10820000B0EE437AECEEAF3AEBEE882AEDEE245A6C
:10821000ADEE261AAEEE277A81ED002AC1ED010AF5
:1082200080ED005AC0ED013A1944C2ED001A82ED0A
:10823000010A1844C5ED002A85ED014A1A4447EDAC
:10824000015A87ED001A1D4484ED006A1F4484ED35
:10825000017A1C443FF6F4AE089A08320892079A55
:1082600008320792069A08320692059A0832059259
:10827000049A08320492039A08320392029A08324E
:108280000292099A09F101094A457FF48EAE0B9BCF
:10829000DB009BB20B9392465FE50FB0BDEC108BF9
:1082A000BDE8F08F2DE9F04F2DED0A8B91B0012A3A
:1082B0000588019206468B46009300F02881B5F5AB
:1082C000807F00F036811FD8402D00F0158134D812
:1082D000102D34D0202D00F02C81009B23B1B268EA
:1082E000B1895846FFF700FD019B012B20D107EE15
:1082F000905AF8EE677AB7EE007AC7EE276ABDB1FA
:108300000BF10803029368E3B5F5006F00F01181EB
:1083100000F2EE80B5F5007F00F0EE80B5F5806FDD
:108320000DD0009B002BDAD1019B012B00F0D480F3
:1083300011B0BDEC0A8BBDE8F08F802DF1D1B6F8FD
:1083400000E072684FEA5E010BEB8E045FEADE0E1E
:108350004FEA810000F0AC8010300BF110030BEB02
:10836000000C103203EB0E1E204404F1100717ED31
:10837000041A57ED031A10ED045A50ED035A57ED45
:10838000028A17ED018A10ED027A50ED017A13EDA1
:10839000044A53ED034A13ED026A53ED016A1CEDE2
:1083A000042A5CED032A1CED020A5CED010A74EE5E
:1083B00001BA34EEA1BA72EE059A32EEA59A30EE09
:1083C000073A70EEA73A76EE28AA36EE88AA43ED71
:1083D00004BA03ED03BA43ED02AA03ED01AA4CED82
:1083E000049A0CED039A0CED023A4CED013A52ED71
:1083F000033A12ED043A34EE414A74EEE14A75EE66
:10840000E25A35EE425A24EEA31A63EEC41A23EE62
:10841000652AA4EE031A10339E4565EE032AB0EEDA
:10842000614AA4EE834A0CF1100C02F11002F0EE46
:10843000424AE5EE234A07F1100700F11000B0EEC2
:10844000625AA5EEA35A07ED074A07ED081A40ED58
:10845000084A00ED075A52ED055A12ED065A36EE5B
:10846000686A76EEC86A77EEE07A37EE407A26EEF2
:10847000A53A65EEC63A25EE674AA6EE053A67EEDE
:10848000054AB0EE636AA6EE856AF0EE446AE7EE4E
:10849000256AB0EE647AA7EEA57A07ED063A07EDF5
:1084A000056A40ED066A00ED057A7FF460AF7268F8
:1084B0008FB2022339465846FFF740FC0223726808
:1084C00039462046FFF73AFC009B002B7FF407AFAC
:1084D000019B012B7FF42CAF07EE905AF8EE677AE0
:1084E000B7EE007A0BF10803C7EE276A029374E235
:1084F000B5F5805F7FF415AF0123726829465846B1
:10850000FFF71CFC009B002B3FF40EAFE7E6002DAD
:1085100000F07A8201F10C03002253ED027A01325D
:10852000F1EE677A954243ED027A03F10803F4D144
:10853000C5E633889BED007ADBED017A72685B0853
:108540000BEBC30494ED006AD4ED015A04EB8300F5
:1085500077EE066A37EE467A37EEA56A77EEE57A69
:10856000D0ED005A90ED012A03900BEB830797EDB5
:10857000005AD7ED012A059736EEA53A77EEA53ACF
:1085800033EE053A77EE024A8BED003A76EEC56A95
:1085900077EE857A73EEC53A34EEE25AD0ED014AB1
:1085A00036EE624A76EEE56A77EEE57A37EE227AC3
:1085B000D7ED015A36EE246A5946083137EE427A31
:1085C00036EE256A029159088BED016A0C9187ED10
:1085D000007AC7ED013A394634EE424A2746083759
:1085E000C4ED006A84ED014ACDE9064780ED005AEA
:1085F0000446C0ED017A84460C9802F108070A97F8
:10860000023802F1100708310497083402F1180704
:1086100040080891099402990B974FEA83030D9043
:1086200000F03A8105990F95A1F10C040E9402F126
:10863000200A069CDDF8109002F13008039A0C3BEA
:1086400005460E986344A2F10C0E01F1100C0BF1DB
:108650001007A4F10C011032103412ED028A5CED07
:10866000022A14ED026A17ED023A12ED012A14ED06
:10867000017A5CED01AA57ED016A33EE064A72EE0B
:10868000887A76EE874A77EE847A33EE463A47ED7B
:10869000027A52ED015A5CED017A77EEA57A76EE18
:1086A000C76A77EEA47A73EE429A47ED017AD3ED6A
:1086B00002BA9EED026AD0ED021AD1ED025A93ED94
:1086C00001BA9EED011A91ED010A90ED01AA31EE79
:1086D00086CA75EEAB0A3AEE015A70EE8C7A36EE27
:1086E000E29AC0ED027AD3ED018AD1ED017A77EEFC
:1086F000A87A35EEEB7A77EE857A39EE089AC0EDF6
:10870000017A59ED018A59ED027A79EEAA9A7CEE46
:10871000655A71EE8B3A70EECC0A75EEEB5A29EE83
:1087200028CA68EEE9BAA9EEA7CA013D07F1080711
:1087300073EEC63AF0EE6B9AE9EE279AA0F10800C4
:1087400009F1080937EE419A73EEC03A35EE405A06
:1087500039EE0A9A35EE4B5A36EE0B6A23EEA7BA7B
:1087600067EEC97A4CED019AF0EE4B9AE3EEA87AE7
:108770000CF1080CA1F10801E9EE289A0AF1100A9F
:1087800004F1080434EE624A74EEEA4A0CED04CABD
:10879000C1ED039AC1ED047A5AED077A5AED083A11
:1087A00034EE484A74EEC24A76EEC86A64EEA78A8E
:1087B00027EEC48A65EEA75A67EEC57AE4EE238AEF
:1087C000AEF1080E08F11808B0EE484AA4EEA34A2C
:1087D00002F10802A3F10803E5EE635AE3EEA07A82
:1087E00037EE4A7A33EE6A3A44ED048A36EE406A4E
:1087F00004ED034ACEED047ACEED035A18ED0C5A7F
:1088000058ED0B5A77EE017A33EE023A36EE617A82
:1088100076EEA26A25EEC34A65EE674A27EE056A40
:10882000A6EE854A66EEA53AF0EE646AE7EE256AA2
:10883000B0EE467AE3EE053AA7EEA57A42ED043AA9
:1088400002ED034AC3ED046A83ED037A7FF405AFBA
:108850000D9A04980B9F089C0A990F9D531E02EBDA
:10886000420207EBC20210300B9200EB031204929B
:10887000079ADB001A440832083408310792E218DC
:108880000892CA1809990A9203F108021144029A3F
:10889000099102F108011944089B099A079893ED80
:1088A000005AD2ED004AD0ED003AD1ED007AD3ED76
:1088B000012A92ED013A90ED014A91ED017ABDF85D
:1088C000304035EE246A77EEA36A77EEE37A36EE2F
:1088D000266A76EEC56A81ED006A92ED012AD3ED33
:1088E000015A37EE046A75EE825A37EE447A75EE15
:1088F000865A37EEC34AC1ED015A77EE453A0A99D6
:1089000034EE224AD1ED015AD1ED001A73EEA43AA9
:1089100025EEC42A63EEA55AA3EEA12A2146E4EE71
:10892000215A83ED012AC3ED005A36EE626A049B98
:1089300076EEE46AD3ED015AD3ED003A0B9B36EEA6
:10894000436A25EEE64A66EE255AA6EE234AE6EE8F
:10895000A35A77EEE27A37EE647A80ED014AC0EDF1
:10896000005AD3ED016AD3ED005A77EE837A37EEE1
:10897000057A26EEE76A67EE266AA7EE256A0423E3
:108980005846E7EEA56A82ED016AC2ED006A726898
:10899000FFF7D4F90598726804232146FFF7CEF952
:1089A0000698726804232146FFF7C8F90423039848
:1089B00072682146FFF7C2F9009B002B7FF48FAC51
:1089C000019B012B7FF4B4AC07EE905AF8EE677A66
:1089D000B7EE007AC7EE276A029B00220132954269
:1089E00003F1080313ED047A53ED037A27EE267A98
:1089F00067EEE67A03ED047A43ED037AEED111B027
:108A0000BDEC0A8BBDE8F08F009B002B3FF490ACCF
:108A1000826881895846FFF767F968E4064B9989AF
:108A20008181D3E901324FF4006CC0E90132A0F832
:108A300000C00020704700BFF85D0300064B998915
:108A40008181D3E901324FF4806CC0E90132A0F892
:108A500000C00020704700BF085E0300064B9989E4
:108A60008181D3E901324FF4007CC0E90132A0F8E2
:108A700000C00020704700BF185E0300064B9989B4
:108A80008181D3E901324FF4807CC0E90132A0F842
:108A900000C00020704700BF285E0300064B998984
:108AA0008181D3E901324FF0800CC0E90132A0F896
:108AB00000C00020704700BF385E0300064B998954
:108AC0008181D3E901324FF0400CC0E90132A0F8B6
:108AD00000C00020704700BF485E0300064B998924
:108AE0008181D3E901324FF0200CC0E90132A0F8B6
:108AF00000C00020704700BF585E0300064B9989F4
:108B00008181D3E901324FF0100CC0E90132A0F8A5
:108B100000C00020704700BF685E03002DE9F041EF
:108B2000154607460C461A46002B58D0D1ED007A60
:108B3000D1ED016A0088796937EEA67A77EEE67A98
:108B4000F6EE003A431E27EE237A67EEA37A002B57
:108B500085ED007AC5ED017A04EBC30C38DD01F137
:108B6000100EACEBC00004F11001ACF1080C05F1E3
:108B70001006DCED027A51ED024A51ED016A1EED5C
:108B8000026A5EED015A9CED035A34EEE74AB0EEFC
:108B9000667AE6EE447AACF1080C0836A5EE847AE3
:108BA00060450EF1080E75EE266A77EEA47A37EE70
:108BB000457AE5EEE67A01F10801A6EE667A67EEFF
:108BC000A37A27EE237A46ED047A06ED037AD0D114
:108BD000294638460123BDE8F041FFF763BB012376
:108BE000FFF760FBD4ED017A94ED006A3E88786966
:108BF00077EEA77AF0EE006AB0EE677AA6EE267AF4
:108C0000013E04EBC603D6EE267A103005F11002C1
:108C1000F6EE003A27EE237A67EEA37A85ED007A26
:108C2000C5ED017A04F11001083BD3ED027A51ED54
:108C3000024A51ED016A10ED026A50ED015A93EDBE
:108C4000035A37EEE44AB0EE667AE6EE047A013E65
:108C50000832A5EE847A002E00F1080075EE266A2F
:108C600077EEA47A37EE457AE5EEA67A01F10801AF
:108C7000A3F10803A6EE667A67EEA37A27EE237ABD
:108C800042ED047A02ED037ACFDCBDE8F08100BF4B
:108C9000B1F5007F38B50C46054657D00FD880296E
:108CA00040D030D820291CD0402938D1002836D0D7
:108CB000FFF714FF10B92A4B2C826B6138BDB1F558
:108CC000006F39D0B1F5805F14D0B1F5806F26D137
:108CD00028B3FFF7C3FE0028F0D1224B2C826B6132
:108CE00038BDE0B1FFF70AFF0028E7D11E4B2C8208
:108CF0006B6138BD98B1FFF791FE0028DED11B4BA8
:108D00002C826B6138BDB1F5807F08D138B1FFF797
:108D1000C5FE0028D2D1164B2C826B6138BD4FF0B6
:108D2000FF3038BD0028FAD0FFF7C8FE0028C5D1B3
:108D3000104B2C826B6138BD0028F0D0FFF77EFE0F
:108D40000028BBD10C4B2C826B6138BD0028E6D0CB
:108D5000FFF794FE0028B1D1084B2C826B6138BD1F
:108D6000A0A70200A0890200A0A80200A02902007A
:108D7000A0A10200A0A50200A0690200A099020023
:108D8000024AD2F80034002BFBD0704700E00140CB
:108D900010B506F019FF40B14FF080538E4AD3F85A
:108DA0002433C3F30423C2F8403506F01BFF10B18F
:108DB0008A4B8B4A5A6706F007FF48B14FF0805341
:108DC0004FF08042D3F84432C3F34233C2F83C350B
:108DD00006F008FF30B1834AD2F8FC3023F08073EC
:108DE000C2F8FC3006F0F0FE40B14FF080430022A4
:108DF000C3F80C21C3F81021C3F8382506F0F2FEA1
:108E000020B14FF080430322C3F8A02506F0EAFE0C
:108E100060B1754B0522C3F810260122C3F88826DD
:108E20000022C3F818263F22C3F814264FF08053BF
:108E3000D3F83021511C09BF4FF07043D3F83431BF
:108E400093F8E02FD3F8E83F08BFC3F30313062AD3
:108E500049D1033B012B46D94FF08052634BD2F8E6
:108E60000414C3F82015D2F80814C3F82415D2F856
:108E70000C14C3F82815D2F81014C3F82C15D2F826
:108E80001414C3F83015D2F81814C3F83415D2F8F6
:108E90001C14C3F84015D2F82014C3F84415D2F8B6
:108EA0002414C3F84815D2F82814C3F84C15D2F886
:108EB0002C14C3F85015D2F83014C3F85415D2F856
:108EC0003414C3F86015D2F83814C3F86415D2F816
:108ED0003C14C3F86815D2F84014C3F86C15D2F8E6
:108EE0004424C3F8702506F06FFE48B14FF080535C
:108EF0004FF08042D3F8583203F04F03C2F8E43EFB
:108F000006F062FE48B14FF08043D3F80024D20748
:108F100044BF6FF00102C3F800244FF08053D3F830
:108F20003021062A0BD1D3F83431033B022B81BF09
:108F30002F4AD2F83C3743F48063C2F83C37294AC1
:108F4000D2F8883043F47003C2F88830BFF34F8FF3
:108F5000BFF36F8F4FF08053D3F83021062A0CD126
:108F6000D3F83431033B032B81BF4FF01023D3F8E8
:108F700008224FF08043C3F858254FF01023D3F850
:108F80000022002A03DBD3F80432002B22DA19492D
:108F900001234FF01020C1F804351524FFF7F0FE2F
:108FA000C0F80042FFF7ECFEC0F80442FFF7E8FE0D
:108FB0000023C1F80435FFF7E3FEBFF34F8F0949E3
:108FC0000D4BCA6802F4E0621343CB60BFF34F8FCE
:108FD00000BFFDE710BD00BF0030014000C00740EA
:108FE0000DF0ADBA00ED00E00050004000C00040C0
:108FF0000010004000E001400400FA05014B186039
:10900000704700BF8C58002010B5054B18681446F7
:1090100006F0FEFD0028A4BF2070002010BD00BF98
:109020008C58002002F51170084B1146002243F8BD
:109030002020CB0003F1804303F5F833C3F8142557
:10904000C3F81025024B186806F000BE00F001407E
:109050008C580020024A01238340C2F8043570472F
:1090600000F00140024A01238340C2F808357047EE
:1090700000F0014073B5CEB200EB46060446B38A59
:10908000DB070D4627D506F021FFB38A9A0608D5DF
:109090005A0B236803EB82030022C3F81025C3F8A0
:1090A000102520462946002406F09FFEB48201A820
:1090B000019506F017FE019A084B02F5E07250F890
:1090C00022100B404FF0A04143F0020341F8223040
:1090D000204602B070BD6FF01500FAE7F0F8FCFF13
:1090E000014806F0B3BD00BF280A002010B50448AF
:1090F0000C4606F08DFD0028A4BF2070002010BD96
:10910000280A00202DE9F0411D4602234A610B7414
:10911000036814460122C3F800250746D1F80880E9
:109120000E4607F02EF93A68B8F1000F2ED058BB62
:1091300014F0040F14BF92238223200701D543F0BB
:109140002003E10601D523F08003C2F80033AB0011
:1091500014F080043A6803F108031BD0D41807F018
:1091600010F970B132793460012393400B4A9BB2FD
:10917000C2F804333479A400E4B204F1804404F565
:10918000C0342046BDE8F081B223DAE70028DED003
:109190003023DAE70121D150F3E700BF008001401E
:1091A0002DE9F0410B7FD3B34C7F0F8B91F815C0A5
:1091B00091F816E08A7E91F81B8003685CB9D1E9CA
:1091C0000065D1E90241C3F86065C3F86455C3F88E
:1091D0006845C3F86C1542EA0822C3F80CC5C3F809
:1091E00004E5C3F80875C3F8102500680023C0F82B
:1091F0001031D0F81021C0F80831D0F80821C0F89B
:109200000C31D0F80C3140F30730F6F7FFFA07F0D5
:10921000B8F8E0B3BDE8F0411820F6F7F7BA1D4CF6
:109220000E1F01F1100501F10C0C012756F8042F57
:10923000531C18D095F800E002F01F035209BEF14C
:10924000000F15D0E2B94FF0A04E07FA03F2CEF8A6
:1092500008259B0003F1A043D3F80027224042F0E9
:109260000302C3F80027B44505F10105DED19BE7F1
:1092700052B94FF0A04E07FA03F2CEF80C25E8E7FA
:109280000023C3F80835FFDECEF80CE5FBE7BDE8A8
:10929000F08100BFF0F8FCFF10B50446007DE8B98E
:1092A000C4E9032323680F4A934213D002F5805286
:1092B000934211D0A2F5C042934201D10D232372F3
:1092C00021B10B7F23772046FFF76AFF0123237527
:1092D000002010BD0E23F2E70F23F0E76FF07700B8
:1092E000F7E700BF00100240027A064B92001344D9
:1092F0001A682AB100221A601B68436801221A60AA
:10930000704700BF0081014000F01F0340090BD1EE
:109310009B0003F1A043074AD3F800170A4042F02C
:109320000302C3F800277047002203F5E07352F8E8
:109330002330FFDEF0F8FCFF38B5CB7B05460C464A
:10934000002B38D10B7B0878012B6DD807F03DF945
:10935000227802F01F0352096FD19B0003F1A04352
:10936000394AD3F800170A4042F00102C3F8002737
:109370006078FF2804D007F028F96078FFF7C4FF71
:10938000A278FF2A0FD002F01F03520955D19B008B
:1093900003F1A0432C4AD3F800170A40A17B42EA0C
:1093A0008102C3F80027E078FF2804D007F01AF9FB
:1093B000E078FFF7A9FFE37885F82230237C9BB99A
:1093C000637829682078FF2B18BF1A46A378C1F864
:1093D000080508BF4FF0FF32FF2B08BF4FF0FF33E7
:1093E000C1F80C25C1F810352B68A268C3F82425F4
:1093F000637B227B2968003B18BF0123022A16D019
:10940000032A17D0012A01D143F00203C1F85435D1
:10941000637985F823306B68ABB12868BDE83840C4
:1094200040F30730F6F7F2B907F0DCF890E743F0C5
:109430000403EBE743F00603E8E7002203F5E073DB
:1094400052F82330FFDE38BDF0F8FCFF00F01F03B8
:1094500040090BD19B0003F1A043074AD3F8001742
:109460000A4042F00202C3F800277047002203F5C9
:10947000E07352F82330FFDEF0F8FCFF0B4B98420C
:1094800012D00BD80A4B98420ED00A4A0A4B984287
:1094900018BF90420CBF012000207047074B984234
:1094A00002D0074A074BF2E70120704740420F0005
:1094B00090D0030048E8010020A1070000093D000A
:1094C00080841E0000127A0038B51446421C0546FE
:1094D00016D0012902D1A3B107F00EFA05F01F033F
:1094E0006D0911D19B0003F1A0430A4AD3F800078C
:1094F00041EA84040240144344EA4101C3F80017DE
:1095000038BD07F006FAE9E7002203F5E07352F8E8
:109510002330FFDEF0F8FCFFF8B5484B4D699D4263
:1095200007460C4677D06BD8454B9D4276D0454BCD
:109530009D4276D0444B9D4214BF4FF080454FF082
:109540000075E27E97F8223062F3000387F822303C
:10955000227CDBB262F3410387F82230E67EEEB96B
:10956000237E2068012B94BF002301233246012172
:10957000FFF7AAFF6068334632460121FFF7A4FFD8
:10958000A27EA06833463146FFF79EFF237CE06849
:1095900083F0010332460121FFF796FFE368FB6287
:1095A000227C97F8223062F3410387F82230267F2D
:1095B000A07C217E637E3A6846B9D4E900C6A468DF
:1095C000C2F808C5C2F80C65C2F81045003B18BFC8
:1095D00001230229C2F8C005C2F8245527D0032967
:1095E00028D0012901D143F00203C2F854357B6829
:1095F0001BB33868BDE8F84040F30730F6F706B90A
:10960000124B9D4210D0124B9D4214BF4FF080452B
:109610004FF0004595E74FF0805592E74FF0806599
:109620008FE74FF000658CE74FF0005589E743F076
:109630000403DAE743F00603D7E7F8BD40420F0022
:1096400090D0030020A1070048E8010080841E009C
:1096500000127A00431C15D000F01F0340090BD103
:109660009B0003F1A043084AD3F800170A4042F0D8
:109670000202C3F800277047002203F5E07352F896
:109680002330FFDE704700BFF0F8FCFF70B50446E2
:10969000006840F30730F6F7C7F8636843B1214626
:1096A000104A51F8043BC3F80823206807F0DFF89C
:1096B0002368D3F80805D3F80C55D3F8106594F84F
:1096C0002230DB070AD4FFF7C5FF3046FFF7C2FFA1
:1096D0002846FFF7BFFFE06AFFF7BCFF002384F8CE
:1096E000203070BD5201080008B5124BA82200219D
:1096F000184607F0B8FF032202610F4942610F4A82
:109700008161C2614FF48062026200228262426221
:10971000C26201660A4941661021816609490267F1
:109720000346C266426711F8010D98540132102AAF
:10973000F9D108BD10040020AB8503001000002003
:1097400000000020998703002DE9F74FDFF888809B
:10975000182606FB008700FB066646447D6AD7F89C
:1097600028C07368AC4581468B46144603EB050060
:1097700025D83B6AA3EB050A0AF1FF3E724507D8DC
:109780002C4407F049FF7C62012003B0BDE8F08F54
:10979000E64472451ED85246019307F03DFF019BF7
:1097A0002C44E41A05D0706822460BEB0A0107F03E
:1097B00033FF182303FB0988C8F82440E4E70CF1C1
:1097C000FF3CACEB050C944504D3254407F024FF83
:1097D0007D62D9E70020D8E710040020F8B5144BCB
:1097E000182700FB07751D4407FB00330E46DB6A94
:1097F000012B14460AD0022B14D023B9284607F0B7
:109800003AFA844208D900242046F8BD284607F0D9
:1098100032FA844228BF044622463146284607F0E1
:1098200033FAF1E72846BDE8F84007F048BA00BF30
:1098300010040020F8B50B4B1B78532B04460E4642
:10984000174601D0FFF750FF07F068FA3A46054681
:1098500031462046FFF7C2FF0446284607F066FA65
:109860002046F8BD10040020034B182202FB0033F1
:109870009A6A586A801A70471004002010B4094A86
:1098800009490023C85C12F8014D844205D1013317
:10989000102BF7D15DF8044B70475DF8044BFFF7D0
:1098A00023BF00BF998703001004002010B50446B1
:1098B000F5F70EF80348044A012104F04AF820465F
:1098C00007F060FA581E0200B48503002DE9F84342
:1098D000044600AF0D46EFF31188402383F312884E
:1098E000BFF36F8F04282A4A98BF2A4B9668117CD1
:1098F00094BF53F82030284BE9468AB06A4627487F
:10990000CDE9073140F20133ADF82430244BCDE9E5
:10991000050442F8103F234800234FF43151F5F776
:10992000A5F8CD4645B1EB69C3F3080323B11E4A40
:109930001C48012104F00DF82EB1304607F0A7FCB9
:1099400008B1037803B91948E9468AB06A46184B4A
:109950000790CDE9053640F20133ADF82030154BC4
:1099600042F8103F00230F484FF41151F5F77EF8ED
:109970002946CD462046FFF799FF88F31188BFF3AB
:109980006F8F3046F6F786F8BD46BDE8F88300BF16
:1099900090580020785E0300C3850300D185030042
:1099A00005000001581E0200F985030073720300D0
:1099B0001A8603000400000138B50A4B53F8204012
:1099C000013053F82050A54200D838BD606830B14E
:1099D000037EDB0701D407F0B2F90834F3E723680C
:1099E0009847FAE78C5E030070B52A4B2A4C2B4D42
:1099F00086B0012203201A70FFF7DEFF07F00BFE8E
:109A00000420FFF7D9FF2646AE4204F130040FD3FD
:109A100000F084FF204CAC4226D300F093FFF3F714
:109A20008BFB1F4A938923F00103938106B070BD1D
:109A300054F80C3C059354F8103C049354F8143C2F
:109A4000039354F8183C029354F81C3C019354F8C7
:109A5000203C009354E90A2354E90C0100F05EFD18
:109A600054F8303C5E65CEE7D4E90A23B3F1FF3FFA
:109A700008BFB2F1FF3F05D052EA0301206803D1CD
:109A800007F0DCFC3034C6E70649183001F06EF907
:109A9000F8E700BF455E0020081D0200081D020017
:109AA000902E00206B13020070B5154E154D16490F
:109AB000C02386B003FB006601220023CDE9042306
:109AC0000F22CDE902320193182303FB005504460F
:109AD00001EB40210D4B00954FF4C072304600F071
:109AE0001DFD337C0A4AEE6023F0040333744FF407
:109AF000086304FB033313442C746B6006B070BD21
:109B0000D02D002090580020807F0020910E020070
:109B1000007700207FB50020FFF74EFF294B83F32D
:109B20000888294C636943F400736361E02384F877
:109B3000223000252023E37725766576A57684F804
:109B40002050636A43F4E023636284F82350F5F7FE
:109B5000C7FDF5F789FF4FF0FF33A362E362F6F725
:109B6000DDF8F6F71FF8F4F70DFE1848184C00F072
:109B70004DFD0120FFF720FF0220FFF71DFF00F041
:109B80000BFF144B14499C61144B059301234FF4B4
:109B90009062CDE90353CDE90155114B0095204664
:109BA00000F0BCFC237C064623F00403204623740B
:109BB00007F0A7FB2846FFF777FF094A3146204602
:109BC000F5F726FF807F002000ED00E03030002018
:109BD000902E002090580020808100207C86030079
:109BE000E999010038B5064C064DAC4201D300207E
:109BF00038BDD4E90112204607F0CCF81434F4E75C
:109C00005C0B00205C0B002038B5074C074DAC42C4
:109C100001D3002038BD204607F0E1F808B91C3414
:109C2000F5E76FF01500F5E7080B00205C0B00204E
:109C300073B50C46EFF31181402585F31288BFF30D
:109C40006F8FC5685DB125602B68C3608369013380
:109C50008361002081F31188BFF36F8F11E052EA16
:109C6000030603D125606FF00B00F3E7CDE9002375
:109C70000246083000F0B0FD18B9034B9B685B69E1
:109C8000236002B070BD00BF90580020F7B50D46AC
:109C900004469DF82010EFF31187402080F31288CE
:109CA000BFF36F8F266AE06886423FD22668B442CF
:109CB00019D0C6B1304607F0F6F806F1180007F0E3
:109CC00016FC54F8082F70692946002507F0A4FCFB
:109CD0003046B56707F015FB2046394607F06BFBA9
:109CE000284603B0F0BDA268A9B1E069294607F093
:109CF00093FCE369A26813446269E361934201D172
:109D00002369E361236A01332362002087F311880A
:109D1000BFF36F8FE5E7A0692369984208BF6069C8
:109D2000801AA061294607F077FCEBE752EA0301AD
:109D30000BD00749896804F108004D61CDE9002383
:109D40003946224600F048FDCBE76FF02200DDE700
:109D500090580020F7B504460846EFF311864021DD
:109D600081F31288BFF36F8F216A00293AD0A2686D
:109D7000A16907F051FCA369A268256813446269D0
:109D8000A361934204BF2369A361236AAC4203F138
:109D9000FF33236235D02846002D33D007F083F8F7
:109DA00005F1180007F0A3FB6969A268E06907F0F4
:109DB00033FCE369A26813446269E361934204BF20
:109DC0002369E361236A0027013323622846AF67D2
:109DD00007F097FA04F10800314607F0ECFA38462C
:109DE00003B0F0BD52EA030111D00A498968486105
:109DF000CDE900233146224604F1080000F0ECFCD6
:109E0000EEE7002086F31188BFF36F8FE8E76FF06D
:109E10002200F7E7905800202DE9F3410446174649
:109E20001E46EFF31188402383F31288BFF36F8F30
:109E3000304BC2689B6872B18068984217D057EA6D
:109E4000060216D188F31188BFF36F8F6FF00F00F1
:109E500002B0BDE8F08193F90E1021610132C4E92E
:109E6000023288F31188BFF36F8F0020F0E7216979
:109E7000F3E793F90E1090F90E30994230DA9942D7
:109E8000A8BF194607F05DF80546CDE900761A48E7
:109E90002246414600F0A0FC0028E6D0EFF31186F0
:109EA000402383F31288BFF36F8FA068D0B123687B
:109EB00021699C420AD04BB193F90E309942A8BF58
:109EC00019466FF07F039942B8BF194607F039F879
:109ED00040B10948314607F06EFA6FF00A00B7E763
:109EE0000025D2E7002DF4D186F31188BFF36F8FE0
:109EF000F3E700BF90580020465E0020F8B5836865
:109F00000546002B3FD0234A926893423ED1C36856
:109F1000012B03D9013BC3600020F8BDEFF311878B
:109F2000402383F31288BFF36F8F0169806807F0C5
:109F300008F82C68A54207D10023C5E9023387F34E
:109F40001188BFF36F8FE7E7002CF5D0D4E900321A
:109F500013605A60237C002623F002032374C4E9B3
:109F60000066A66004F1180007F0C1FAAC6094F92D
:109F70000E302B612046A66707F0C3F90648394624
:109F800007F019FAC8E76FF01500C6E74FF0FF3089
:109F9000C3E700BF90580020465E002037B5114649
:109FA000EFF31185402282F31288BFF36F8F0468AC
:109FB0009CB12368426823F003039442036008BF06
:109FC00043600121204607F038F8044685F31188E4
:109FD000BFF36F8F204603B030BD51EA0302F5D0C6
:109FE00000F10802CDE900131046294600F0F4FB09
:109FF0000028EFD1014B9B685C69EBE7905800208B
:10A0000070B5EFF31186402383F31288BFF36F8F8F
:10A010000468A0421AD0CCB1D4E9003213605A606F
:10A02000237C002523F002032374C4E90055A560B6
:10A0300004F1180007F05BFA2046A56707F061F904
:10A0400031460848BDE8704007F0B5B9D0E90232A2
:10A050009A4218BF0133836086F31188BFF36F8F74
:10A0600070BD00BF465E002013B5EFF311814024A0
:10A0700084F31288BFF36F8F846844B1013C84601D
:10A0800081F31188BFF36F8F002002B010BD52EA38
:10A09000030406D181F31188BFF36F8F6FF00F00B7
:10A0A000F3E7CDE900230246014800F095FBECE719
:10A0B000465E002070B50546EFF31186402383F31A
:10A0C0001288BFF36F8F00232C68A54218D0BCB153
:10A0D000D4E9003213605A60227C002322F002028D
:10A0E000C4E900332274A36004F1180007F0FFF9FB
:10A0F0006FF00A03A367204607F003F90123E3E7A3
:10A100000022AA6023B986F31188BFF36F8F70BD58
:10A1100031460248BDE8704007F04DB9465E002068
:10A1200007B5074B0093074907484FF0FF334FF43B
:10A13000006200F04FF9002003B05DF804FB00BF9F
:10A14000A45E030080860020502F00202DE9FF41EF
:10A15000544E04464027EFF3118887F31288BFF36B
:10A160006F8FD4F8C450F5B9022104F1DC0006F079
:10A170009DFF002870D004F1D4050022012128465B
:10A1800007F07CF90028F8D1002302934FF0FF324A
:10A190004FF0FF33CDE90023414604F1CC024248A1
:10A1A00000F024FDD7E7D4F8C8202B68C4F8C430E9
:10A1B000954208BFC4F8C830D4F8DC3043F002033D
:10A1C000C4F8DC30EB6823F0040343F00103EB60D8
:10A1D0006B6888F31188BFF36F8F28469847EFF3B9
:10A1E000118887F31288BFF36F8FEB68D80623F0CE
:10A1F00001023ED4EA60EB689A0717D5306823F075
:10A200000203EB6090B10368002178B14268954287
:10A210003DD10368002934D172683360904200D187
:10A220007360002340F8083BFFF7EAFED4F8DC3007
:10A2300023F00203C4F8DC30DB0530D4D4F8C4309A
:10A24000003B18BF012388F31188BFF36F8F002BE9
:10A2500081D000F0A9FB7EE7D4F8DC30D90693D595
:10A26000C4F8DC0088F31188BFF36F8F04B0BDE839
:10A27000F08123F01103EB6005F11000FFF7C0FE41
:10A28000B9E70B607368984208BF7160C9E701467F
:10A290001BB11A6818461346B7E71A46FAE70023B7
:10A2A000D1E700BFB4580020465E0020F8B5C3686F
:10A2B0009A0704460E46C3F3400542D45F0742D4D2
:10A2C0000B680BB983680B60E368D80744BFA368C9
:10A2D000336037684CBF0225012557B31B4B9A6882
:10A2E000D7F8C0309A421ED106F0C8FF80F00100B6
:10A2F000C0B2D7F8DC30D907C3F380021CD5F2B165
:10A30000F8B100232360D7F8C83073B9C7E93144E6
:10A31000384606F0E6FEE36843F00403E360336882
:10A32000A3602846F8BD0020E3E71C60C7F8C840DA
:10A33000EEE76FF0150506E06FF0120503E01B076E
:10A34000DFD56FF00F0500233360EAE79058002057
:10A35000F8B5C36803F00503002B06460C4614BF8E
:10A36000012700271CD085680122002104F110007C
:10A3700006F090FE1349204606F014FFE36843F010
:10A380001003E360F3685B0712D5336823606BB991
:10A39000D5F8C83033B9C5E93144284606F0A1FEE6
:10A3A0003846F8BD1C60C5F8C840F6E73460F4E7ED
:10A3B000D5F8C4302360D5F8C830C5F8C440002BA8
:10A3C000EBD1F0E7C31002000146014806F006BFDA
:10A3D000502F0020F0B589B004460020C4E93100B8
:10A3E0000E9D04F1CC00C4E9330004F1D400C4E9AB
:10A3F000350055B32879002840F2011008BF01202C
:10A40000C4F8DC0000204FF0FF364FF0FF37CDE9F5
:10A410000330CDE90100CDE906670D4B00942046DD
:10A4200000F0C8F855B1296811B1204606F02CFF9C
:10A430006B791BB1A38943F00103A381204606F089
:10A44000FDFFC4F8C04009B0F0BD0120D8E700BF4F
:10A450004DA1010037B501900846EFF3118440216A
:10A4600081F31288BFF36F8FC16811F01E0F16D1F0
:10A4700053EA020508D101A9FFF718FF84F31188F8
:10A48000BFF36F8F03B030BD41F00801C160019987
:10A4900081620449103000F069FC0120EEE70020E1
:10A4A000ECE700BF5711020001460148FFF7D2BF99
:10A4B000502F0020F7B50C46019016461D46EFF3CD
:10A4C0001187402383F31288BFF36F8F084606F08D
:10A4D000F9FD55EA060309D101A92046FFF7E6FE7A
:10A4E00087F31188BFF36F8F03B0F0BDE3680749AE
:10A4F00043F00803E360019BA36232462B4604F15C
:10A50000100000F033FC0120EAE700BF5711020001
:10A5100001460148FFF7CEBF502F00202DE9F04340
:10A52000073285B022F007020E461F46109981813E
:10A5300000F15803FF32C0E916330446002322F02D
:10A540007F020421836001747F2A0F98A073C4E9FD
:10A550000633E37306F18009A2F1800805D883F37E
:10A560001188BFF36F8F084602DFB51829462046D1
:10A57000F4F770FE07300E9B20F00700A066C4E9D8
:10A58000189802930D9B01932D1A0C9B00932A4659
:10A590003B4631462046F5F7B7F900236365044B87
:10A5A0009B6803B1DB6EE366284605B0BDE8F08327
:10A5B00090580020F0B587B000250595109D0495B2
:10A5C0000F9D03950E9D0295DDE912760D9D019577
:10A5D0000C9D00950446FFF7A1FFB6F1FF3F08BFB1
:10A5E000B7F1FF3F05D056EA070305D1204606F034
:10A5F00025FF204607B0F0BD3A46334604F1180067
:10A60000014900F0B3FBF4E76B130200012303746C
:10A6100083810023C0E91833C366014B98607047FB
:10A6200090580020094A93686FF00A019967084919
:10A6300058674B6843F080534B60002383F31188C5
:10A64000BFF36F8F9368986F704700BF90580020DA
:10A6500000ED00E070B590F91020037C002A2FDB9C
:10A66000D9062DD11A4C63F07F032246037452F8A9
:10A670001C3F216A934207D1C0E900210860206293
:10A680000FE09942F8D01B68002BF5D093F90E60CB
:10A6900090F90E50AE42F4DD5968C0E9003108600F
:10A6A0005860E569954200D005B9E568A3681A7C51
:10A6B000D20606D1DA897F2A03D9AA690AB9A36129
:10A6C00070BDAB4202D0284600F0D2FAA561F7E790
:10A6D0009058002038B590F91020037C002A0146DC
:10A6E00004DA03F07F03037406F0D3FD0D4D2A4610
:10A6F000AB6852F81C4F944200D004B9EC688B420E
:10A7000007D01A7CD20604D1DA897F2A01D9A2693E
:10A710002AB1A34202D0204600F0AAFA2346AB6138
:10A7200038BD00BF90580020B3F1FF3F08BFB2F121
:10A73000FF3F03D00249183000F018BB704700BF3C
:10A740006B130200034648B9EFF3058232B9064A9B
:10A7500091699268914201D0FFF764BF83F3118839
:10A76000BFF36F8F704700BF9058002038B5184C6A
:10A77000A168206A0B68814214BF1A46002249680A
:10A780000B605960A368216A2AB9124AC3E9002103
:10A790000B6023620AE092F90E5093F90E00854295
:10A7A00012DD5168C3E900210B605360E569094B74
:10A7B0009D4200D005B9E568A3689D4202D02846B5
:10A7C00000F056FAA56138BD8A42DED01268DBE798
:10A7D00090580020AC580020F8B50E4B0C4611469E
:10A7E0000D4A98681060DDE90667EFF31182402298
:10A7F00082F31288BFF36F8F9D68284606F05BFDD9
:10A80000284632463B46FFF78FFF2046BDE8F8401A
:10A81000FFF708BF90580020BC580020F8B5044648
:10A82000EFF31187402383F31288BFF36F8F037C0C
:10A8300003F01F02002A0CBF0126002649B235D1C1
:10A8400003F07F03037406F024FD294D037C81731C
:10A8500063F07F032A46037452F81C3F286A934230
:10A8600007D1C4E9002004602C620DE09842F8D0C2
:10A870001B68002BF5D093F90EC08C45F6DD5968A6
:10A88000C4E900310C605C60EC69944200D004B90A
:10A89000EC68AB689C4202D0204600F0E9F9AC615C
:10A8A00087F31188BFF36F8F3046F8BD9B071CD527
:10A8B000856806F0EEFC81732B689D4209D16B68B8
:10A8C000C4E900531C606C60EAE76A689A42F6D0FB
:10A8D0001B68002BF3D093F90E208A42F5DD5A68ED
:10A8E000C4E9003214605C60DAE78173D8E700BF26
:10A8F00090580020034648B9EFF3058232B9064A62
:10A9000091699268914201D0FFF78CBE83F3118860
:10A91000BFF36F8F704700BF90580020EFF3118195
:10A92000402383F31288BFF36F8F054B9A68D37B64
:10A93000013BD37381F31188BFF36F8F704700BF62
:10A940009058002070B5EFF31186402383F31288EE
:10A95000BFF36F8F0F4DAB68DA7B0132DA732A4693
:10A9600052F81C4F944200D004B9EC681A7CD2060D
:10A9700004D1DA897F2A01D9A2692AB19C4202D086
:10A98000204600F075F92346AB613046BDE87040C3
:10A99000FFF7D8BE90580020024B03F11C02C3E918
:10A9A000072270479058002070B5EFF311864023BE
:10A9B00083F31288BFF36F8F1A4CA168206A0B686B
:10A9C000814214BF1A46002249680B605960A3688F
:10A9D000216A2AB9144AC3E900210B6023620AE004
:10A9E00092F90E5093F90E00854216DD5168C3E9C5
:10A9F00000210B605360E5690B4B9D4200D005B907
:10AA0000E568A3689D4202D0284600F031F9A561AF
:10AA10003046BDE87040FFF705BE8A42DAD01268C2
:10AA2000D7E700BF90580020AC580020F8B550EA96
:10AA3000010306460C4603D1FFF7B6FF0020F8BD20
:10AA4000EFF31187402383F31288BFF36F8F124D0A
:10AA5000124BA8681860FFF73DFEA868104923460E
:10AA60003246183000F082F9AA68137C43F00403E0
:10AA7000137404463846FFF7D5FDAB68D3E90A23C3
:10AA8000B3F1004F08BF002AD8D106F065FD201AA7
:10AA900020EAE070D3E700BF90580020BC580020A7
:10AAA0006B130200014B9868704700BF905800205C
:10AAB0002DE9F84304468789EFF31186402383F399
:10AAC0001288BFF36F8F037C190705D586F31188B1
:10AAD000BFF36F8FBDE8F883D90943F008026FD147
:10AAE0000274A36813B1204606F0DBFB04F11800E2
:10AAF00006F0FDFCA56D04F15808A84511D04FF0F3
:10AB0000000975B1284606F0CCFB05F1180006F0E7
:10AB1000EEFCC5F878902846FFF79CFDA56DA8458A
:10AB2000EFD1DFF8C480D8F808309C4250D1EFF361
:10AB30000589B9F1000918BF4FF00109D8F81C5078
:10AB4000274A954200D00DB9D8F80C50AB4202D03C
:10AB5000284600F08DF82046C8F8185003F001F898
:10AB6000B9F1000F02D01F48FFF750FDD8F80830A8
:10AB70009C4230D1EFF305836BBBA289D20711D57C
:10AB800086F31188BFF36F8F83F31188BFF36F8F44
:10AB90000423184602DFEFF31186402383F3128863
:10ABA000BFF36F8F3046FFF73DFDFB0792D50023C3
:10ABB00083F31188BFF36F8F0423184602DF89E700
:10ABC00003F07F0343F00803037406F062FB88E799
:10ABD0004FF00009B2E786F31188BFF36F8FE4E707
:10ABE000AC5800203030002090580020D3B5DDE96B
:10ABF0000667089CCDE90067FFF7EEFD1CB1034B2B
:10AC00009B685B69236002B0D0BD00BF90580020F4
:10AC1000027C12F01F02034610D10A4988420DD06F
:10AC20000949086868B1D9897F2909D893F90E20A4
:10AC3000064B1B689A42B8BF00207047002070473F
:10AC400010467047D02D00202C0A0020C05800204C
:10AC5000044BC01A044BC0105843044B01221A5431
:10AC6000704700BFF0300020ABAAAAAA465E0020C1
:10AC700070B50C4B0C4D1E7CFFF7CAFF182303FB6D
:10AC800006550446284606F032FC084B00229A5529
:10AC90003CB1621E28460649BDE87040D31700F05B
:10ACA00065B870BD90580020F0300020465E00204E
:10ACB00051AC010038B5EFF31185402383F31288BE
:10ACC000BFF36F8F0F4B104A9C681068A04206D1EB
:10ACD000FFF7CEFF85F31188BFF36F8F38BD0021DA
:10ACE0001B7C1160094AD35C002BF3D02046FFF790
:10ACF0008FFF0028EED0237CDB0601D1FFF736FD65
:10AD00002046E5E790580020BC580020465E002011
:10AD1000024B1868984208BF00207047300A002094
:10AD2000034B1B680BB9FCF72FBA0020704700BF1C
:10AD3000C458002030B570B10B4B5B6898420AD004
:10AD4000036843B1D3E90421D0E90445121941EB6A
:10AD50000501C3E90421D0E9003213605A600023E1
:10AD6000C0E9003330BD00BF300A0020B3F1FF3F1F
:10AD700008BFB2F1FF3F2DE9F84F0446994615464A
:10AD80001F467AD08160EFF31188402383F3128845
:10AD9000BFF36F8FB9F1000FDFF8E8A020DBFFF7FA
:10ADA000BFFFDAE90027013549F100092D1849EB09
:10ADB000E073C4E90453AD18064643EB07074FF0B0
:10ADC0000109FFF7A5FFDFF8C0E0DEF804A00346A5
:10ADD000EBB9C4E900EACAF80040CEF8044028E024
:10ADE000DAE900126FF001035B1A4FF0FF3161EBFB
:10ADF00002025B1B62EB0902012B72F10001BCBF76
:10AE000001230022C0E904324FF00009D9E7D3E959
:10AE1000041CD4E904208A4270EB0C0B24DA891A52
:10AE20005A686CEB0000C3E90410C4E900321460F6
:10AE30005C60FFF76DFF84420ED1114B1B685BB95C
:10AE4000B9F1000F02D1FFF76BFF0646304606F05E
:10AE500037FB0021FCF766F988F31188BFF36F8F89
:10AE600028463946BDE8F88F521A60EB0C0053456E
:10AE7000C4E90420ADD01B68AAE700252F46EFE700
:10AE8000C458002008310020300A00202DE9F04786
:10AE9000284F294E38600246FFF73AFF0D464FF023
:10AEA00000084FF00009D6E900134FEAE27E50B1E6
:10AEB000D0E9044CA2427EEB0C0A1ADAA41A6CEB1D
:10AEC0000E0CC0E9044C52184FF0000443EB0E0383
:10AED0002046C6E900233C6006F0F2FA2146FCF762
:10AEE00021F985F31188BFF36F8FBDE8F047FFF7B5
:10AEF000E1BE611843EBE473C0E90489C6E90013BD
:10AF0000FFF718FF01224FF00043C0E9042385F347
:10AF10001188BFF36F8F83689847EFF31185402343
:10AF200083F31288BFF36F8F3A68121B3A60FFF702
:10AF3000EFFEB8E7C45800200831002010B5EFF349
:10AF40001184402383F31288BFF36F8FFFF7E8FE6D
:10AF5000054A0346D2E90001181841EBE37184F376
:10AF60001188BFF36F8F10BD08310020F8B504467B
:10AF7000EFF31187402383F31288BFF36F8FD0E97B
:10AF80000423B3F1004F08BF012A04D087F31188CE
:10AF9000BFF36F8FF8BDD0E90A566A1C46F1000373
:10AFA000022A73F1000334D3013D46F1FF36002E2F
:10AFB000BCBF00252E4606F0D3FA013041F1000156
:10AFC000401946EB0101012871F1000147DB06F051
:10AFD000C7FA013041F100016FF00203401946EB5E
:10AFE000010183426FF000438B413DDB06F0B8FA6C
:10AFF000013041F100016FF00102401946EB0103FD
:10B00000121A4FF0FF3161EB030319492046FFF795
:10B01000ADFE236B01332363236A63B187F3118889
:10B02000BFF36F8F20469847EFF31187402383F3D8
:10B030001288BFF36F8F54F8185FA542A6D0002D79
:10B04000A4D0284606F06CF90023AB6787F311887B
:10B05000BFF36F8F2846BDE8F84006F052B96FF095
:10B0600001024FF0FF33D0E700224FF00043CCE75E
:10B070006DAF01002DE9F04105461C4690461F4684
:10B08000EFF31186402383F31288BFF36F8FB4F17F
:10B09000FF3F08BFB2F1FF3F05D186F31188BFF330
:10B0A0006F8FBDE8F081002C09DB012A74F10003E9
:10B0B000BCBF0122002412F1FF3844F1FF372846BB
:10B0C00006F015FADDE90623C5E90A2300232B6300
:10B0D00042463B4628460249FFF748FEDDE700BFEF
:10B0E0006DAF010070B50546EFF31184402686F37D
:10B0F0001288BFF36F8F06F0FAF920B184F311883C
:10B10000BFF36F8F70BD6B6A63B184F31188BFF3B7
:10B110006F8F6B6A28469847EFF3118486F3128885
:10B12000BFF36F8F05F1180006F02FF90028E5D066
:10B1300006F0E7F821460248BDE8704006F03BB94A
:10B14000475E0020F8B507460C46164606F096F80E
:10B1500008B10020F8BD0D4B9B68DD6E002DF8D0C6
:10B16000221DF6D2EFF31184402383F31288BFF33C
:10B170006F8F47F004012846B04784F31188BFF36E
:10B180006F8F0028E5D040F8045BE3E7905800207B
:10B190000146024A0020FFF7D5BF00BF3BD00100A7
:10B1A0000CB430B58BB004460D462022002102A815
:10B1B00006F059FA02238DF80A30002D0C4B039348
:10B1C000069412DB01D06B1E1C440FAA0E99079443
:10B1D00002A8019200F09EF815B1069B00221A7099
:10B1E0000BB0BDE8304002B070470024EDE700BF6F
:10B1F0000B1A02002DE9F0410126B24201DCBDE844
:10B20000F08107463B461F4613F8014B002CF6D051
:10B21000252CF8D11D78252D07F10207F2D0002347
:10B22000DFF8EC809C461C461F2C27D8A5F1200E89
:10B23000BEF1100F06D828FA0EFE1EF0010F53D1F2
:10B240002E2D3CD02E2D27D8242D33D02A2D36D08C
:10B25000BCF1000FD3D0B445D4D145F02007A7F1FD
:10B26000650CBCF1020F0B6801D9612F42D1073385
:10B2700023F0070308330B600136BEE77F2CDFD9CC
:10B280006C2D23D01DD8682D27D06A2D01D04C2DD0
:10B29000DED144F4207408E0A5F1300EBEF1090FB0
:10B2A000EED80A2404FB03E3202417F8015B002DE9
:10B2B000BAD1CDE7BCF1000F18D0B34218D00023AB
:10B2C000F3E7742DF1D07A2DEFD0C1E7250648BF02
:10B2D00044F4007444F08004E7E7E50548BF44F413
:10B2E000007444F48074E0E70024DEE79C46E6E75F
:10B2F0006325B2E7692D02D007D8632D03D0250658
:10B3000001D5A405B3D40433B5E7732DF6E700BF28
:10B31000892801002DE9F04F8378D0F8049093B08C
:10B320009C07CDE90812804615D50B920B460025E7
:10B33000187890B1252814D0013306934146C847A8
:10B34000002805F1010580F2FC8398F8023043F0F3
:10B35000040388F802304FF0FF35284613B0BDE8EB
:10B36000F08F93F801A09A1CBAF1250F0692E5D050
:10B370004FF0000B5E465F465C461F2C23D8AAF1B7
:10B380002003102B22D8DFE803F01521211B2121F7
:10B39000210B2121211321182121090044F001044E
:10B3A000069B13F801AB0693BAF1000FE5D11BE041
:10B3B00044F0020444F00404F2E744F00804EFE728
:10B3C00044F01004ECE77F2C00F2F880BAF12E0F65
:10B3D00000F0D58000F2AE80BAF1240F00F0D580E5
:10B3E000BAF12A0F00F0B680BBF1000F06D0099B1E
:10B3F00008980B935A460BA9FFF7FCFE002E4AF063
:10B400002003B8BF24F040040493A3F16503BCBF3C
:10B41000A4B20026022B04D94AF02003612B40F08D
:10B4200090826FEA0A0A0AF0200307930B9B073306
:10B4300023F0070303F108020B92049A612AD3E96F
:10B4400000AB04F0400340F0E680002B08BF4FF053
:10B45000FF36079B0093504633460CAA594606F028
:10B460004EFA0130C3B2B3420393A8BF03F1FF36D3
:10B470004FF0010C7023CDE9043CDDF830A044F41A
:10B48000C0540AF10903122B0DD90AF16303C62B2C
:10B4900040F2F4800AF2E73340F2CE7293428CBF5E
:10B4A0000423032305939DF83430D80700F1E88086
:10B4B000A20700F1E880C4F3800B4FEA4B1B5FFA50
:10B4C0008BFB13F00C0F00F0EA80BBF1000F0CBFF8
:10B4D00003230423BB420EDA2007A7EB03070BD498
:10B4E0002F4441462020C847002805F10105FFF6FA
:10B4F0002CAFBD42F5D10027BBF1000F07D041466C
:10B500005846C847002805F10105FFF61EAF9DF813
:10B510003430AF4C13F0080FAE4B08BF1C46264624
:10B52000324616F8010B002840F0B0802C1B02EBCD
:10B53000040B7DE1AAF13003092B3FD814F0400F32
:10B540004FF00A0212BF02FB063602FB073744F037
:10B55000200425E7BBF1000F7FF422AF0B9A6006B1
:10B5600052F8043B0B9201D51E4619E7002BA7BFEA
:10B5700044F020041F465F4244F0280410E76306AD
:10B580003FF5EBAE44F040040AE7BBF1000F3DD0BD
:10B5900014F0400A099B08980B930CBF3A463246B8
:10B5A0000BA9FFF727FE0B9B53F8042B0B93BAF163
:10B5B000000F01D01646F3E61746F1E6BAF16C0F1C
:10B5C00016D00CD8BAF1680F19D0BAF16A0F03D0AF
:10B5D000BAF14C0F7FF408AF44F42074E0E6BAF1FE
:10B5E000740F3FF4DDAEBAF17A0F3FF4D9AEFBE64B
:10B5F000200648BF44F4007444F08004D0E6E3051C
:10B6000048BF44F4007444F48074C9E65E4634468E
:10B61000BB463746C4E6002B049B08BF0626652BB5
:10B620000ED1721CD2B244F480541346112A4FF04A
:10B6300065014FF0000228BF11239446049107E0F2
:10B64000049B662B12D144F40054B446012211230A
:10B65000CDE9002C50460CAA594600F01DFBC3B2A0
:10B6600003930223DDF830A005930AE716F0FF02EA
:10B67000DBD16523049394460123E9E7022311E714
:10B680004FF02D0B1DE74FF02B0B1AE7079BC01A4D
:10B690004146C0B2C8470028BFF642AF55E614F491
:10B6A000405F40F09980039B4833002E6B4408BFF5
:10B6B0000126133B039A1AB113F8012D302A79D0D1
:10B6C00014F0100F039B18BF33461AF1040F76DBFA
:10B6D000B24574DA534544F4005440F380800AF1D3
:10B6E00001069E1B2AEAEA730133BBF1000F00D06A
:10B6F0000133002E75D0721C13449F42CCBFFF1A39
:10B70000002714F0090F03D12F44BD426DD100274B
:10B71000BBF1000F07D041465846C847002805F145
:10B720000105FFF612AE230511D541463020C8476A
:10B730000028FFF60AAE079BC3F17800414600F0EF
:10B74000F800C847002805F10205FFF6FEAD200706
:10B7500004D4AB467D195D454FD10027A1046AD5BD
:10B760002AEAEA73AAEB030A7642039A524584BF97
:10B770000CAA524403F1FF338CBF507930209E4213
:10B7800005F1010B41DC41460493C8470028049BA6
:10B790000AF1010AFFF6D9AD5A1C09D141462E2003
:10B7A0000493C8470028FFF6D0AD049B05F1020BB7
:10B7B0005D46DAE7039A013AD2B203927AE75E1E57
:10B7C00014F4006F059A14BF0523032313448CE778
:10B7D000A2860300D9680300A10483D4F0E7002601
:10B7E00080E7E20648BF013387E741462020C8478B
:10B7F000002805F1010588DAA7E541463020C84751
:10B8000000280BF1010BA6DA9FE541460393C847D8
:10B810000028FFF69AADE6060AD5039B013307D14F
:10B8200005F1020B41462E20C8470028FFF68DADDA
:10B830005D465F4418E29DF835004146C847002840
:10B84000FFF683AD002E61DD41462E20C84700285B
:10B85000FFF67BAD01240CAB039AA242CABFE218EB
:10B86000302050794146C8470028A346FFF66DAD09
:10B870000134A6420CABEFDAAC1C5C44049B079A83
:10B88000981A4146C0B2C8470028FFF65EADBAF12B
:10B89000000FB4BF2D202B204146B8BFCAF1000ACB
:10B8A000C8470028FFF651AD059B042B3AD14FF451
:10B8B0007A76BAFBF6F505F130004146C0B2C847CA
:10B8C000002804F10304FFF640AD06FB15AA642628
:10B8D000BAFBF6F505F130004146C0B2C847002872
:10B8E00004F10104FFF631AD06FB15AA0A26BAFBE6
:10B8F000F6F505F130004146C0B2C847002804F112
:10B900000104FFF622AD06FB15AA13E0E40601D4FC
:10B910006C1CB3E741462E20C847002805F10204FD
:10B92000ACDA12E5059B032B04F10204CFD0059B92
:10B93000012BDBD10AF1300004F1010B4146C0B20A
:10B9400072E7AAF16303122B00F2E580DFE813F03F
:10B9500013005400E300E300E300E3005400E300BD
:10B96000E300E300E300E300FC00DD00E300E300AC
:10B970002900E300AB000B9B1A1D1B680B928DF88E
:10B98000303001260DF1300A20072CD50AEB060BCA
:10B9900054465C4529D1A5EB0A0A04EB0A0BBF1BF0
:10B9A00046E70B9B1A1D0B92D3F800A0A94BBAF1E6
:10B9B000000F08BF9A4614F0400F14BF31464FF0F5
:10B9C000FF31504605F07AFE0646DDE7414620206D
:10B9D000C8470028FFF6B9AC013CA642F6D32F4475
:10B9E0003D1B2746D2E73C46F7E714F8010B4146DA
:10B9F000C8470028CDDAA8E421060B9B32D5A20562
:10BA00002BD5073323F00703D3E9000103F1080224
:10BA10000B9224F0100B00291FFA8BFB32DA404204
:10BA200061EB41014BF4806B0CAC0A23224605F01C
:10BA300051FE1BF0400FA0EB040200F09C802BF0A5
:10BA4000010396429BB240F39F80BAF1000F40F091
:10BA50009D802BF011039BB21FE01A1D18680B92FA
:10BA6000C117D6E71A1DE00519680B9201D40846E4
:10BA7000F6E7A2054BBF48B208B241F3C01141F34B
:10BA8000C031C6E750EA0103CED16306CCD5002E03
:10BA9000CAD124F01104A3B23246344640F2064122
:10BAA0000B426FD126E024F01004A4B20A2314F054
:10BAB000800C0B9A4CD014F400711DBF073222F099
:10BAC000070202F10801101D19BF0B91D2E9000114
:10BAD0000B90106850EA010247D124F0160B620661
:10BAE0001FFA8BFB45D5002E43D124F01704A3B2D7
:10BAF0003246344619075FD4D90704D5A74272DD10
:10BB00003C1BA6183C46A34650E044F0100410230A
:10BB10004FF0780ACBE74AF02003782B04D1CAF122
:10BB2000780343F01003C2E741462520C8470028A8
:10BB3000FFF60BAC41465046C8470028FFF605AC5F
:10BB40000235069BFFF7F4BB08234FF0000AAEE76F
:10BB5000111D0B9114F480711068BBD014F40071A6
:10BB60001ABFC0B2614680B2B4E724F006041FFADF
:10BB700084FB0CAC5AE714465B46D9068ED5BAF165
:10BB8000000F05D10134B5E71446F6E73446F4E773
:10BB90000234AFE741462020CDE90332C8470028F0
:10BBA000FFF6D3ABDDE903320BF1010B5F45F1DCAE
:10BBB0002C1B04EB0B055C46D90616D541463020FC
:10BBC0000392C8470028FFF6C0AB039ABAF1000FF2
:10BBD00032D0023541465046C8470028039AFFF646
:10BBE000B4AB2E441DE016468DE740F206410B42F1
:10BBF000F7D013F0020F14BF2B20202013F4806F16
:10BC0000039205F10105414618BF2D20E4E74146A6
:10BC100030200392C8470028039A05F10105FFF67A
:10BC200094AB731B9A42F2DB16460DF1300A2EB923
:10BC300002EB050B3F1BFBE50135D2E7013E414618
:10BC40001AF806000392C8470028039AEFDAFFF7B4
:10BC50007CBB00BFA686030041462020C8470028C1
:10BC600005F10105FFF671AB7B1B002BF4DC68E7E7
:10BC70001FB502AB0093074A4FF0CC3305F009FE25
:10BC8000DDE90201C00840EA4170C90805B05DF86D
:10BC900004FB00BFCDCCCCCC2DE9F04F9BB00F0DF9
:10BCA0000A939DF8903005920C93C1F30A52C1F3A8
:10BCB0001303C90F044607917AB950EA03017CD1F6
:10BCC000059930234B71079B0A6043F002030B7107
:10BCD000012630461BB0BDE8F08F40F2FF718A426A
:10BCE0000AD10343079B059A14BF43F0080343F0AE
:10BCF000040313710026ECE7A2F2354A43F48015E1
:10BD0000234301BF27F001077F057F0DB7FA87F7AF
:10BD100004F001024FEA85080CBF7F090127BAF140
:10BD2000000F089248EA94784FEA8406C0F2B68081
:10BD3000504600F0EBF9BAF1030FC8BF0138049088
:10BD400000F0F0F9049B7C30A3EB0A0A824416A9A8
:10BD5000184600F07BFA12AB019310AB009320461B
:10BD600053462946029716AA05F0DBFC049B152BC7
:10BD700004460D4600F28E8014ABA94A009330466B
:10BD80004FF0CC334146DDE9109A05F082FD149B5B
:10BD9000159A9B0843EA827303EB8303B34210D1E5
:10BDA0004146304600F0C6F9049B83428CBF4FF0F9
:10BDB00000084FF00108002715E0DFF868A21D46D3
:10BDC0009EE7089B002B55D1013E48F1FF31F01B47
:10BDD00061F1000100F0AEF9049BDDF820808342A0
:10BDE0008CBF002701270C9B002B40F0C880DDF89A
:10BDF00028900026069609964FF00A0BDDE91001FF
:10BE0000FFF736FFDDE912A3CDE90D0119465046D3
:10BE10000F93FFF72DFF0A460D990B9003468B42B7
:10BE20000E9B72EB03010F9B80F0C48020462946D5
:10BE30000F92FFF71DFF0B9B0F9A13920BFB03F55D
:10BE40000D9B10930E9B11930B9B1293069B002E40
:10BE500014BF4FF0000808F0010801330BFB104637
:10BE6000554514BF002707F00107F6B206930446B4
:10BE70000D46C3E7B01C48F1000100F05BF9049BDC
:10BE800083428CBF00200120B9EB00006AF1000260
:10BE9000CDE910024FF000084746A4E7CAF1000BB5
:10BEA000584600F039F9BAF1FF3F0CBF8146A0F1C6
:10BEB0000109ABEB090B0AEB09035846049300F0A8
:10BEC00031F916A9A0F17D0A584600F04BF912ABE2
:10BED0000193A9EB0A0A10AB00932046294602976A
:10BEE000534616AA05F01DFCB9F1010F04460D4694
:10BEF0000ED8089B13B94FF0010874E7109B119AF4
:10BF0000013B42F1FF32CDE910324FF0010852E718
:10BF1000B9F13E0FBED84FF0FF33A9F1200003FA6C
:10BF200009F203FA00F0C9F1200123FA01F10243FA
:10BF30000A4303FA09F328EA020826EA030656EA46
:10BF400008060CBF4FF001084FF0000833E700FB74
:10BF500002F6A1FB0012013332448C4275EB02065B
:10BF6000F5D2049A1344259A1344D20F9342B8BFD2
:10BF700013460A9A9A42A8BF1A46914639E70A21FF
:10BF8000002201230846E8E70BFB01FEA0FB0B01A2
:10BF90000CF1010C7144844275EB010EF4D2CC45D6
:10BFA0000DDDB9F1000F02D154EA050107D00123DC
:10BFB00009933BE70A2000214FF0010CEBE7002F2B
:10BFC00032D04FF00A0B50461946FFF751FE0BFBDB
:10BFD00000F252450B910E9026D1DDE91001FFF7DA
:10BFE00047FE8A460D9029462046FFF741FE0D9AEE
:10BFF0000E9B1293CDE9102A0B9A1392069A002EEB
:10C0000014BF4FF0000808F0010801320BFB104686
:10C010009A46F6B20B9B069204460D46D3E700BF44
:10C02000CDCCCCCCCCFBFFFFB8F1000F05D0052E5A
:10C0300003D104F001060436F6B2049B069A1344B9
:10C040009846099B53B9DDE912239D4208BF9442EB
:10C0500004D1089B002B46D1002F44D0042E94BF5E
:10C060000026012630194FF00A0245F10001002395
:10C0700001271446904271EB030536D2EEB1B94563
:10C080001BDA0C9B6BB1259A08EB07031344012BB9
:10C090000A9AB8BF01239A42A8BF1A46974291460E
:10C0A0000BDD05304FF00A024FF0000341F10001B3
:10C0B000EDF72CFB08F10108013F4F45A8BF4F46A3
:10C0C0003EB20FFA88F8059B08FA87F706F10508D3
:10C0D000013F98444FF00009B1450DDB059B079ADD
:10C0E0001F601A71F5E50126BCE704FB03F5A2FB0E
:10C0F000042301372B44BDE70A220023EDF706FB9A
:10C10000303208F8012D09F10109E5E7014B5843E8
:10C11000800C704741340100014B5843000D7047BB
:10C12000FB2E0B00024B5843C00C0130704700BF80
:10C130004F9312000A4A70B503464FF0CC360020E8
:10C140004FF0333506FB03F402FB0144A3FB02313D
:10C1500021449D4275EB010401D30130F2E770BD2B
:10C16000CDCCCCCC2DE9F04F1A23354EB0FBF3FAF1
:10C1700003FB1A0389B004460D4606EB0A1653B9B1
:10C18000D6E90023C1E90023D6E90201C5E902018D
:10C1900009B0BDE8F08F2B4A02EBC303D3E9008955
:10C1A00004AB0093D6E902234046494605F071FBF3
:10C1B00006AB0093D6E9002383460F464046494626
:10C1C00005F067FBDDE9066216EB0B0652EB07088C
:10C1D0004FF0000328BF0123814633B1049B059A29
:10C1E000013342F10002CDE9043220460391FFF70A
:10C1F00099FF07461A2000FB0AF0FFF793FF3F1A4A
:10C200003246434603990097484605F059FB4FEAEA
:10C21000141C0D4A640004F01E0352F82C40DC404C
:10C2200004F00304241841F10001C5E90041DDE9EF
:10C23000042300973046414605F042FBA6E700BFC5
:10C24000C8210200F8200200D85E03002DE9F04F5B
:10C250001A27DFF8ECA000F11905B5FBF7F56F43DD
:10C260003A1A4FEA051B89B004460E460AEB05153B
:10C270000AD1D5E90023C1E90023D5E90201C6E9C5
:10C28000020109B0BDE8F08F2B4B03EBC203D3E9E9
:10C29000008904AB0093D5E902234046494605F0E6
:10C2A000F8FA5AF80B206B68013ACDE9020106A9A9
:10C2B00063F1000300914046494605F0EAFADDE9E2
:10C2C00006528A4602996D18039952EB01084FF005
:10C2D000000328BF0123814633B1049B059A013333
:10C2E00042F10002CDE904323846FFF71BFF074652
:10C2F0002046FFF717FF3F1A2A4643460097484655
:10C30000514605F0DDFA4FEA141C0C4A640004F0B3
:10C310001E0352F82C40DC4004F0030401342418BE
:10C3200041F10001C6E90041DDE9042300972846F8
:10C33000414605F0C5FAA2E7F82002002C5F030091
:10C340009822020010EE103A07B5194A23F0004374
:10C35000934206D8DFED170A03B05DF804EB00F056
:10C3600069B9B3F1FF4F04D303B05DF804EB00F0FB
:10C370004DB9684600F020F800F0030001289DED5B
:10C38000000ADDED010A07D002280AD060B900F0EA
:10C3900051F903B05DF804FB00F00AFCB1EE400A6D
:10C3A000F7E700F047F9F9E7012000F001FCF0E7BA
:10C3B000D80F493F0000000070B510EE105A854AB2
:10C3C00025F00043934286B0044605D8002380ED53
:10C3D000000A4360002022E07F4A93423AD825F0C9
:10C3E0000043002DDFED7D7A7D4A23F00F0318DD39
:10C3F000934230EE670A09BFDFED7A7A9FED7A7AD1
:10C400009FED7A7A30EE670A70EE477A30EE670A6F
:10C41000C0ED007A30EE470A80ED010A012006B037
:10C4200070BD934230EE270A09BFDFED6E7A9FEDB3
:10C430006E7A9FED6E7A30EE270A70EE077A30EE54
:10C44000670AC0ED007A30EE070A80ED010A4FF06E
:10C45000FF30E4E7664A93426DD8B0EEC00A9FED24
:10C46000657AF6EE007A40EE077AFDEEE77AB8EEEE
:10C47000E76A17EE900ADFED597A06EE670A1F2881
:10C48000DFED597A66EE277A30EE677A09DC5A4991
:10C49000461E25F0004251F8261022F0FF028A4283
:10C4A00008D117EE101AC1F3C751DA15C1EBD353F7
:10C4B000082B02DC84ED007A1AE0DFED4A7A9FED6A
:10C4C0004B7A66EE277A70EE676A30EE660A70EE97
:10C4D000677A56EE077A36EEE77A17EE103AC3F32C
:10C4E000C753D31A192B15DC84ED007AB0EE660A17
:10C4F00030EE470A002D30EE670A84ED010A8EDA2D
:10C50000B1EE477AB1EE400A84ED007A84ED010A7B
:10C51000404284E7DFED397A9FED397A66EE277A7B
:10C5200036EEE70A76EEC06A76EEE77A56EE077ADE
:10C5300030EE677ABEE7B3F1FF4F06D330EE400A24
:10C5400080ED010A80ED000A44E7DA15863AA3EB94
:10C55000C25307EE903ABDEEE77ADFED2A6AB8EEF5
:10C56000C77A77EEC77A8DED037A67EEA67ABDEECD
:10C57000E77AB8EEC77A77EEC77A8DED047A67EE80
:10C58000A67AF5EE407AF1EE10FACDED057A1DD1DE
:10C59000B5EE407AF1EE10FA1AD002231A49019151
:10C5A0000221009103A8214600F09CF8002DBFF65F
:10C5B00036AFD4ED007AF1EE677AC4ED007AD4EDAF
:10C5C000017AF1EE677AC4ED017AA1E70323E5E78A
:10C5D0000123E3E7D80F493FE3CB1640800FC93F63
:10C5E000D00FC93F004435374344353708A3852E63
:10C5F000800F494384F9223F845F030000A3852E06
:10C6000032318D24000080430460030008B52DED15
:10C61000028BB0EE408A05F000FA20B138EE080A2D
:10C62000BDEC028B08BDDFED027A87EEA70AF7E7C3
:10C630000000000010EE103A23F00043B3F1485F11
:10C64000B7EE007A3BD360EE006ADFED1E5A9FED35
:10C650001E6A1E4A06EEA56A9342DFED1D5A56EE8B
:10C66000265A9FED1C6A05EEA66ADFED1B5A56EEB0
:10C67000265A9FED1A6A05EEA66A60EE200A26EE9B
:10C68000266AF6EE007A56EE260A66EEA77A04D8F7
:10C6900077EEE07A37EE670A7047114A93429ABF05
:10C6A00003F17F4306EE903AF5EE026A77EEE67A02
:10C6B00037EE660A77EEE07A30EE670A7047B0EE42
:10C6C000470A70474ED747ADF6740F319999993E96
:10C6D0007CF29334010DD037610BB63AABAA2A3DF8
:10C6E0000000483F2DE9F04F2DED048BD9B0904666
:10C6F0009B46669AB64B679D53F822A0019018F1AD
:10C70000040F0F460BF1FF3225DBB8F1030348BFDE
:10C7100008F10403DB105E1CF1009C1A9FEDB07A57
:10C720000291A8EBC6060AEB020C0DF1700905EBAD
:10C73000840E0021614510DD1CA901EB8B010DF574
:10C7400088790024544524DCDDF804E0DFEDA47A88
:10C750008C46002016E00023DDE7CC425DBF5EF88A
:10C76000210007EE900AF8EEE77AF0EE477AE9EC5E
:10C77000017A0131DEE7FEEC016A3CED017A46EE1A
:10C78000877A01309042F6DDE9EC017A0134043118
:10C79000D8E708A901EB8A0105EB8303DFED8F8A57
:10C7A0009FED8D9A049103935446A300059358ABD3
:10C7B00003EB840313ED140A44A908AB01EB8401D5
:10C7C0001D46204600284CDC3046CDE9062300F00B
:10C7D00045FAB0EE408AB4EE000A28EE000A00F0F6
:10C7E000A3FAF2EE007A00EE678A002EDDE9062356
:10C7F000FDEEC87A17EE909AF8EEE77A38EE678A7F
:10C8000041DD08A9601EC6F1080E51F820C04CFA9F
:10C810000EF5A94405FA0EF5ACEB050541F82050DC
:10C82000C6F107010D41002D3CDD4FF0000C09F170
:10C830000109614664456BDC002E03DD012E77D0D3
:10C84000022E7FD0022D2DD1B7EE000A30EE488A9D
:10C8500041B33046069200F001FA069A38EE408A5B
:10C8600020E060EE287A0138FDEEE77AF8EEE77A0C
:10C8700007EEC90ABDEEC00AA5EC010A31ED010AB6
:10C8800037EE800A9EE705D1611E08A850F82150B6
:10C89000ED11C8E7F6EE007AB4EEE78AF1EE10FA91
:10C8A00034DA0025B5EE408AF1EE10FA40F09A80B5
:10C8B000611E00200DF1200C51454BDA002863D099
:10C8C000013C083E08AA52F82430002B7DD03046A7
:10C8D000B7EE000A00F0C2F9631C44AA9FED3F7A4C
:10C8E000980002EB830208A92346002B80F2A8805F
:10C8F0002346002BC0F2C48044AA02EB8306DFF873
:10C90000D4C0DFED377A0021E21AAEE002258CE7D1
:10C9100053F8040B49B920B1C0F5807043F8040CFA
:10C9200001200CF1010C014684E7C0F1FF00F5E79E
:10C9300004F1FF3C08A850F82C3003F07F0340F8C6
:10C940002C307FE704F1FF3C08A850F82C3003F0AE
:10C950003F03F4E75CF8213001391843ACE70133B9
:10C9600051F8040D0028FAD0059901F5B071694419
:10C9700004EB0B0C1CA8651C4C3900EB8C00234409
:10C98000AB4204DA1C4610E704990123E8E7039C54
:10C99000DDF804C054F82540059407EE904AF8EEFF
:10C9A000E77A0024E0EC017ADFED0D7A86469442C6
:10C9B00003DDE1EC017A0135E2E7FCEC016A3EEDD2
:10C9C000017A013446EE877AF1E7013C083E7AE7C6
:10C9D000486303001C630300000080430000803BA9
:10C9E00000000000029BB0EE480AA3EB080000F034
:10C9F00035F91FED077AB4EEC70AF1EE10FA19DB2C
:10CA00005FED0A7A60EE277A08AAFDEEE77A08362B
:10CA1000F8EEE77A07EEC70AFDEEE77ABDEEC00A48
:10CA200010EE103A42F8243017EE903A013442F8F2
:10CA300024304CE7BDEEC00A08AA10EE103AF6E723
:10CA400051F8236007EE906AF8EEE77A013B67EE53
:10CA5000807A20EE070A62ED017A46E7FCEC016A73
:10CA6000B6EC017A46EE877A0131514501DC9142FC
:10CA7000F4DD58A901EB820242ED287A013B38E748
:10CA8000669B022B09DC002B26DC3FD009F0070057
:10CA900059B0BDEC048BBDE8F08F669B032BF5D13C
:10CAA00030AA031F134419462646002E4FDC2146A8
:10CAB00001295CDC5FED367A1318012C67DCDDEDB3
:10CAC000306A9DED317A002D67D1C7ED006A87EDA0
:10CAD000017AC7ED027AD9E730AB1FED3F7A034404
:10CAE0002246002A24DA4DB3F1EE477AC7ED007AE8
:10CAF000DDED307A77EEC77A31AA01239C4220DA45
:10CB00000DB1F1EE677AC7ED017ABFE730AB5FEDAB
:10CB10004C7A0344002C05DA0DB1F1EE677AC7EDCB
:10CB2000007AB3E733ED017A013C77EE877AF1E7DB
:10CB300073ED017A013A37EE277AD2E7F0EE477AC1
:10CB4000D4E7B2EC017A013377EE877AD6E771ED5C
:10CB5000017AD1ED016A37EEA67A013E77EEC77A07
:10CB600081ED007A77EEA67AC1ED017A9DE773ED4B
:10CB7000017AD3ED016A37EEA67A013977EEC77AEA
:10CB800083ED007A77EEA67AC3ED017A90E733ED74
:10CB9000017A013C77EE877A8FE7F1EE666AB1EEB3
:10CBA000477AC7ED006A87ED017AF1EE677A90E780
:10CBB00010EE103A23F00043B3F1485FF0EE407AF4
:10CBC00001D200F03DB860EE006A9FED167ADFED0D
:10CBD000165A56EE875A9FED157A05EEA67ADFEDC6
:10CBE000145A57EE265A9FED137A20EE266A05EE68
:10CBF000A67A40B9DFED105A56EE875A45EE867A8E
:10CC0000B0EE670A704726EE077AF6EE005A10EE8D
:10CC1000A57A57EE260A9FED097A46EE470A30EECE
:10CC2000600A7047D3C92E2F342FD7321BEF383606
:10CC3000010D50398988083CABAA2A3EABAA2ABE0E
:10CC40009FED057AF7EE007A77EE877A82B0CDED28
:10CC5000017A019B02B0704700008000024610EE8E
:10CC6000100AC0F3C75320F0004183B9A9B3DFED28
:10CC70001B7A1B4960EE277A8A4217EE900AC0F3AE
:10CC8000C753A3F1190307DAC00F00F02DB8FF2B2B
:10CC900002D130EE000A70474CF250318A4202DD78
:10CCA000C00F00F031B81344FE2BF9DC002B06DD79
:10CCB00020F0FF4040EAC35300EE103A704713F1F2
:10CCC000180FE1DB193320F0FF4040EAC3509FED1D
:10CCD000050A07EE900A27EE800A70470000004C14
:10CCE000B03CFFFF000000339FED050ADFED057A41
:10CCF000002808BFF0EE407A27EE800A704700BF98
:10CD000000008000000080809FED050ADFED057ABD
:10CD1000002808BFF0EE407A27EE800A704700BF77
:10CD2000FFFF7F7FFFFF7FFF10EE101AC1F3C75395
:10CD30007F3B162B21F000401ADC002B0A4609DA53
:10CD400000291BDA00280E4B08BF4FF0004300EE0D
:10CD5000103A70470B4919411142FAD0002ABEBF60
:10CD60004FF4000040FA03F3D21822EA0103EEE781
:10CD7000B0F1FF4FEDD330EE000A70470023E6E735
:10CD8000000080BFFFFF7F00704730B502460144BE
:10CD900041F221054FF6FF708A4200D130BD12F8F2
:10CDA000013B082480EA032003B2002BB4BF85EACC
:10CDB00043034300013C98B2F6D1EDE7F8B50446D1
:10CDC000432525704225079E65700225A570042520
:10CDD000E57006F10F000D0A80B221716571E272F3
:10CDE0000D0C2246090EE1712072B021000AA172D9
:10CDF000A571607202F80C3F069B04F10D079919AA
:10CE00008B420AD1BD19291B2046FFF7BEFFB8553A
:10CE1000000A6870A81C001BF8BD13F8010B02F88B
:10CE2000010FEDE708B5000240F44040F0F726FCA2
:10CE30004FF47F40F0F722FCBDE808404FF47F40FC
:10CE4000F0F71CBC024605232020B2EB400F4FEA4E
:10CE5000400101DB013B00D1704788B2F5E700EBF0
:10CE6000C100408840087047F8B50346FFF7F7FF58
:10CE7000B0FA80F0C0F11F0003EB800CCA00DCF8B0
:10CE80001060171D0C4606328DB256B9012101FA09
:10CE900000F0D9680143D960CCF81040DD539D52B1
:10CEA000F8BDF1000431585AD85303EBC0009E522C
:10CEB000C5805D52F4E710B500EBC104E3888B42F6
:10CEC00002F104010AD1012303FA02F2C36823EA42
:10CED0000203C360002340F8213010BDA28840F84F
:10CEE000213000EBC20100EBC300CB808280F4E76D
:10CEF00008B50346FFF7B3FFB0FA80F2C2F11F0294
:10CF00001846BDE80840FFF7D6BF2DE9F843B1FA4F
:10CF100081F3C3F11F0200EB82090646D9F81070B5
:10CF20000D4687B9C3F120034FF0FF349C40F368EE
:10CF30001C4014D094FAA4F2B2FA82F2131D56F8EF
:10CF40002340214608E03C464FF003082146304686
:10CF5000FFF785FF854205D83046FFF7ACFF204636
:10CF6000BDE8F88306EBC404B8F10108E488C9F809
:10CF70001040D7D0BC42E9D1D4E738B50446FFF71A
:10CF80006EFF0D46034611462046FFF768FF034437
:10CF90009BB204EBC5055A006A802046FFF75FFF8D
:10CFA000014424F8313038BD70B50446FFF757FF0F
:10CFB0000B4604EBC305511A9B1A89B203444E0079
:10CFC0009BB204EBC2006E805D00458024F83210F5
:10CFD00020461146FFF743FF014424F8313070BD6D
:10CFE00070B509B9002070BD056801F007030B3367
:10CFF000CC0804EBD304AB689C4228BF1C462146F6
:10D000002846FFF782FF06460028EBD00146284657
:10D01000FFF725FFA04207D932192846FFF7C4FFC2
:10D0200011462846FFF720FF05EBC602104653883D
:10D0300043F0010353800430D5E71146FFF7D0BF1A
:10D04000043A2DE9F843CC1D114424F0070421F0E3
:10D050000706A6EB04084FEAD807B7FA87F2C2F131
:10D060002405AD004FF000090735C2F12002ED089C
:10D0700004604946A760C4F80C90920004F11000C7
:10D0800004F0F1FAAAB2530043F0010363807B1B62
:10D090009BB204EBC5015800A4F80090488024F826
:10D0A0003520A6F8029024F8083004EBC70329467F
:10D0B0005A8842F001025A802046BDE8F843FFF743
:10D0C000D3BE2DE9F04706460D46174698462BB3CA
:10D0D00098F8004093F80190DB78A40004EB430437
:10D0E00098F802301C4444444FF0000ACA4509D362
:10D0F000D8F8042008F1080339463046AC46BDE8AC
:10D10000F047604714F8013B48F823402046EFF70A
:10D1100044FB013004440AF1010AE7E76FF015000F
:10D12000BDE8F08730B502460024002012F8013B2C
:10D1300043B178B18C4207D1702B04D0A3F14005E4
:10D140003A2D07D8002030BDA3F140053A2D01D873
:10D150000134EAE7252B08BF80F00100E6E7002054
:10D16000704700F073BB0FB407B504A951F8040B66
:10D17000019100F06BFB03B05DF804EB04B0704765
:10D180000FB407B504A951F8040B0191FFF7E9FFAB
:10D1900003B05DF804EB04B0704710B503690246B4
:10D1A00013F0080009D11368D4689C4297BF126A33
:10D1B000E31AD31A01200B6010BD00231846FAE7CA
:10D1C00013B501A90446FFF7E8FF20B1019BE2680F
:10D1D000013B13440193206A019BC01A013802B03D
:10D1E00010BD10B5044650182269236AD20702D533
:10D1F000013B184010BD984228BFC01AFAE710B58D
:10D2000004460A46C168FFF7ECFF2369E06023F09B
:10D210000803236110BD38B50D46C2698B00016853
:10D2200043F0020342F82130044601682A46FFF722
:10D23000D8FFE36861682060984202BF236943F029
:10D24000080323612A462046FFF7CBFF606038BD04
:10D250002DE9F74FD0F80CB0C669009216F82B20D4
:10D2600002F00302022A08BF56F82B209A4606EB6A
:10D270008B030F4601934FF00001009B0CBFC2F3DC
:10D280009D09894619600446CAF80010B9F1000FDB
:10D2900007D04946FFF7B3FFE368A3604FF00108EA
:10D2A00004E001698A0705D44FF00008404603B046
:10D2B000BDE8F08F816906EB8B00884716F82B10CC
:10D2C00011F001080546EFD08B071DD51FB1394677
:10D2D0002046FFF7A0FF61682A462046FFF781FF3E
:10D2E000D4E902138B42606007D12A462046FFF73B
:10D2F00078FF4FF000080146A0602369216043F0E9
:10D300000803E1602361D1E701462046FFF777FF7C
:10D31000E168A1601FB12068E16941F82090EA1935
:10D32000CAF8002021682046FFF75BFF22692060D1
:10D3300042F00802226116F82B2022F0010206F8C2
:10D340002B20DDE900321A60A8E770B504461546C7
:10D35000FFF747FF2368834205D12369216023F04B
:10D360000803236170BDE269AB0043F0020342F899
:10D370002130204661682A46FFF733FF6060F1E7FD
:10D3800038B503695B07044606D5456AFFF718FF01
:10D3900085422CBF6562606238BD38B50D460446D3
:10D3A0001C22002104F05FF9EB68A361AB686361A4
:10D3B0002B68E3616B682362002262622A6923B1F1
:10D3C000591E194208BF42F001022261012204F1F4
:10D3D00028000021BDE8384003F05CBE2DE9F04F85
:10D3E0009846036A87B000258B4204460E46934652
:10D3F00003950595AA4638D3EFF31189402383F3AB
:10D400001288BFF36F8F059A2AB129462046FFF78D
:10D410009CFF0023059304A92046FFF7BEFE049954
:10D42000B14207462AD32268E36913F8221021F09B
:10D43000030103F8221003EB820A216832462046DA
:10D44000FFF7CFFEE3682060984212D0002789F3EF
:10D450001188BFF36F8F039929B162690AB1204621
:10D46000904700230393002FC6D1504607B0BDE874
:10D47000F08F236943F008032361E7E718B12046E2
:10D48000FFF7C9FEE3E75BEA08031CD0019103F054
:10D49000F5FE0199B8B9B9F1000F14D189F31188DB
:10D4A000BFF36F8F5A46434604F12800FCF7DCFDBA
:10D4B000EFF31189402383F31288BFF36F8FB0FA23
:10D4C00080F77F09C3E705AB03AA20462568FFF76D
:10D4D000BFFE0746BBE770B50446836908460D46A4
:10D4E00098470246EFF31186402383F31288BFF377
:10D4F0006F8F2B7843F001032B7061682046FFF794
:10D5000070FE60602046FFF73BFF86F31188BFF393
:10D510006F8F70BD2DE9F843044600274026EFF3D6
:10D52000118586F31288BFF36F8F2369A2681907EC
:10D5300002D46368934200D2236A9B1A002B42D024
:10D54000E06910F8221011F0030300EB82093AD0D1
:10D55000022B04D150F822305FEA930805D1CB07A3
:10D5600020D4A369484698478046A1684246204691
:10D57000FFF737FE0127A06041462046FFF73FFE38
:10D580003B4685F31188BFF36F8F002BC7D137B1AE
:10D59000B9F1000F03D104F12800FCF731FD484632
:10D5A000BDE8F88341F0020100F822104846A36963
:10D5B000D4F808809847414602462046FFF711FEFE
:10D5C0000023A060DDE79946DBE7F8B504468369F0
:10D5D00008460D4698470646EFF31187402383F32C
:10D5E0001288BFF36F8F2B7823F001032B70236910
:10D5F0009B0705D5E268E36903EB82039D421AD1DC
:10D600002B7823F002032B70D4E90231994204D124
:10D6100032462046FFF7E5FDA06031462046FFF781
:10D62000EEFD87F31188BFF36F8F04F12800BDE88A
:10D63000F840FCF7E5BC2B6860F39F032B60F0E734
:10D64000EFF31181402383F31288BFF36F8F0269D8
:10D650008368120702D442689A4200D2026AD31A3F
:10D6600081F31188BFF36F8F181E18BF0120704718
:10D67000038B13F0070306D10368002B18BF0320A8
:10D6800008BF00207047022B05D1408BB0FA80F014
:10D69000400980007047012B04D10368002B18BF9C
:10D6A0000520EDE70020704710B50C4600B111B918
:10D6B0006FF0150010BD081D00F088F80028F9D1A2
:10D6C000A368032BF6D9F3E72DE9F0410D46074691
:10D6D0001946281D90461E4600F089F8044638B1C8
:10D6E0003346424629463846A446BDE8F0416047E5
:10D6F000BDE8F08110B4EFF31182402484F3128866
:10D70000BFF36F8F41615DF8044B0121F0F71ABE42
:10D7100038B50C46054658B151B10B6843B14B685A
:10D7200033B11C22002103F09EFF2C61002038BD84
:10D730006FF01500FBE7F8B504460E46FFF7B4FF9F
:10D74000051E3BDBEFF31182402383F31288BFF306
:10D750006F8F638B278B4FF6FF718B4207F00707A4
:10D760002ED0062F2FD8DFE807F0182E082E180429
:10D7700018006FF08505002303E001336383022561
:10D78000012382F31188BFF36F8FBBB100233A46A8
:10D7900031462046FFF798FF10E0002333606368AE
:10D7A00023B9C4E9006627B13D46E4E71E60666020
:10D7B000F9E702212046F0F7C5FD3D462846F8BDB1
:10D7C0006FF00A05D7E76FF00405D4E7034658B1B8
:10D7D000426802F00302012A03D0032A04D102683E
:10D7E00012B10020986070476FF0150070474268D2
:10D7F000816002F00302032A4FF0000203460CBFCF
:10D80000006810465A607047704703785B075FBF37
:10D8100003684288C3F34A2303EB12105DBF17303D
:10D8200020F007008008002070470020704702F0B9
:10D8300007B90346BFF35B8F53E8000F421C43E870
:10D8400000210029F8D1BFF35B8F70471FB500237B
:10D85000CDE90201CDE900331A4619461846F1F721
:10D8600085F905B05DF804FB0120F0F731BF002019
:10D8700070474368DA7143681960436801225A713E
:10D88000F0F718BF70B515460C4669B1D2E90136FC
:10D890009B1B99420AD813680A460146981903F05F
:10D8A000BBFEAB682344AB60204670BD6FF01B002D
:10D8B000FBE770B50E4615461946044618B9BDE893
:10D8C0007040F0F705BF33B1C2F34A231030120D98
:10D8D000184403F0A1FEC4E900562046BDE870409C
:10D8E000F1F7A4B82DE9F3415F1C4FEA870806461B
:10D8F00008F1170020F0070080080C461546F0F7E5
:10D9000069FF0023ADF805308DF807308DF80470FD
:10D9100068B10346019A43F8102FA8F104012A4682
:10D92000294452F8045B43F8045F8A42F9D1A2010A
:10D9300002F4E07242EA482222F07F4222F47002AE
:10D94000002322F03F02314602B0BDE8F041FFF76C
:10D95000B0BF07B50123019201AAFFF7C3FF03B0CF
:10D960005DF804FB07B5CDE9002302236A46FFF703
:10D97000B9FF03B05DF804FB1FB5CDE90123069B99
:10D98000039301AA0323FFF7ADFF05B05DF804FB85
:10D99000F8B506460D4614461F4604B9F8BD2146A3
:10D9A00028463A46B047241A0544F6E710B54268BF
:10D9B00081680446D2E900230068FFF7E9FF636845
:10D9C00000221A6010BD38B54B681A68CB689A42BD
:10D9D00005460C4602D10846FFF7E8FF6368BFF32F
:10D9E0005B8F53E8002F511C43E800100028F8D14A
:10D9F000BFF35B8FA3689D54002038BD0A2838B55B
:10DA000004460D4602D10D20FFF7DDFF29462046D2
:10DA1000FFF7D9FF002038BD2DE9F043054689B056
:10DA200008460E8891F80090D1F808800C461746F9
:10DA3000F1F7EEF8011EC6F38216C9F3C2091FDB27
:10DA40004846F1F705F803462146608851F8102B47
:10DA50000296C2F34A22002A01EB0204C0F30B1023
:10DA600008BF00210022CDE90507CDE90314CDE967
:10DA7000002241462846F1F7F7F809B0BDE8F083E7
:10DA80000023E1E7F0B587B01F4604460D46164671
:10DA900000F09BFA022302930DF116030193BDF8E7
:10DAA0003030ADF81600009332463B4629462046FA
:10DAB00001F06DF907B0F0BD70B586B01546BDF840
:10DAC00028601522002168461C4603F0CCFD8EB963
:10DAD000142C12D822462946684603F09DFD04F115
:10DAE00018036B44684603F8186CF3F733FA2046C2
:10DAF00006B070BD6FF00604F9E76FF00C04F6E7AE
:10DB00002DE9FF411F460D4616460446F3F742FA3B
:10DB10008046EEF742FEBDF82830009380B2CDE992
:10DB200001803B4632462946204601F030F904B0D8
:10DB3000BDE8F08103F097BD03F06EBD01460068BB
:10DB4000F1F7F4BA08B5F1F781FBBDE80840F1F749
:10DB500091BF0A460121FFF7FCBE00210120F1F729
:10DB6000E5BAF1F731BF61B662B680F31188BFF351
:10DB70006F8F704772B6002383F31188BFF36F8FE6
:10DB8000BFF34F8F30BF62B6BFF36F8F704772B66F
:10DB9000002383F31188BFF36F8FBFF34F8F20BF34
:10DBA00080F31188BFF36F8F62B67047202809D9C0
:10DBB000B0F1004F08D80138B0FA80F0C0F11F0072
:10DBC00040007047082070473E20704708B5D1E9F3
:10DBD00004319847002008BD08B5F2F785F9002008
:10DBE00008BD7047002303824369C3607047C16961
:10DBF0008968F2F7E5B9EFF31182402383F31288C5
:10DC0000BFF36F8F00230B60436833B9C0E9001185
:10DC100082F31188BFF36F8F704719604160F7E797
:10DC200010B50346EFF31181402282F31288BFF34F
:10DC30006F8F006828B15C6802681A60A04208BF54
:10DC40005A6081F31188BFF36F8F10BD027A0132E1
:10DC500002727047034618465B68002BFBD1704781
:10DC6000426810B52AB10B461C465B68002BFBD1FD
:10DC70006260416010BD10B5044620B90B7A0133D3
:10DC80000B72084610BD034618465B68002BFBD19B
:10DC9000FFF7E6FF2046F5E783680B440360704713
:10DCA00003680B6043684B6083688B6070478388B0
:10DCB000026819448180D018704730B484880568A0
:10DCC000A3188380281930BC03F0A6BC10B5838844
:10DCD00002685C1C8480D154D01810BD03460068D3
:10DCE0009A88401A11441860998070470268531E40
:10DCF000036083880133838002F8011C70478288A7
:10DD0000521A034682800068084418607047034630
:10DD100000689A88521A01449A801960704710B5B9
:10DD200003681C780121FFF7EAFF204610BD10B5FB
:10DD300003681C880221FFF7E2FF204610BD10B5E2
:10DD40000C46017822788A4288B00ED06946F2F7F4
:10DD50006FFA04A92046F2F76BFA10220DEB0201CC
:10DD6000684603F088FC08B010BD012A06D0022ADC
:10DD700007D072B940886388C01AF4E740686368C6
:10DD8000FAE71022611C013008B0BDE8104003F032
:10DD900072BC6FF01500E6E7042A0AD0102A0DD0F5
:10DDA000022A4FF0000315D103700B884380012035
:10DDB0007047012303700B684360F8E7022300F803
:10DDC000013B01F1100351F8042B40F8042B994258
:10DDD000F9D1ECE718467047012310B50621044637
:10DDE00000F8013BF9F778FE18B9A37963F03F0317
:10DDF000A37110BD0B6803608B8883808B7983715E
:10DE0000037823F00203037070470078C0F34000EA
:10DE1000704738B50446807AF2F7A8F8616905467C
:10DE200049B1637ADB0704D4C3691B6820469B6849
:10DE300098470023636121462846BDE8384003F037
:10DE40001BB92DE9F0410C4601F10C08054600F123
:10DE50000C01404617461E46FFF722FF6269E36841
:10DE60002F829B1A13FA87F36B8201236B72394658
:10DE70004046FFF744FFE3687360628A0023E36073
:10DE80007281638234602846BDE8F08138B5D1E9FB
:10DE90000032DA600B684A895A820C4605460868E7
:10DEA000F2F70CF920461022002103F0DCFB284693
:10DEB000BDE83840FFF7ADBF438A23B9C068B0FA68
:10DEC00080F040097047002070470F2806D80D28C1
:10DED0000BD8052814BF022003207047132804D054
:10DEE0001A2814BF02200120704701207047FFF755
:10DEF00030BDFFF737BD10B50346BFF35B8F53E866
:10DF0000000F40EA010243E80024002CF7D1BFF3E0
:10DF10005B8F10BD0023F0F7A9BDBFF35B8F50E806
:10DF2000003F0B4040E80032002AF8D1BFF35B8F7E
:10DF3000704710B5F4F784F96FF48071044610301F
:10DF4000FFF7EBFF2046BDE8104000F014B9C368AE
:10DF5000DB78012B01D1FFF7ECBF7047C368DB789A
:10DF6000012B01D1FFF7E5BF704738B504460D46D8
:10DF7000F2F7A8FB5F3005D129462046BDE83840BE
:10DF8000F2F7D6BA38BD0020704710B50288438832
:10DF90009A4218D8052A16D9B3F5486F13D8848841
:10DFA000B4F5FA7F0FD2C188A1F10A0292B240F60D
:10DFB0007640824207D804FB0333B3EB810F34BFB2
:10DFC0000120002010BD0020FCE700207047002049
:10DFD000704770B506460D464FF0FF304FF0FF31E9
:10DFE000F2F7B4FE044668B103210C30FFF75FFE80
:10DFF0000680857021460022BDE8704040F2064050
:10E00000F3F726B86FF0680070BDC368187808B1E0
:10E01000F2F734BE1846F3F701B938B54FF0FF31C7
:10E0200005464FF0FF30F2F791FE044668B1022139
:10E030000C30FFF73CFE2B88038021460022BDE810
:10E04000384042F21600F3F703B86FF0680038BDAD
:10E05000F8B507460E464FF0FF304FF0FF3115463A
:10E06000F2F774FE044678B106210C30FFF71FFE6C
:10E070003B8803804680858021460022BDE8F84029
:10E0800042F22200F2F7E4BF6FF06800F8BD70B50D
:10E0900006460D464FF0FF304FF0FF31F2F756FEC7
:10E0A000044618B9BDE87040F2F738BA03210C30C5
:10E0B000FFF7FDFD06808570214642F22100BDE894
:10E0C0007040F2F773BF08B5072203F0D4FAB0FA34
:10E0D00080F0400908BDFFF73CBC00280CBF084693
:10E0E0000020704718B111B10846F3F7F9BD6FF081
:10E0F0001500704713B5044680B106216846F9F74C
:10E10000EBFC48B99DF80530694603F03F03204613
:10E110008DF80530FFF7E6FF02B010BD6FF0150077
:10E12000FAE7003818BF0120704770B5064686B080
:10E130000D464FF0FF304FF0FF31F2F707FE044677
:10E14000B0B10C3095B10121FFF7C0FD06F110020E
:10E1500003A9204600950823F2F7E6FD0022214698
:10E1600042F20A00F2F774FF06B070BD2946EBE7F1
:10E170006FF06800F8E7183003F06DB8D0F8B4001D
:10E18000003818BF01207047084689691160C269CC
:10E190001A60C27A0021183003F065BAFFF7E2BBBB
:10E1A000837A072B01D1F4F7AFBA70472438F4F71C
:10E1B00031BB036800220BB9184670478B4210D15F
:10E1C0000B6842B942680360914200D1436000236A
:10E1D0000B600120704713604368994208BF42609A
:10E1E000F5E71A461B68E6E710B50446006918B162
:10E1F000F1F764FF0023236110BD10B500F1C802E0
:10E20000BFF35B8FD0F8C830BFF35B8F7BB1BFF338
:10E210005B8F591C52E8004F9C4204D142E8001C1D
:10E22000BCF1000FF6D1BFF35B8FE7D110BD1846EC
:10E23000FCE710B5837A023B0446062B16D8DFE8CC
:10E2400003F009041515150B090041720021204641
:10E25000F4F740FC002010BD0088FFF7BAFE00284C
:10E26000F9D1A37A072BF5D10821F0E76FF07F00F1
:10E27000F1E738B5037A8B420446154615D100F113
:10E2800070010722284603F0F6F980B1E3780722EF
:10E2900043B904F17E01284603F0EDF9B0FA80F0AD
:10E2A000400938BD04F17701F5E70020F9E70120C6
:10E2B000F7E7F8B507460D464FF0FF304FF0FF3156
:10E2C000F2F744FD0646D0B10E210C30FFF7EFFC0B
:10E2D0000E220446002103F0C6F93B8823802B88D8
:10E2E00063806B88A380AB88E380EB882381314611
:10E2F0000022BDE8F84042F21300F2F7A9BE6FF029
:10E300006800F8BD704710B50446FCF707FB2346CC
:10E3100053F8402BD2F8B41061B92164D2F8B81088
:10E3200061B9C2E92D33FCF70DFB2068BDE8104050
:10E33000F4F7A6BB8B42F6D00968EDE70B60C2F894
:10E34000B830F0E703682BB141681A6802608B426D
:10E3500008BF4260704770472DE9F843446B2CB109
:10E3600054F8085905B1083D00270CB9BDE8F883F9
:10E37000D4E900682EB3FCF7D1FAD6F8B43004F132
:10E380004001002263B1994233D1236C4ABBD6F8D5
:10E39000B820C6F8B430914201D1C6F8B83027642D
:10E3A000FCF7D0FA04F13009002200234846FBF7BD
:10E3B000F5FD064600BBD8F804300BB1204698475F
:10E3C0002760E3680BB120469847D8F820300BB19E
:10E3D00020469847DDB1AB6803B1083B2C461D468B
:10E3E000C3E71360D6F8B830994208BFC6F8B82022
:10E3F000D5E71A461B68C5E7B36923B1F169206800
:10E400006FF06D0298473046F1F758FECCE72B4687
:10E41000E4E7F8B50F4600210546164600234FF401
:10E4200080320846F5F7EAF8044620B92846F5F7A1
:10E43000B1F82046F8BD04210C30FFF738FC057018
:10E4400047704680F5E7406B30B1838B8B42A0F17B
:10E45000080001D08068F7E7704710B54AB989B263
:10E46000FFF7F1FF28B143689B6913B1BDE8104085
:10E47000184710BD38B50D460521FFF7E4FF00230E
:10E480001A462946F5F7D4F8044610B12846F1F7A4
:10E4900015FE204638BD406B30B183898B42A0F118
:10E4A000080001D08068F7E77047704703460068AE
:10E4B00028B1596802681A60884208BF5A607047DC
:10E4C0000346002003B970471A8A5B681044F9E7D5
:10E4D00010B5D4682378023113B92170012010BD22
:10E4E0008B42FBD0038A023B038200201061F6E7D7
:10E4F000FFF72FBA2DE9F04104468868FFF7E0FFE7
:10E50000638D628B934228BF134683420D461DD311
:10E510002165D1F8088000278F60FCF7FFF941469C
:10E520002046F5F781FA064638B1C5F80880276518
:10E53000FCF708FA3046BDE8F081618D638B9942A3
:10E5400028BF1946284600F024FDF1E76FF0790650
:10E55000F0E773B51446014605464FF495722068FE
:10E5600000F0C2FC207530B92068294600F014FD87
:10E5700020B908232375002002B070BD237AB3B1FF
:10E58000A3F11802534253419B000193638A009305
:10E59000AE68238AE26820682946B047002808DB75
:10E5A000238A98420CD1002323750120E4E702233B
:10E5B000EBE710F1FF0F03D34042C0B22075DAE75A
:10E5C0000E20FBE738B504460D46F5F72DFA30B1BD
:10E5D000294604F15400BDE8384002F042BD38BD80
:10E5E000F8B59368166805460F46144663B9506837
:10E5F00001210C30FFF75BFBA0602B681B78002B20
:10E6000014BF022301230370A3681B78012B03D0DE
:10E61000022B1FD000201CE02B681B78002BF9D1A7
:10E62000606804210C30FFF742FBE06007802A6835
:10E63000E36852885A806168728D738B088A9A42A7
:10E6400094BFC0EB0200C0EB0300042894BF00207D
:10E650000120F8BD2B681B78022BDBD160681221EA
:10E660000C30FFF724FBE06007802B68E268591C40
:10E670000232113351F8040B42F8040B9942F9D1DC
:10E680006168728D738B088A9A4294BFC0EB020056
:10E69000C0EB03001228D9E770B40668F2695AB3D8
:10E6A000144654F8983903B1983B002211467CB9BE
:10E6B000438D408B8B4201D890421FD9824238BF94
:10E6C00002469942306838BF194670BCF6F7E8BF79
:10E6D000844207D0658D648BA94238BF2946A24287
:10E6E00038BF224633B1D3F8985005B1983D1C4647
:10E6F0002B46DCE71D46FAE71146D9E770BC7047A8
:10E70000D0680378043113B90170012070478B423F
:10E71000FBD091680B8A0020043B0B82106170478C
:10E720001FB5CDE90123002300931A46F6F718FC24
:10E7300005B05DF804FB0368002203B970478B4203
:10E740000FD10B683AB942680360914200D143602F
:10E7500000230B60704713604368994208BF426012
:10E76000F6E71A461B68E8E7BFF35B8F50E8003F07
:10E7700043F0080240E800210029F7D1BFF35B8F86
:10E78000C3F3C00070472DE9F041064690461F468E
:10E790000D46B9B104220121F5F716FA044618B95D
:10E7A000BDE8F041F5F7E6B904210C30FFF77FFA38
:10E7B0000570A0F80180C77021463046BDE8F041E1
:10E7C000FFF700BFBDE8F08137B50C46054601F103
:10E7D0000C00FFF7ACFA228A0192E268009203462D
:10E7E000132212212846F5F747FA03B030BD37B59A
:10E7F0000C46054601F10C00FFF799FA228A0192B6
:10E80000E26800920022034611462846F5F734FAE2
:10E8100003B030BD70B504460E4600220023084602
:10E82000FBF7BCFB054658B101462046F5F7FCF85E
:10E83000044618B12946304602F01EFC204670BD41
:10E840006FF00104FAE707B5CA681388528800928E
:10E850000C210D22F5F716FC03B05DF804FB07B59B
:10E86000CB6800221B8800920A210B22F5F70AFCD4
:10E8700003B05DF804FBF8B5CB681F88BBB2162B5C
:10E88000054619D90321F5F7C1FA0646B0B10221B0
:10E890000C30FFF70CFA00246FF00803037044708B
:10E8A00031462846FFF78EFEF72328466B836F8597
:10E8B000FFF7F2FE2046F8BD0420FCE70E20FAE741
:10E8C0002DE9F04F064685B0104690469946FFF771
:10E8D000F7FD738B728D934228BF134683428B469C
:10E8E00075D9736803934046FFF7B4F94FF0000AF7
:10E8F00004464046FFF7E4FDE168228A658A6369C1
:10E90000778BCB1AAD1AED1A738D9F4294BFC0EB73
:10E910000700C0EB0300854228BF054625BB98F8D9
:10E920000A00F1F723FB00220023FFF760F90446F9
:10E9300008B9574627E001464046FFF79CF9404694
:10E94000FFF7BEFDE168228A658A6369778DCB1A7D
:10E95000AD1AED1A738B9F4294BFC0EB0700C0EB5A
:10E960000300854228BF0546CDF80090DBF804700F
:10E9700003980A44ABB25946B847071E07DABAF102
:10E98000000F18BF5746384605B0BDE8F08F0E9B04
:10E99000ABB9394604F10C00FFF789F94046FFF79F
:10E9A0008FFD738D728B934228BF1346B944834207
:10E9B000BA441FFA89F9BCD9AF429AD0B9E70F9A85
:10E9C0000E9B3946204698470028E2D1B1E7002740
:10E9D000D9E72DE9F3411768D7F8048000231446DE
:10E9E0001373014606469522404600F07DFA05461F
:10E9F000207330B93146404600F0CCFA28B90823DC
:10EA00002373002002B0BDE8F081A068798D7A8B75
:10EA1000038A914294BFC3EB0103C3EB0203012BB2
:10EA2000EFDD02210C30FFF742F9CDE900558046B9
:10EA3000A388A26831463846FFF742FF031E06DA74
:10EA400013F1FF0F26BF5B42DBB20E23D8E7A8F815
:10EA500000300120D6E72DE9F3411768D7F804808C
:10EA6000002314461373014606469522404600F0E3
:10EA70003BFA0546207330B93146404600F08AFA29
:10EA800028B908232373002002B0BDE8F081CDE946
:10EA900000553146A388A2683846FFF711FF0028C9
:10EAA00007DA10F1FF0F26BF4042C0B20E202073DC
:10EAB000E9E70120E8E7F8B50546071F00F148033C
:10EAC00050F8044CBFF35B8F53E8001F21F00401A2
:10EAD00043E80012002AF7D1BFF35B8FFCB1EB6C67
:10EAE00083B9636873B1201DFFF7E0FC0646014659
:10EAF0003846FFF7FFFC90B163683360A368666037
:10EB000003B9A66005F150013846FFF783FE30B126
:10EB100004F10C013846BDE8F840FFF77BBEF8BDB4
:10EB20002DE9F041C469074644B154F8986906B12B
:10EB3000983E0022154607F104080CB9BDE8F081A3
:10EB4000236D9BB905B98AB94046FFF7AFFC05466E
:10EB500058B101462046FFF7CDFC0028EED07B6877
:10EB60002B60BB687D6003B9BD60224636B1D6F824
:10EB7000983003B1983B34461E46DEE73346FAE749
:10EB800038B50546BFF35B8F0B68BFF35B8FDB07C0
:10EB900016D550F8040C98B1EB6C8BB90430FFF724
:10EBA00085FC044660B10146281FFFF7A3FC38B17D
:10EBB00055F8043C5A6822609A685C6002B99C600F
:10EBC00038BDF6F75BB908B5F5F7C2FD40B1C069CD
:10EBD00030B1024652F8983903B1983B002002B98F
:10EBE00008BD518B528D8A4228BF0A46904238BFD9
:10EBF000104633B1D3F8981001B198391A460B4634
:10EC0000EDE71946FAE708B500230A8AC968F5F75F
:10EC100007FF002008BD70B50D46F5F799FD0446C5
:10EC200028B92846F1F74AFA6FF07F0070BD00F16D
:10EC30000C062946304602F014FAE469C4B154F8CF
:10EC4000985905B1983D0022104607E022467DB153
:10EC5000D5F8983003B1983B2C461D46831C01D152
:10EC6000002AF4D131462046FFF7D4FD0028EDD12B
:10EC70000020DBE738B505460C46FBF74FFE28467B
:10EC8000F5F766FD20B9FBF75DFE6FF07F0038BD3C
:10EC90000023236083683BB9C0E90144FFF740FFCC
:10ECA000FBF750FE0020F2E71C608460F6E710607E
:10ECB0000020704710B5029CA36833B1B1F5807F86
:10ECC00028BF0E21CAB221469847A37DE268013BC6
:10ECD000DBB2A37522B11BB92046BDE81040104736
:10ECE00010BD106091800020704770B50D4606463B
:10ECF00011F8010BF4F794FA044610B12C89F3F7DC
:10ED000093FE6B89A34207D0EB686C8123B1214647
:10ED10003046BDE87040184770BD10B5144632B992
:10ED200000F17001007AF5F76FFF00B1846010BD4B
:10ED300008B5F5F769FF18B10023036043608360ED
:10ED400008BD70B500F1700605463146007AFFF740
:10ED50003EF904463146287A1CB1BDE87040FFF701
:10ED6000E7BFF5F751FF10B104604460846070BDE7
:10ED7000022A10B508D1002300F170011A46007A6A
:10ED8000F5F754FF022010BDFFF7DBFFFAE738B5B7
:10ED9000BDF81010BDF81840059DA14210460CD8D2
:10EDA0004CB16DB1641A9C42A8BF1C46A4B2224665
:10EDB000294402F031FC204638BD6FF00604FAE722
:10EDC0006FF00D04F7E770B5CC6886B02678BDF813
:10EDD000285066B96488ADF81640022402940DF1FB
:10EDE0001604CDE90054FFF7D2FF06B070BD10261F
:10EDF00002960134F5E7F0B50C4687B0C9680546C0
:10EE000016461F46F5F7BCFF00B10089ADF81600A5
:10EE1000022302930DF116030193BDF830300093E5
:10EE200032463B4621462846FFF7B1FF07B0F0BD0A
:10EE300013B5044610B9002002B010BD00238DF8B0
:10EE40000430006842F6030301A9ADF80630FEF76E
:10EE500076FF0028EFD1E36898880028ECD120469F
:10EE6000F6F74EF8013080B2E6E72DE9F041CC68C4
:10EE70008AB0064698460846A3798DF814300D46A8
:10EE80001746FFF7D5FFADF815002468237893B92E
:10EE90006388ADF817300523029305AB0193BDF8E5
:10EEA000403000933A46434629463046FFF76FFF0D
:10EEB0000AB0BDE8F081631C0DF11702113453F85C
:10EEC000041B42F8041BA342F9D11323E4E71FB546
:10EED000CDE90123002300931A46F6F741F805B067
:10EEE0005DF804FBFFF76FBE4B8A12F0010FC3F30E
:10EEF0000E0304D013F0950F10D0486870B112F0D3
:10EF0000020F04D013F4957F0AD0896841B11340F1
:10EF100013F4DE7F14BF05200020704702207047E5
:10EF200003207047F8B50F4651684B8A03F09403ED
:10EF30000646144613BB0122F6F77EF808B3A289F1
:10EF40001B2102323046F5F7FDFC0546E0B1A189F0
:10EF50000C300231FEF7ABFE20F8027BA289A168DB
:10EF600002F05AFBD4E9041228460123F5F73AFED1
:10EF700029463046BDE8F840FFF74DBE4FF0FF3060
:10EF8000F8BD6FF01500FBE76FF00B00F8E701200C
:10EF900070477047012070470120704713B5C06863
:10EFA000144668B100238DF8043001A94FF4C05312
:10EFB000ADF80630FEF7C3FE10B9236801332360B5
:10EFC000012002B010BD0021F8B54FF0FF324FF024
:10EFD000FF3305460846F4F711FB00F10C07044621
:10EFE00001213846FEF763FE0526067001213846EA
:10EFF000FEF75DFE002306701A4621462846F4F708
:10F0000017FB10B12046F1F759F80020F8BD6FF05A
:10F0100085007047002070470369C9B20C2202FBCB
:10F020000133186C00F00700704770B50346C9B291
:10F030000069EFF31186402484F31288BFF36F8FC9
:10F040000C2505FB0104246C14F0C00401D0A2427D
:10F0500011D105FB010001220264002086F3118812
:10F06000BFF36F8F30B95B680C2202FB01335B6822
:10F070009847002070BD4FF0FF30EFE78022FFF788
:10F08000D4BFF8B5069F04690546C9B2EFF3118CE9
:10F09000402080F31288BFF36F8F0C2606FB0146D9
:10F0A000306C00F0070EBEF1010F10D1376400265E
:10F0B0008CF31188BFF36F8F3EB90C2041430C4491
:10F0C000C4E90E236B685B5898473046F8BD00F0E2
:10F0D000C00087420CBF6FF077064FF0FF36E7E7BE
:10F0E00013B580240094FFF7CCFF02B010BD10B41C
:10F0F0000069CBB21C2404FB030000215DF8044B23
:10F1000010471046FAF77CBF00F054BD4FF4AF60D3
:10F11000704743685B68D3F810350B600020704778
:10F1200043685B6802EA010021EA0201C3F80805AE
:10F13000C3F80C150020704743685B680020C3F8D3
:10F140000815704743685B680020C3F80C157047CA
:10F1500043685B68D3F8042521EA02001140C3F834
:10F160000805C3F80C150020704730B503695868CE
:10F1700000B30024884219D108688CB99C68586093
:10F18000A14200D19860002008602AB15A680A6044
:10F190009A68596002B9996000200FE02846E9E7B3
:10F1A00020609868814208BF9C60ECE705680446CF
:10F1B000002DF3D1002AE9D16FF0150030BD01F028
:10F1C00029B82DE9F043476840F20636D0063B7C6B
:10F1D00087B002EA060654BFC2F3401C4FF0030C8E
:10F1E00001F01F05B6F5837F144645EA43158DF8F7
:10F1F00003C042D00DD8062E16D005D8A6B1022ED7
:10F200003DD06FF0150035E0B6F5807FF9D10126CD
:10F210000AE040F20222964233D0B6F5407F32D067
:10F22000B6F5007FEDD1022622032ED57A680123A0
:10F230008B40C2F80835B86878BB05F01F026D092D
:10F2400074D1920002F1A042C4F30041D2F8003719
:10F2500081F00101C4F3404423F4E16344EA410432
:10F2600023F007031C4344EA8C0444EA0624C2F852
:10F270000047002007B0BDE8F0830726D4E7042646
:10F28000D2E70526D0E70326CEE7630341BF01237B
:10F290007A688B40C2F80C35CDE70DF102022946A1
:10F2A00000F036FF14F4403F80460CD1B868294680
:10F2B00000F05CFFB8F1000FDBD19DF80210B868D8
:10F2C000F9F70EFFD5E74FF0000901ABCDE9019941
:10F2D000CDE90439CDF80C90B86803AA294600F0AE
:10F2E00012FE4845C5DB14F4003314D0C4F30044C7
:10F2F0009DF803308DF80E3084F001048DF80C6019
:10F300008DF80D40B8684B4603AA294600F096FEDA
:10F310000028CFDAADE7CDE904330DF10303039301
:10F32000B86803AA294600F0EEFDF1E702F5E072A5
:10F3300050F82230FFDEF0B544681646A068227C03
:10F3400001F01F0587B045EA4215002869D0B6F5DF
:10F35000001F04D1294600F052FF002052E06268ED
:10F36000607CC2F8240501AA0020B6F5800F019048
:10F37000506036D1B3F1007F14BF052304238DF80C
:10F3800004300023CDE904230393E36823FA01F159
:10F3900011F001010DF1030736D1B6F1A07F33D191
:10F3A00005F01F036A0903F5E0733DD14FF0A04259
:10F3B00052F82330DB0727D4A0683A46294600F0EC
:10F3C000A7FE163018D00297A06803AA294600F0BD
:10F3D0009AFD002816DBA0680122294600F0C8FE2D
:10F3E000BBE7B3F1C06F05D0B3F1007F14BF0123B9
:10F3F0000223C4E70323C2E7A0683946F9F776FE83
:10F400000028E0DA07B0F0BDA0683A46294600F0CF
:10F410007FFE0028D8D19DF80310A068F9F760FEA0
:10F42000D2E76FF08500EDE751F82330FFDE30B50D
:10F4300043681360057A446804EBC504A34202D311
:10F440006FF0010030BD5C798C4203F10803F0D10C
:10F450000020F7E7704743685B6B0020C2E900308B
:10F46000704710B50022044601211C20F0F7FEF978
:10F470002046BDE81040F6F77FBD10B500220446D7
:10F4800001212120F0F7F2F92046BDE81040F6F7FF
:10F4900073BDFEF75EBA002201212320F0F7E6B922
:10F4A00010B50B6813B91360184605E003685C6873
:10F4B0001CB114600368186810BD083303600B6842
:10F4C000013B0B60EDE703460A460068197901230A
:10F4D00003FA01F103691B68194218BF82F00102A7
:10F4E00012B18368DB68184783681B69FBE710B5B6
:10F4F000036804464BB11A7D3AB1186901F01BFC50
:10F50000206800210830FFF7DEFFA36933B963608C
:10F5100004F11000BDE81040FAF772BD10BD10B53F
:10F520000069C36A8B4207D190F88C403CB92C30FB
:10F53000FFF7DDFF204610BD6FF01500FBE76FF011
:10F540000F00F8E730B504460069856FD0F88030C9
:10F5500085B05DB94BBB2469E36504F14C00FAF753
:10F560004FFD002384F88C3005B030BDFBB1AB42B9
:10F570001A4628BF2A46416FC0F88820009119B169
:10F58000002D14BF114600210191C16F029181B17C
:10F59000002B08BF002203926946002201F07BF88D
:10F5A0000028E1D06FF00403D5E71A46E3E72A46C6
:10F5B000E1E70A46EFE7F0B587B001238DF80230A6
:10F5C00002238DF804306B4403930E4601AB0DF11A
:10F5D000030100270546029104930597F9F786FD7C
:10F5E000041E0BDB03AA3146284600F08CFC041EE7
:10F5F00007DA9DF803102846F9F772FD204607B098
:10F60000F0BD3C46FAE7002201210420F0F72EB9B4
:10F6100010B50B6813B91360184605E003685C6801
:10F620001CB114600368186810BD083303600B68D0
:10F63000013B0B60EDE710B5036804468BB11A7D02
:10F640007AB1186901F077FB236898681B7B012168
:10F65000994003691B68194283680CBF1B69DB680A
:10F660009847A36933B9636004F11000BDE8104006
:10F67000FAF7C6BC10BD08B50069436E8B4204D1D1
:10F680006430FFF7D8FF002008BD4FF0FF30FBE7E4
:10F6900038B50446056900F094F9C0B90122014665
:10F6A00005F1BC0001F0F6FC05F16400FFF7C3FFB3
:10F6B0000321204600F05CF9002802DA10F1860FE1
:10F6C00005D10121204600F053F900EAE07038BD71
:10F6D00070B50646446C4FF4FA535C4356F8203B31
:10F6E0004FF4004C1B68B4FBF3F40546C83440F2F9
:10F6F000E73000214FF47A720023E4FB0C01EAF7B3
:10F7000005F802460B463046FAF7AEFC20B1F7F793
:10F710007DF86FF0730070BD286BFCE7F7B50669E4
:10F72000D6F8B020D6F8B85007469AB9C5B12C46DD
:10F73000D6F8AC1031B33ABB1146D6F8B4302BB37F
:10F74000002D04BF2C4623460094384600F0FEF8F6
:10F7500003B0F0BDA5B195422C4628BF1446E7E79B
:10F76000716E8B88DB0401D400F0B0F80023C6F87A
:10F77000943006F1840003B0BDE8F040FAF740BCD5
:10F780001446D5E70A46D8E72246D6E71C46DBE70B
:10F790000069BC30FAF734BC03460A4600681979A0
:10F7A000012303FA01F103691B68194218BF82F0B3
:10F7B000010212B18368DB68184783681B69FBE7A5
:10F7C000F0B504694768D4E917128B1A85B006466C
:10F7D00004D1BB6805B0BDE8F0401847BD8B616D32
:10F7E0009D4228BF1D4621B101F06043B3F1005F87
:10F7F00006D1A36D3BB103F06043B3F1005F02D0CB
:10F80000082D28BF08250023236551B1114401F0BC
:10F810006043B3F1005F04D038692A4601F0FCFE72
:10F820003969A36D43B1226E134403F06042B2F113
:10F83000005F1CBF7B692365002914BF2A46002294
:10F84000002BCDE90123009108BF00256946002265
:10F850002046039501F0A5F8014618B173683046BB
:10F860009B68984705B0F0BD70B50C690E46216DD8
:10F87000054639B1236EA06D2A69184401F0CCFE0B
:10F88000002323652969AA68236E91422CBF5B1867
:10F890009B1823663046BDE87040FFF791BF0847CC
:10F8A00010B503691B680722C3F800250B7D0C46C1
:10F8B0005BB1012104F10800FFF76EFF237D23B146
:10F8C0002069BDE8104001F036BA10BD38B50369B3
:10F8D0001C680B7D0D464BB1086901F02CFA2B7D9D
:10F8E00023B1002105F10800FFF756FF4FF08053C8
:10F8F000D3F83021511C09BF4FF07043D3F8343195
:10F9000093F8E02FD3F8E83F08BFC3F30313062AA8
:10F9100018D1032B16D04FF0FF320023D4F808057E
:10F92000D4F80C15C4F80035C4F80825C4F80C2523
:10F930000922C4F80025C4F80035C4F80805C4F845
:10F940000C1538BD0023C4F80035FAE710B404697B
:10F95000C4E91513019B93422CBFE365E2650023C4
:10F9600023665DF8044BFFF72BBF006901F012B965
:10F97000012913B515D008D9023901298CBF6FF0C0
:10F9800015006FF0850002B010BD046994F83030A6
:10F990002BB12046F9F77AFE002384F8303000209E
:10F9A000F1E743685C6801AA00212046FFF73FFDAC
:10F9B0000028E8DB019B226819791868F6F714FA29
:10F9C000E1E72DE9F843436804461B6898476368FC
:10F9D000DE7FDC6800250127B54202D30020BDE8A8
:10F9E000F88320682179E388D0F810E0D0F80890F7
:10F9F000DEF800C0DA0754BF43F4B01383F4D01329
:10FA000023F4801207FA01F8DB074CBF48EA0C0325
:10FA10002CEA0803CEF80030D9F8003098470834B3
:10FA20000028DCD10135D7E700F150039B009BB2E1
:10FA300003F1804303F5883300221A601B68704786
:10FA400008B5F7F7D5F908BD10B54FF0FF304FF006
:10FA5000FF31F7F7A3FB044628B9E0F7C1FC0446E1
:10FA600018B1F7F7A3FB204610BDF7F79FFB204620
:10FA7000F0F744FCF7E738B50B8A0D463BB101F1CE
:10FA80000C00FEF74CF9012818D0022803D06FF0C3
:10FA90001504204638BD4FF0FF304FF0FF31F7F727
:10FAA0007DFB04460028F4D1E868E9F7A5FF044689
:10FAB000F7F77CFBACB1F7F77FFBEAE74FF0FF30DD
:10FAC0004FF0FF31F7F76AFB04460028E1D1E86800
:10FAD000F7F75AFD0446F7F769FB002CD9D1F7F781
:10FAE0006BFB2846F0F7EAFA0024D2E7F7F7B6BC3A
:10FAF00010B532220446002101F0B5FD2023237009
:10FB00008023A3706FF03F0363710423A372282343
:10FB1000A3730223E3730423A3756FF04803637692
:10FB20000323A3766FF01F03E3760E23237730239E
:10FB300084F82030402384F82130012384F82230D7
:10FB4000782384F82330802384F8263010BD08B54C
:10FB50004FF0FF314FF0FF30F7F720FBECF7F5FDEA
:10FB6000BDE80840F7F722BB684620F007018D4644
:10FB700001B5E8F711FBBDE80140854670476846CE
:10FB800020F007018D4601B5E8F7FAFABDE801401B
:10FB900085467047684620F007018D4601B5E9F7B4
:10FBA000DDF8BDE801408546704708B5ECF7F5FC87
:10FBB000002008BD7047012802D10020E7F77EB978
:10FBC00070477047E6F778BF4FF08053D3F83001A5
:10FBD000421C04BF4FF0704393F8E00F831F58425C
:10FBE000584170474FF0704393F8E02F062A08D130
:10FBF000D3F8E80F00F0F000A0F13003584258416C
:10FC000070470020704703460020184701F093B862
:10FC100010B502461168B1B1BFF35B8FB1FA81F341
:10FC2000C3F11F000123834021EA030352E8004F80
:10FC30008C4204D142E8003CBCF1000FF6D1BFF386
:10FC40005B8FE7D110BD6FF00B00FBE710B50368C9
:10FC5000CB40DB0714D401238B400268BFF35B8FDA
:10FC600043EA020150E8004F944204D140E8001CEE
:10FC7000BCF1000FF6D1BFF35B8FEED1002010BDB9
:10FC80006FF01500FBE770B50C46002105460846ED
:10FC90001646F9F7B9F948B93378DB0003F1804328
:10FCA00003F5F833C3F81055C3F8144570BD4FF091
:10FCB0008052D2F83031591C09BF4FF07042D2F84F
:10FCC0003401D2F8E80F92F8E03F08BFC0F3031008
:10FCD000062B05D10338012894BF0020012070476E
:10FCE00000207047036803F01F025B0902600CBF2D
:10FCF0004FF0A04000207047F7B51646019001A8CC
:10FD0000DDE908471D46FFF7EDFFB6F1000C18BF0F
:10FD10004FF0010C019B0A1E18BF0122002D42EA80
:10FD20004C0203F5E0730CBF4FF0000C4FF00C0CCD
:10FD3000002C42EA0C020CBF4FF0000C4FF4E06CB8
:10FD4000002F42EA0C0250F823000CBF4FF0000CC9
:10FD50004FF4403C42EA0C0220EA020201B1097869
:10FD60000EB13678760011430DB12D78AD003143D8
:10FD70006CB12078000229430FB13F783F0408435B
:10FD80004FF0A042384342F8230003B0F0BD2046B4
:10FD9000F1E71FB50DF10F03019300238DF80F104C
:10FDA00000931A461946FFF7A7FF05B05DF804FB5C
:10FDB00070B5CBB20833164630F81330DA05044676
:10FDC0000D4609D5C3F3432300EBC302314650F877
:10FDD0003330526828469847A3682BB1E268314611
:10FDE0002846BDE87040184770BD10B4CBB200EB98
:10FDF00043039A8AD1051CD5C2F3432122F4F85259
:10FE00009A8200F1520400F1120232F8023F13F418
:10FE1000807F03D0C3F3432399420AD0A242F4D196
:10FE200000EBC10300225A605DF8044B5830FFF725
:10FE30000DBF5DF8044B704738B5034611F0010063
:10FE40000ED04FF0A045D5F820451C60C5F82045E0
:10FE5000FFF72DFF08B1D5F82035201E18BF01206F
:10FE600038BDF0B5034600F5807400200546012733
:10FE7000844695420AD1D3F87C2132B10022C3F8DE
:10FE80007C21D3F87C3140F00040F0BD25F04046A5
:10FE900007FA06F6314209D0D4F800E0BEF1000FAF
:10FEA00004D0C4F800C0D4F800E030430135043475
:10FEB000DFE7C9B200EB4100808A830643BF400BF5
:10FEC000800000F580704FF4BE7070470246CBB2E0
:10FED00002EB430308469B8A990611D599070FD474
:10FEE00010685B0B01219940C0F80813126802EBFF
:10FEF0008303D3F8102522F00302C3F810257047BE
:10FF00000021FFF746BFF0B5136885B005460C46E3
:10FF10001646DBB1CFB200EB4707BA8A02F02202E5
:10FF2000222A1ED00022CDE900228DF80E208DF865
:10FF30000F200DF10E010DF10F022046FFF7DCFE40
:10FF4000BB8A23F0020343F00103BB8273682BB327
:10FF50001A785868E3B205EB4303998A8F0703D5F3
:10FF6000B0B16FF015001CE021F4604121F02001D8
:10FF7000998268B1032AF4D8716849680F782968B2
:10FF80004FEA870C614472B9C1F81025C1F81025F9
:10FF9000998A21F01C0141EA82029A82B36843BB2C
:10FFA000002005B0F0BDD1F8100520F00300C1F825
:10FFB000100528686044D0F8101521F4473121F469
:10FFC0004071C0F810152102D0F810C501F4F851A5
:10FFD00041EA024141EA0C01C0F8101505EB470166
:10FFE000A1F85C40998A41EA473141F020019982A9
:10FFF000CEE7D3E9006721462846FFF7F6FE002E3C
:020000040002F8
:10000000CED06B689E4206D005F15800FFF700FE87
:10001000002804DAC5E7AB689F42F5D1002005EB64
:10002000C003C3E90167E4B205EB4404C0B2A38A8C
:1000300043EA402343F48073A382B1E7F0B5064658
:1000400085B00C461F46F2B1CDB200EB4505AB8A38
:10005000980701D499061ED413F01C0F02D05378D0
:10006000012B18D001238DF80F300023CDE9002398
:100070000DF10F01931C20460132FFF73DFEAB8AC4
:1000800043F00303AB82002F3DD0E2B206EB420205
:10009000938A9B0703D46FF0150005B0F0BD387844
:1000A000336803EB80030021C3F81015C3F8101563
:1000B000938A23F4604323F0200393827D784FEAF0
:1000C000800C05B33168BF7861442D04D1F8103538
:1000D00023F4981323F4F853C1F81035230203F4E2
:1000E000F85305F440353F05D1F810652B4307F46C
:1000F00080173B433343C1F81035938A43EA4033BA
:1001000043F0200393820020C7E7C0E90312704741
:10011000C9B200EB4100838A990643BF5B0B002004
:1001200013706FF01500704738B590F86C400546B5
:100130009CB940222146143001F095FA2868C0F895
:100140007C41D0F87C3140F30730EFF75FFB0123AF
:1001500085F86C30AB65204638BD6FF07700FBE763
:1001600090F86C00003818BF01207047F8F782BF84
:1001700073B50C46C9B200EB410105688B8A9E0637
:1001800019D513F0020616D15B0B9C0004F58071A3
:100190006E50695801682144D1F8104544F00104BB
:1001A000C1F810452AB10168012202FA03F3C1F82F
:1001B000043302B070BDD5F80433002BA4BF4FF058
:1001C0000043C5F804338B8AC3F38203042B12D097
:1001D000052B12D001A80194FFF784FD019AD0F8F5
:1001E0001035D34003F00103991C204602B0BDE84E
:1001F0007040FFF7CEBD0321F7E70221F5E7FFF7D7
:1002000065BEFFF756BE08B50246FFF752FE1368FB
:10021000184408BD2DE9F04F074685B057F8049BF8
:10022000D9F80413C9B28046082241F0004148467B
:10023000FFF717FE051E16DA0DF1080A002301214B
:1002400050460293FFF7F8FD029A92B94FF0004131
:100250004846FFF706FE01215046FFF7EDFD002856
:10026000F2D125F000450124002D74D105B0BDE880
:10027000F08F92FAA2F4B4FA84F4E60808EB44038F
:100280001AF80620998A0394012304F0070003FA60
:1002900000F022EA00020AF80620C1F3820B03A84C
:1002A000CDF804B0FFF71EFD039A02F5E072CB060D
:1002B00050F82260C6F3014633D5019A38462146EC
:1002C000FFF776FD03A80394FFF70CFD039B03F5EE
:1002D000E073F6B250F82330C3F301439E4207D1D6
:1002E00000212046FFF755FD31462046FFF751FD1E
:1002F00003A80394FFF7F6FC039B012202FA03F321
:10030000C0F82035FFF7D3FC00289DD04FF0A04364
:10031000D3F82025D3F82025D3F82025D3F820358D
:1003200092E7022E14BF022103212046FFF731FD80
:10033000BBF1030F04D0022E08D1BBF1010FD7D1BE
:10034000019A21463846FFF733FDD1E7032ECFD17E
:10035000BBF1020FF3E795FAA5F3B3FA83F304FABE
:1003600003F225EA020503F5A27208EB430359F8EC
:100370002220B3F85C10C2F301423846FFF718FDA3
:1003800072E74FF08052D2F83031591C09BF4FF05C
:100390007042D2F83401D2F8E80F92F8E03F08BF7B
:1003A000C0F30310062B05D10338012894BF0020A9
:1003B000012070470020704730B59508403D01246A
:1003C000AC400C4208D0815831B100218150825894
:1003D00013B11A6822431A6030BD13B500230C46CE
:1003E00001934FF4887201ABFFF7E6FF21464FF40B
:1003F0008A72FFF7E1FF21464FF48E72FFF7DCFFB0
:1004000021464FF48272FFF7D7FF21464FF48472E2
:10041000FFF7D2FF21464FF48672FFF7CDFF4FF46E
:100420008C722146FFF7C8FF019802B010BD10B5CD
:10043000C368044633B900680221FFF7CEFF08B154
:1004400001232375207D023818BF012010BD70B430
:100450000C46014615461A4651F8043B2668C3F877
:100460002065A688C3F82465A668C3F82865E668F1
:10047000C3F82C6503682668C3F84065A688C3F8EE
:100480004465A668C3F84865E468C3F84C45066847
:1004900005F00104234604EB5504C6F81445D407BF
:1004A0000CD412F0020403D0002B0CBF0424082447
:1004B0000568C5F8004270BCF8F724BE1024F7E7C1
:1004C00010B503680022C3F8002203680122044625
:1004D0005A6051B12046FFF7AAFF0028FAD02368DE
:1004E0000022C3F80025012323752046BDE81040F3
:1004F000FFF79DBFFFF79BBF70B5B22104460068B0
:10050000FFF76BFFC306054607D5A3695E0704D551
:10051000E36813B1216901209847A80607D5A369AC
:10052000190704D5E36813B12169022098472A0608
:1005300007D5A06910F0100003D1E3680BB1216961
:100540009847AB070CD523680022C3F80025012388
:100550002375E36823B121690320BDE87040184783
:1005600070BD37B5D0F818358A69DBB28DF8073021
:100570000B6A93423EBF4A699DF80740D4540B6A08
:1005800091F824405A1C0A6202333CB10C69A34220
:100590008C6938BF0B619C4288BF8B610C699C429F
:1005A00006D9CA68D35CC0F81C35012003B030BD41
:1005B0008D699D4201D9CB7FF5E7AC4238BF2C460F
:1005C000A2422CBF00200120F0E7430906D10123FD
:1005D0004FF0A0428340C2F80C3570470023C3F8A7
:1005E0000C35FFDE430906D101234FF0A0428340C2
:1005F000C2F8083570470023C3F80835FFDE70B530
:1006000090F820600446BEB9C0E9012351B1CB7B0C
:1006100080F82930CB7880F822304B7980F823306D
:10062000F8F78AFE226801230020C2F8003584F81A
:10063000210084F8203070BD6FF07700FBE738B5FB
:10064000D0E90053044633B145F30730EFF7ECF837
:100650000423C5F808330023C5F8003594F8293081
:10066000ABB9D5F80805F8F7F1FED5F81005421C2E
:1006700001D0F8F7EBFED5F80C05431C01D0F8F7D4
:10068000E5FE94F82200FF2801D0F8F7DFFE0023F2
:1006900084F8203038BDF8B590F8213004460E4675
:1006A0001746002B55D1436813B1012380F8213040
:1006B00096E80F0004F1100585E80F0094F8220079
:1006C0000023FF2884F8283001D0FFF77EFF2FB1E8
:1006D000002384F821306FF08500F8BD256867623B
:1006E0000423C5F80833C5F80871D5F808317368D4
:1006F0008BB133681B78C5F81C357368012B0DD995
:1007000033685B78C5F81C3566686EB10423C5F89C
:1007100004330020E1E794F82330ECE7F368012B81
:10072000F2D994F82330EDE7211DD5F80831002BDC
:10073000FBD0C5F808612846D5F80831FFF711FF4E
:100740000028F2D194F82200FF28E2D0FFF74AFFF8
:10075000DFE76FF00F00C0E770B50146044651F8BF
:10076000040B0025C0F80851D0F80831FFF7F9FE56
:1007700078B994F82200FF2801D0FFF733FF204614
:1007800084F8215000F80C5FD4E90131BDE87040D5
:10079000184770BD4FF08052D2F83031591C09BF54
:1007A0004FF07042D2F83401D2F8E80F92F8E03FEF
:1007B00008BFC0F30310062B05D10338012894BFEE
:1007C0000020012070470020704730B50546900892
:1007D00040380124844014EA010009D0A85838B1F7
:1007E0000021A950AA5813B11A6822431A600120A7
:1007F00030BD2DE9F341002304460D460193904698
:1008000001AB4FF4A672FFF7E0FF4FF48272294666
:100810002046FFF7DAFF4FF48C7207462946204640
:10082000FFF7D3FF064630B1B8F1000F1DD017B166
:10083000D4F83C353E4601AB4FF488722946204639
:10084000FFF7C3FF30B1B8F1000F03D016B90FB1F5
:10085000D4F83C3501AB4FF4907229462046FFF79F
:10086000B4FF019802B0BDE8F0814646E3E770B5F9
:100870004B7F04460D467BB1012343616426002271
:1008800002212046FFF7B5FF20B90120FFF7BEF98E
:10089000013EF4D100236B774FF08053D3F8302121
:1008A000511C09BF4FF07043D3F8343193F8E02F57
:1008B000D3F8E83F08BFC3F30313062A18D1032B6C
:1008C00016D04FF0FF320023D4F80805D4F80C15E9
:1008D000C4F80035C4F80825C4F80C250922C4F86A
:1008E0000025C4F80035C4F80805C4F80C1570BD1F
:1008F0000023C4F80035FAE7430906D101234FF07D
:10090000A0428340C2F8083570470023C3F8083579
:10091000FFDE430906D101234FF0A0428340C2F815
:100920000C3570470023C3F80C35FFDE70B51D464B
:1009300090F82030044616468BB919B14869F8F78B
:100940009DFD78B1C4E9016511B12046F8F7E4FDD9
:100950000020012384F8210084F8203070BD6FF05E
:100960007700FBE76FF01500F8E738B590F8202026
:1009700005466AB190F8212002F0FF045AB948698F
:10098000F8F77CFD50B12846F8F7C6FD204638BD83
:100990006FF07600FBE76FF00F00F8E76FF01500DF
:1009A000F5E72DE9F04F90F8213087B004460E4668
:1009B0001746002B40F0EB8043682BB112F0140F68
:1009C00004BF012380F8213096E80F0004F11005E0
:1009D00085E80F00E06A431C05D094F822309D079B
:1009E00018D5FFF789FF3368256823B103F060430A
:1009F000B3F1005F06D1B3687BB103F06043B3F19C
:100A0000005F0AD0002384F821306FF00C0007B09B
:100A1000BDE8F08FFFF77DFFE5E717F0010318BF92
:100A20000123C5F8503517F0020318BF0123C5F89C
:100A300040354FF08053D3F83031591C04BF4FF08C
:100A4000704393F8E03F062B45D1F368012B42D168
:100A50007368012B3FD8606A00283CD0FFF780FB09
:100A600028B9606A0721FFF75FFB0028CFD104F1A6
:100A70002808606A4146F8F739FB0028C7D10323EC
:100A80008DF800306B46CDE90180CDE90330D5F813
:100A90000885606A02AA4146FFF735FA0028B6D1F8
:100AA00002464146606AFFF763FB4146606AFFF712
:100AB000AAFB04F1290205F11401FFF7E4F800286C
:100AC000A5D194F82900F8F7C5FA94F8223043F03C
:100AD000040384F82230FFF75DFED6E900AB07F08F
:100AE0000808D6E9029660B1B8F1000F09D00026D7
:100AF000C5F84C61D5F84C314FF40023C5F80433E8
:100B0000B3460023C5F844A5C5F848B5C5F83495E3
:100B1000C5F83865C5F81831D5F818310723C5F878
:100B20000035B8F1000F03D1626801232B619AB13F
:100B3000636813BBE06A421C05D094F822309B071F
:100B400018D5FFF7E6FEB8F1000F03D1211D2846A6
:100B5000FFF78DFE00205AE7D5F81831002BFBD0A7
:100B600002AA40212846CDE902ABCDE90496FFF761
:100B700040FEDDE7FFF7C0FEE5E717F0040F4FF09A
:100B8000400314BFC5F80833C5F80433E2E76FF03B
:100B90000F003CE7011D0068FFF769BE38B5044649
:100BA0000568FFF7F7FD10B3D5F8043318031ED519
:100BB000D5F84C31DBB10023C5F84C31D5F84C21C8
:100BC000C5F81831D5F818314FF40023C5F80833AB
:100BD000D4E90423C5F84425C5F84835D4E90623EB
:100BE000C5F83425C5F8383501232B6138BD04F12B
:100BF000100240212846FFF7FCFDB0B1E06A411C1D
:100C000005D094F822309A0730D5FFF782FE94F889
:100C100021301BB1211D2846FFF729FE2046002365
:100C200000F80C3FD4E90131984794F822305B0773
:100C3000DCD5D5F80815606AFFF7E1FA94F82900C9
:100C4000F8F710FA94F82810606AF8F749FA0546A0
:100C50000028CBD194F829200146F8F7E3F994F85D
:100C6000223065F3820384F82230BFE7FFF744FEA9
:100C7000CDE7416270470369C26893429CBF8168B7
:100C80005B18013B981A70472DE9F041D0E90284C6
:100C90000546A8EB04064068964220440F461444DB
:100CA00004D900F0B9FCEC60BDE8F0813246A4EB59
:100CB000080400F0B1FC68682246B919F1E72DE993
:100CC000F843C5680646894617464FF00008336961
:100CD000B46870689D4228BF1B19641BBC4203F1B5
:100CE000FF3328BF3C465B1B9C4228BF1C4649463D
:100CF0002844224600F090FCB3682544AB4208BF6C
:100D000000253F1BA044A144F560E0D14046BDE86A
:100D1000F88308B5F8F7B2FD002008BDEFF31180A5
:100D2000402383F31288BFF36F8F704780F31188DD
:100D3000BFF36F8F704708B1EFF7EAB9704710B58E
:100D4000436904463BB90020E268537843F001034D
:100D50005370404210BD98470028F4D00028B8BF17
:100D60004042E368FF28A8BFFF201870ECE740B1BD
:100D7000C368587810F001001EBF1878B0FA80F0F0
:100D800040097047EFF31183402383F31288BFF3C8
:100D90006F8FFEE710B400F10C04C0E903445DF866
:100DA000044BFCF74DB938B50446EFF311854023E9
:100DB00083F31288BFF36F8FECF786FE04F10C000B
:100DC00000F014FB30B1294604F11400BDE83840AE
:100DD00000F0F1BA85F31188BFF36F8F38BD10B5FD
:100DE00042696AB1836842EA0301890708D101694F
:100DF000A2FB011424B95B182CBF0121002102D3EE
:100E00006FF0150005E0C1609B1A02698A4201D8A3
:100E1000002010BDC2681A604269C36001319B1A8C
:100E2000F3E72DE9F04105460F46EFF31188402323
:100E300083F31288BFF36F8FC668F6B90468A042C7
:100E40001BD0D4B1D4E9003213605A60237CA66071
:100E500023F002032374C4E9006604F1180000F0D3
:100E600046FB2046A667676100F04BFA414605F154
:100E70000800BDE8F04100F09EBA3E60AB69EF604B
:100E8000013BAB6188F31188BFF36F8FBDE8F08140
:100E900008B54024EFF3118384F31288BFF36F8FFA
:100EA000FCF768FEF6E7D0E9003213605A60027C76
:100EB000002322F00202C0E900330274836070470D
:100EC00013B501240094F8F7E1FE02B010BDF8B5A7
:100ED0000546EFF31186402383F31288BFF36F8F2B
:100EE0000468A04219D0C4B12046FFF7DCFF04F12A
:100EF000180000F0FCFA6FF02207A767204600F008
:100F000000FA2C68A54215D0A4B12046FFF7CBFF0C
:100F100004F1180000F0EBFAEFE7002300222A6248
:100F2000EA69AA6143B1314605F10800BDE8F8401D
:100F300000F041BA0123F1E786F31188BFF36F8F08
:100F4000F8BD90F90E308B4201D0F9F767BC002054
:100F50007047D0E9003213605A60027C002322F00F
:100F60000202C0E900330274836070472DE9F84340
:100F7000904604469DF820200D46EFF3118740214E
:100F800081F31288BFF36F8F02B14568A66804F140
:100F90000809B14515D0A6B13046FFF7DAFF0024A5
:100FA00006F1180000F0A3FA3046B467C6F81480C2
:100FB00000F0A7F94846394600F0FDF92046BDE8A3
:100FC000F883A3B10820FAF7E3F8002832D0012211
:100FD000C0F804800260016801F003015DB9226875
:100FE0000A430260626820606AB960600BE0C8F87A
:100FF00000304046EFE72A68032A10D80160616894
:1010000039B9C4E90000002087F31188BFF36F8F5E
:10101000D5E70A6802F0030202430A60E5E722F01E
:1010200003020A4302602A6802F0030240EA020354
:101030002B60E8E76FF00B00E6E710B5044630B12F
:101040000268930703D0446809B100F0DDFA204636
:1010500010BD0023C0E9003300F10803C0E90233EA
:10106000704707B50123009300230A461946FFF78E
:101070007DFF03B05DF804FB07B500230A4600932B
:101080001946FFF773FF03B05DF804FB0068002109
:10109000FFF7D3BF3AB18A4205D3C0E90212C0E9D3
:1010A0000000002070476FF01500704702680123B0
:1010B0008B4022EA0303036022FA01F000F00100F2
:1010C0007047704710B5032104460C30FFF7EEFF60
:1010D00030B104F1100000F00AFAB0FA80F04009D3
:1010E00010BD20B100221146CC3000F0C7B97047C6
:1010F00070B5C368C3F340069B07044616D48568E1
:1011000002210C30FFF7D2FF80B1D5F8C4206AB1BC
:1011100094421DD122689EB9D5F8C830C5F8C420C4
:101120009C4201D1C5F8C82000232360E36813F076
:101130001F001EBF43F00203E36040F0020070BDD9
:101140003260D5F8C820944208BFC5F8C860EBE704
:1011500016461268DBE773B50446EFF311854023AA
:1011600083F31288BFF36F8F00230193D0E9042328
:10117000B3F1004F08BF012A05D085F31188BFF3F2
:101180006F8F02B070BDA0F1100603210438FFF785
:101190008DFF0028F1D0A369019301A93046F9F72A
:1011A00085F8EAE738B504460D461022002100F024
:1011B0005AFA656038BD13B501900846EFF3118403
:1011C000402383F31288BFF36F8F01A9F9F76EF8FC
:1011D00084F31188BFF36F8F02B010BD10B5FFF715
:1011E000EAFF041E08DDEFF31180402383F3128829
:1011F000BFF36F8FF9F77EFB204610BD70B50D462B
:10120000EFF31186402383F31288BFF36F8FF9F752
:101210009FF8044686F31188BFF36F8F38B14FF003
:10122000FF324FF0FF3305F11000F8F71DFF2046A5
:1012300070BD08B5E022002100F015FA08BD38B5F0
:10124000302204460D46002100F00DFA4FF4807361
:101250006560E36038BD38B50446EFF3118540237F
:1012600083F31288BFF36F8FFFF72CFF2046FFF741
:101270003FFF85F31188BFF36F8F38BDEFF3058013
:10128000003818BF012070476FF0570070470020EA
:101290007047D0E9003213605A600023C0E9003380
:1012A000704708B5FFF7F5FF037C23F002030374D2
:1012B0000023836008BD38B504460D46F9F70AFAE5
:1012C000237C43F002032374D5B1A5602B689D42B3
:1012D00009D16B68C4E900531C606C6010E06A6857
:1012E0009A42F6D01B68002BF3D093F90E1094F9B4
:1012F0000E209142F3DD5A68C4E9003214605C604C
:1013000038BD10B5EFF31184402383F31288BFF387
:101310006F8FF9F79FF984F31188BFF36F8F10BDBA
:1013200008B5EFF31181402282F31288BFF36F8F6B
:1013300083680BB1FFF7B5FF81F31188BFF36F8F9F
:1013400008BD08B5037C13F0280F01460CD1836853
:101350000BB1FFF7A6FF0B7C23F004030B740846C8
:10136000BDE80840F9F776B908BD10B5EFF3118470
:10137000402383F31288BFF36F8F1838FFF7E1FF24
:1013800084F31188BFF36F8F10BD08B50346EFF3E8
:101390001181402282F31288BFF36F8F006883426D
:1013A00007D008B1FFF77DFF81F31188BFF36F8F7E
:1013B00008BD0020F8E70846F9F7C4B938B5046855
:1013C0000546AC424FF0000000D138BD002CFCD0E7
:1013D0002046FFF766FF04F1180000F088F8204669
:1013E000F9F738F92C680120A542EDE710B5EFF3C5
:1013F0001184402383F31288BFF36F8FFFF7DEFF62
:1014000084F31188BFF36F8F10BD38B50C460546C5
:10141000F9F70CFBB4F1FF3F08BFB5F1FF3F1FBF69
:1014200047F6FF7300224FF47A71E0FB01321ABFD6
:10143000D80B40EA42404FF0FF3038BD38B5044683
:10144000EFF31185402383F31288BFF36F8F037C82
:101450005B070ED5183000F04AF8237C23F0040314
:1014600020462374F9F7F6F82846BDE83840F9F726
:1014700069B985F31188BFF36F8F38BD38B5EFF3C5
:101480001185402383F31288BFF36F8F0468A04255
:1014900012D09CB1A16762612046FFF702FF04F100
:1014A000180000F024F82046F9F7D4F8012085F35D
:1014B0001188BFF36F8F38BD0020F8E72046F6E7AC
:1014C00008B50246F9F724FC70B1D0E904319B1A43
:1014D00061EBE272B3F1004F72F1000104DA002A0D
:1014E000ACBF1846002008BD6FF00040FBE738B5E0
:1014F0000246EFF31185402383F31288BFF36F8F09
:101500000368D3B1F9F704FC04461046F9F712FC5E
:1015100000224FF000438442C0E9042305D000209C
:1015200085F31188BFF36F8F38BDF9F7F9FBFFF72B
:10153000C7FF0021F5F7F6FDF1E7D0E90413B3F199
:10154000004F08BF012902BF00204FF00041C2E94F
:1015500004016FF01500E3E708B5F9F7EFFC08BDEB
:10156000F9F7ECBCB3F1FF3F08BFB2F1FF3F70B534
:1015700006461D46144614D01A4316D0002B08DB2D
:10158000F9F7DCFC041941EB0501C6E900413046DE
:1015900070BD6FF001031C1B4FF0FF3363EB0501BF
:1015A000F3E74FF0FF342146EFE70024FBE7B3F108
:1015B000FF3F08BFB2F1FF3FF8B5074616461C468D
:1015C00010D054EA020311D0F9F7B8FCB0420A4631
:1015D000A14103460AD2F31A64EB0204C7E90034BE
:1015E0003846F8BD4FF0FF331C46F7E70023FBE712
:1015F0000023C0E9081200F11802C0E90622C0E980
:10160000003303634363704720B1011F50F8040C9B
:10161000FFF7C9BB704770470A44914200F1FF339E
:1016200000D1704710B511F8014B03F8014F9142FA
:10163000F9D110BD884210B501EB020402D98442F1
:10164000234607D8431EA14207D011F8012B03F807
:10165000012FF8E70244824200D110BD13F8011DAA
:1016600002F8011DF7E702440346934200D1704798
:1016700003F8011BF9E710B501390244904201D18A
:10168000002005E0037811F8014FA34201D0181B98
:1016900010BD0130F2E710B50139034632B111F83F
:1016A000014F03F8014B013A002CF7D11A440021F5
:1016B000934200D110BD03F8011BF9E710B50246B3
:1016C00001448A42134603D01C780132002CF8D121
:1016D000181A10BD2DE9F843C3F1370907468846AB
:1016E0005FFA89F903F01F051646384641462A4637
:1016F0000023E8F70BF8D4B2092C3A4688BF4C44D3
:10170000434688BFE4B2AA424FF0000204F130041D
:10171000934106F8014B07468846E6D23046BDE8BD
:10172000F8832DE9F04F89B00518029304AB41EB23
:101730000104009390462846D2E90023214600F098
:10174000A8F806AB009307468946D8E90223284645
:10175000214600F09EF8DDE90423841851EB0306CE
:10176000069BD8E900124FF0000528BF0125ED18AF
:10177000079B43F10003791849EB0202B94272EB6F
:101780000902D8E9022134BF01200020A21846EB4B
:1017900001018018029A41F10001A042A2F1410A20
:1017A00071EB060234BF012200225219CDE9065323
:1017B000CDF800A043F1000300F082F8129BC3E9CA
:1017C0000001D8E90221039114990129DDE90653AA
:1017D000D8E900E027D10399CDF800A0A21A66EB62
:1017E0000101774579EB000034BF01200020101A79
:1017F00061F10001844276EB010234BF0122002234
:10180000AA1A63F1000300F05BF8139BC3E900011F
:10181000DDE90623CDF800A02046314600F050F85F
:1018200009B0BDE8F08F17EB070B49EB090C14EB7F
:10183000040846EB0601BB457CEB090934BF0127D0
:10184000002718EB070741F10008F3457CEB000C7B
:1018500034BF01200020381A68F10001801A039A71
:1018600061EB02016D195B41A74278EB060234BFC0
:1018700001220022AD1843F10003874278EB0108F2
:1018800034BF01220022AA1A029DA5F1400500954D
:10189000B7E7F0B500240D4606469446A0FB0201CA
:1018A0002246E5FB0C12A446E3FB061CE5FB0324E1
:1018B00012EB0C02059F44F10004C7E90024F0BDBF
:1018C000F0B5059CC4F14007C4F1200602FA06F603
:1018D000A4F12005BB4022FA05F53343C4F12006EC
:1018E0002B4301FA06F6A4F12005E04021FA05F5A4
:1018F0003043BA402843E14010431943F0BD2DE97D
:10190000F0410446CE0FC1F30A55C1F3130154EA66
:101910000107167140F2FF706AD1002D70D12C467C
:101920002946002B15605FDB0C2B5FDCC3F10D0536
:10193000AD00012005F1FF3CA5F12107C5F121060D
:1019400020FA06F600FA07F700FA0CF037430618FB
:1019500047EB0708D6F1000E68EB480C013E48F152
:10196000FF38264008EA0108B04277EB08080FDB91
:10197000C5F12008B5F1200601FA08F824FA05F5AA
:1019800045EA08055CBF41FA06F63543ED0703D585
:101990002018044641EB070104EA0E0401EA0C0199
:1019A0009DF8186018460D250532C6F1270604F08B
:1019B0000F03240944EA0174091163B9A8420DDA3E
:1019C000013DF4D21AE01DB90125A5F2FF35A8E7C3
:1019D00041F48011F9E7092BC8BF9B193033A842A5
:1019E0005355B8BF2846EBE70023D9E70D23D7E7C7
:1019F0008542E8D146F0080616710020BDE8F08166
:101A00008542E5D146F00406F6E7D1E90432934277
:101A10001EBF5A1C0A611870704710EE103A23F06E
:101A20000040B0F1FF4F94BF00200120704700003C
:101A30007AADFE7F010000003501010000000000CA
:101A4000F90001000000000000000000F01A020090
:101A5000130D020000000000E59B010000000000E3
:101A6000099C010000000000000000000C1B0200A7
:101A7000715A010000000000057B01000000000019
:101A8000ABFB01000000000000000000281B02006A
:101A90007D6F0100000000008DE5000000000000E7
:101AA00011FF00000000000000000000441B0200C5
:101AB000E17B01000000000021A101000000000006
:101AC000000000007C1B020000000000601B020000
:101AD00000000000981B020000000000B41B020080
:101AE000C104010000000000C1F00000000000007F
:101AF00001810300242802004C1D0200800A0020FE
:101B0000A8570020FD570100000000003A810300A3
:101B10003C280200101D0200840A002040580020CA
:101B2000AD5D0100000000002A81030000000000FC
:101B3000081D0200820A0020FC570020955C01006D
:101B4000000000002C850300000000009429020022
:101B50008E0A00205C5800209173010000000000F4
:101B6000BC81030050280200341D0200860A0020B8
:101B7000780800207BF4010000000000C981030008
:101B8000A4280200341D0200880A0020A0080020BA
:101B900063F40100000000009983030000290200A3
:101BA000441D02008A0A0020C8080020CD610100FF
:101BB00000000000B38303004C2902003C1D02001A
:101BC0008C0A00205809002091F601000000000056
:101BD000C5FB010007FC0100000000005BDB010009
:101BE000000000005BDB0100000000005BDB010087
:101BF000580900209D0B0200000000005BDB010083
:101C000070070020BFF10100000000005BDB010055
:101C1000000000005BDB0100000000005BDB010056
:101C2000000000005BDB0100000000005BDB010046
:101C3000000000005BDB0100FC570020015D01009B
:101C4000000000005BDB0100000000005BDB010026
:101C5000000000005BDB0100000000004970010093
:101C6000000000005BDB0100000000005BDB010006
:101C7000000000005BDB0100000000005BDB0100F6
:101C8000000000005BDB0100000000005BDB0100E6
:101C9000000000005D5F010000000000657B0100A6
:101CA000000000005BDB0100000000005BDB0100C6
:101CB000A0080020F9040200000000005BDB010026
:101CC000000000005BDB0100000000005BDB0100A6
:101CD000000000005BDB010078080020F90402002E
:101CE000000000005BDB0100C8080020590702006B
:101CF000000000005BDB0100000000005BDB010076
:101D0000000000005BDB0100415C0100915B010011
:101D1000C3F1010013F1010021F1010039F10100CB
:101D200045F1010051F1010037F301006BF10100B1
:101D3000000000006160010057F401000969010022
:101D400077F60100C56301001FF501005558010039
:101D50007DF00100E1F001000000000019F0010039
:101D6000000000000000000005000000D93501005F
:101D7000060000006557010004000000294601002C
:101D8000D5CB0000BDCC000000000000000000002A
:101D90000000000000000000A02702000400000076
:101DA000D02402000700000090230200060000007B
:101DB000067903000300000009800300030000000F
:101DC000506E030003000000DF7B030003000000EF
:101DD000576E030003000000CD80030003000000E5
:101DE0005D77030003000000AD78030003000000EE
:101DF000717D03000300000049850300030000001B
:101E00003785030003000000FA8003000300000090
:101E1000CA670300030000001C81030003000000E8
:101E2000EE67030003000000F267030003000000F8
:101E30007585030003000000916D0300030000009E
:101E4000F06D030003000000F86D030003000000C4
:101E50009B8503000300000081860300030000004F
:101E60001F67030003000000D68103000300000089
:101E7000076E030003000000A683030003000000B8
:101E8000E483030003000000DB670300030000009D
:101E9000A4240200D4550020E168030001000000E2
:101EA0000000000003000000A0000000F00000009F
:101EB0000000000044760300497603004D760300DD
:101EC0005176030055760300597603005D760300D2
:101ED0006176030065760300697603006D76030082
:101EE0007176030075760300797603007D76030032
:101EF00081760300857603008976030001000100E6
:101F000000010100000100010000010001000000CB
:101F100001000B0002000A00050009000A00080089
:101F2000140007001E000600320005004B000400EC
:101F30006400030096000200FA000100F4010000B2
:101F4000F401FA00960064004B0032001E001400F9
:101F50000A000500020001000C0802170D01010231
:101F600009090101060209181803010109098383FF
:101F700085030201230202240910040405050B0B4A
:101F8000040B2B1B1B159A9A1C021D1613050149E5
:101F90000D150508061B1B0F01010000FEFEFEFECD
:101FA000FEFEFEFEFEFEFEFEFEFEFEFEFEFEFEFE51
:101FB000FE16FEFEFEFEFEFEFEFEFEFEFEFE1F1FE7
:101FC000FE26FEFEFEFEFEFEFEFEFEFEFEFEFEFE09
:101FD000FEFEFEFE3E3EFEFEFEFE3B3BA301B103C7
:101FE000BF05EF024906A309C505F50B2512000040
:101FF000010000001011004000000000000000007F
:1020000000000000000000000406080A0C0E101278
:102010001416181C1E20222426282A2C2E30323476
:1020200036383A3C3E40424446484A4C4E021A50EA
:102030000000000028000000180000000000000060
:10204000141E000030110000000000007017000096
:10205000A00F00000000DC05E80300000000000005
:10206000141E00003011000000002CA6E0A10000AA
:102070003408E803D8ECF0F4F8FC00020304050689
:102080000708000000000000000000000000000041
:10209000000000000000010101010202020203032E
:1020A00003030404040405050505060606080900E3
:1020B0000000000000000000000000000000000020
:1020C00000000001010101020202020303030304F4
:1020D0000404040505050506060708090A0B0C0D8E
:1020E00000100200FA0000000000000000000000E4
:1020F0000338FDD870470000010000000000000018
:1021000005000000000000001900000000000000B1
:102110007D000000000000007102000000000000CF
:10212000350C000000000000093D00000000000028
:102130002D31010000000000E1F505000000000065
:1021400065CD1D0000000000F902950000000000B0
:10215000DD0EE90200000000514A8D0E0000000073
:102160009573C24800000000E941CC6B01000000FB
:102170008D49FD1A07000000C16FF28623000000A0
:10218000C52EBCA2B1000000D9E9AC2D7803000037
:102190003D9160E45811000031D6E275BC56000054
:1021A000F52E6E4DAEB10100C9EA268367780800AE
:1021B000ED95C28F055A2A00A1EDCCCE1BC2D300EB
:1021C00025A4000A8BCA22040000000000000000C1
:1021D00000000000000000100000000000000000EF
:1021E000B9340332B7F4AD1410DB1AB30892540EAD
:1021F0000D307D951447BA1A66088F4D26ADC66D11
:10220000F598BF85E2B74511CA96853D92BD1DEB95
:10221000FCA11860DCEF52163C92AE220BB8C1B4A0
:10222000839D2D5B0562DA1C304C7E8F4E8BB25B3A
:1022300016F4529F8B56A512FBD4827643ED8AF09A
:102240008FE7F9311565191850F19BD94A13EEB48F
:10225000284CF0A686C1251F035FC270CB9E49168D
:10226000E642889C44EB2014B0650836AD6EA58527
:1022700085F0CA14E2FD031A0B899979D5B13D099D
:10228000D8DA973A35EBCF10AC363F5E73BB38CF18
:102290003E6752FA44AFBA1501000000000000008A
:1022A0000000000000000020345065C05FC9A65245
:1022B000BB13CBAEC440C21806C8DF7100D5A87CE2
:1022C000F56F0FDA58FC27136E4756357D242065CD
:1022D00002C7E768E48CA41DE9E60268D7CD39613E
:1022E0007977FCC2405BEF16798CDE43FFA751F98A
:1022F00091F3B278F5BDBE11E857E9D6E8BEE87BA8
:10230000B054AC8F848D751BEA23A499E9F9D38B63
:10231000B7A3714061DA3E15CEE33ECB73F94808AE
:102320008C97B427D51B7010A2BFEFB9EB8532157F
:102330004DB44DB49BBB6F1996B6076CF8E7EEAD84
:1023400036D9B4F59135AE13222218AF4E6A684DD6
:1023500091DAAA3D4F40741E9FBD9EE006A1C09831
:1023600057C2A7FDA40E90170E7D497173E3208F0D
:10237000B220D87605143B12853D7434811343B0E6
:10238000AD297A5F27F4351C071000003A0A0020B7
:1023900060630300C7ED0100000000006F0A002029
:1023A000000001005C6303006BEE01000000000010
:1023B00038070020000001005E0A00200000000035
:1023C000000000000000000000000000586303004F
:1023D000F7ED0100AD4D01002007002000000300D3
:1023E000546303006BEE010000000000180700209A
:1023F000000001004D0A002000000000B9CF0000DD
:1024000000000000000002007C1B02000000000031
:102410007C1B0200010000007C1B02000200000087
:102420007C1B020003000000601B02000000000093
:10243000601B020001000000B41B020040420F00BC
:10244000000100000C1B02000E0001000000000053
:102450000100000000000000881A002000010000B8
:1024600069D801000BD801000200000019DA010050
:10247000000000000000000000000000000000005C
:10248000C1680300C96803000000000000000000EC
:1024900000000000D1680300D5680300D96803007C
:1024A000DD68030079EF00006DEF00009DEF000094
:1024B00055EF00000000000061EF00000000000088
:1024C000F9EF0000DC550020565C002010000000F1
:1024D0008C630300C7ED0100000000008863030067
:1024E00000000100846303006BEE010000000000A7
:1024F00058070020000001007C63030001DB01009D
:10250000B9DA010000000000000009007863030050
:102510006BEE0100000000005007002000000100E9
:102520007063030085DA0100000000000000000075
:10253000000001006C6303006BEE0100000000006E
:1025400048070020000001006463030095F00000CC
:102550000000000000000000000001000005002055
:102560000000000000000B060200000070250200C1
:1025700000000000E16D03002400020600000020BE
:10258000E96D03001E000B119DFF0000000000001C
:10259000E3DB010088250200A42502000001000001
:1025A0000000000060A0002088250200B82502007D
:1025B0002E00000000000000B0AD002088250200C1
:1025C000CC250200020100000000000084AE0020C3
:1025D0008D760300AB760300C6760300D676030043
:1025E000E3760300EC760300F3760300FA7603004B
:1025F0000177030009770300E376030011770300F6
:1026000023770300387703004B7703000E030000A5
:102610004D1B01000F040000191B01001A010000EE
:1026200055030100050400006D03010013010000C3
:10263000CD0501003E010000450801000112000027
:102640004FDF01000A1E00005DDF0100FF010000F6
:10265000B90901003E0100009909010005040000CC
:10266000B903010010010000610401000112000023
:10267000B51301000A1E00000BE001000309000071
:10268000550B0100040B000079050100060A00004B
:10269000551A0100070A0000310401000C05000072
:1026A000FD03010088250200B42602004700000057
:1026B00000000000A0AF00205E7B03006B7B0300E6
:1026C0008B7B03007F7B0300967B0300AD7B0300C5
:1026D000BD7B03002E7F0300D17B03008825020011
:1026E000EC2602000000000000000000C0B0002046
:1026F0008825020000270200000100000000000001
:10270000E8B0002005E3010057E3010000000000ED
:102710000000000000000000E1380100000000009F
:1027200000000000000000000000000002020100A4
:1027300077E8010004040100E942010006060100F7
:102740002942010008040100154101000A020100AC
:102750005FE801000C04010047E801000E040100DD
:10276000F13F0100200401005D3F01001004010061
:102770006D3E010012020100C9E701001E000400C5
:1027800007EC010052020000EFE70100882502007B
:102790009C270200020100000000000060B400203D
:1027A000A4630300C7ED010000000000A063030064
:1027B000000001009C6303006BEE010000000000BC
:1027C000580800200000010094630300000000008E
:1027D0000000000000000000000000009063030003
:1027E000F7ED0100AD4D010060080020000003007E
:1027F00000000000000000000000000000000000D9
:1028000000000000C7EF0100000000000000000011
:102810000000000000000000B957010089570100C6
:102820000000000025590100A55801001081030097
:102830008558010009F1010016810300FFFFFFFF29
:1028400000000050700700200000000000000000A1
:102850000000000000000000000000000000000078
:102860000000000000040000E80302010101000074
:10287000E2580020040000000000000000000000FA
:10288000882802000024F40000100240942802006E
:10289000010000009C280200020000001D0000163C
:1028A0001E000017000000000000000000000000F3
:1028B000000000000000000000040000E803020126
:1028C00001010000EA5800200400000000000000A0
:1028D00000000000DC2802000024F40000C00140D9
:1028E000E828020001000000F028020004000000B7
:1028F000190000161A0000171B0000181C00001910
:10290000000000FF00FF00000000000000000001C8
:102910000100000097F401002429020000000000DB
:10292000FFFFFFFF003002403029020001000000DD
:1029300038290200030000001918000417180005C8
:10294000181800060C1B02001600010007F6010013
:102950006C290200296801008C290200F45C002027
:10296000EC5C002000127A00FF00FF0100400040F4
:102970007829020001000000802902000300000005
:102980000D0000040B0000050C0000060C1B0200EB
:102990000E0001007D72010049FA010077FA010082
:1029A000000000000000803FD40FC93AECFF7F3FD9
:1029B000C70F493BB1FF7F3FC1CB963B4EFF7F3FE7
:1029C000890FC93BC4FE7F3F3053FB3B13FE7F3F63
:1029D00059CB163C39FD7F3F02ED2F3C39FC7F3F40
:1029E000900E493C11FB7F3F0030623CC1F97F3FB4
:1029F0004B517B3C4AF87F3F38398A3CACF67F3FED
:102A0000B6C9963CE6F47F3F1C5AA33CF8F27F3FE0
:102A100069EAAF3CE3F07F3F9B7ABC3CA7EE7F3F87
:102A2000B00AC93C43EC7F3FA69AD53CB8E97F3F4A
:102A30007B2AE23C05E77F3F2DBAEE3C2BE47F3F4B
:102A4000B949FB3C29E17F3F90EC033D00DE7F3F2D
:102A50002F340A3DAFDA7F3FB87B103D37D77F3F39
:102A60002CC3163D98D37F3F880A1D3DD1CF7F3FB1
:102A7000CC51233DE2CB7F3FF698293DCCC77F3F29
:102A800007E02F3D8FC37F3FFC26363D2ABF7F3FA7
:102A9000D56D3C3D9EBA7F3F91B4423DEAB57F3F44
:102AA0002FFB483D0FB17F3FAF414F3D0DAC7F3F06
:102AB0000E88553DE3A67F3F4CCE5B3D91A17F3F05
:102AC0006814623D189C7F3F625A683D78967F3F4C
:102AD00038A06E3DB1907F3FE9E5743DC28A7F3FEB
:102AE000742B7B3DAB847F3F6CB8803D6D7E7F3F18
:102AF0000ADB833D08787F3F94FD863D7B717F3FF5
:102B00000A208A3DC76A7F3F6A428D3DEC637F3F62
:102B1000B464903DE95C7F3FE786933DBF557F3FBE
:102B200005A9963D6D4E7F3F0ACB993DF4467F3F08
:102B3000F9EC9C3D543F7F3FCF0EA03D8D377F3F4A
:102B40008C30A33D9D2F7F3F3052A63D87277F3F8E
:102B5000BA73A93D491F7F3F2B95AC3DE4167F3FDB
:102B600080B6AF3D580E7F3FBBD7B23DA4057F3F37
:102B7000DAF8B53DC9FC7E3FDD19B93DC7F37E3FAC
:102B8000C33ABC3D9DEA7E3F8D5BBF3D4CE17E3F3D
:102B9000397CC23DD4D77E3FC69CC53D34CE7E3FF6
:102BA00036BDC83D6DC47E3F86DDCB3D7FBA7E3FDE
:102BB000B7FDCE3D69B07E3FC81DD23D2DA67E3FFC
:102BC000B93DD53DC99B7E3F895DD83D3D917E3F56
:102BD000377DDB3D8B867E3FC49CDE3DB17B7E3FF7
:102BE0002EBCE13DB0707E3F76DBE43D88657E3FE4
:102BF0009AFAE73D385A7E3F9A19EB3DC14E7E3F27
:102C00007638EE3D23437E3F2E57F13D5E377E3FC3
:102C1000C075F43D722B7E3F2C94F73D5E1F7E3FC6
:102C200073B2FA3D24137E3F92D0FD3DC2067E3F33
:102C30004577003E38FA7D3F2E06023E88ED7D3F07
:102C40000295033EB1E07D3FC223053EB2D37D3FF6
:102C50006EB2063E8CC67D3F0541083E40B97D3FC1
:102C600086CF093ECCAB7D3FF35D0B3E309E7D3F72
:102C70004AEC0C3E6E907D3F8B7A0E3E85827D3F06
:102C8000B708103E74747D3FCC96113E3D667D3F83
:102C9000CA24133EDE577D3FB2B2143E59497D3FF0
:102CA0008340163EAC3A7D3F3DCE173ED82B7D3F4C
:102CB000E05B193EDD1C7D3F6BE91A3EBC0D7D3F9C
:102CC000DE761C3E73FE7C3F38041E3E03EF7C3FE5
:102CD0007B911F3E6CDF7C3FA51E213EAECF7C3F2B
:102CE000B6AB223EC9BF7C3FAD38243EBDAF7C3F72
:102CF0008CC5253E8A9F7C3F5152273E318F7C3FB9
:102D0000FCDE283EB07E7C3F8D6B2A3E086E7C3F09
:102D100004F82B3E3A5D7C3F61842D3E444C7C3F61
:102D2000A2102F3E283B7C3FC99C303EE5297C3FCA
:102D3000D428323E7A187C3FC4B4333EE9067C3F47
:102D40009840353E31F57B3F50CC363E53E37B3FD8
:102D5000EC57383E4DD17B3F6CE3393E20BF7B3F83
:102D6000CF6E3B3ECDAC7B3F15FA3C3E539A7B3F4A
:102D70003E853E3EB2877B3F4910403EEA747B3F32
:102D8000379B413EFC617B3F0726433EE74E7B3F3E
:102D9000B9B0443EAB3B7B3F4D3B463E48287B3F72
:102DA000C2C5473EBE147B3F1850493E0E017B3FD3
:102DB0004FDA4A3E37ED7A3F67644C3E3AD97A3F64
:102DC00060EE4D3E16C57A3F38784F3ECBB07A3F25
:102DD000F101513E599C7A3F898B523EC1877A3F1F
:102DE0000115543E02737A3F589E553E1C5E7A3F51
:102DF0008F27573E10497A3FA4B0583EDD337A3FC3
:102E000097395A3E841E7A3F6AC25B3E04097A3F74
:102E10001A4B5D3E5EF3793FA8D35E3E91DD793F6C
:102E2000135C603E9DC7793F5CE4613E83B1793FAE
:102E3000836C633E439B793F86F4643EDC84793F38
:102E4000667C663E4E6E793F2204683E9A57793F13
:102E5000BA8B693EC040793F2F136B3EBF29793F43
:102E60007F9A6C3E9812793FAB216E3E4AFB783FC9
:102E7000B2A86F3ED6E3783F942F713E3BCC783FAB
:102E800051B6723E7BB4783FE83C743E939C783FE9
:102E90005AC3753E8684783FA649773E526C783F88
:102EA000CCCF783EF853783FCB557A3E773B783F8E
:102EB000A4DB7B3ED122783F56617D3E040A783FF9
:102EC000E1E67E3E10F1773F2236803EF7D7773F2E
:102ED000C0F8803EB7BE773F4ABB813E51A5773FE1
:102EE000C07D823EC58B773F2240833E1372773F81
:102EF0007002843E3A58773FAAC4843E3C3E773FF6
:102F0000CE86853E1724773FDF48863ECC09773F43
:102F1000DA0A873E5BEF763FC1CC873EC4D4763F6A
:102F2000938E883E07BA763F5050893E249F763F65
:102F3000F8118A3E1B84763F8AD38A3EEC68763F3E
:102F400007958B3E974D763F6E568C3E1B32763FF3
:102F5000C0178D3E7A16763FFCD88D3EB3FA753F8A
:102F6000229A8E3EC6DE753F325B8F3EB3C2753FFE
:102F70002C1C903E7BA6753F10DD903E1C8A753F51
:102F8000DD9D913E976D753F945E923EED50753F8D
:102F9000351F933E1D34753FBFDF933E2717753FA6
:102FA00031A0943E0BFA743F8D60953EC9DC743FAE
:102FB000D220963E62BF743F00E1963ED5A1743F99
:102FC00017A1973E2284743F1661983E4966743F6C
:102FD000FE20993E4B48743FCEE0993E272A743F2D
:102FE00086A09A3EDD0B743F27609B3E6EED733FDB
:102FF000AF1F9C3ED9CE733F20DF9C3E1FB0733F76
:10300000789E9D3E3F91733FB85D9E3E3972733FFF
:10301000DF1C9F3E0E53733FEEDB9F3EBE33733F7C
:10302000E59AA03E4714733FC259A13EACF4723FEB
:103030008718A23EEBD4723F33D7A23E04B5723F4D
:10304000C595A33EF894723F3F54A43EC774723FA7
:103050009F12A53E7054723FE5D0A53EF433723FF7
:10306000128FA63E5213723F254DA73E8CF2713F40
:103070001F0BA83E9FD1713FFEC8A83E8EB0713F86
:10308000C486A93E578F713F6F44AA3EFB6D713FC6
:103090000102AB3E7A4C713F77BFAB3ED42A713F01
:1030A000D47CAC3E0809713F153AAD3E17E7703F3E
:1030B0003CF7AD3E02C5703F49B4AE3EC6A2703F7C
:1030C0003A71AF3E6680703F102EB03EE15D703FBA
:1030D000CBEAB03E373B703F6BA7B13E6718703FFD
:1030E000EF63B23E73F56F3F5820B33E5AD26F3F45
:1030F000A5DCB33E1BAF6F3FD698B43EB88B6F3F95
:10310000EC54B53E30686F3FE610B63E83446F3FE7
:10311000C3CCB63EB0206F3F8488B73EBAFC6E3F4A
:103120002A44B83E9ED86E3FB2FFB83E5DB46E3FB3
:103130001EBBB93EF88F6E3F6E76BA3E6D6B6E3F2A
:10314000A031BB3EBE466E3FB6ECBB3EEB216E3FB0
:10315000AFA7BC3EF2FC6D3F8B62BD3ED5D76D3F45
:103160004A1DBE3E93B26D3FEBD7BE3E2D8D6D3FE7
:103170006F92BF3EA1676D3FD54CC03EF2416D3F9F
:103180001E07C13E1D1C6D3F48C1C13E24F66C3F69
:10319000557BC23E07D06C3F4435C33EC5A96C3F4A
:1031A00015EFC33E5E836C3FC8A8C43ED45C6C3F41
:1031B0005C62C53E24366C3FD21BC63E500F6C3F4E
:1031C00029D5C63E58E86B3F628EC73E3BC16B3F78
:1031D0007C47C83EFB996B3F7700C93E95726B3FB9
:1031E00053B9C93E0C4B6B3F1072CA3E5E236B3F16
:1031F000AE2ACB3E8CFB6A3F2CE3CB3E95D36A3F95
:103200008B9BCC3E7BAB6A3FCA53CD3E3C836A3F2F
:10321000EA0BCE3ED95A6A3FEAC3CE3E52326A3FEB
:10322000CA7BCF3EA7096A3F8A33D03ED7E0693FC9
:103230002AEBD03EE4B7693FAAA2D13ECC8E693FCB
:10324000095AD23E9165693F4811D33E323C693FED
:1032500067C8D33EAE12693F647FD43E07E9683F3A
:103260004136D53E3CBF683FFDECD53E4C95683FAE
:1032700099A3D63E396B683F135AD73E0341683F46
:103280006B10D83EA816683FA3C6D83E2AEC673F0D
:10329000B97CD93E87C1673FAD32DA3EC196673F00
:1032A00080E8DA3ED86B673F319EDB3ECA40673F1D
:1032B000C153DC3E9915673F2E09DD3E45EA663F66
:1032C00079BEDD3ECCBE663FA273DE3E3093663FE4
:1032D000A928DF3E7167663F8DDDDF3E8E3B663F8E
:1032E0004F92E03E880F663FEE46E13E5EE3653F6B
:1032F0006AFBE13E10B7653FC4AFE23EA08A653F7E
:10330000FA63E33E0B5E653F0E18E43E5431653FC1
:10331000FECBE43E7904653FCB7FE53E7BD7643F3F
:103320007533E63E59AA643FFBE6E63E147D643FF2
:103330005D9AE73EAC4F643F9C4DE83E2122643FDE
:10334000B700E93E73F4633FAEB3E93EA1C6633F05
:103350008166EA3EAC98633F3019EB3E956A633F65
:10336000BBCBEB3E5A3C633F217EEC3EFC0D633F02
:103370006330ED3E7BDF623F80E2ED3ED7B0623FDF
:103380007994EE3E1082623F4C46EF3E2653623FF8
:10339000FBF7EF3E1A24623F85A9F03EEAF4613F55
:1033A000EA5AF13E98C5613F290CF23E2296613FF0
:1033B00043BDF23E8A66613F386EF33ED036613FD0
:1033C000071FF43EF206613FB1CFF43EF2D6603FF4
:1033D0003580F53ECFA6603F9330F63E8976603F5C
:1033E000CBE0F63E2146603FDC90F73E9615603F0D
:1033F000C840F83EE9E45F3F8EF0F83E19B45F3F05
:103400002DA0F93E27835F3FA54FFA3E12525F3F42
:10341000F7FEFA3EDB205F3F22AEFB3E81EF5E3FD0
:10342000275DFC3E05BE5E3F040CFD3E678C5E3FA3
:10343000BBBAFD3EA65A5E3F4A69FE3EC3285E3FC8
:10344000B217FF3EBEF65D3FF3C5FF3E97C45D3F3A
:10345000063A003F4D925D3FFF90003FE15F5D3FC8
:10346000E4E7003F532D5D3FB53E013FA3FA5C3FCB
:103470007395013FD1C75C3F1CEC013FDD945C3F7D
:10348000B142023FC7615C3F3299023F8E2E5C3FE2
:103490009FEF023F34FB5B3FF845033FB8C75B3FFC
:1034A0003D9C033F1A945B3F6DF2033F5A605B3FC4
:1034B0008948043F792C5B3F919E043F75F85A3F41
:1034C00084F4043F50C45A3F624A053F09905A3F72
:1034D0002CA0053FA05B5A3FE2F5053F16275A3F57
:1034E000824B063F6AF2593F0EA1063F9CBD593FF1
:1034F00086F6063FAD88593FE84B073F9C53593F3E
:1035000036A1073F6A1E593F6FF6073F17E9583F3C
:10351000924B083FA1B3583FA1A0083F0B7E583FF4
:103520009BF5083F5348583F7F4A093F7912583F5F
:103530004E9F093F7FDC573F09F4093F63A6573F81
:10354000AD480A3F2670573F3D9D0A3FC739573F58
:10355000B7F10A3F4803573F1C460B3FA7CC563FE5
:103560006B9A0B3FE595563FA5EE0B3F025F563F2A
:10357000C9420C3FFE27563FD7960C3FD9F0553F26
:10358000D0EA0C3F93B9553FB33E0D3F2C82553FD7
:1035900081920D3FA44A553F38E60D3FFB12553F3F
:1035A000DA390E3F31DB543F658D0E3F47A3543F60
:1035B000DBE00E3F3B6B543F3B340F3F0F33543F38
:1035C00084870F3FC3FA533FB8DA0F3F55C2533FCA
:1035D000D52D103FC789533FDC80103F1851533F12
:1035E000CDD3103F4918533FA726113F59DF523F13
:1035F0006B79113F49A6523F19CC113F186D523FCC
:10360000B01E123FC633523F3071123F54FA513F41
:103610009AC3123FC2C0513FEE15133F1087513F6E
:103620002A68133F3D4D513F50BA133F4A13513F53
:103630005F0C143F37D9503F585E143F039F503FF3
:1036400039B0143FAF64503F0402153F3B2A503F4E
:10365000B753153FA8EF4F3F54A5153FF4B44F3F64
:10366000D9F6153F1F7A4F3F4748163F2B3F4F3F34
:103670009F99163F17044F3FDFEA163FE4C84E3FBD
:10368000073C173F908D4E3F188D173F1C524E3F01
:1036900012DE173F89164E3FF52E183FD5DA4D3F03
:1036A000C07F183F029F4D3F73D0183F10634D3FBE
:1036B0000F21193FFD264D3F9471193FCBEA4C3F36
:1036C00000C2193F79AE4C3F55121A3F08724C3F69
:1036D00093621A3F78354C3FB8B21A3FC7F84B3F58
:1036E000C6021B3FF8BB4B3FBB521B3F097F4B3F02
:1036F00099A21B3FFA414B3F5FF21B3FCC044B3F6B
:103700000C421C3F7FC74A3FA2911C3F138A4A3F8D
:103710001FE11C3F874C4A3F84301D3FDC0E4A3F6F
:10372000D17F1D3F12D1493F06CF1D3F2993493F0D
:10373000221E1E3F2155493F266D1E3FFA16493F66
:1037400012BC1E3FB3D8483FE50A1F3F4E9A483F80
:103750009F591F3FCA5B483F41A81F3F271D483F55
:10376000CBF61F3F65DE473F3B45203F849F473FE9
:103770009393203F8560473FD2E1203F6721473F39
:10378000F92F213F2AE2463F067E213FCEA2463F47
:10379000FBCB213F5463463FD719223FBB23463F13
:1037A0009967223F03E4453F43B5223F2DA4453F9F
:1037B000D302233F3964453F4B50233F2624453FE6
:1037C000A99D233FF5E3443FEEEA233FA5A3443FF1
:1037D0001A38243F3763443F2C85243FAB22443FB3
:1037E00025D2243F00E2433F041F253F38A1433F39
:1037F000CB6B253F5160433F77B8253F4C1F433F7C
:103800000A05263F29DE423F8451263FE89C423F7D
:10381000E39D263F895B423F2AEA263F0B1A423F3F
:103820005636273F70D8413F6882273FB796413FC1
:1038300061CE273FE154413F401A283FEC12413FFF
:103840000566283FDAD0403FB0B1283FA98E403FFF
:1038500041FD283F5C4C403FB848293FF009403FBC
:103860001594293F67C73F3F57DF293FC0843F3F3B
:10387000802A2A3FFC413F3F8E752A3F1BFF3E3F77
:1038800082C02A3F1BBC3E3F5B0B2B3FFF783E3F75
:103890001B562B3FC5353E3FBFA02B3F6EF23D3F31
:1038A0004AEB2B3FF9AE3D3FB9352C3F676B3D3FAF
:1038B0000F802C3FB8273D3F49CA2C3FECE33C3FEB
:1038C00069142D3F03A03C3F6F5E2D3FFC5B3C3FE6
:1038D00059A82D3FD9173C3F29F22D3F98D33B3FA4
:1038E000DE3B2E3F3B8F3B3F78852E3FC14A3B3F1F
:1038F000F7CE2E3F29063B3F5B182F3F75C13A3F5D
:10390000A5612F3FA47C3A3FD3AA2F3FB7373A3F58
:10391000E6F32F3FACF2393FDE3C303F85AD393F17
:10392000BB85303F4268393F7CCE303FE122393F92
:103930002217313F65DD383FAD5F313FCB97383FD0
:103940001DA8313F1652383F71F0313F430C383FCC
:10395000AA38323F55C6373FC780323F4A80373F8B
:10396000C9C8323F233A373FAF10333FDFF3363F0A
:103970007A58333F7FAD363F29A0333F0467363F47
:10398000BCE7333F6C20363F342F343FB8D9353F46
:103990008F76343FE792353FCFBD343FFB4B353F09
:1039A000F304353FF304353FFB4B353FCFBD343F88
:1039B000E792353F8F76343FB8D9353F342F343FC7
:1039C0006C20363FBCE7333F0467363F29A0333FC6
:1039D0007FAD363F7A58333FDFF3363FAF10333F8A
:1039E000233A373FC9C8323F4A80373FC780323F0A
:1039F00055C6373FAA38323F430C383F71F0313F4C
:103A00001652383F1DA8313FCB97383FAD5F313F4D
:103A100065DD383F2217313FE122393F7CCE303F10
:103A20004268393FBB85303F85AD393FDE3C303F92
:103A3000ACF2393FE6F32F3FB7373A3FD3AA2F3FD7
:103A4000A47C3A3FA5612F3F75C13A3F5B182F3FD9
:103A500029063B3FF7CE2E3FC14A3B3F78852E3F9C
:103A60003B8F3B3FDE3B2E3F98D33B3F29F22D3F20
:103A7000D9173C3F59A82D3FFC5B3C3F6F5E2D3F63
:103A800003A03C3F69142D3FECE33C3F49CA2C3F67
:103A9000B8273D3F0F802C3F676B3D3FB9352C3F2A
:103AA000F9AE3D3F4AEB2B3F6EF23D3FBFA02B3FAF
:103AB000C5353E3F1B562B3FFF783E3F5B0B2B3FF0
:103AC0001BBC3E3F82C02A3F1BFF3E3F8E752A3FF4
:103AD000FC413F3F802A2A3FC0843F3F57DF293FB8
:103AE00067C73F3F1594293FF009403FB848293F39
:103AF0005C4C403F41FD283FA98E403FB0B1283F7C
:103B0000DAD0403F0566283FEC12413F401A283F7B
:103B1000E154413F61CE273FB796413F6882273F3E
:103B200070D8413F5636273F0B1A423F2AEA263FBC
:103B3000895B423FE39D263FE89C423F8451263FFC
:103B400029DE423F0A05263F4C1F433F77B8253FF9
:103B50005160433FCB6B253F38A1433F041F253FB6
:103B600000E2433F25D2243FAB22443F2C85243F33
:103B70003763443F1A38243FA5A3443FEEEA233F6E
:103B8000F5E3443FA99D233F2624453F4B50233F67
:103B90003964453FD302233F2DA4453F43B5223F1F
:103BA00003E4453F9967223FBB23463FD719223F95
:103BB0005463463FFBCB213FCEA2463F067E213FCA
:103BC0002AE2463FF92F213F6721473FD2E1203FBC
:103BD0008560473F9393203F849F473F3B45203F6D
:103BE00065DE473FCBF61F3F271D483F41A81F3FDB
:103BF000CA5B483F9F591F3F4E9A483FE50A1F3F07
:103C0000B3D8483F12BC1E3FFA16493F266D1E3FEF
:103C10002155493F221E1E3F2993493F06CF1D3F94
:103C200012D1493FD17F1D3FDC0E4A3F84301D3FFA
:103C3000874C4A3F1FE11C3F138A4A3FA2911C3F19
:103C40007FC74A3F0C421C3FCC044B3F5FF21B3FF7
:103C5000FA414B3F99A21B3F097F4B3FBB521B3F91
:103C6000F8BB4B3FC6021B3FC7F84B3FB8B21A3FE9
:103C700078354C3F93621A3F08724C3F55121A3FF9
:103C800079AE4C3F00C2193FCBEA4C3F9471193FCB
:103C9000FD264D3F0F21193F10634D3F73D0183F54
:103CA000029F4D3FC07F183FD5DA4D3FF52E183F9C
:103CB00089164E3F12DE173F1C524E3F188D173F9C
:103CC000908D4E3F073C173FE4C84E3FDFEA163F5A
:103CD00017044F3F9F99163F2B3F4F3F4748163FD2
:103CE0001F7A4F3FD9F6153FF4B44F3F54A5153F07
:103CF000A8EF4F3FB753153F3B2A503F0402153FF3
:103D0000AF64503F39B0143F039F503F585E143F9B
:103D100037D9503F5F0C143F4A13513F50BA133FFD
:103D20003D4D513F2A68133F1087513FEE15133F19
:103D3000C2C0513F9AC3123F54FA513F3071123FF3
:103D4000C633523FB01E123F186D523F19CC113F7F
:103D500049A6523F6B79113F59DF523FA726113FC9
:103D60004918533FCDD3103F1851533FDC80103FCB
:103D7000C789533FD52D103F55C2533FB8DA0F3F87
:103D8000C3FA533F84870F3F0F33543F3B340F3FF9
:103D90003B6B543FDBE00E3F47A3543F658D0E3F26
:103DA00031DB543FDA390E3FFB12553F38E60D3F09
:103DB000A44A553F81920D3F2C82553FB33E0D3FA3
:103DC00093B9553FD0EA0C3FD9F0553FD7960C3FF9
:103DD000FE27563FC9420C3F025F563FA5EE0B3F00
:103DE000E595563F6B9A0B3FA7CC563F1C460B3FC1
:103DF0004803573FB7F10A3FC739573F3D9D0A3F38
:103E00002670573FAD480A3F63A6573F09F4093F64
:103E10007FDC573F4E9F093F7912583F7F4A093F49
:103E20005348583F9BF5083F0B7E583FA1A0083FE1
:103E3000A1B3583F924B083F17E9583F6FF6073F31
:103E40006A1E593F36A1073F9C53593FE84B073F35
:103E5000AD88593F86F6063F9CBD593F0EA1063FEF
:103E60006AF2593F824B063F16275A3FE2F5053F5B
:103E7000A05B5A3F2CA0053F09905A3F624A053F7C
:103E800050C45A3F84F4043F75F85A3F919E043F52
:103E9000792C5B3F8948043F5A605B3F6DF2033FDA
:103EA0001A945B3F3D9C033FB8C75B3FF845033F17
:103EB00034FB5B3F9FEF023F8E2E5C3F3299023F07
:103EC000C7615C3FB142023FDD945C3F1CEC013FA7
:103ED000D1C75C3F7395013FA3FA5C3FB53E013FFC
:103EE000532D5D3FE4E7003FE15F5D3FFF90003F02
:103EF0004D925D3F063A003F97C45D3FF3C5FF3EDC
:103F0000BEF65D3FB217FF3EC3285E3F4A69FE3EE4
:103F1000A65A5E3FBBBAFD3E678C5E3F040CFD3E79
:103F200005BE5E3F275DFC3E81EF5E3F22AEFB3E5D
:103F3000DB205F3FF7FEFA3E12525F3FA54FFA3E8D
:103F400027835F3F2DA0F93E19B45F3F8EF0F83E06
:103F5000E9E45F3FC840F83E9615603FDC90F73ECD
:103F60002146603FCBE0F63E8976603F9330F63ED7
:103F7000CFA6603F3580F53EF2D6603FB1CFF43E2C
:103F8000F206613F071FF43ED036613F386EF33EC4
:103F90008A66613F43BDF23E2296613F290CF23EA4
:103FA00098C5613FEA5AF13EEAF4613F85A9F03EC7
:103FB0001A24623FFBF7EF3E2653623F4C46EF3E2A
:103FC0001082623F7994EE3ED7B0623F80E2ED3ED0
:103FD0007BDF623F6330ED3EFC0D633F217EEC3EB4
:103FE0005A3C633FBBCBEB3E956A633F3019EB3ED7
:103FF000AC98633F8166EA3EA1C6633FAEB3E93E3B
:1040000073F4633FB700E93E2122643F9C4DE83ED4
:10401000AC4F643F5D9AE73E147D643FFBE6E63EAD
:1040200059AA643F7533E63E7BD7643FCB7FE53EBC
:104030007904653FFECBE43E5431653F0E18E43E03
:104040000B5E653FFA63E33EA08A653FC4AFE23E84
:1040500010B7653F6AFBE13E5EE3653FEE46E13E39
:10406000880F663F4F92E03E8E3B663F8DDDDF3E20
:104070007167663FA928DF3E3093663FA273DE3E3C
:10408000CCBE663F79BEDD3E45EA663F2E09DD3E89
:104090009915673FC153DC3ECA40673F319EDB3E06
:1040A000D86B673F80E8DA3EC196673FAD32DA3EB3
:1040B00087C1673FB97CD93E2AEC673FA3C6D83E8B
:1040C000A816683F6B10D83E0341683F135AD73E8D
:1040D000396B683F99A3D63E4C95683FFDECD53EC1
:1040E0003CBF683F4136D53E07E9683F647FD43E18
:1040F000AE12693F67C8D33E323C693F4811D33E98
:104100009165693F095AD23ECC8E693FAAA2D13E41
:10411000E4B7693F2AEBD03ED7E0693F8A33D03E0F
:10412000A7096A3FCA7BCF3E52326A3FEAC3CE3EFE
:10413000D95A6A3FEA0BCE3E3C836A3FCA53CD3E12
:104140007BAB6A3F8B9BCC3E95D36A3F2CE3CB3E47
:104150008CFB6A3FAE2ACB3E5E236B3F1072CA3E99
:104160000C4B6B3F53B9C93E95726B3F7700C93E0C
:10417000FB996B3F7C47C83E3BC16B3F628EC73E9D
:1041800058E86B3F29D5C63E500F6C3FD21BC63E48
:1041900024366C3F5C62C53ED45C6C3FC8A8C43E0C
:1041A0005E836C3F15EFC33EC5A96C3F4435C33EEB
:1041B00007D06C3F557BC23E24F66C3F48C1C13EE0
:1041C0001D1C6D3F1E07C13EF2416D3FD54CC03EE8
:1041D000A1676D3F6F92BF3E2D8D6D3FEBD7BE3E09
:1041E00093B26D3F4A1DBE3ED5D76D3F8B62BD3E3B
:1041F000F2FC6D3FAFA7BC3EEB216E3FB6ECBB3E81
:10420000BE466E3FA031BB3E6D6B6E3F6E76BA3ED2
:10421000F88F6E3F1EBBB93E5DB46E3FB2FFB83E35
:104220009ED86E3F2A44B83EBAFC6E3F8488B73EA3
:10423000B0206F3FC3CCB63E83446F3FE610B63E1E
:1042400030686F3FEC54B53EB88B6F3FD698B43EA4
:104250001BAF6F3FA5DCB33E5AD26F3F5820B33E31
:1042600073F56F3FEF63B23E6718703F6BA7B13EC7
:10427000373B703FCBEAB03EE15D703F102EB03E61
:104280006680703F3A71AF3EC6A2703F49B4AE3E01
:1042900002C5703F3CF7AD3E17E7703F153AAD3EA3
:1042A0000809713FD47CAC3ED42A713F77BFAB3E46
:1042B0007A4C713F0102AB3EFB6D713F6F44AA3EE9
:1042C000578F713FC486A93E8EB0713FFEC8A83E8D
:1042D0009FD1713F1F0BA83E8CF2713F254DA73E29
:1042E0005213723F128FA63EF433723FE5D0A53EC3
:1042F0007054723F9F12A53EC774723F3F54A43E54
:10430000F894723FC595A33E04B5723F33D7A23EE1
:10431000EBD4723F8718A23EACF4723FC259A13E63
:104320004714733FE59AA03EBE33733FEEDB9F3EDA
:104330000E53733FDF1C9F3E3972733FB85D9E3E44
:104340003F91733F789E9D3E1FB0733F20DF9C3EA0
:10435000D9CE733FAF1F9C3E6EED733F27609B3EEF
:10436000DD0B743F86A09A3E272A743FCEE0993E2B
:104370004B48743FFE20993E4966743F1661983E53
:104380002284743F17A1973ED5A1743F00E1963E69
:1043900062BF743FD220963EC9DC743F8D60953E6B
:1043A0000BFA743F31A0943E2717753FBFDF933E51
:1043B0001D34753F351F933EED50753F945E923E20
:1043C000976D753FDD9D913E1C8A753F10DD903ED7
:1043D0007BA6753F2C1C903EB3C2753F325B8F3E6F
:1043E000C6DE753F229A8E3EB3FA753FFCD88D3EED
:1043F0007A16763FC0178D3E1B32763F6E568C3E46
:10440000974D763F07958B3EEC68763F8AD38A3E80
:104410001B84763FF8118A3E249F763F5050893E98
:1044200007BA763F938E883EC4D4763FC1CC873E90
:104430005BEF763FDA0A873ECC09773FDF48863E5E
:104440001724773FCE86853E3C3E773FAAC4843E04
:104450003A58773F7002843E1372773F2240833E82
:10446000C58B773FC07D823E51A5773F4ABB813ED9
:10447000B7BE773FC0F8803EF7D7773F2236803E01
:1044800010F1773FE1E67E3E040A783F56617D3EBB
:10449000D122783FA4DB7B3E773B783FCB557A3EF9
:1044A000F853783FCCCF783E526C783FA649773EA0
:1044B0008684783F5AC3753E939C783FE83C743EAF
:1044C0007BB4783F51B6723E3BCC783F942F713E1F
:1044D000D6E3783FB2A86F3E4AFB783FAB216E3EF1
:1044E0009812793F7F9A6C3EBF29793F2F136B3E1C
:1044F000C040793FBA8B693E9A57793F2204683EA3
:104500004E6E793F667C663EDC84793F86F4643E7D
:10451000439B793F836C633E83B1793F5CE4613EAA
:104520009DC7793F135C603E91DD793FA8D35E3E25
:104530005EF3793F1A4B5D3E04097A3F6AC25B3EE7
:10454000841E7A3F97395A3EDD337A3FA4B0583EF5
:1045500010497A3F8F27573E1C5E7A3F589E553E42
:1045600002737A3F0115543EC1877A3F898B523ED0
:10457000599C7A3FF101513ECBB07A3F38784F3E9B
:1045800016C57A3F60EE4D3E3AD97A3F67644C3E9D
:1045900037ED7A3F4FDA4A3E0E017B3F1850493ED5
:1045A000BE147B3FC2C5473E48287B3F4D3B463E3D
:1045B000AB3B7B3FB9B0443EE74E7B3F0726433ED3
:1045C000FC617B3F379B413EEA747B3F4910403E94
:1045D000B2877B3F3E853E3E539A7B3F15FA3C3E79
:1045E000CDAC7B3FCF6E3B3E20BF7B3F6CE3393E83
:1045F0004DD17B3FEC57383E53E37B3F50CC363EAA
:1046000031F57B3F9840353EE9067C3FC4B4333EEC
:104610007A187C3FD428323EE5297C3FC99C303E45
:10462000283B7C3FA2102F3E444C7C3F61842D3EB2
:104630003A5D7C3F04F82B3E086E7C3F8D6B2A3E32
:10464000B07E7C3FFCDE283E318F7C3F5152273EBE
:104650008A9F7C3F8CC5253EBDAF7C3FAD38243E54
:10466000C9BF7C3FB6AB223EAECF7C3FA51E213EEC
:104670006CDF7C3F7B911F3E03EF7C3F38041E3E86
:1046800073FE7C3FDE761C3EBC0D7D3F6BE91A3E1F
:10469000DD1C7D3FE05B193ED82B7D3F3DCE173EB4
:1046A000AC3A7D3F8340163E59497D3FB2B2143E3D
:1046B000DE577D3FCA24133E3D667D3FCC96113EBA
:1046C00074747D3FB708103E85827D3F8B7A0E3E25
:1046D0006E907D3F4AEC0C3E309E7D3FF35D0B3E7D
:1046E000CCAB7D3F86CF093E40B97D3F0541083EBA
:1046F0008CC67D3F6EB2063EB2D37D3FC223053EDF
:10470000B1E07D3F0295033E88ED7D3F2E06023EDF
:1047100038FA7D3F4577003EC2067E3F92D0FD3D90
:1047200024137E3F73B2FA3D5E1F7E3F2C94F73D0B
:10473000722B7E3FC075F43D5E377E3F2E57F13DB4
:1047400023437E3F7638EE3DC14E7E3F9A19EB3DC6
:10475000385A7E3F9AFAE73D88657E3F76DBE43D36
:10476000B0707E3F2EBCE13DB17B7E3FC49CDE3D00
:104770008B867E3F377DDB3D3D917E3F895DD83D19
:10478000C99B7E3FB93DD53D2DA67E3FC81DD23D7C
:1047900069B07E3FB7FDCE3D7FBA7E3F86DDCB3D23
:1047A0006DC47E3F36BDC83D34CE7E3FC69CC53D00
:1047B000D4D77E3F397CC23D4CE17E3F8D5BBF3D0F
:1047C0009DEA7E3FC33ABC3DC7F37E3FDD19B93D4C
:1047D000C9FC7E3FDAF8B53DA4057F3FBBD7B23DAB
:1047E000580E7F3F80B6AF3DE4167F3F2B95AC3D22
:1047F000491F7F3FBA73A93D87277F3F3052A63DAF
:104800009D2F7F3F8C30A33D8D377F3FCF0EA03D46
:10481000543F7F3FF9EC9C3DF4467F3F0ACB993DE6
:104820006D4E7F3F05A9963DBF557F3FE786933D7F
:10483000E95C7F3FB464903DEC637F3F6A428D3D0D
:10484000C76A7F3F0A208A3D7B717F3F94FD863D8A
:1048500008787F3F0ADB833D6D7E7F3F6CB8803DEB
:10486000AB847F3F742B7B3DC28A7F3FE9E5743D7B
:10487000B1907F3F38A06E3D78967F3F625A683D89
:10488000189C7F3F6814623D91A17F3F4CCE5B3DF9
:10489000E3A67F3F0E88553D0DAC7F3FAF414F3DB6
:1048A0000FB17F3F2FFB483DEAB57F3F91B4423DBA
:1048B0009EBA7F3FD56D3C3D2ABF7F3FFC26363DEB
:1048C0008FC37F3F07E02F3DCCC77F3FF698293D40
:1048D000E2CB7F3FCC51233DD1CF7F3F880A1D3DA6
:1048E00098D37F3F2CC3163D37D77F3FB87B103D11
:1048F000AFDA7F3F2F340A3D00DE7F3F90EC033D6F
:1049000029E17F3FB949FB3C2BE47F3F2DBAEE3CC8
:1049100005E77F3F7B2AE23CB8E97F3FA69AD53C7A
:1049200043EC7F3FB00AC93CA7EE7F3F9B7ABC3C7B
:10493000E3F07F3F69EAAF3CF8F27F3F1C5AA33CAB
:10494000E6F47F3FB6C9963CACF67F3F38398A3CE7
:104950004AF87F3F4B517B3CC1F97F3F0030623CBE
:1049600011FB7F3F900E493C39FC7F3F02ED2F3C0D
:1049700039FD7F3F59CB163C13FE7F3F3053FB3B45
:10498000C4FE7F3F890FC93B4EFF7F3FC1CB963BA3
:10499000B1FF7F3FC70F493BECFF7F3FD40FC93AC0
:1049A0000000803F00000000ECFF7F3FD40FC9BA39
:1049B000B1FF7F3FC70F49BB4EFF7F3FC1CB96BBC7
:1049C000C4FE7F3F890FC9BB13FE7F3F3053FBBB43
:1049D00039FD7F3F59CB16BC39FC7F3F02ED2FBC20
:1049E00011FB7F3F900E49BCC1F97F3F003062BC94
:1049F0004AF87F3F4B517BBCACF67F3F38398ABCCD
:104A0000E6F47F3FB6C996BCF8F27F3F1C5AA3BCC0
:104A1000E3F07F3F69EAAFBCA7EE7F3F9B7ABCBC67
:104A200043EC7F3FB00AC9BCB8E97F3FA69AD5BC2A
:104A300005E77F3F7B2AE2BC2BE47F3F2DBAEEBC2B
:104A400029E17F3FB949FBBC00DE7F3F90EC03BD0D
:104A5000AFDA7F3F2F340ABD37D77F3FB87B10BD19
:104A600098D37F3F2CC316BDD1CF7F3F880A1DBD91
:104A7000E2CB7F3FCC5123BDCCC77F3FF69829BD09
:104A80008FC37F3F07E02FBD2ABF7F3FFC2636BD87
:104A90009EBA7F3FD56D3CBDEAB57F3F91B442BD24
:104AA0000FB17F3F2FFB48BD0DAC7F3FAF414FBDE6
:104AB000E3A67F3F0E8855BD91A17F3F4CCE5BBDE5
:104AC000189C7F3F681462BD78967F3F625A68BD2C
:104AD000B1907F3F38A06EBDC28A7F3FE9E574BDCB
:104AE000AB847F3F742B7BBD6D7E7F3F6CB880BDF8
:104AF00008787F3F0ADB83BD7B717F3F94FD86BDD5
:104B0000C76A7F3F0A208ABDEC637F3F6A428DBD42
:104B1000E95C7F3FB46490BDBF557F3FE78693BD9E
:104B20006D4E7F3F05A996BDF4467F3F0ACB99BDE8
:104B3000543F7F3FF9EC9CBD8D377F3FCF0EA0BD2A
:104B40009D2F7F3F8C30A3BD87277F3F3052A6BD6E
:104B5000491F7F3FBA73A9BDE4167F3F2B95ACBDBB
:104B6000580E7F3F80B6AFBDA4057F3FBBD7B2BD17
:104B7000C9FC7E3FDAF8B5BDC7F37E3FDD19B9BD8C
:104B80009DEA7E3FC33ABCBD4CE17E3F8D5BBFBD1D
:104B9000D4D77E3F397CC2BD34CE7E3FC69CC5BDD6
:104BA0006DC47E3F36BDC8BD7FBA7E3F86DDCBBDBE
:104BB00069B07E3FB7FDCEBD2DA67E3FC81DD2BDDC
:104BC000C99B7E3FB93DD5BD3D917E3F895DD8BD36
:104BD0008B867E3F377DDBBDB17B7E3FC49CDEBDD7
:104BE000B0707E3F2EBCE1BD88657E3F76DBE4BDC4
:104BF000385A7E3F9AFAE7BDC14E7E3F9A19EBBD07
:104C000023437E3F7638EEBD5E377E3F2E57F1BDA3
:104C1000722B7E3FC075F4BD5E1F7E3F2C94F7BDA6
:104C200024137E3F73B2FABDC2067E3F92D0FDBD13
:104C300038FA7D3F457700BE88ED7D3F2E0602BEE7
:104C4000B1E07D3F029503BEB2D37D3FC22305BED6
:104C50008CC67D3F6EB206BE40B97D3F054108BEA1
:104C6000CCAB7D3F86CF09BE309E7D3FF35D0BBE52
:104C70006E907D3F4AEC0CBE85827D3F8B7A0EBEE6
:104C800074747D3FB70810BE3D667D3FCC9611BE63
:104C9000DE577D3FCA2413BE59497D3FB2B214BED0
:104CA000AC3A7D3F834016BED82B7D3F3DCE17BE2C
:104CB000DD1C7D3FE05B19BEBC0D7D3F6BE91ABE7C
:104CC00073FE7C3FDE761CBE03EF7C3F38041EBEC5
:104CD0006CDF7C3F7B911FBEAECF7C3FA51E21BE0B
:104CE000C9BF7C3FB6AB22BEBDAF7C3FAD3824BE52
:104CF0008A9F7C3F8CC525BE318F7C3F515227BE99
:104D0000B07E7C3FFCDE28BE086E7C3F8D6B2ABEE9
:104D10003A5D7C3F04F82BBE444C7C3F61842DBE41
:104D2000283B7C3FA2102FBEE5297C3FC99C30BEAA
:104D30007A187C3FD42832BEE9067C3FC4B433BE27
:104D400031F57B3F984035BE53E37B3F50CC36BEB8
:104D50004DD17B3FEC5738BE20BF7B3F6CE339BE63
:104D6000CDAC7B3FCF6E3BBE539A7B3F15FA3CBE2A
:104D7000B2877B3F3E853EBEEA747B3F491040BE12
:104D8000FC617B3F379B41BEE74E7B3F072643BE1E
:104D9000AB3B7B3FB9B044BE48287B3F4D3B46BE52
:104DA000BE147B3FC2C547BE0E017B3F185049BEB3
:104DB00037ED7A3F4FDA4ABE3AD97A3F67644CBE44
:104DC00016C57A3F60EE4DBECBB07A3F38784FBE05
:104DD000599C7A3FF10151BEC1877A3F898B52BEFF
:104DE00002737A3F011554BE1C5E7A3F589E55BE31
:104DF00010497A3F8F2757BEDD337A3FA4B058BEA3
:104E0000841E7A3F97395ABE04097A3F6AC25BBE54
:104E10005EF3793F1A4B5DBE91DD793FA8D35EBE4C
:104E20009DC7793F135C60BE83B1793F5CE461BE8E
:104E3000439B793F836C63BEDC84793F86F464BE18
:104E40004E6E793F667C66BE9A57793F220468BEF3
:104E5000C040793FBA8B69BEBF29793F2F136BBE23
:104E60009812793F7F9A6CBE4AFB783FAB216EBEA9
:104E7000D6E3783FB2A86FBE3BCC783F942F71BE8B
:104E80007BB4783F51B672BE939C783FE83C74BEC9
:104E90008684783F5AC375BE526C783FA64977BE68
:104EA000F853783FCCCF78BE773B783FCB557ABE6E
:104EB000D122783FA4DB7BBE040A783F56617DBED9
:104EC00010F1773FE1E67EBEF7D7773F223680BE0E
:104ED000B7BE773FC0F880BE51A5773F4ABB81BEC1
:104EE000C58B773FC07D82BE1372773F224083BE61
:104EF0003A58773F700284BE3C3E773FAAC484BED6
:104F00001724773FCE8685BECC09773FDF4886BE23
:104F10005BEF763FDA0A87BEC4D4763FC1CC87BE4A
:104F200007BA763F938E88BE249F763F505089BE45
:104F30001B84763FF8118ABEEC68763F8AD38ABE1E
:104F4000974D763F07958BBE1B32763F6E568CBED3
:104F50007A16763FC0178DBEB3FA753FFCD88DBE6A
:104F6000C6DE753F229A8EBEB3C2753F325B8FBEDE
:104F70007BA6753F2C1C90BE1C8A753F10DD90BE31
:104F8000976D753FDD9D91BEED50753F945E92BE6D
:104F90001D34753F351F93BE2717753FBFDF93BE86
:104FA0000BFA743F31A094BEC9DC743F8D6095BE8E
:104FB00062BF743FD22096BED5A1743F00E196BE79
:104FC0002284743F17A197BE4966743F166198BE4C
:104FD0004B48743FFE2099BE272A743FCEE099BE0D
:104FE000DD0B743F86A09ABE6EED733F27609BBEBB
:104FF000D9CE733FAF1F9CBE1FB0733F20DF9CBE56
:105000003F91733F789E9DBE3972733FB85D9EBEDF
:105010000E53733FDF1C9FBEBE33733FEEDB9FBE5C
:105020004714733FE59AA0BEACF4723FC259A1BECB
:10503000EBD4723F8718A2BE04B5723F33D7A2BE2D
:10504000F894723FC595A3BEC774723F3F54A4BE87
:105050007054723F9F12A5BEF433723FE5D0A5BED7
:105060005213723F128FA6BE8CF2713F254DA7BE20
:105070009FD1713F1F0BA8BE8EB0713FFEC8A8BE66
:10508000578F713FC486A9BEFB6D713F6F44AABEA6
:105090007A4C713F0102ABBED42A713F77BFABBEE1
:1050A0000809713FD47CACBE17E7703F153AADBE1E
:1050B00002C5703F3CF7ADBEC6A2703F49B4AEBE5C
:1050C0006680703F3A71AFBEE15D703F102EB0BE9A
:1050D000373B703FCBEAB0BE6718703F6BA7B1BEDD
:1050E00073F56F3FEF63B2BE5AD26F3F5820B3BE25
:1050F0001BAF6F3FA5DCB3BEB88B6F3FD698B4BE75
:1051000030686F3FEC54B5BE83446F3FE610B6BEC7
:10511000B0206F3FC3CCB6BEBAFC6E3F8488B7BE2A
:105120009ED86E3F2A44B8BE5DB46E3FB2FFB8BE93
:10513000F88F6E3F1EBBB9BE6D6B6E3F6E76BABE0A
:10514000BE466E3FA031BBBEEB216E3FB6ECBBBE90
:10515000F2FC6D3FAFA7BCBED5D76D3F8B62BDBE25
:1051600093B26D3F4A1DBEBE2D8D6D3FEBD7BEBEC7
:10517000A1676D3F6F92BFBEF2416D3FD54CC0BE7F
:105180001D1C6D3F1E07C1BE24F66C3F48C1C1BE49
:1051900007D06C3F557BC2BEC5A96C3F4435C3BE2A
:1051A0005E836C3F15EFC3BED45C6C3FC8A8C4BE21
:1051B00024366C3F5C62C5BE500F6C3FD21BC6BE2E
:1051C00058E86B3F29D5C6BE3BC16B3F628EC7BE58
:1051D000FB996B3F7C47C8BE95726B3F7700C9BE99
:1051E0000C4B6B3F53B9C9BE5E236B3F1072CABEF6
:1051F0008CFB6A3FAE2ACBBE95D36A3F2CE3CBBE75
:105200007BAB6A3F8B9BCCBE3C836A3FCA53CDBE0F
:10521000D95A6A3FEA0BCEBE52326A3FEAC3CEBECB
:10522000A7096A3FCA7BCFBED7E0693F8A33D0BEA9
:10523000E4B7693F2AEBD0BECC8E693FAAA2D1BEAB
:105240009165693F095AD2BE323C693F4811D3BECD
:10525000AE12693F67C8D3BE07E9683F647FD4BE1A
:105260003CBF683F4136D5BE4C95683FFDECD5BE8E
:10527000396B683F99A3D6BE0341683F135AD7BE26
:10528000A816683F6B10D8BE2AEC673FA3C6D8BEED
:1052900087C1673FB97CD9BEC196673FAD32DABEE0
:1052A000D86B673F80E8DABECA40673F319EDBBEFD
:1052B0009915673FC153DCBE45EA663F2E09DDBE46
:1052C000CCBE663F79BEDDBE3093663FA273DEBEC4
:1052D0007167663FA928DFBE8E3B663F8DDDDFBE6E
:1052E000880F663F4F92E0BE5EE3653FEE46E1BE4B
:1052F00010B7653F6AFBE1BEA08A653FC4AFE2BE5E
:105300000B5E653FFA63E3BE5431653F0E18E4BEA1
:105310007904653FFECBE4BE7BD7643FCB7FE5BE1F
:1053200059AA643F7533E6BE147D643FFBE6E6BED2
:10533000AC4F643F5D9AE7BE2122643F9C4DE8BEBE
:1053400073F4633FB700E9BEA1C6633FAEB3E9BEE5
:10535000AC98633F8166EABE956A633F3019EBBE45
:105360005A3C633FBBCBEBBEFC0D633F217EECBEE2
:105370007BDF623F6330EDBED7B0623F80E2EDBEBF
:105380001082623F7994EEBE2653623F4C46EFBED8
:105390001A24623FFBF7EFBEEAF4613F85A9F0BE35
:1053A00098C5613FEA5AF1BE2296613F290CF2BED0
:1053B0008A66613F43BDF2BED036613F386EF3BEB0
:1053C000F206613F071FF4BEF2D6603FB1CFF4BED4
:1053D000CFA6603F3580F5BE8976603F9330F6BE3C
:1053E0002146603FCBE0F6BE9615603FDC90F7BEED
:1053F000E9E45F3FC840F8BE19B45F3F8EF0F8BEE5
:1054000027835F3F2DA0F9BE12525F3FA54FFABE22
:10541000DB205F3FF7FEFABE81EF5E3F22AEFBBEB0
:1054200005BE5E3F275DFCBE678C5E3F040CFDBE83
:10543000A65A5E3FBBBAFDBEC3285E3F4A69FEBEA8
:10544000BEF65D3FB217FFBE97C45D3FF3C5FFBE1A
:105450004D925D3F063A00BFE15F5D3FFF9000BFA8
:10546000532D5D3FE4E700BFA3FA5C3FB53E01BFAB
:10547000D1C75C3F739501BFDD945C3F1CEC01BF5D
:10548000C7615C3FB14202BF8E2E5C3F329902BFC2
:1054900034FB5B3F9FEF02BFB8C75B3FF84503BFDC
:1054A0001A945B3F3D9C03BF5A605B3F6DF203BFA4
:1054B000792C5B3F894804BF75F85A3F919E04BF21
:1054C00050C45A3F84F404BF09905A3F624A05BF52
:1054D000A05B5A3F2CA005BF16275A3FE2F505BF37
:1054E0006AF2593F824B06BF9CBD593F0EA106BFD1
:1054F000AD88593F86F606BF9C53593FE84B07BF1E
:105500006A1E593F36A107BF17E9583F6FF607BF1C
:10551000A1B3583F924B08BF0B7E583FA1A008BFD4
:105520005348583F9BF508BF7912583F7F4A09BF3F
:105530007FDC573F4E9F09BF63A6573F09F409BF61
:105540002670573FAD480ABFC739573F3D9D0ABF38
:105550004803573FB7F10ABFA7CC563F1C460BBFC5
:10556000E595563F6B9A0BBF025F563FA5EE0BBF0A
:10557000FE27563FC9420CBFD9F0553FD7960CBF06
:1055800093B9553FD0EA0CBF2C82553FB33E0DBFB7
:10559000A44A553F81920DBFFB12553F38E60DBF1F
:1055A00031DB543FDA390EBF47A3543F658D0EBF40
:1055B0003B6B543FDBE00EBF0F33543F3B340FBF18
:1055C000C3FA533F84870FBF55C2533FB8DA0FBFAA
:1055D000C789533FD52D10BF1851533FDC8010BFF2
:1055E0004918533FCDD310BF59DF523FA72611BFF3
:1055F00049A6523F6B7911BF186D523F19CC11BFAC
:10560000C633523FB01E12BF54FA513F307112BF21
:10561000C2C0513F9AC312BF1087513FEE1513BF4E
:105620003D4D513F2A6813BF4A13513F50BA13BF33
:1056300037D9503F5F0C14BF039F503F585E14BFD3
:10564000AF64503F39B014BF3B2A503F040215BF2E
:10565000A8EF4F3FB75315BFF4B44F3F54A515BF44
:105660001F7A4F3FD9F615BF2B3F4F3F474816BF14
:1056700017044F3F9F9916BFE4C84E3FDFEA16BF9D
:10568000908D4E3F073C17BF1C524E3F188D17BFE1
:1056900089164E3F12DE17BFD5DA4D3FF52E18BFE3
:1056A000029F4D3FC07F18BF10634D3F73D018BF9E
:1056B000FD264D3F0F2119BFCBEA4C3F947119BF16
:1056C00079AE4C3F00C219BF08724C3F55121ABF49
:1056D00078354C3F93621ABFC7F84B3FB8B21ABF38
:1056E000F8BB4B3FC6021BBF097F4B3FBB521BBFE2
:1056F000FA414B3F99A21BBFCC044B3F5FF21BBF4B
:105700007FC74A3F0C421CBF138A4A3FA2911CBF6D
:10571000874C4A3F1FE11CBFDC0E4A3F84301DBF4F
:1057200012D1493FD17F1DBF2993493F06CF1DBFED
:105730002155493F221E1EBFFA16493F266D1EBF46
:10574000B3D8483F12BC1EBF4E9A483FE50A1FBF60
:10575000CA5B483F9F591FBF271D483F41A81FBF35
:1057600065DE473FCBF61FBF849F473F3B4520BFC9
:105770008560473F939320BF6721473FD2E120BF19
:105780002AE2463FF92F21BFCEA2463F067E21BF27
:105790005463463FFBCB21BFBB23463FD71922BFF3
:1057A00003E4453F996722BF2DA4453F43B522BF7F
:1057B0003964453FD30223BF2624453F4B5023BFC6
:1057C000F5E3443FA99D23BFA5A3443FEEEA23BFD1
:1057D0003763443F1A3824BFAB22443F2C8524BF93
:1057E00000E2433F25D224BF38A1433F041F25BF19
:1057F0005160433FCB6B25BF4C1F433F77B825BF5C
:1058000029DE423F0A0526BFE89C423F845126BF5D
:10581000895B423FE39D26BF0B1A423F2AEA26BF1F
:1058200070D8413F563627BFB796413F688227BFA1
:10583000E154413F61CE27BFEC12413F401A28BFDF
:10584000DAD0403F056628BFA98E403FB0B128BFDF
:105850005C4C403F41FD28BFF009403FB84829BF9C
:1058600067C73F3F159429BFC0843F3F57DF29BF1B
:10587000FC413F3F802A2ABF1BFF3E3F8E752ABF57
:105880001BBC3E3F82C02ABFFF783E3F5B0B2BBF55
:10589000C5353E3F1B562BBF6EF23D3FBFA02BBF11
:1058A000F9AE3D3F4AEB2BBF676B3D3FB9352CBF8F
:1058B000B8273D3F0F802CBFECE33C3F49CA2CBFCB
:1058C00003A03C3F69142DBFFC5B3C3F6F5E2DBFC6
:1058D000D9173C3F59A82DBF98D33B3F29F22DBF84
:1058E0003B8F3B3FDE3B2EBFC14A3B3F78852EBFFF
:1058F00029063B3FF7CE2EBF75C13A3F5B182FBF3D
:10590000A47C3A3FA5612FBFB7373A3FD3AA2FBF38
:10591000ACF2393FE6F32FBF85AD393FDE3C30BFF7
:105920004268393FBB8530BFE122393F7CCE30BF72
:1059300065DD383F221731BFCB97383FAD5F31BFB0
:105940001652383F1DA831BF430C383F71F031BFAC
:1059500055C6373FAA3832BF4A80373FC78032BF6B
:10596000233A373FC9C832BFDFF3363FAF1033BFEA
:105970007FAD363F7A5833BF0467363F29A033BF27
:105980006C20363FBCE733BFB8D9353F342F34BF26
:10599000E792353F8F7634BFFB4B353FCFBD34BFE9
:1059A000F304353FF30435BFCFBD343FFB4B35BF68
:1059B0008F76343FE79235BF342F343FB8D935BFA7
:1059C000BCE7333F6C2036BF29A0333F046736BFA6
:1059D0007A58333F7FAD36BFAF10333FDFF336BF6A
:1059E000C9C8323F233A37BFC780323F4A8037BFEA
:1059F000AA38323F55C637BF71F0313F430C38BF2C
:105A00001DA8313F165238BFAD5F313FCB9738BF2D
:105A10002217313F65DD38BF7CCE303FE12239BFF0
:105A2000BB85303F426839BFDE3C303F85AD39BF72
:105A3000E6F32F3FACF239BFD3AA2F3FB7373ABFB7
:105A4000A5612F3FA47C3ABF5B182F3F75C13ABFB9
:105A5000F7CE2E3F29063BBF78852E3FC14A3BBF7C
:105A6000DE3B2E3F3B8F3BBF29F22D3F98D33BBF00
:105A700059A82D3FD9173CBF6F5E2D3FFC5B3CBF43
:105A800069142D3F03A03CBF49CA2C3FECE33CBF47
:105A90000F802C3FB8273DBFB9352C3F676B3DBF0A
:105AA0004AEB2B3FF9AE3DBFBFA02B3F6EF23DBF8F
:105AB0001B562B3FC5353EBF5B0B2B3FFF783EBFD0
:105AC00082C02A3F1BBC3EBF8E752A3F1BFF3EBFD4
:105AD000802A2A3FFC413FBF57DF293FC0843FBF98
:105AE0001594293F67C73FBFB848293FF00940BF19
:105AF00041FD283F5C4C40BFB0B1283FA98E40BF5C
:105B00000566283FDAD040BF401A283FEC1241BF5B
:105B100061CE273FE15441BF6882273FB79641BF1E
:105B20005636273F70D841BF2AEA263F0B1A42BF9C
:105B3000E39D263F895B42BF8451263FE89C42BFDC
:105B40000A05263F29DE42BF77B8253F4C1F43BFD9
:105B5000CB6B253F516043BF041F253F38A143BF96
:105B600025D2243F00E243BF2C85243FAB2244BF13
:105B70001A38243F376344BFEEEA233FA5A344BF4E
:105B8000A99D233FF5E344BF4B50233F262445BF47
:105B9000D302233F396445BF43B5223F2DA445BFFF
:105BA0009967223F03E445BFD719223FBB2346BF75
:105BB000FBCB213F546346BF067E213FCEA246BFAA
:105BC000F92F213F2AE246BFD2E1203F672147BF9C
:105BD0009393203F856047BF3B45203F849F47BF4D
:105BE000CBF61F3F65DE47BF41A81F3F271D48BFBB
:105BF0009F591F3FCA5B48BFE50A1F3F4E9A48BFE7
:105C000012BC1E3FB3D848BF266D1E3FFA1649BFCF
:105C1000221E1E3F215549BF06CF1D3F299349BF74
:105C2000D17F1D3F12D149BF84301D3FDC0E4ABFDA
:105C30001FE11C3F874C4ABFA2911C3F138A4ABFF9
:105C40000C421C3F7FC74ABF5FF21B3FCC044BBFD7
:105C500099A21B3FFA414BBFBB521B3F097F4BBF71
:105C6000C6021B3FF8BB4BBFB8B21A3FC7F84BBFC9
:105C700093621A3F78354CBF55121A3F08724CBFD9
:105C800000C2193F79AE4CBF9471193FCBEA4CBFAB
:105C90000F21193FFD264DBF73D0183F10634DBF34
:105CA000C07F183F029F4DBFF52E183FD5DA4DBF7C
:105CB00012DE173F89164EBF188D173F1C524EBF7C
:105CC000073C173F908D4EBFDFEA163FE4C84EBF3A
:105CD0009F99163F17044FBF4748163F2B3F4FBFB2
:105CE000D9F6153F1F7A4FBF54A5153FF4B44FBFE7
:105CF000B753153FA8EF4FBF0402153F3B2A50BFD3
:105D000039B0143FAF6450BF585E143F039F50BF7B
:105D10005F0C143F37D950BF50BA133F4A1351BFDD
:105D20002A68133F3D4D51BFEE15133F108751BFF9
:105D30009AC3123FC2C051BF3071123F54FA51BFD3
:105D4000B01E123FC63352BF19CC113F186D52BF5F
:105D50006B79113F49A652BFA726113F59DF52BFA9
:105D6000CDD3103F491853BFDC80103F185153BFAB
:105D7000D52D103FC78953BFB8DA0F3F55C253BF67
:105D800084870F3FC3FA53BF3B340F3F0F3354BFD9
:105D9000DBE00E3F3B6B54BF658D0E3F47A354BF06
:105DA000DA390E3F31DB54BF38E60D3FFB1255BFE9
:105DB00081920D3FA44A55BFB33E0D3F2C8255BF83
:105DC000D0EA0C3F93B955BFD7960C3FD9F055BFD9
:105DD000C9420C3FFE2756BFA5EE0B3F025F56BFE0
:105DE0006B9A0B3FE59556BF1C460B3FA7CC56BFA1
:105DF000B7F10A3F480357BF3D9D0A3FC73957BF18
:105E0000AD480A3F267057BF09F4093F63A657BF44
:105E10004E9F093F7FDC57BF7F4A093F791258BF29
:105E20009BF5083F534858BFA1A0083F0B7E58BFC1
:105E3000924B083FA1B358BF6FF6073F17E958BF11
:105E400036A1073F6A1E59BFE84B073F9C5359BF15
:105E500086F6063FAD8859BF0EA1063F9CBD59BFCF
:105E6000824B063F6AF259BFE2F5053F16275ABF3B
:105E70002CA0053FA05B5ABF624A053F09905ABF5C
:105E800084F4043F50C45ABF919E043F75F85ABF32
:105E90008948043F792C5BBF6DF2033F5A605BBFBA
:105EA0003D9C033F1A945BBFF845033FB8C75BBFF7
:105EB0009FEF023F34FB5BBF3299023F8E2E5CBFE7
:105EC000B142023FC7615CBF1CEC013FDD945CBF87
:105ED0007395013FD1C75CBFB53E013FA3FA5CBFDC
:105EE000E4E7003F532D5DBFFF90003FE15F5DBFE2
:105EF000063A003F4D925DBFF3C5FF3E97C45DBFBC
:105F0000B217FF3EBEF65DBF4A69FE3EC3285EBFC4
:105F1000BBBAFD3EA65A5EBF040CFD3E678C5EBF59
:105F2000275DFC3E05BE5EBF22AEFB3E81EF5EBF3D
:105F3000F7FEFA3EDB205FBFA54FFA3E12525FBF6D
:105F40002DA0F93E27835FBF8EF0F83E19B45FBFE6
:105F5000C840F83EE9E45FBFDC90F73E961560BFAD
:105F6000CBE0F63E214660BF9330F63E897660BFB7
:105F70003580F53ECFA660BFB1CFF43EF2D660BF0C
:105F8000071FF43EF20661BF386EF33ED03661BFA4
:105F900043BDF23E8A6661BF290CF23E229661BF84
:105FA000EA5AF13E98C561BF85A9F03EEAF461BFA7
:105FB000FBF7EF3E1A2462BF4C46EF3E265362BF0A
:105FC0007994EE3E108262BF80E2ED3ED7B062BFB0
:105FD0006330ED3E7BDF62BF217EEC3EFC0D63BF94
:105FE000BBCBEB3E5A3C63BF3019EB3E956A63BFB7
:105FF0008166EA3EAC9863BFAEB3E93EA1C663BF1B
:10600000B700E93E73F463BF9C4DE83E212264BFB4
:106010005D9AE73EAC4F64BFFBE6E63E147D64BF8D
:106020007533E63E59AA64BFCB7FE53E7BD764BF9C
:10603000FECBE43E790465BF0E18E43E543165BFE3
:10604000FA63E33E0B5E65BFC4AFE23EA08A65BF64
:106050006AFBE13E10B765BFEE46E13E5EE365BF19
:106060004F92E03E880F66BF8DDDDF3E8E3B66BF00
:10607000A928DF3E716766BFA273DE3E309366BF1C
:1060800079BEDD3ECCBE66BF2E09DD3E45EA66BF69
:10609000C153DC3E991567BF319EDB3ECA4067BFE6
:1060A00080E8DA3ED86B67BFAD32DA3EC19667BF93
:1060B000B97CD93E87C167BFA3C6D83E2AEC67BF6B
:1060C0006B10D83EA81668BF135AD73E034168BF6D
:1060D00099A3D63E396B68BFFDECD53E4C9568BFA1
:1060E0004136D53E3CBF68BF647FD43E07E968BFF8
:1060F00067C8D33EAE1269BF4811D33E323C69BF78
:10610000095AD23E916569BFAAA2D13ECC8E69BF21
:106110002AEBD03EE4B769BF8A33D03ED7E069BFEF
:10612000CA7BCF3EA7096ABFEAC3CE3E52326ABFDE
:10613000EA0BCE3ED95A6ABFCA53CD3E3C836ABFF2
:106140008B9BCC3E7BAB6ABF2CE3CB3E95D36ABF27
:10615000AE2ACB3E8CFB6ABF1072CA3E5E236BBF79
:1061600053B9C93E0C4B6BBF7700C93E95726BBFEC
:106170007C47C83EFB996BBF628EC73E3BC16BBF7D
:1061800029D5C63E58E86BBFD21BC63E500F6CBF28
:106190005C62C53E24366CBFC8A8C43ED45C6CBFEC
:1061A00015EFC33E5E836CBF4435C33EC5A96CBFCB
:1061B000557BC23E07D06CBF48C1C13E24F66CBFC0
:1061C0001E07C13E1D1C6DBFD54CC03EF2416DBFC8
:1061D0006F92BF3EA1676DBFEBD7BE3E2D8D6DBFE9
:1061E0004A1DBE3E93B26DBF8B62BD3ED5D76DBF1B
:1061F000AFA7BC3EF2FC6DBFB6ECBB3EEB216EBF61
:10620000A031BB3EBE466EBF6E76BA3E6D6B6EBFB2
:106210001EBBB93EF88F6EBFB2FFB83E5DB46EBF15
:106220002A44B83E9ED86EBF8488B73EBAFC6EBF83
:10623000C3CCB63EB0206FBFE610B63E83446FBFFE
:10624000EC54B53E30686FBFD698B43EB88B6FBF84
:10625000A5DCB33E1BAF6FBF5820B33E5AD26FBF11
:10626000EF63B23E73F56FBF6BA7B13E671870BFA7
:10627000CBEAB03E373B70BF102EB03EE15D70BF41
:106280003A71AF3E668070BF49B4AE3EC6A270BFE1
:106290003CF7AD3E02C570BF153AAD3E17E770BF83
:1062A000D47CAC3E080971BF77BFAB3ED42A71BF26
:1062B0000102AB3E7A4C71BF6F44AA3EFB6D71BFC9
:1062C000C486A93E578F71BFFEC8A83E8EB071BF6D
:1062D0001F0BA83E9FD171BF254DA73E8CF271BF09
:1062E000128FA63E521372BFE5D0A53EF43372BFA3
:1062F0009F12A53E705472BF3F54A43EC77472BF34
:10630000C595A33EF89472BF33D7A23E04B572BFC1
:106310008718A23EEBD472BFC259A13EACF472BF43
:10632000E59AA03E471473BFEEDB9F3EBE3373BFBA
:10633000DF1C9F3E0E5373BFB85D9E3E397273BF24
:10634000789E9D3E3F9173BF20DF9C3E1FB073BF80
:10635000AF1F9C3ED9CE73BF27609B3E6EED73BFCF
:1063600086A09A3EDD0B74BFCEE0993E272A74BF0B
:10637000FE20993E4B4874BF1661983E496674BF33
:1063800017A1973E228474BF00E1963ED5A174BF49
:10639000D220963E62BF74BF8D60953EC9DC74BF4B
:1063A00031A0943E0BFA74BFBFDF933E271775BF31
:1063B000351F933E1D3475BF945E923EED5075BF00
:1063C000DD9D913E976D75BF10DD903E1C8A75BFB7
:1063D0002C1C903E7BA675BF325B8F3EB3C275BF4F
:1063E000229A8E3EC6DE75BFFCD88D3EB3FA75BFCD
:1063F000C0178D3E7A1676BF6E568C3E1B3276BF26
:1064000007958B3E974D76BF8AD38A3EEC6876BF60
:10641000F8118A3E1B8476BF5050893E249F76BF78
:10642000938E883E07BA76BFC1CC873EC4D476BF70
:10643000DA0A873E5BEF76BFDF48863ECC0977BF3E
:10644000CE86853E172477BFAAC4843E3C3E77BFE4
:106450007002843E3A5877BF2240833E137277BF62
:10646000C07D823EC58B77BF4ABB813E51A577BFB9
:10647000C0F8803EB7BE77BF2236803EF7D777BFE1
:10648000E1E67E3E10F177BF56617D3E040A78BF9B
:10649000A4DB7B3ED12278BFCB557A3E773B78BFD9
:1064A000CCCF783EF85378BFA649773E526C78BF80
:1064B0005AC3753E868478BFE83C743E939C78BF8F
:1064C00051B6723E7BB478BF942F713E3BCC78BFFF
:1064D000B2A86F3ED6E378BFAB216E3E4AFB78BFD1
:1064E0007F9A6C3E981279BF2F136B3EBF2979BFFC
:1064F000BA8B693EC04079BF2204683E9A5779BF83
:10650000667C663E4E6E79BF86F4643EDC8479BF5D
:10651000836C633E439B79BF5CE4613E83B179BF8A
:10652000135C603E9DC779BFA8D35E3E91DD79BF05
:106530001A4B5D3E5EF379BF6AC25B3E04097ABFC7
:1065400097395A3E841E7ABFA4B0583EDD337ABFD5
:106550008F27573E10497ABF589E553E1C5E7ABF22
:106560000115543E02737ABF898B523EC1877ABFB0
:10657000F101513E599C7ABF38784F3ECBB07ABF7B
:1065800060EE4D3E16C57ABF67644C3E3AD97ABF7D
:106590004FDA4A3E37ED7ABF1850493E0E017BBFB5
:1065A000C2C5473EBE147BBF4D3B463E48287BBF1D
:1065B000B9B0443EAB3B7BBF0726433EE74E7BBFB3
:1065C000379B413EFC617BBF4910403EEA747BBF74
:1065D0003E853E3EB2877BBF15FA3C3E539A7BBF59
:1065E000CF6E3B3ECDAC7BBF6CE3393E20BF7BBF63
:1065F000EC57383E4DD17BBF50CC363E53E37BBF8A
:106600009840353E31F57BBFC4B4333EE9067CBFCC
:10661000D428323E7A187CBFC99C303EE5297CBF25
:10662000A2102F3E283B7CBF61842D3E444C7CBF92
:1066300004F82B3E3A5D7CBF8D6B2A3E086E7CBF12
:10664000FCDE283EB07E7CBF5152273E318F7CBF9E
:106650008CC5253E8A9F7CBFAD38243EBDAF7CBF34
:10666000B6AB223EC9BF7CBFA51E213EAECF7CBFCC
:106670007B911F3E6CDF7CBF38041E3E03EF7CBF66
:10668000DE761C3E73FE7CBF6BE91A3EBC0D7DBFFF
:10669000E05B193EDD1C7DBF3DCE173ED82B7DBF94
:1066A0008340163EAC3A7DBFB2B2143E59497DBF1D
:1066B000CA24133EDE577DBFCC96113E3D667DBF9A
:1066C000B708103E74747DBF8B7A0E3E85827DBF05
:1066D0004AEC0C3E6E907DBFF35D0B3E309E7DBF5D
:1066E00086CF093ECCAB7DBF0541083E40B97DBF9A
:1066F0006EB2063E8CC67DBFC223053EB2D37DBFBF
:106700000295033EB1E07DBF2E06023E88ED7DBFBF
:106710004577003E38FA7DBF92D0FD3DC2067EBF70
:1067200073B2FA3D24137EBF2C94F73D5E1F7EBFEB
:10673000C075F43D722B7EBF2E57F13D5E377EBF94
:106740007638EE3D23437EBF9A19EB3DC14E7EBFA6
:106750009AFAE73D385A7EBF76DBE43D88657EBF16
:106760002EBCE13DB0707EBFC49CDE3DB17B7EBFE0
:10677000377DDB3D8B867EBF895DD83D3D917EBFF9
:10678000B93DD53DC99B7EBFC81DD23D2DA67EBF5C
:10679000B7FDCE3D69B07EBF86DDCB3D7FBA7EBF03
:1067A00036BDC83D6DC47EBFC69CC53D34CE7EBFE0
:1067B000397CC23DD4D77EBF8D5BBF3D4CE17EBFEF
:1067C000C33ABC3D9DEA7EBFDD19B93DC7F37EBF2C
:1067D000DAF8B53DC9FC7EBFBBD7B23DA4057FBF8B
:1067E00080B6AF3D580E7FBF2B95AC3DE4167FBF02
:1067F000BA73A93D491F7FBF3052A63D87277FBF8F
:106800008C30A33D9D2F7FBFCF0EA03D8D377FBF26
:10681000F9EC9C3D543F7FBF0ACB993DF4467FBFC6
:1068200005A9963D6D4E7FBFE786933DBF557FBF5F
:10683000B464903DE95C7FBF6A428D3DEC637FBFED
:106840000A208A3DC76A7FBF94FD863D7B717FBF6A
:106850000ADB833D08787FBF6CB8803D6D7E7FBFCB
:10686000742B7B3DAB847FBFE9E5743DC28A7FBF5B
:1068700038A06E3DB1907FBF625A683D78967FBF69
:106880006814623D189C7FBF4CCE5B3D91A17FBFD9
:106890000E88553DE3A67FBFAF414F3D0DAC7FBF96
:1068A0002FFB483D0FB17FBF91B4423DEAB57FBF9A
:1068B000D56D3C3D9EBA7FBFFC26363D2ABF7FBFCB
:1068C00007E02F3D8FC37FBFF698293DCCC77FBF20
:1068D000CC51233DE2CB7FBF880A1D3DD1CF7FBF86
:1068E0002CC3163D98D37FBFB87B103D37D77FBFF1
:1068F0002F340A3DAFDA7FBF90EC033D00DE7FBF4F
:10690000B949FB3C29E17FBF2DBAEE3C2BE47FBFA8
:106910007B2AE23C05E77FBFA69AD53CB8E97FBF5A
:10692000B00AC93C43EC7FBF9B7ABC3CA7EE7FBF5B
:1069300069EAAF3CE3F07FBF1C5AA33CF8F27FBF8B
:10694000B6C9963CE6F47FBF38398A3CACF67FBFC7
:106950004B517B3C4AF87FBF0030623CC1F97FBF9E
:10696000900E493C11FB7FBF02ED2F3C39FC7FBFED
:1069700059CB163C39FD7FBF3053FB3B13FE7FBF25
:10698000890FC93BC4FE7FBFC1CB963B4EFF7FBF83
:10699000C70F493BB1FF7FBFD40FC93AECFF7FBFA0
:1069A000000000000000803FC70F493BB1FF7F3F60
:1069B000890FC93BC4FE7F3F59CB163C39FD7F3F51
:1069C000900E493C11FB7F3F4B517B3C4AF87F3F87
:1069D000B6C9963CE6F47F3F69EAAF3CE3F07F3FFF
:1069E000B00AC93C43EC7F3F7B2AE23C05E77F3F8E
:1069F000B949FB3C29E17F3F2F340A3DAFDA7F3FA5
:106A00002CC3163D98D37F3FCC51233DE2CB7F3F33
:106A100007E02F3D8FC37F3FD56D3C3D9EBA7F3F42
:106A20002FFB483D0FB17F3F0E88553DE3A67F3FCA
:106A30006814623D189C7F3F38A06E3DB1907F3F47
:106A4000742B7B3DAB847F3F0ADB833D08787F3F1F
:106A50000A208A3DC76A7F3FB464903DE95C7F3F6E
:106A600005A9963D6D4E7F3FF9EC9C3D543F7F3F1D
:106A70008C30A33D9D2F7F3FBA73A93D491F7F3FB7
:106A800080B6AF3D580E7F3FDAF8B53DC9FC7E3F7A
:106A9000C33ABC3D9DEA7E3F397CC23DD4D77E3FA0
:106AA00036BDC83D6DC47E3FB7FDCE3D69B07E3F6B
:106AB000B93DD53DC99B7E3F377DDB3D8B867E3F13
:106AC0002EBCE13DB0707E3F9AFAE73D385A7E3FDA
:106AD0007638EE3D23437E3FC075F43D722B7E3FFA
:106AE00073B2FA3D24137E3F4577003E38FA7D3F6E
:106AF0000295033EB1E07D3F6EB2063E8CC67D3FFF
:106B000086CF093ECCAB7D3F4AEC0C3E6E907D3F7C
:106B1000B708103E74747D3FCA24133EDE577D3F94
:106B20008340163EAC3A7D3FE05B193EDD1C7D3F65
:106B3000DE761C3E73FE7C3F7B911F3E6CDF7C3F0C
:106B4000B6AB223EC9BF7C3F8CC5253E8A9F7C3FA9
:106B5000FCDE283EB07E7C3F04F82B3E3A5D7C3F55
:106B6000A2102F3E283B7C3FD428323E7A187C3F2F
:106B70009840353E31F57B3FEC57383E4DD17B3F59
:106B8000CF6E3B3ECDAC7B3F3E853E3EB2877B3FEA
:106B9000379B413EFC617B3FB9B0443EAB3B7B3F02
:106BA000C2C5473EBE147B3F4FDA4A3E37ED7A3FBF
:106BB00060EE4D3E16C57A3FF101513E599C7A3F39
:106BC0000115543E02737A3F8F27573E10497A3F92
:106BD00097395A3E841E7A3F1A4B5D3E5EF3793FE9
:106BE000135C603E9DC7793F836C633E439B793F56
:106BF000667C663E4E6E793FBA8B693EC040793FF7
:106C00007F9A6C3E9812793FB2A86F3ED6E3783FE8
:106C100051B6723E7BB4783F5AC3753E8684783F46
:106C2000CCCF783EF853783FA4DB7B3ED122783F2F
:106C3000E1E67E3E10F1773FC0F8803EB7BE773F79
:106C4000C07D823EC58B773F7002843E3A58773FC5
:106C5000CE86853E1724773FDA0A873E5BEF763F84
:106C6000938E883E07BA763FF8118A3E1B84763FA2
:106C700007958B3E974D763FC0178D3E7A16763F2F
:106C8000229A8E3EC6DE753F2C1C903E7BA6753F39
:106C9000DD9D913E976D753F351F933E1D34753FC9
:106CA00031A0943E0BFA743FD220963E62BF743FEF
:106CB00017A1973E2284743FFE20993E4B48743FB3
:106CC00086A09A3EDD0B743FAF1F9C3ED9CE733F2A
:106CD000789E9D3E3F91733FDF1C9F3E0E53733F56
:106CE000E59AA03E4714733F8718A23EEBD4723F4B
:106CF000C595A33EF894723F9F12A53E7054723F13
:106D0000128FA63E5213723F1F0BA83E9FD1713FB8
:106D1000C486A93E578F713F0102AB3E7A4C713F4A
:106D2000D47CAC3E0809713F3CF7AD3E02C5703FD4
:106D30003A71AF3E6680703FCBEAB03E373B703F62
:106D4000EF63B23E73F56F3FA5DCB33E1BAF6F3F01
:106D5000EC54B53E30686F3FC3CCB63EB0206F3FB9
:106D60002A44B83E9ED86E3F1EBBB93EF88F6E3F98
:106D7000A031BB3EBE466E3FAFA7BC3EF2FC6D3FAE
:106D80004A1DBE3E93B26D3F6F92BF3EA1676D3FFD
:106D90001E07C13E1D1C6D3F557BC23E07D06C3F98
:106DA00015EFC33E5E836C3F5C62C53E24366C3F8C
:106DB00029D5C63E58E86B3F7C47C83EFB996B3FE0
:106DC00053B9C93E0C4B6B3FAE2ACB3E8CFB6A3F9E
:106DD0008B9BCC3E7BAB6A3FEA0BCE3ED95A6A3FD7
:106DE000CA7BCF3EA7096A3F2AEBD03EE4B7693F92
:106DF000095AD23E9165693F67C8D33EAE12693FDA
:106E00004136D53E3CBF683F99A3D63E396B683FBB
:106E10006B10D83EA816683FB97CD93E87C1673F42
:106E200080E8DA3ED86B673FC153DC3E9915673F77
:106E300079BEDD3ECCBE663FA928DF3E7167663F66
:106E40004F92E03E880F663F6AFBE13E10B7653F18
:106E5000FA63E33E0B5E653FFECBE43E7904653F9B
:106E60007533E63E59AA643F5D9AE73EAC4F643FF6
:106E7000B700E93E73F4633F8166EA3EAC98633F36
:106E8000BBCBEB3E5A3C633F6330ED3E7BDF623F62
:106E90007994EE3E1082623FFBF7EF3E1A24623F88
:106EA000EA5AF13E98C5613F43BDF23E8A66613FB2
:106EB000071FF43EF206613F3580F53ECFA6603FE6
:106EC000CBE0F63E2146603FC840F83EE9E45F3F34
:106ED0002DA0F93E27835F3FF7FEFA3EDB205F3FA0
:106EE000275DFC3E05BE5E3FBBBAFD3EA65A5E3F37
:106EF000B217FF3EBEF65D3F063A003F4D925D3F42
:106F0000E4E7003F532D5D3F7395013FD1C75C3FE0
:106F1000B142023FC7615C3F9FEF023F34FB5B3FE2
:106F20003D9C033F1A945B3F8948043F792C5B3FAB
:106F300084F4043F50C45A3F2CA0053FA05B5A3F45
:106F4000824B063F6AF2593F86F6063FAD88593FAD
:106F500036A1073F6A1E593F924B083FA1B3583FE5
:106F60009BF5083F5348583F4E9F093F7FDC573FF2
:106F7000AD480A3F2670573FB7F10A3F4803573FD5
:106F80006B9A0B3FE595563FC9420C3FFE27563F93
:106F9000D0EA0C3F93B9553F81920D3FA44A553F2B
:106FA000DA390E3F31DB543FDBE00E3F3B6B543FA1
:106FB00084870F3FC3FA533FD52D103FC789533FF6
:106FC000CDD3103F4918533F6B79113F49A6523F2B
:106FD000B01E123FC633523F9AC3123FC2C0513F48
:106FE0002A68133F3D4D513F5F0C143F37D9503F46
:106FF00039B0143FAF64503FB753153FA8EF4F3F30
:10700000D9F6153F1F7A4F3F9F99163F17044F3F00
:10701000073C173F908D4E3F12DE173F89164E3FBB
:10702000C07F183F029F4D3F0F21193FFD264D3F66
:1070300000C2193F79AE4C3F93621A3F78354C3FFE
:10704000C6021B3FF8BB4B3F99A21B3FFA414B3F87
:107050000C421C3F7FC74A3F1FE11C3F874C4A3F01
:10706000D17F1D3F12D1493F221E1E3F2155493F6E
:1070700012BC1E3FB3D8483F9F591F3FCA5B483FD1
:10708000CBF61F3F65DE473F9393203F8560473F28
:10709000F92F213F2AE2463FFBCB213F5463463F75
:1070A0009967223F03E4453FD302233F3964453FBC
:1070B000A99D233FF5E3443F1A38243F3763443FFB
:1070C00025D2243F00E2433FCB6B253F5160433F35
:1070D0000A05263F29DE423FE39D263F895B423F6A
:1070E0005636273F70D8413F61CE273FE154413F9C
:1070F0000566283FDAD0403F41FD283F5C4C403FC9
:107100001594293F67C73F3F802A2A3FFC413F3FF4
:1071100082C02A3F1BBC3E3F1B562B3FC5353E3F1E
:107120004AEB2B3FF9AE3D3F0F802C3FB8273D3F48
:1071300069142D3F03A03C3F59A82D3FD9173C3F70
:10714000DE3B2E3F3B8F3B3FF7CE2E3F29063B3F9A
:10715000A5612F3FA47C3A3FE6F32F3FACF2393FC5
:10716000BB85303F4268393F2217313F65DD383FEC
:107170001DA8313F1652383FAA38323F55C6373F17
:10718000C9C8323F233A373F7A58333F7FAD363F45
:10719000BCE7333F6C20363F8F76343FE792353F74
:1071A000F304353FF304353FE792353F8F76343FA4
:1071B0006C20363FBCE7333F7FAD363F7A58333FD4
:1071C000233A373FC9C8323F55C6373FAA38323F06
:1071D0001652383F1DA8313F65DD383F2217313F39
:1071E0004268393FBB85303FACF2393FE6F32F3F71
:1071F000A47C3A3FA5612F3F29063B3FF7CE2E3FA7
:107200003B8F3B3FDE3B2E3FD9173C3F59A82D3FDC
:1072100003A03C3F69142D3FB8273D3F0F802C3F12
:10722000F9AE3D3F4AEB2B3FC5353E3F1B562B3F4A
:107230001BBC3E3F82C02A3FFC413F3F802A2A3F81
:1072400067C73F3F1594293F5C4C403F41FD283FB5
:10725000DAD0403F0566283FE154413F61CE273FE9
:1072600070D8413F5636273F895B423FE39D263F1A
:1072700029DE423F0A05263F5160433FCB6B253F45
:1072800000E2433F25D2243F3763443F1A38243F6E
:10729000F5E3443FA99D233F3964453FD302233F93
:1072A00003E4453F9967223F5463463FFBCB213FB0
:1072B0002AE2463FF92F213F8560473F9393203FC5
:1072C00065DE473FCBF61F3FCA5B483F9F591F3FD4
:1072D000B3D8483F12BC1E3F2155493F221E1E3FD6
:1072E00012D1493FD17F1D3F874C4A3F1FE11C3FD0
:1072F0007FC74A3F0C421C3FFA414B3F99A21B3FBC
:10730000F8BB4B3FC6021B3F78354C3F93621A3F98
:1073100079AE4C3F00C2193FFD264D3F0F21193F6A
:10732000029F4D3FC07F183F89164E3F12DE173F28
:10733000908D4E3F073C173F17044F3F9F99163FD4
:107340001F7A4F3FD9F6153FA8EF4F3FB753153F70
:10735000AF64503F39B0143F37D9503F5F0C143FF2
:107360003D4D513F2A68133FC2C0513F9AC3123F5F
:10737000C633523FB01E123F49A6523F6B79113FB0
:107380004918533FCDD3103FC789533FD52D103FE8
:10739000C3FA533F84870F3F3B6B543FDBE00E3F04
:1073A00031DB543FDA390E3FA44A553F81920D3FFD
:1073B00093B9553FD0EA0C3FFE27563FC9420C3FD8
:1073C000E595563F6B9A0B3F4803573FB7F10A3F8D
:1073D0002670573FAD480A3F7FDC573F4E9F093F1D
:1073E0005348583F9BF5083FA1B3583F924B083F85
:1073F0006A1E593F36A1073FAD88593F86F6063FC2
:107400006AF2593F824B063FA05B5A3F2CA0053FD2
:1074100050C45A3F84F4043F792C5B3F8948043FB1
:107420001A945B3F3D9C033F34FB5B3F9FEF023F61
:10743000C7615C3FB142023FD1C75C3F7395013FDA
:10744000532D5D3FE4E7003F4D925D3F063A003F1C
:10745000BEF65D3FB217FF3EA65A5E3FBBBAFD3E89
:1074600005BE5E3F275DFC3EDB205F3FF7FEFA3E38
:1074700027835F3F2DA0F93EE9E45F3FC840F83E17
:107480002146603FCBE0F63ECFA6603F3580F53E1B
:10749000F206613F071FF43E8A66613F43BDF23E3C
:1074A00098C5613FEA5AF13E1A24623FFBF7EF3E6E
:1074B0001082623F7994EE3E7BDF623F6330ED3EA7
:1074C0005A3C633FBBCBEB3EAC98633F8166EA3EE0
:1074D00073F4633FB700E93EAC4F643F5D9AE73E0B
:1074E00059AA643F7533E63E7904653FFECBE43E1E
:1074F0000B5E653FFA63E33E10B7653F6AFBE13E12
:10750000880F663F4F92E03E7167663FA928DF3ED5
:10751000CCBE663F79BEDD3E9915673FC153DC3E68
:10752000D86B673F80E8DA3E87C1673FB97CD93EB8
:10753000A816683F6B10D83E396B683F99A3D63EBA
:107540003CBF683F4136D53EAE12693F67C8D33E67
:107550009165693F095AD23EE4B7693F2AEBD03EB4
:10756000A7096A3FCA7BCF3ED95A6A3FEA0BCE3E93
:107570007BAB6A3F8B9BCC3E8CFB6A3FAE2ACB3EFB
:107580000C4B6B3F53B9C93EFB996B3F7C47C83EE0
:1075900058E86B3F29D5C63E24366C3F5C62C53E39
:1075A0005E836C3F15EFC33E07D06C3F557BC23EF8
:1075B0001D1C6D3F1E07C13EA1676D3F6F92BF3E10
:1075C00093B26D3F4A1DBE3EF2FC6D3FAFA7BC3E7D
:1075D000BE466E3FA031BB3EF88F6E3F1EBBB93E2C
:1075E0009ED86E3F2A44B83EB0206F3FC3CCB63E13
:1075F00030686F3FEC54B53E1BAF6F3FA5DCB33E28
:1076000073F56F3FEF63B23E373B703FCBEAB03E5E
:107610006680703F3A71AF3E02C5703F3CF7AD3EA9
:107620000809713FD47CAC3E7A4C713F0102AB3EFD
:10763000578F713FC486A93E9FD1713F1F0BA83E53
:107640005213723F128FA63E7054723F9F12A53E96
:10765000F894723FC595A33EEBD4723F8718A23EC3
:107660004714733FE59AA03E0E53733FDF1C9F3EC5
:107670003F91733F789E9D3ED9CE733FAF1F9C3E96
:10768000DD0B743F86A09A3E4B48743FFE20993E26
:107690002284743F17A1973E62BF743FD220963E6A
:1076A0000BFA743F31A0943E1D34753F351F933E55
:1076B000976D753FDD9D913E7BA6753F2C1C903EDE
:1076C000C6DE753F229A8E3E7A16763FC0178D3EF3
:1076D000974D763F07958B3E1B84763FF8118A3E87
:1076E00007BA763F938E883E5BEF763FDA0A873E95
:1076F0001724773FCE86853E3A58773F7002843E06
:10770000C58B773FC07D823EB7BE773FC0F8803ED5
:1077100010F1773FE1E67E3ED122783FA4DB7B3E4D
:10772000F853783FCCCF783E8684783F5AC3753E75
:107730007BB4783F51B6723ED6E3783FB2A86F3E35
:107740009812793F7F9A6C3EC040793FBA8B693E70
:107750004E6E793F667C663E439B793F836C633E09
:107760009DC7793F135C603E5EF3793F1A4B5D3EE7
:10777000841E7A3F97395A3E10497A3F8F27573EE9
:1077800002737A3F0115543E599C7A3FF101513EF4
:1077900016C57A3F60EE4D3E37ED7A3F4FDA4A3EEE
:1077A000BE147B3FC2C5473EAB3B7B3FB9B0443EB6
:1077B000FC617B3F379B413EB2877B3F3E853E3E2F
:1077C000CDAC7B3FCF6E3B3E4DD17B3FEC57383E3F
:1077D00031F57B3F9840353E7A187C3FD428323EC5
:1077E000283B7C3FA2102F3E3A5D7C3F04F82B3EA5
:1077F000B07E7C3FFCDE283E8A9F7C3F8CC5253EC8
:10780000C9BF7C3FB6AB223E6CDF7C3F7B911F3E05
:1078100073FE7C3FDE761C3EDD1C7D3FE05B193E47
:10782000AC3A7D3F8340163EDE577D3FCA24133E6F
:1078300074747D3FB708103E6E907D3F4AEC0C3E5D
:10784000CCAB7D3F86CF093E8CC67D3F6EB2063EF7
:10785000B1E07D3F0295033E38FA7D3F4577003E1B
:1078600024137E3F73B2FA3D722B7E3FC075F43D08
:1078700023437E3F7638EE3D385A7E3F9AFAE73D05
:10788000B0707E3F2EBCE13D8B867E3F377DDB3D79
:10789000C99B7E3FB93DD53D69B07E3FB7FDCE3D2A
:1078A0006DC47E3F36BDC83DD4D77E3F397CC23DD6
:1078B0009DEA7E3FC33ABC3DC9FC7E3FDAF8B53D48
:1078C000580E7F3F80B6AF3D491F7F3FBA73A93D39
:1078D0009D2F7F3F8C30A33D543F7F3FF9EC9C3D73
:1078E0006D4E7F3F05A9963DE95C7F3FB464903DB6
:1078F000C76A7F3F0A208A3D08787F3F0ADB833DC5
:10790000AB847F3F742B7B3DB1907F3F38A06E3DB1
:10791000189C7F3F6814623DE3A67F3F0E88553D6B
:107920000FB17F3F2FFB483D9EBA7F3FD56D3C3D59
:107930008FC37F3F07E02F3DE2CB7F3FCC51233DFC
:1079400098D37F3F2CC3163DAFDA7F3F2F340A3DDB
:1079500029E17F3FB949FB3C05E77F3F7B2AE23CB9
:1079600043EC7F3FB00AC93CE3F07F3F69EAAF3C9C
:10797000E6F47F3FB6C9963C4AF87F3F4B517B3CCB
:1079800011FB7F3F900E493C39FD7F3F59CB163CA0
:10799000C4FE7F3F890FC93BB1FF7F3FC70F493B03
:1079A0000000803F00000000B1FF7F3FC70F49BBD0
:1079B000C4FE7F3F890FC9BB39FD7F3F59CB16BC41
:1079C00011FB7F3F900E49BC4AF87F3F4B517BBC77
:1079D000E6F47F3FB6C996BCE3F07F3F69EAAFBCEF
:1079E00043EC7F3FB00AC9BC05E77F3F7B2AE2BC7E
:1079F00029E17F3FB949FBBCAFDA7F3F2F340ABD95
:107A000098D37F3F2CC316BDE2CB7F3FCC5123BD23
:107A10008FC37F3F07E02FBD9EBA7F3FD56D3CBD32
:107A20000FB17F3F2FFB48BDE3A67F3F0E8855BDBA
:107A3000189C7F3F681462BDB1907F3F38A06EBD37
:107A4000AB847F3F742B7BBD08787F3F0ADB83BD0F
:107A5000C76A7F3F0A208ABDE95C7F3FB46490BD5E
:107A60006D4E7F3F05A996BD543F7F3FF9EC9CBD0D
:107A70009D2F7F3F8C30A3BD491F7F3FBA73A9BDA7
:107A8000580E7F3F80B6AFBDC9FC7E3FDAF8B5BD6A
:107A90009DEA7E3FC33ABCBDD4D77E3F397CC2BD90
:107AA0006DC47E3F36BDC8BD69B07E3FB7FDCEBD5B
:107AB000C99B7E3FB93DD5BD8B867E3F377DDBBD03
:107AC000B0707E3F2EBCE1BD385A7E3F9AFAE7BDCA
:107AD00023437E3F7638EEBD722B7E3FC075F4BDEA
:107AE00024137E3F73B2FABD38FA7D3F457700BE5E
:107AF000B1E07D3F029503BE8CC67D3F6EB206BEEF
:107B0000CCAB7D3F86CF09BE6E907D3F4AEC0CBE6C
:107B100074747D3FB70810BEDE577D3FCA2413BE84
:107B2000AC3A7D3F834016BEDD1C7D3FE05B19BE55
:107B300073FE7C3FDE761CBE6CDF7C3F7B911FBEFC
:107B4000C9BF7C3FB6AB22BE8A9F7C3F8CC525BE99
:107B5000B07E7C3FFCDE28BE3A5D7C3F04F82BBE45
:107B6000283B7C3FA2102FBE7A187C3FD42832BE1F
:107B700031F57B3F984035BE4DD17B3FEC5738BE49
:107B8000CDAC7B3FCF6E3BBEB2877B3F3E853EBEDA
:107B9000FC617B3F379B41BEAB3B7B3FB9B044BEF2
:107BA000BE147B3FC2C547BE37ED7A3F4FDA4ABEAF
:107BB00016C57A3F60EE4DBE599C7A3FF10151BE29
:107BC00002737A3F011554BE10497A3F8F2757BE82
:107BD000841E7A3F97395ABE5EF3793F1A4B5DBED9
:107BE0009DC7793F135C60BE439B793F836C63BE46
:107BF0004E6E793F667C66BEC040793FBA8B69BEE7
:107C00009812793F7F9A6CBED6E3783FB2A86FBED8
:107C10007BB4783F51B672BE8684783F5AC375BE36
:107C2000F853783FCCCF78BED122783FA4DB7BBE1F
:107C300010F1773FE1E67EBEB7BE773FC0F880BE69
:107C4000C58B773FC07D82BE3A58773F700284BEB5
:107C50001724773FCE8685BE5BEF763FDA0A87BE74
:107C600007BA763F938E88BE1B84763FF8118ABE92
:107C7000974D763F07958BBE7A16763FC0178DBE1F
:107C8000C6DE753F229A8EBE7BA6753F2C1C90BE29
:107C9000976D753FDD9D91BE1D34753F351F93BEB9
:107CA0000BFA743F31A094BE62BF743FD22096BEDF
:107CB0002284743F17A197BE4B48743FFE2099BEA3
:107CC000DD0B743F86A09ABED9CE733FAF1F9CBE1A
:107CD0003F91733F789E9DBE0E53733FDF1C9FBE46
:107CE0004714733FE59AA0BEEBD4723F8718A2BE3B
:107CF000F894723FC595A3BE7054723F9F12A5BE03
:107D00005213723F128FA6BE9FD1713F1F0BA8BEA8
:107D1000578F713FC486A9BE7A4C713F0102ABBE3A
:107D20000809713FD47CACBE02C5703F3CF7ADBEC4
:107D30006680703F3A71AFBE373B703FCBEAB0BE52
:107D400073F56F3FEF63B2BE1BAF6F3FA5DCB3BEF1
:107D500030686F3FEC54B5BEB0206F3FC3CCB6BEA9
:107D60009ED86E3F2A44B8BEF88F6E3F1EBBB9BE88
:107D7000BE466E3FA031BBBEF2FC6D3FAFA7BCBE9E
:107D800093B26D3F4A1DBEBEA1676D3F6F92BFBEED
:107D90001D1C6D3F1E07C1BE07D06C3F557BC2BE88
:107DA0005E836C3F15EFC3BE24366C3F5C62C5BE7C
:107DB00058E86B3F29D5C6BEFB996B3F7C47C8BED0
:107DC0000C4B6B3F53B9C9BE8CFB6A3FAE2ACBBE8E
:107DD0007BAB6A3F8B9BCCBED95A6A3FEA0BCEBEC7
:107DE000A7096A3FCA7BCFBEE4B7693F2AEBD0BE82
:107DF0009165693F095AD2BEAE12693F67C8D3BECA
:107E00003CBF683F4136D5BE396B683F99A3D6BEAB
:107E1000A816683F6B10D8BE87C1673FB97CD9BE32
:107E2000D86B673F80E8DABE9915673FC153DCBE67
:107E3000CCBE663F79BEDDBE7167663FA928DFBE56
:107E4000880F663F4F92E0BE10B7653F6AFBE1BE08
:107E50000B5E653FFA63E3BE7904653FFECBE4BE8B
:107E600059AA643F7533E6BEAC4F643F5D9AE7BEE6
:107E700073F4633FB700E9BEAC98633F8166EABE26
:107E80005A3C633FBBCBEBBE7BDF623F6330EDBE52
:107E90001082623F7994EEBE1A24623FFBF7EFBE78
:107EA00098C5613FEA5AF1BE8A66613F43BDF2BEA2
:107EB000F206613F071FF4BECFA6603F3580F5BED6
:107EC0002146603FCBE0F6BEE9E45F3FC840F8BE24
:107ED00027835F3F2DA0F9BEDB205F3FF7FEFABE90
:107EE00005BE5E3F275DFCBEA65A5E3FBBBAFDBE27
:107EF000BEF65D3FB217FFBE4D925D3F063A00BF32
:107F0000532D5D3FE4E700BFD1C75C3F739501BFD0
:107F1000C7615C3FB14202BF34FB5B3F9FEF02BFD2
:107F20001A945B3F3D9C03BF792C5B3F894804BF9B
:107F300050C45A3F84F404BFA05B5A3F2CA005BF35
:107F40006AF2593F824B06BFAD88593F86F606BF9D
:107F50006A1E593F36A107BFA1B3583F924B08BFD5
:107F60005348583F9BF508BF7FDC573F4E9F09BFE2
:107F70002670573FAD480ABF4803573FB7F10ABFC5
:107F8000E595563F6B9A0BBFFE27563FC9420CBF83
:107F900093B9553FD0EA0CBFA44A553F81920DBF1B
:107FA00031DB543FDA390EBF3B6B543FDBE00EBF91
:107FB000C3FA533F84870FBFC789533FD52D10BFE6
:107FC0004918533FCDD310BF49A6523F6B7911BF1B
:107FD000C633523FB01E12BFC2C0513F9AC312BF38
:107FE0003D4D513F2A6813BF37D9503F5F0C14BF36
:107FF000AF64503F39B014BFA8EF4F3FB75315BF20
:108000001F7A4F3FD9F615BF17044F3F9F9916BFF0
:10801000908D4E3F073C17BF89164E3F12DE17BFAB
:10802000029F4D3FC07F18BFFD264D3F0F2119BF56
:1080300079AE4C3F00C219BF78354C3F93621ABFEE
:10804000F8BB4B3FC6021BBFFA414B3F99A21BBF77
:108050007FC74A3F0C421CBF874C4A3F1FE11CBFF1
:1080600012D1493FD17F1DBF2155493F221E1EBF5E
:10807000B3D8483F12BC1EBFCA5B483F9F591FBFC1
:1080800065DE473FCBF61FBF8560473F939320BF18
:108090002AE2463FF92F21BF5463463FFBCB21BF65
:1080A00003E4453F996722BF3964453FD30223BFAC
:1080B000F5E3443FA99D23BF3763443F1A3824BFEB
:1080C00000E2433F25D224BF5160433FCB6B25BF25
:1080D00029DE423F0A0526BF895B423FE39D26BF5A
:1080E00070D8413F563627BFE154413F61CE27BF8C
:1080F000DAD0403F056628BF5C4C403F41FD28BFB9
:1081000067C73F3F159429BFFC413F3F802A2ABFE4
:108110001BBC3E3F82C02ABFC5353E3F1B562BBF0E
:10812000F9AE3D3F4AEB2BBFB8273D3F0F802CBF38
:1081300003A03C3F69142DBFD9173C3F59A82DBF60
:108140003B8F3B3FDE3B2EBF29063B3FF7CE2EBF8A
:10815000A47C3A3FA5612FBFACF2393FE6F32FBFB5
:108160004268393FBB8530BF65DD383F221731BFDC
:108170001652383F1DA831BF55C6373FAA3832BF07
:10818000233A373FC9C832BF7FAD363F7A5833BF35
:108190006C20363FBCE733BFE792353F8F7634BF64
:1081A000F304353FF30435BF8F76343FE79235BF94
:1081B000BCE7333F6C2036BF7A58333F7FAD36BFC4
:1081C000C9C8323F233A37BFAA38323F55C637BFF6
:1081D0001DA8313F165238BF2217313F65DD38BF29
:1081E000BB85303F426839BFE6F32F3FACF239BF61
:1081F000A5612F3FA47C3ABFF7CE2E3F29063BBF97
:10820000DE3B2E3F3B8F3BBF59A82D3FD9173CBFCC
:1082100069142D3F03A03CBF0F802C3FB8273DBF02
:108220004AEB2B3FF9AE3DBF1B562B3FC5353EBF3A
:1082300082C02A3F1BBC3EBF802A2A3FFC413FBF71
:108240001594293F67C73FBF41FD283F5C4C40BFA5
:108250000566283FDAD040BF61CE273FE15441BFD9
:108260005636273F70D841BFE39D263F895B42BF0A
:108270000A05263F29DE42BFCB6B253F516043BF35
:1082800025D2243F00E243BF1A38243F376344BF5E
:10829000A99D233FF5E344BFD302233F396445BF83
:1082A0009967223F03E445BFFBCB213F546346BFA0
:1082B000F92F213F2AE246BF9393203F856047BFB5
:1082C000CBF61F3F65DE47BF9F591F3FCA5B48BFC4
:1082D00012BC1E3FB3D848BF221E1E3F215549BFC6
:1082E000D17F1D3F12D149BF1FE11C3F874C4ABFC0
:1082F0000C421C3F7FC74ABF99A21B3FFA414BBFAC
:10830000C6021B3FF8BB4BBF93621A3F78354CBF88
:1083100000C2193F79AE4CBF0F21193FFD264DBF5A
:10832000C07F183F029F4DBF12DE173F89164EBF18
:10833000073C173F908D4EBF9F99163F17044FBFC4
:10834000D9F6153F1F7A4FBFB753153FA8EF4FBF60
:1083500039B0143FAF6450BF5F0C143F37D950BFE2
:108360002A68133F3D4D51BF9AC3123FC2C051BF4F
:10837000B01E123FC63352BF6B79113F49A652BFA0
:10838000CDD3103F491853BFD52D103FC78953BFD8
:1083900084870F3FC3FA53BFDBE00E3F3B6B54BFF4
:1083A000DA390E3F31DB54BF81920D3FA44A55BFED
:1083B000D0EA0C3F93B955BFC9420C3FFE2756BFC8
:1083C0006B9A0B3FE59556BFB7F10A3F480357BF7D
:1083D000AD480A3F267057BF4E9F093F7FDC57BF0D
:1083E0009BF5083F534858BF924B083FA1B358BF75
:1083F00036A1073F6A1E59BF86F6063FAD8859BFB2
:10840000824B063F6AF259BF2CA0053FA05B5ABFC2
:1084100084F4043F50C45ABF8948043F792C5BBFA1
:108420003D9C033F1A945BBF9FEF023F34FB5BBF51
:10843000B142023FC7615CBF7395013FD1C75CBFCA
:10844000E4E7003F532D5DBF063A003F4D925DBF0C
:10845000B217FF3EBEF65DBFBBBAFD3EA65A5EBF79
:10846000275DFC3E05BE5EBFF7FEFA3EDB205FBF28
:108470002DA0F93E27835FBFC840F83EE9E45FBF07
:10848000CBE0F63E214660BF3580F53ECFA660BF0B
:10849000071FF43EF20661BF43BDF23E8A6661BF2C
:1084A000EA5AF13E98C561BFFBF7EF3E1A2462BF5E
:1084B0007994EE3E108262BF6330ED3E7BDF62BF97
:1084C000BBCBEB3E5A3C63BF8166EA3EAC9863BFD0
:1084D000B700E93E73F463BF5D9AE73EAC4F64BFFB
:1084E0007533E63E59AA64BFFECBE43E790465BF0E
:1084F000FA63E33E0B5E65BF6AFBE13E10B765BF02
:108500004F92E03E880F66BFA928DF3E716766BFC5
:1085100079BEDD3ECCBE66BFC153DC3E991567BF58
:1085200080E8DA3ED86B67BFB97CD93E87C167BFA8
:108530006B10D83EA81668BF99A3D63E396B68BFAA
:108540004136D53E3CBF68BF67C8D33EAE1269BF57
:10855000095AD23E916569BF2AEBD03EE4B769BFA4
:10856000CA7BCF3EA7096ABFEA0BCE3ED95A6ABF83
:108570008B9BCC3E7BAB6ABFAE2ACB3E8CFB6ABFEB
:1085800053B9C93E0C4B6BBF7C47C83EFB996BBFD0
:1085900029D5C63E58E86BBF5C62C53E24366CBF29
:1085A00015EFC33E5E836CBF557BC23E07D06CBFE8
:1085B0001E07C13E1D1C6DBF6F92BF3EA1676DBF00
:1085C0004A1DBE3E93B26DBFAFA7BC3EF2FC6DBF6D
:1085D000A031BB3EBE466EBF1EBBB93EF88F6EBF1C
:1085E0002A44B83E9ED86EBFC3CCB63EB0206FBF03
:1085F000EC54B53E30686FBFA5DCB33E1BAF6FBF18
:10860000EF63B23E73F56FBFCBEAB03E373B70BF4E
:108610003A71AF3E668070BF3CF7AD3E02C570BF99
:10862000D47CAC3E080971BF0102AB3E7A4C71BFED
:10863000C486A93E578F71BF1F0BA83E9FD171BF43
:10864000128FA63E521372BF9F12A53E705472BF86
:10865000C595A33EF89472BF8718A23EEBD472BFB3
:10866000E59AA03E471473BFDF1C9F3E0E5373BFB5
:10867000789E9D3E3F9173BFAF1F9C3ED9CE73BF86
:1086800086A09A3EDD0B74BFFE20993E4B4874BF16
:1086900017A1973E228474BFD220963E62BF74BF5A
:1086A00031A0943E0BFA74BF351F933E1D3475BF45
:1086B000DD9D913E976D75BF2C1C903E7BA675BFCE
:1086C000229A8E3EC6DE75BFC0178D3E7A1676BFE3
:1086D00007958B3E974D76BFF8118A3E1B8476BF77
:1086E000938E883E07BA76BFDA0A873E5BEF76BF85
:1086F000CE86853E172477BF7002843E3A5877BFF6
:10870000C07D823EC58B77BFC0F8803EB7BE77BFC5
:10871000E1E67E3E10F177BFA4DB7B3ED12278BF3D
:10872000CCCF783EF85378BF5AC3753E868478BF65
:1087300051B6723E7BB478BFB2A86F3ED6E378BF25
:108740007F9A6C3E981279BFBA8B693EC04079BF60
:10875000667C663E4E6E79BF836C633E439B79BFF9
:10876000135C603E9DC779BF1A4B5D3E5EF379BFD7
:1087700097395A3E841E7ABF8F27573E10497ABFD9
:108780000115543E02737ABFF101513E599C7ABFE4
:1087900060EE4D3E16C57ABF4FDA4A3E37ED7ABFDE
:1087A000C2C5473EBE147BBFB9B0443EAB3B7BBFA6
:1087B000379B413EFC617BBF3E853E3EB2877BBF1F
:1087C000CF6E3B3ECDAC7BBFEC57383E4DD17BBF2F
:1087D0009840353E31F57BBFD428323E7A187CBFB5
:1087E000A2102F3E283B7CBF04F82B3E3A5D7CBF95
:1087F000FCDE283EB07E7CBF8CC5253E8A9F7CBFB8
:10880000B6AB223EC9BF7CBF7B911F3E6CDF7CBFF5
:10881000DE761C3E73FE7CBFE05B193EDD1C7DBF37
:108820008340163EAC3A7DBFCA24133EDE577DBF5F
:10883000B708103E74747DBF4AEC0C3E6E907DBF4D
:1088400086CF093ECCAB7DBF6EB2063E8CC67DBFE7
:108850000295033EB1E07DBF4577003E38FA7DBF0B
:1088600073B2FA3D24137EBFC075F43D722B7EBFF8
:108870007638EE3D23437EBF9AFAE73D385A7EBFF5
:108880002EBCE13DB0707EBF377DDB3D8B867EBF69
:10889000B93DD53DC99B7EBFB7FDCE3D69B07EBF1A
:1088A00036BDC83D6DC47EBF397CC23DD4D77EBFC6
:1088B000C33ABC3D9DEA7EBFDAF8B53DC9FC7EBF38
:1088C00080B6AF3D580E7FBFBA73A93D491F7FBF29
:1088D0008C30A33D9D2F7FBFF9EC9C3D543F7FBF63
:1088E00005A9963D6D4E7FBFB464903DE95C7FBFA6
:1088F0000A208A3DC76A7FBF0ADB833D08787FBFB5
:10890000742B7B3DAB847FBF38A06E3DB1907FBFA1
:108910006814623D189C7FBF0E88553DE3A67FBF5B
:108920002FFB483D0FB17FBFD56D3C3D9EBA7FBF49
:1089300007E02F3D8FC37FBFCC51233DE2CB7FBFEC
:108940002CC3163D98D37FBF2F340A3DAFDA7FBFCB
:10895000B949FB3C29E17FBF7B2AE23C05E77FBFA9
:10896000B00AC93C43EC7FBF69EAAF3CE3F07FBF8C
:10897000B6C9963CE6F47FBF4B517B3C4AF87FBFBB
:10898000900E493C11FB7FBF59CB163C39FD7FBF90
:10899000890FC93BC4FE7FBFC70F493BB1FF7FBFF3
:1089A000000000000000803F890FC93BC4FE7F3FEC
:1089B000900E493C11FB7F3FB6C9963CE6F47F3FE1
:1089C000B00AC93C43EC7F3FB949FB3C29E17F3FFA
:1089D0002CC3163D98D37F3F07E02F3D8FC37F3FC9
:1089E0002FFB483D0FB17F3F6814623D189C7F3FCD
:1089F000742B7B3DAB847F3F0A208A3DC76A7F3F53
:108A000005A9963D6D4E7F3F8C30A33D9D2F7F3F46
:108A100080B6AF3D580E7F3FC33ABC3D9DEA7E3FD6
:108A200036BDC83D6DC47E3FB93DD53DC99B7E3F37
:108A30002EBCE13DB0707E3F7638EE3D23437E3F55
:108A400073B2FA3D24137E3F0295033EB1E07D3FB1
:108A500086CF093ECCAB7D3FB708103E74747D3F96
:108A60008340163EAC3A7D3FDE761C3E73FE7C3F73
:108A7000B6AB223EC9BF7C3FFCDE283EB07E7C3FC9
:108A8000A2102F3E283B7C3F9840353E31F57B3F7E
:108A9000CF6E3B3ECDAC7B3F379B413EFC617B3F85
:108AA000C2C5473EBE147B3F60EE4D3E16C57A3FC1
:108AB0000115543E02737A3F97395A3E841E7A3F1D
:108AC000135C603E9DC7793F667C663E4E6E793F83
:108AD0007F9A6C3E9812793F51B6723E7BB4783FD4
:108AE000CCCF783EF853783FE1E67E3E10F1773FF9
:108AF000C07D823EC58B773FCE86853E1724773F6B
:108B0000938E883E07BA763F07958B3E974D763F0A
:108B1000229A8E3EC6DE753FDD9D913E976D753F74
:108B200031A0943E0BFA743F17A1973E2284743F04
:108B300086A09A3EDD0B743F789E9D3E3F91733F29
:108B4000E59AA03E4714733FC595A33EF894723F43
:108B5000128FA63E5213723FC486A93E578F713FB3
:108B6000D47CAC3E0809713F3A71AF3E6680703FDD
:108B7000EF63B23E73F56F3FEC54B53E30686F3F24
:108B80002A44B83E9ED86E3FA031BB3EBE466E3FE3
:108B90004A1DBE3E93B26D3F1E07C13E1D1C6D3F78
:108BA00015EFC33E5E836C3F29D5C63E58E86B3F48
:108BB00053B9C93E0C4B6B3F8B9BCC3E7BAB6A3FA2
:108BC000CA7BCF3EA7096A3F095AD23E9165693FE9
:108BD0004136D53E3CBF683F6B10D83EA816683F73
:108BE00080E8DA3ED86B673F79BEDD3ECCBE663F9B
:108BF0004F92E03E880F663FFA63E33E0B5E653FAF
:108C00007533E63E59AA643FB700E93E73F4633F0B
:108C1000BBCBEB3E5A3C633F7994EE3E1082623F01
:108C2000EA5AF13E98C5613F071FF43EF206613FE4
:108C3000CBE0F63E2146603F2DA0F93E27835F3F03
:108C4000275DFC3E05BE5E3FB217FF3EBEF65D3FB0
:108C5000E4E7003F532D5D3FB142023FC7615C3FF7
:108C60003D9C033F1A945B3F84F4043F50C45A3F39
:108C7000824B063F6AF2593F36A1073F6A1E593FB1
:108C80009BF5083F5348583FAD480A3F2670573F71
:108C90006B9A0B3FE595563FD0EA0C3F93B9553F91
:108CA000DA390E3F31DB543F84870F3FC3FA533F1D
:108CB000CDD3103F4918533FB01E123FC633523F29
:108CC0002A68133F3D4D513F39B0143FAF64503FC8
:108CD000D9F6153F1F7A4F3F073C173F908D4E3F07
:108CE000C07F183F029F4D3F00C2193F79AE4C3FF5
:108CF000C6021B3FF8BB4B3F0C421C3F7FC74A3F9D
:108D0000D17F1D3F12D1493F12BC1E3FB3D8483F0F
:108D1000CBF61F3F65DE473FF92F213F2AE2463F52
:108D20009967223F03E4453FA99D233FF5E3443F74
:108D300025D2243F00E2433F0A05263F29DE423F79
:108D40005636273F70D8413F0566283FDAD0403F6E
:108D50001594293F67C73F3F82C02A3F1BBC3E3F57
:108D60004AEB2B3FF9AE3D3F69142D3F03A03C3F3A
:108D7000DE3B2E3F3B8F3B3FA5612F3FA47C3A3F1C
:108D8000BB85303F4268393F1DA8313F1652383FFE
:108D9000C9C8323F233A373FBCE7333F6C20363FE8
:108DA000F304353FF304353F6C20363FBCE7333FD7
:108DB000233A373FC9C8323F1652383F1DA8313FCA
:108DC0004268393FBB85303FA47C3A3FA5612F3FC5
:108DD0003B8F3B3FDE3B2E3F03A03C3F69142D3FC2
:108DE000F9AE3D3F4AEB2B3F1BBC3E3F82C02A3FC2
:108DF00067C73F3F1594293FDAD0403F0566283FBB
:108E000070D8413F5636273F29DE423F0A05263FAC
:108E100000E2433F25D2243FF5E3443FA99D233F91
:108E200003E4453F9967223F2AE2463FF92F213F5D
:108E300065DE473FCBF61F3FB3D8483F12BC1E3F0D
:108E400012D1493FD17F1D3F7FC74A3F0C421C3F93
:108E5000F8BB4B3FC6021B3F79AE4C3F00C2193FE7
:108E6000029F4D3FC07F183F908D4E3F073C173FFC
:108E70001F7A4F3FD9F6153FAF64503F39B0143FCA
:108E80003D4D513F2A68133FC633523FB01E123F3B
:108E90004918533FCDD3103FC3FA533F84870F3F48
:108EA00031DB543FDA390E3F93B9553FD0EA0C3FDE
:108EB000E595563F6B9A0B3F2670573FAD480A3FEA
:108EC0005348583F9BF5083F6A1E593F36A1073F5C
:108ED0006AF2593F824B063F50C45A3F84F4043F24
:108EE0001A945B3F3D9C033FC7615C3FB142023F28
:108EF000532D5D3FE4E7003FBEF65D3FB217FF3EF6
:108F000005BE5E3F275DFC3E27835F3F2DA0F93EF7
:108F10002146603FCBE0F63EF206613F071FF43E7C
:108F200098C5613FEA5AF13E1082623F7994EE3E65
:108F30005A3C633FBBCBEB3E73F4633FB700E93E63
:108F400059AA643F7533E63E0B5E653FFA63E33E24
:108F5000880F663F4F92E03ECCBE663F79BEDD3E55
:108F6000D86B673F80E8DA3EA816683F6B10D83EA2
:108F70003CBF683F4136D53E9165693F095AD23EB4
:108F8000A7096A3FCA7BCF3E7BAB6A3F8B9BCC3E37
:108F90000C4B6B3F53B9C93E58E86B3F29D5C63ED1
:108FA0005E836C3F15EFC33E1D1C6D3F1E07C13E27
:108FB00093B26D3F4A1DBE3EBE466E3FA031BB3EE2
:108FC0009ED86E3F2A44B83E30686F3FEC54B53EA1
:108FD00073F56F3FEF63B23E6680703F3A71AF3E0C
:108FE0000809713FD47CAC3E578F713FC486A93EBF
:108FF0005213723F128FA63EF894723FC595A33E5E
:109000004714733FE59AA03E3F91733F789E9D3E83
:10901000DD0B743F86A09A3E2284743F17A1973ED1
:109020000BFA743F31A0943E976D753FDD9D913EE4
:10903000C6DE753F229A8E3E974D763F07958B3E52
:1090400007BA763F938E883E1724773FCE86853EBB
:10905000C58B773FC07D823E10F1773FE1E67E3ED3
:10906000F853783FCCCF783E7BB4783F51B6723E10
:109070009812793F7F9A6C3E4E6E793F667C663ED1
:109080009DC7793F135C603E841E7A3F97395A3EF4
:1090900002737A3F0115543E16C57A3F60EE4D3E8D
:1090A000BE147B3FC2C5473EFC617B3F379B413EC0
:1090B000CDAC7B3FCF6E3B3E31F57B3F9840353E9C
:1090C000283B7C3FA2102F3EB07E7C3FFCDE283E3A
:1090D000C9BF7C3FB6AB223E73FE7C3FDE761C3EB2
:1090E000AC3A7D3F8340163E74747D3FB708103E16
:1090F000CCAB7D3F86CF093EB1E07D3F0295033E7C
:1091000024137E3F73B2FA3D23437E3F7638EE3D13
:10911000B0707E3F2EBCE13DC99B7E3FB93DD53D41
:109120006DC47E3F36BDC83D9DEA7E3FC33ABC3D1F
:10913000580E7F3F80B6AF3D9D2F7F3F8C30A33DC3
:109140006D4E7F3F05A9963DC76A7F3F0A208A3D45
:10915000AB847F3F742B7B3D189C7F3F6814623D3E
:109160000FB17F3F2FFB483D8FC37F3F07E02F3D6F
:1091700098D37F3F2CC3163D29E17F3FB949FB3C83
:1091800043EC7F3FB00AC93CE6F47F3FB6C9963C4A
:1091900011FB7F3F900E493CC4FE7F3F890FC93BC6
:1091A0000000803F00000000C4FE7F3F890FC9BB64
:1091B00011FB7F3F900E49BCE6F47F3FB6C996BCD9
:1091C00043EC7F3FB00AC9BC29E17F3FB949FBBCF2
:1091D00098D37F3F2CC316BD8FC37F3F07E02FBDC1
:1091E0000FB17F3F2FFB48BD189C7F3F681462BDC5
:1091F000AB847F3F742B7BBDC76A7F3F0A208ABD4B
:109200006D4E7F3F05A996BD9D2F7F3F8C30A3BD3E
:10921000580E7F3F80B6AFBD9DEA7E3FC33ABCBDCE
:109220006DC47E3F36BDC8BDC99B7E3FB93DD5BD2F
:10923000B0707E3F2EBCE1BD23437E3F7638EEBD4D
:1092400024137E3F73B2FABDB1E07D3F029503BEA9
:10925000CCAB7D3F86CF09BE74747D3FB70810BE8E
:10926000AC3A7D3F834016BE73FE7C3FDE761CBE6B
:10927000C9BF7C3FB6AB22BEB07E7C3FFCDE28BEC1
:10928000283B7C3FA2102FBE31F57B3F984035BE76
:10929000CDAC7B3FCF6E3BBEFC617B3F379B41BE7D
:1092A000BE147B3FC2C547BE16C57A3F60EE4DBEB9
:1092B00002737A3F011554BE841E7A3F97395ABE15
:1092C0009DC7793F135C60BE4E6E793F667C66BE7B
:1092D0009812793F7F9A6CBE7BB4783F51B672BECC
:1092E000F853783FCCCF78BE10F1773FE1E67EBEF1
:1092F000C58B773FC07D82BE1724773FCE8685BE63
:1093000007BA763F938E88BE974D763F07958BBE02
:10931000C6DE753F229A8EBE976D753FDD9D91BE6C
:109320000BFA743F31A094BE2284743F17A197BEFC
:10933000DD0B743F86A09ABE3F91733F789E9DBE21
:109340004714733FE59AA0BEF894723FC595A3BE3B
:109350005213723F128FA6BE578F713FC486A9BEAB
:109360000809713FD47CACBE6680703F3A71AFBED5
:1093700073F56F3FEF63B2BE30686F3FEC54B5BE1C
:109380009ED86E3F2A44B8BEBE466E3FA031BBBEDB
:1093900093B26D3F4A1DBEBE1D1C6D3F1E07C1BE70
:1093A0005E836C3F15EFC3BE58E86B3F29D5C6BE40
:1093B0000C4B6B3F53B9C9BE7BAB6A3F8B9BCCBE9A
:1093C000A7096A3FCA7BCFBE9165693F095AD2BEE1
:1093D0003CBF683F4136D5BEA816683F6B10D8BE6B
:1093E000D86B673F80E8DABECCBE663F79BEDDBE93
:1093F000880F663F4F92E0BE0B5E653FFA63E3BEA7
:1094000059AA643F7533E6BE73F4633FB700E9BE03
:109410005A3C633FBBCBEBBE1082623F7994EEBEF9
:1094200098C5613FEA5AF1BEF206613F071FF4BEDC
:109430002146603FCBE0F6BE27835F3F2DA0F9BEFB
:1094400005BE5E3F275DFCBEBEF65D3FB217FFBEA8
:10945000532D5D3FE4E700BFC7615C3FB14202BFEF
:109460001A945B3F3D9C03BF50C45A3F84F404BF31
:109470006AF2593F824B06BF6A1E593F36A107BFA9
:109480005348583F9BF508BF2670573FAD480ABF69
:10949000E595563F6B9A0BBF93B9553FD0EA0CBF89
:1094A00031DB543FDA390EBFC3FA533F84870FBF15
:1094B0004918533FCDD310BFC633523FB01E12BF21
:1094C0003D4D513F2A6813BFAF64503F39B014BFC0
:1094D0001F7A4F3FD9F615BF908D4E3F073C17BFFF
:1094E000029F4D3FC07F18BF79AE4C3F00C219BFED
:1094F000F8BB4B3FC6021BBF7FC74A3F0C421CBF95
:1095000012D1493FD17F1DBFB3D8483F12BC1EBF07
:1095100065DE473FCBF61FBF2AE2463FF92F21BF4A
:1095200003E4453F996722BFF5E3443FA99D23BF6C
:1095300000E2433F25D224BF29DE423F0A0526BF71
:1095400070D8413F563627BFDAD0403F056628BF66
:1095500067C73F3F159429BF1BBC3E3F82C02ABF4F
:10956000F9AE3D3F4AEB2BBF03A03C3F69142DBF32
:109570003B8F3B3FDE3B2EBFA47C3A3FA5612FBF14
:109580004268393FBB8530BF1652383F1DA831BFF6
:10959000233A373FC9C832BF6C20363FBCE733BFE0
:1095A000F304353FF30435BFBCE7333F6C2036BFCF
:1095B000C9C8323F233A37BF1DA8313F165238BFC2
:1095C000BB85303F426839BFA5612F3FA47C3ABFBD
:1095D000DE3B2E3F3B8F3BBF69142D3F03A03CBFBA
:1095E0004AEB2B3FF9AE3DBF82C02A3F1BBC3EBFBA
:1095F0001594293F67C73FBF0566283FDAD040BFB3
:109600005636273F70D841BF0A05263F29DE42BFA4
:1096100025D2243F00E243BFA99D233FF5E344BF89
:109620009967223F03E445BFF92F213F2AE246BF55
:10963000CBF61F3F65DE47BF12BC1E3FB3D848BF05
:10964000D17F1D3F12D149BF0C421C3F7FC74ABF8B
:10965000C6021B3FF8BB4BBF00C2193F79AE4CBFDF
:10966000C07F183F029F4DBF073C173F908D4EBFF4
:10967000D9F6153F1F7A4FBF39B0143FAF6450BFC2
:109680002A68133F3D4D51BFB01E123FC63352BF33
:10969000CDD3103F491853BF84870F3FC3FA53BF40
:1096A000DA390E3F31DB54BFD0EA0C3F93B955BFD6
:1096B0006B9A0B3FE59556BFAD480A3F267057BFE2
:1096C0009BF5083F534858BF36A1073F6A1E59BF54
:1096D000824B063F6AF259BF84F4043F50C45ABF1C
:1096E0003D9C033F1A945BBFB142023FC7615CBF20
:1096F000E4E7003F532D5DBFB217FF3EBEF65DBFEE
:10970000275DFC3E05BE5EBF2DA0F93E27835FBFEF
:10971000CBE0F63E214660BF071FF43EF20661BF74
:10972000EA5AF13E98C561BF7994EE3E108262BF5D
:10973000BBCBEB3E5A3C63BFB700E93E73F463BF5B
:109740007533E63E59AA64BFFA63E33E0B5E65BF1C
:109750004F92E03E880F66BF79BEDD3ECCBE66BF4D
:1097600080E8DA3ED86B67BF6B10D83EA81668BF9A
:109770004136D53E3CBF68BF095AD23E916569BFAC
:10978000CA7BCF3EA7096ABF8B9BCC3E7BAB6ABF2F
:1097900053B9C93E0C4B6BBF29D5C63E58E86BBFC9
:1097A00015EFC33E5E836CBF1E07C13E1D1C6DBF1F
:1097B0004A1DBE3E93B26DBFA031BB3EBE466EBFDA
:1097C0002A44B83E9ED86EBFEC54B53E30686FBF99
:1097D000EF63B23E73F56FBF3A71AF3E668070BF04
:1097E000D47CAC3E080971BFC486A93E578F71BFB7
:1097F000128FA63E521372BFC595A33EF89472BF56
:10980000E59AA03E471473BF789E9D3E3F9173BF7B
:1098100086A09A3EDD0B74BF17A1973E228474BFC9
:1098200031A0943E0BFA74BFDD9D913E976D75BFDC
:10983000229A8E3EC6DE75BF07958B3E974D76BF4A
:10984000938E883E07BA76BFCE86853E172477BFB3
:10985000C07D823EC58B77BFE1E67E3E10F177BFCB
:10986000CCCF783EF85378BF51B6723E7BB478BF08
:109870007F9A6C3E981279BF667C663E4E6E79BFC9
:10988000135C603E9DC779BF97395A3E841E7ABFEC
:109890000115543E02737ABF60EE4D3E16C57ABF85
:1098A000C2C5473EBE147BBF379B413EFC617BBFB8
:1098B000CF6E3B3ECDAC7BBF9840353E31F57BBF94
:1098C000A2102F3E283B7CBFFCDE283EB07E7CBF32
:1098D000B6AB223EC9BF7CBFDE761C3E73FE7CBFAA
:1098E0008340163EAC3A7DBFB708103E74747DBF0E
:1098F00086CF093ECCAB7DBF0295033EB1E07DBF74
:1099000073B2FA3D24137EBF7638EE3D23437EBF0B
:109910002EBCE13DB0707EBFB93DD53DC99B7EBF39
:1099200036BDC83D6DC47EBFC33ABC3D9DEA7EBF17
:1099300080B6AF3D580E7FBF8C30A33D9D2F7FBFBB
:1099400005A9963D6D4E7FBF0A208A3DC76A7FBF3D
:10995000742B7B3DAB847FBF6814623D189C7FBF36
:109960002FFB483D0FB17FBF07E02F3D8FC37FBF67
:109970002CC3163D98D37FBFB949FB3C29E17FBF7B
:10998000B00AC93C43EC7FBFB6C9963CE6F47FBF42
:10999000900E493C11FB7FBF890FC93BC4FE7FBFBE
:1099A000000000000000803F900E493C11FB7F3F0B
:1099B000B00AC93C43EC7F3F2CC3163D98D37F3F90
:1099C0002FFB483D0FB17F3F742B7B3DAB847F3F26
:1099D00005A9963D6D4E7F3F80B6AF3D580E7F3F47
:1099E00036BDC83D6DC47E3F2EBCE13DB0707E3FAC
:1099F00073B2FA3D24137E3F86CF093ECCAB7D3F48
:109A00008340163EAC3A7D3FB6AB223EC9BF7C3F99
:109A1000A2102F3E283B7C3FCF6E3B3ECDAC7B3F20
:109A2000C2C5473EBE147B3F0115543E02737A3FC8
:109A3000135C603E9DC7793F7F9A6C3E9812793FD8
:109A4000CCCF783EF853783FC07D823EC58B773FC0
:109A5000938E883E07BA763F229A8E3EC6DE753FC9
:109A600031A0943E0BFA743F86A09A3EDD0B743F02
:109A7000E59AA03E4714733F128FA63E5213723FE1
:109A8000D47CAC3E0809713FEF63B23E73F56F3F83
:109A90002A44B83E9ED86E3F4A1DBE3E93B26D3FEB
:109AA00015EFC33E5E836C3F53B9C93E0C4B6B3F11
:109AB000CA7BCF3EA7096A3F4136D53E3CBF683FCF
:109AC00080E8DA3ED86B673F4F92E03E880F663FF2
:109AD0007533E63E59AA643FBBCBEB3E5A3C633F2D
:109AE000EA5AF13E98C5613FCBE0F63E2146603F21
:109AF000275DFC3E05BE5E3FE4E7003F532D5D3F22
:109B00003D9C033F1A945B3F824B063F6AF2593FEC
:109B10009BF5083F5348583F6B9A0B3FE595563FDE
:109B2000DA390E3F31DB543FCDD3103F4918533F54
:109B30002A68133F3D4D513FD9F6153F1F7A4F3FDD
:109B4000C07F183F029F4D3FC6021B3FF8BB4B3FF3
:109B5000D17F1D3F12D1493FCBF61F3F65DE473F06
:109B60009967223F03E4453F25D2243F00E2433F6B
:109B70005636273F70D8413F1594293F67C73F3F6E
:109B80004AEB2B3FF9AE3D3FDE3B2E3F3B8F3B3F49
:109B9000BB85303F4268393FC9C8323F233A373F1F
:109BA000F304353FF304353F233A373FC9C8323F0A
:109BB0004268393FBB85303F3B8F3B3FDE3B2E3F0A
:109BC000F9AE3D3F4AEB2B3F67C73F3F1594293F16
:109BD00070D8413F5636273F00E2433F25D2243F0D
:109BE00003E4453F9967223F65DE473FCBF61F3FC1
:109BF00012D1493FD17F1D3FF8BB4B3FC6021B3FEF
:109C0000029F4D3FC07F183F1F7A4F3FD9F6153F47
:109C10003D4D513F2A68133F4918533FCDD3103F64
:109C200031DB543FDA390E3FE595563F6B9A0B3FD7
:109C30005348583F9BF5083F6AF2593F824B063F15
:109C40001A945B3F3D9C033F532D5D3FE4E7003F8B
:109C500005BE5E3F275DFC3E2146603FCBE0F63E01
:109C600098C5613FEA5AF13E5A3C633FBBCBEB3E9D
:109C700059AA643F7533E63E880F663F4F92E03E37
:109C8000D86B673F80E8DA3E3CBF683F4136D53E3F
:109C9000A7096A3FCA7BCF3E0C4B6B3F53B9C93E05
:109CA0005E836C3F15EFC33E93B26D3F4A1DBE3ECF
:109CB0009ED86E3F2A44B83E73F56F3FEF63B23EC5
:109CC0000809713FD47CAC3E5213723F128FA63EFE
:109CD0004714733FE59AA03EDD0B743F86A09A3E81
:109CE0000BFA743F31A0943EC6DE753F229A8E3E39
:109CF00007BA763F938E883EC58B773FC07D823E04
:109D0000F853783FCCCF783E9812793F7F9A6C3EDB
:109D10009DC7793F135C603E02737A3F0115543E44
:109D2000BE147B3FC2C5473ECDAC7B3FCF6E3B3EB2
:109D3000283B7C3FA2102F3EC9BF7C3FB6AB223EE2
:109D4000AC3A7D3F8340163ECCAB7D3F86CF093E8B
:109D500024137E3F73B2FA3DB0707E3F2EBCE13DCE
:109D60006DC47E3F36BDC83D580E7F3F80B6AF3DC7
:109D70006D4E7F3F05A9963DAB847F3F742B7B3DA5
:109D80000FB17F3F2FFB483D98D37F3F2CC3163D3B
:109D900043EC7F3FB00AC93C11FB7F3F900E493C2A
:109DA0000000803F0000000011FB7F3F900E49BC87
:109DB00043EC7F3FB00AC9BC98D37F3F2CC316BD8C
:109DC0000FB17F3F2FFB48BDAB847F3F742B7BBD22
:109DD0006D4E7F3F05A996BD580E7F3F80B6AFBD43
:109DE0006DC47E3F36BDC8BDB0707E3F2EBCE1BDA8
:109DF00024137E3F73B2FABDCCAB7D3F86CF09BE44
:109E0000AC3A7D3F834016BEC9BF7C3FB6AB22BE95
:109E1000283B7C3FA2102FBECDAC7B3FCF6E3BBE1C
:109E2000BE147B3FC2C547BE02737A3F011554BEC4
:109E30009DC7793F135C60BE9812793F7F9A6CBED4
:109E4000F853783FCCCF78BEC58B773FC07D82BEBC
:109E500007BA763F938E88BEC6DE753F229A8EBEC5
:109E60000BFA743F31A094BEDD0B743F86A09ABEFE
:109E70004714733FE59AA0BE5213723F128FA6BEDD
:109E80000809713FD47CACBE73F56F3FEF63B2BE7F
:109E90009ED86E3F2A44B8BE93B26D3F4A1DBEBEE7
:109EA0005E836C3F15EFC3BE0C4B6B3F53B9C9BE0D
:109EB000A7096A3FCA7BCFBE3CBF683F4136D5BECB
:109EC000D86B673F80E8DABE880F663F4F92E0BEEE
:109ED00059AA643F7533E6BE5A3C633FBBCBEBBE29
:109EE00098C5613FEA5AF1BE2146603FCBE0F6BE1D
:109EF00005BE5E3F275DFCBE532D5D3FE4E700BF1E
:109F00001A945B3F3D9C03BF6AF2593F824B06BFE8
:109F10005348583F9BF508BFE595563F6B9A0BBFDA
:109F200031DB543FDA390EBF4918533FCDD310BF50
:109F30003D4D513F2A6813BF1F7A4F3FD9F615BFD9
:109F4000029F4D3FC07F18BFF8BB4B3FC6021BBFEF
:109F500012D1493FD17F1DBF65DE473FCBF61FBF02
:109F600003E4453F996722BF00E2433F25D224BF67
:109F700070D8413F563627BF67C73F3F159429BF6A
:109F8000F9AE3D3F4AEB2BBF3B8F3B3FDE3B2EBF45
:109F90004268393FBB8530BF233A373FC9C832BF1B
:109FA000F304353FF30435BFC9C8323F233A37BF06
:109FB000BB85303F426839BFDE3B2E3F3B8F3BBF06
:109FC0004AEB2B3FF9AE3DBF1594293F67C73FBF12
:109FD0005636273F70D841BF25D2243F00E243BF09
:109FE0009967223F03E445BFCBF61F3F65DE47BFBD
:109FF000D17F1D3F12D149BFC6021B3FF8BB4BBFEB
:10A00000C07F183F029F4DBFD9F6153F1F7A4FBF43
:10A010002A68133F3D4D51BFCDD3103F491853BF60
:10A02000DA390E3F31DB54BF6B9A0B3FE59556BFD3
:10A030009BF5083F534858BF824B063F6AF259BF11
:10A040003D9C033F1A945BBFE4E7003F532D5DBF87
:10A05000275DFC3E05BE5EBFCBE0F63E214660BFFD
:10A06000EA5AF13E98C561BFBBCBEB3E5A3C63BF99
:10A070007533E63E59AA64BF4F92E03E880F66BF33
:10A0800080E8DA3ED86B67BF4136D53E3CBF68BF3B
:10A09000CA7BCF3EA7096ABF53B9C93E0C4B6BBF01
:10A0A00015EFC33E5E836CBF4A1DBE3E93B26DBFCB
:10A0B0002A44B83E9ED86EBFEF63B23E73F56FBFC1
:10A0C000D47CAC3E080971BF128FA63E521372BFFA
:10A0D000E59AA03E471473BF86A09A3EDD0B74BF7D
:10A0E00031A0943E0BFA74BF229A8E3EC6DE75BF35
:10A0F000938E883E07BA76BFC07D823EC58B77BF00
:10A10000CCCF783EF85378BF7F9A6C3E981279BFD7
:10A11000135C603E9DC779BF0115543E02737ABF40
:10A12000C2C5473EBE147BBFCF6E3B3ECDAC7BBFAE
:10A13000A2102F3E283B7CBFB6AB223EC9BF7CBFDE
:10A140008340163EAC3A7DBF86CF093ECCAB7DBF87
:10A1500073B2FA3D24137EBF2EBCE13DB0707EBFCA
:10A1600036BDC83D6DC47EBF80B6AF3D580E7FBFC3
:10A1700005A9963D6D4E7FBF742B7B3DAB847FBFA1
:10A180002FFB483D0FB17FBF2CC3163D98D37FBF37
:10A19000B00AC93C43EC7FBF900E493C11FB7FBF26
:10A1A000000000000000803FB00AC93C43EC7F3F44
:10A1B0002FFB483D0FB17F3F05A9963D6D4E7F3F78
:10A1C00036BDC83D6DC47E3F73B2FA3D24137E3F59
:10A1D0008340163EAC3A7D3FA2102F3E283B7C3F89
:10A1E000C2C5473EBE147B3F135C603E9DC7793FAE
:10A1F000CCCF783EF853783F938E883E07BA763FAF
:10A2000031A0943E0BFA743FE59AA03E4714733F89
:10A21000D47CAC3E0809713F2A44B83E9ED86E3FBC
:10A2200015EFC33E5E836C3FCA7BCF3EA7096A3FF2
:10A2300080E8DA3ED86B673F7533E63E59AA643F43
:10A24000EA5AF13E98C5613F275DFC3E05BE5E3F80
:10A250003D9C033F1A945B3F9BF5083F5348583F92
:10A26000DA390E3F31DB543F2A68133F3D4D513FF1
:10A27000C07F183F029F4D3FD17F1D3F12D1493F04
:10A280009967223F03E4453F5636273F70D8413F48
:10A290004AEB2B3FF9AE3D3FBB85303F4268393F2B
:10A2A000F304353FF304353F4268393FBB85303F07
:10A2B000F9AE3D3F4AEB2B3F70D8413F5636273F22
:10A2C00003E4453F9967223F12D1493FD17F1D3FAB
:10A2D000029F4D3FC07F183F3D4D513F2A68133FBD
:10A2E00031DB543FDA390E3F5348583F9BF5083F66
:10A2F0001A945B3F3D9C033F05BE5E3F275DFC3EDD
:10A3000098C5613FEA5AF13E59AA643F7533E63E6B
:10A31000D86B673F80E8DA3EA7096A3FCA7BCF3E29
:10A320005E836C3F15EFC33E9ED86E3F2A44B83E15
:10A330000809713FD47CAC3E4714733FE59AA03EB8
:10A340000BFA743F31A0943E07BA763F938E883E55
:10A35000F853783FCCCF783E9DC7793F135C603E81
:10A36000BE147B3FC2C5473E283B7C3FA2102F3E18
:10A37000AC3A7D3F8340163E24137E3F73B2FA3DD4
:10A380006DC47E3F36BDC83D6D4E7F3F05A9963DED
:10A390000FB17F3F2FFB483D43EC7F3FB00AC93CE4
:10A3A0000000803F0000000043EC7F3FB00AC9BCC2
:10A3B0000FB17F3F2FFB48BD6D4E7F3F05A996BD76
:10A3C0006DC47E3F36BDC8BD24137E3F73B2FABD57
:10A3D000AC3A7D3F834016BE283B7C3FA2102FBE87
:10A3E000BE147B3FC2C547BE9DC7793F135C60BEAC
:10A3F000F853783FCCCF78BE07BA763F938E88BEAD
:10A400000BFA743F31A094BE4714733FE59AA0BE87
:10A410000809713FD47CACBE9ED86E3F2A44B8BEBA
:10A420005E836C3F15EFC3BEA7096A3FCA7BCFBEF0
:10A43000D86B673F80E8DABE59AA643F7533E6BE41
:10A4400098C5613FEA5AF1BE05BE5E3F275DFCBE7E
:10A450001A945B3F3D9C03BF5348583F9BF508BF90
:10A4600031DB543FDA390EBF3D4D513F2A6813BFEF
:10A47000029F4D3FC07F18BF12D1493FD17F1DBF02
:10A4800003E4453F996722BF70D8413F563627BF46
:10A49000F9AE3D3F4AEB2BBF4268393FBB8530BF29
:10A4A000F304353FF30435BFBB85303F426839BF05
:10A4B0004AEB2B3FF9AE3DBF5636273F70D841BF20
:10A4C0009967223F03E445BFD17F1D3F12D149BFA9
:10A4D000C07F183F029F4DBF2A68133F3D4D51BFBB
:10A4E000DA390E3F31DB54BF9BF5083F534858BF64
:10A4F0003D9C033F1A945BBF275DFC3E05BE5EBFDB
:10A50000EA5AF13E98C561BF7533E63E59AA64BF69
:10A5100080E8DA3ED86B67BFCA7BCF3EA7096ABF27
:10A5200015EFC33E5E836CBF2A44B83E9ED86EBF13
:10A53000D47CAC3E080971BFE59AA03E471473BFB6
:10A5400031A0943E0BFA74BF938E883E07BA76BF53
:10A55000CCCF783EF85378BF135C603E9DC779BF7F
:10A56000C2C5473EBE147BBFA2102F3E283B7CBF16
:10A570008340163EAC3A7DBF73B2FA3D24137EBFD2
:10A5800036BDC83D6DC47EBF05A9963D6D4E7FBFEB
:10A590002FFB483D0FB17FBFB00AC93C43EC7FBFE2
:10A5A000000000000000803F2FFB483D0FB17F3FBF
:10A5B00036BDC83D6DC47E3F8340163EAC3A7D3FFC
:10A5C000C2C5473EBE147B3FCCCF783EF853783FA0
:10A5D00031A0943E0BFA743FD47CAC3E0809713F25
:10A5E00015EFC33E5E836C3F80E8DA3ED86B673F71
:10A5F000EA5AF13E98C5613F3D9C033F1A945B3F88
:10A60000DA390E3F31DB543FC07F183F029F4D3F88
:10A610009967223F03E4453F4AEB2B3FF9AE3D3FAC
:10A62000F304353FF304353FF9AE3D3F4AEB2B3F92
:10A6300003E4453F9967223F029F4D3FC07F183F8B
:10A6400031DB543FDA390E3F1A945B3F3D9C033FA8
:10A6500098C5613FEA5AF13ED86B673F80E8DA3E21
:10A660005E836C3F15EFC33E0809713FD47CAC3E5E
:10A670000BFA743F31A0943EF853783FCCCF783E2C
:10A68000BE147B3FC2C5473EAC3A7D3F8340163E79
:10A690006DC47E3F36BDC83D0FB17F3F2FFB483DA7
:10A6A0000000803F000000000FB17F3F2FFB48BD3E
:10A6B0006DC47E3F36BDC8BDAC3A7D3F834016BEFB
:10A6C000BE147B3FC2C547BEF853783FCCCF78BE9F
:10A6D0000BFA743F31A094BE0809713FD47CACBE24
:10A6E0005E836C3F15EFC3BED86B673F80E8DABE70
:10A6F00098C5613FEA5AF1BE1A945B3F3D9C03BF87
:10A7000031DB543FDA390EBF029F4D3FC07F18BF87
:10A7100003E4453F996722BFF9AE3D3F4AEB2BBFAB
:10A72000F304353FF30435BF4AEB2B3FF9AE3DBF91
:10A730009967223F03E445BFC07F183F029F4DBF8A
:10A74000DA390E3F31DB54BF3D9C033F1A945BBFA7
:10A75000EA5AF13E98C561BF80E8DA3ED86B67BF20
:10A7600015EFC33E5E836CBFD47CAC3E080971BF5D
:10A7700031A0943E0BFA74BFCCCF783EF85378BF2B
:10A78000C2C5473EBE147BBF8340163EAC3A7DBF78
:10A7900036BDC83D6DC47EBF2FFB483D0FB17FBFA6
:10A7A000000000000000803F36BDC83D6DC47E3F04
:10A7B000C2C5473EBE147B3F31A0943E0BFA743FA6
:10A7C00015EFC33E5E836C3FEA5AF13E98C5613F88
:10A7D000DA390E3F31DB543F9967223F03E4453FAE
:10A7E000F304353FF304353F03E4453F9967223FC7
:10A7F00031DB543FDA390E3F98C5613FEA5AF13EEA
:10A800005E836C3F15EFC33E0BFA743F31A0943E5C
:10A81000BE147B3FC2C5473E6DC47E3F36BDC83DBA
:10A820000000803F000000006DC47E3F36BDC8BD03
:10A83000BE147B3FC2C547BE0BFA743F31A094BE25
:10A840005E836C3F15EFC3BE98C5613FEA5AF1BE07
:10A8500031DB543FDA390EBF03E4453F996722BF2D
:10A86000F304353FF30435BF9967223F03E445BF46
:10A87000DA390E3F31DB54BFEA5AF13E98C561BF69
:10A8800015EFC33E5E836CBF31A0943E0BFA74BFDC
:10A89000C2C5473EBE147BBF36BDC83D6DC47EBF3A
:10A8A000000000000000803FC2C5473EBE147B3F51
:10A8B00015EFC33E5E836C3FDA390E3F31DB543F08
:10A8C000F304353FF304353F31DB543FDA390E3FB3
:10A8D0005E836C3F15EFC33EBE147B3FC2C5473E4F
:10A8E0000000803F00000000BE147B3FC2C547BE91
:10A8F0005E836C3F15EFC3BE31DB543FDA390EBFC8
:10A90000F304353FF30435BFDA390E3F31DB54BF72
:10A9100015EFC33E5E836CBFC2C5473EBE147BBF0E
:10A920000800001010000020180000302000000275
:10A9300028000012300000223800003240000004DD
:10A940004800001450000024580000346000000645
:10A9500068000016700000267800003680000008AD
:10A96000880000189000002898000038A000000A15
:10A97000A800001AB000002AB800003AC000000C7D
:10A98000C800001CD000002CD800003CE000000EE5
:10A99000E800001EF000002EF800003E0001000458
:10A9A00008014010100140201801403020014002F1
:10A9B0002801401230014022380140324001400459
:10A9C00048014014500140245801403460014006C1
:10A9D0006801401670014026780140368001400829
:10A9E000880140189001402898014038A001400A91
:10A9F000A801401AB001402AB801403AC001400CF9
:10AA0000C801401CD001402CD801403CE001400E60
:10AA1000E801401EF001402EF801403E000200080F
:10AA2000080280101002802018028030200280026C
:10AA300028028012300280223802803240028004D4
:10AA4000480280145002802458028034600280063C
:10AA500068028016700280267802803680028008A4
:10AA6000880280189002802898028038A002800A0C
:10AA7000A802801AB002802AB802803AC002800C74
:10AA8000C802801CD002802CD802803CE002800EDC
:10AA9000E802801EF002802EF802803E0003000CC7
:10AAA0000803C0101003C0201803C0302003800C1E
:10AAB0002803C0123003C0223803C0324003C00450
:10AAC0004803C0145003C0245803C0346003C006B8
:10AAD0006803C0167003C0267803C0368003C00820
:10AAE0008803C0189003C0289803C038A003C00A88
:10AAF000A803C01AB003C02AB803C03AC003C00CF0
:10AB0000C803C01CD003C02CD803C03CE003C00E57
:10AB1000E803C01EF003C02EF803C03E0804001175
:10AB200010040021180400312004000C2804001334
:10AB300030040023380400334004000548040015A5
:10AB4000500400255804003560040007680400170D
:10AB50007004002778040037800400098804001975
:10AB60009004002998040039A004000BA804001BDD
:10AB7000B004002BB804003BC004000DC804001D45
:10AB8000D004002DD804003DE004000FE804001FAD
:10AB9000F004002FF804003F080540111005402183
:10ABA000180540312005000D2805401330054023CD
:10ABB00038054033480540155005402558054035B7
:10ABC0006005400768054017700540277805403745
:10ABD00080054009880540199005402998054039AD
:10ABE000A005400BA805401BB005402BB805403B15
:10ABF000C005400DC805401DD005402DD805403D7D
:10AC0000E005400FE805401FF005402FF805403FE4
:10AC100000064008080680111006802118068031C1
:10AC20002006C008280680133006802338068033AB
:10AC30004006400948068015500680255806803594
:10AC400060068007680680177006802778068037C0
:10AC50008006800988068019900680299806803928
:10AC6000A006800BA806801BB006802BB806803B90
:10AC7000C006800DC806801DD006802DD806803DF8
:10AC8000E006800FE806801FF006802FF806803F60
:10AC90000007400C0807C0111007C0211807C03179
:10ACA0002007C00C2807C0133007C0233807C03363
:10ACB0004007400D4807C0155007C0255807C0354C
:10ACC0006007C0076807C0177007C0277807C0373C
:10ACD0008007C0098807C0199007C0299807C039A4
:10ACE000A007C00BA807C01BB007C02BB807C03B0C
:10ACF000C007C00DC807C01DD007C02DD807C03D74
:10AD0000E007C00FE807C01FF007C02FF807C03FDB
:10AD1000000800100808081010080820180808305B
:10AD20002008801028080812300808223808083245
:10AD3000400800114808081450080824580808342E
:10AD40006008801168080816700808267808083618
:10AD500080080810880808189008082898080838FB
:10AD6000A008080AA808081AB008082AB808083A6B
:10AD7000C008080CC808081CD008082CD808083CD3
:10AD8000E008080EE808081EF008082EF808083E3B
:10AD90000009001408094810100948201809483013
:10ADA00020098014280948123009482238094832FD
:10ADB00040090015480948145009482458094834E6
:10ADC00060098015680948167009482678094836D0
:10ADD00080090814880948189009482898094838B3
:10ADE000A009480AA809481AB009482AB809483AE7
:10ADF000C009480CC809481CD009482CD809483C4F
:10AE0000E009480EE809481EF009482EF809483EB6
:10AE1000000A0018080A8810100A8820180A8830CA
:10AE2000200A8018280A8812300A8822380A8832B4
:10AE3000400A0019480A8814500A8824580A88349D
:10AE4000600A8019680A8816700A8826780A883687
:10AE5000800A0818880A8818900A8828980A88386A
:10AE6000A00A8818A80A881AB00A882AB80A883A54
:10AE7000C00A880CC80A881CD00A882CD80A883CCA
:10AE8000E00A880EE80A881EF00A882EF80A883E32
:10AE9000000B001C080BC810100BC820180BC83082
:10AEA000200B801C280BC812300BC822380BC8326C
:10AEB000400B001D480BC814500BC824580BC83455
:10AEC000600B801D680BC816700BC826780BC8363F
:10AED000800B081C880BC818900BC828980BC83822
:10AEE000A00B881CA80BC81AB00BC82AB80BC83A0C
:10AEF000C00BC80CC80BC81CD00BC82CD80BC83C46
:10AF0000E00BC80EE80BC81EF00BC82EF80BC83EAD
:10AF1000000C4010080C0811100C0821180C083106
:10AF2000200CC010280C0813300C0823380C0833F0
:10AF3000400C4011480C0815500C0825580C0835D9
:10AF4000600CC011680C0817700C0827780C0837C3
:10AF5000800C4810880C0819900C0829980C0839A6
:10AF6000A00CC810A80C081BB00C082BB80C083B90
:10AF7000C00C080DC80C081DD00C082DD80C083DBD
:10AF8000E00C080FE80C081FF00C082FF80C083F25
:10AF9000000D4014080D4811100D4821180D4831BE
:10AFA000200DC014280D4813300D4823380D4833A8
:10AFB000400D4015480D4815500D4825580D483591
:10AFC000600DC015680D4817700D4827780D48377B
:10AFD000800D4814880D4819900D4829980D48395E
:10AFE000A00DC814A80D481BB00D482BB80D483B48
:10AFF000C00D4815C80D481DD00D482DD80D483D31
:10B00000E00D480FE80D481FF00D482FF80D483FA0
:10B01000000E4018080E8811100E8821180E883175
:10B02000200EC018280E8813300E8823380E88335F
:10B03000400E4019480E8815500E8825580E883548
:10B04000600EC019680E8817700E8827780E883732
:10B05000800E4818880E8819900E8829980E883915
:10B06000A00EC818A80E881BB00E882BB80E883BFF
:10B07000C00E4819C80E881DD00E882DD80E883DE8
:10B08000E00E880FE80E881FF00E882FF80E883F1C
:10B09000000F401C080FC811100FC821180FC8312D
:10B0A000200FC01C280FC813300FC823380FC83317
:10B0B000400F401D480FC815500FC825580FC83500
:10B0C000600FC01D680FC817700FC827780FC837EA
:10B0D000800F481C880FC819900FC829980FC839CD
:10B0E000A00FC81CA80FC81BB00FC82BB80FC83BB7
:10B0F000C00F481DC80FC81DD00FC82DD80FC83DA0
:10B10000E00FC81DE80FC81FF00FC82FF80FC83F89
:10B11000001000200810101010101020181010300F
:10B1200020108020281010123010102238101032F9
:10B1300040100021481010145010102458101034E2
:10B1400060108021681010167010102678101036CC
:10B1500080100820881010189010102898101038AF
:10B16000A0108820A810101AB010102AB810103A99
:10B17000C0100821C810101CD010102CD810103C82
:10B18000E0108821E810101EF010102EF810103E6C
:10B1900000110024081110241011502018115030F3
:10B1A00020118024281150123011502238115032B1
:10B1B000401100254811501450115024581150349A
:10B1C0006011802568115016701150267811503684
:10B1D0008011082488115018901150289811503867
:10B1E000A0118824A811501AB011502AB811503A51
:10B1F000C0110825C811501CD011502CD811503C3A
:10B20000E0118825E811501EF011502EF811503E23
:10B2100000120028081210281012902018129030E6
:10B220002012802828129012301290223812903268
:10B230004012002948129014501290245812903451
:10B24000601280296812901670129026781290363B
:10B25000801208288812901890129028981290381E
:10B26000A0128828A812901AB012902AB812903A08
:10B27000C0120829C812901CD012902CD812903CF1
:10B28000E0128829E812901EF012902EF812903EDB
:10B290000013002C0813102C1013D0201813D030DA
:10B2A0002013802C2813902C3013D0223813D03246
:10B2B0004013002D4813D0145013D0245813D03409
:10B2C0006013802D6813D0167013D0267813D036F3
:10B2D0008013082C8813D0189013D0289813D038D6
:10B2E000A013882CA813D01AB013D02AB813D03AC0
:10B2F000C013082DC813D01CD013D02CD813D03CA9
:10B30000E013882DE813D01EF013D02EF813D03E92
:10B31000001440200814502010141021181410316B
:10B320002014C0202814D0203014102338141033D7
:10B33000401440214814101550141025581410358D
:10B340006014C02168141017701410277814103777
:10B35000801448208814101990141029981410395A
:10B36000A014C820A814101BB014102BB814103B44
:10B37000C0144821C814101DD014102DD814103D2D
:10B38000E014C821E814101FF014102FF814103F17
:10B39000001540240815502410155021181550315F
:10B3A0002015C0242815D0243015502338155033CB
:10B3B0004015402548155015501550255815503545
:10B3C0006015C0256815501770155027781550372F
:10B3D0008015482488155019901550299815503912
:10B3E000A015C824A815501BB015502BB815503BFC
:10B3F000C0154825C815501DD015502DD815503DE5
:10B40000E015C825E815501FF015502FF815503FCE
:10B410000016402808165028101690211816903152
:10B420002016C0282816D0283016902338169033BE
:10B430004016402948165029501690255816903528
:10B440006016C029681690177016902778169037E6
:10B4500080164828881690199016902998169039C9
:10B46000A016C828A816901BB016902BB816903BB3
:10B47000C0164829C816901DD016902DD816903D9C
:10B48000E016C829E816901FF016902FF816903F86
:10B490000017402C0817502C1017D0211817D03146
:10B4A0002017C02C2817D02C3017D0233817D033B2
:10B4B0004017402D4817502D5017D0255817D0351C
:10B4C0006017C02D6817D0177017D0277817D0379E
:10B4D0008017482C8817D0199017D0299817D03981
:10B4E000A017C82CA817D01BB017D02BB817D03B6B
:10B4F000C017482DC817D01DD017D02DD817D03D54
:10B50000E017C82DE817D01FF017D02FF817D03F3D
:10B5100000180030081810301018182018181830AB
:10B520002018803028189030301818223818183217
:10B530004018003148181031501818245818183481
:10B5400060188031681890317018182678181836ED
:10B55000801808308818183090181828981818384B
:10B56000A0188830A818181AB018182AB818183A4D
:10B57000C0180831C818181CD018182CD818183C36
:10B58000E0188831E818181EF018182EF818183E20
:10B59000001900340819103410195820181958309F
:10B5A000201980342819903430195822381958320B
:10B5B0004019003548191035501958245819583475
:10B5C00060198035681990357019582678195836E1
:10B5D000801908348819183490195828981958383F
:10B5E000A0198834A819581AB019582AB819583A05
:10B5F000C0190835C819581CD019582CD819583CEE
:10B60000E0198835E819581EF019582EF819583ED7
:10B61000001A0038081A1038101A9820181A983092
:10B62000201A8038281A9038301A9822381A9832FE
:10B63000401A0039481A1039501A9824581A983468
:10B64000601A8039681A9039701A9826781A9836D4
:10B65000801A0838881A1838901A9828981A983832
:10B66000A01A8838A81A9838B01A982AB81A983A9E
:10B67000C01A0839C81A981CD01A982CD81A983CA5
:10B68000E01A8839E81A981EF01A982EF81A983E8F
:10B69000001B003C081B103C101BD820181BD83086
:10B6A000201B803C281B903C301BD822381BD832F2
:10B6B000401B003D481B103D501BD824581BD8345C
:10B6C000601B803D681B903D701BD826781BD836C8
:10B6D000801B083C881B183C901BD828981BD83826
:10B6E000A01B883CA81B983CB01BD82AB81BD83A92
:10B6F000C01B083DC81BD81CD01BD82CD81BD83C5D
:10B70000E01B883DE81BD81EF01BD82EF81BD83E46
:10B71000001C4030081C5030101C1821181C183117
:10B72000201CC030281CD030301C1823381C183383
:10B73000401C4031481C5031501C1825581C1835ED
:10B74000601CC031681CD031701C1827781C183759
:10B75000801C4830881C5830901C1829981C1839B7
:10B76000A01CC830A81CD830B01C182BB81C183B23
:10B77000C01C4831C81C181DD01C182DD81C183DE1
:10B78000E01CC831E81C181FF01C182FF81C183FCB
:10B79000001D4034081D5034101D5821181D58310B
:10B7A000201DC034281DD034301D5823381D583377
:10B7B000401D4035481D5035501D5825581D5835E1
:10B7C000601DC035681DD035701D5827781D58374D
:10B7D000801D4834881D5834901D5829981D5839AB
:10B7E000A01DC834A81DD834B01D582BB81D583B17
:10B7F000C01D4835C81D5835D01D582DD81D583D81
:10B80000E01DC835E81D581FF01D582FF81D583F82
:10B81000001E4038081E5038101E9821181E9831FE
:10B82000201EC038281ED038301E9823381E98336A
:10B83000401E4039481E5039501E9825581E9835D4
:10B84000601EC039681ED039701E9827781E983740
:10B85000801E4838881E5838901E9829981E98399E
:10B86000A01EC838A81ED838B01E982BB81E983B0A
:10B87000C01E4839C81E5839D01E982DD81E983D74
:10B88000E01EC839E81E981FF01E982FF81E983F3A
:10B89000001F403C081F503C101FD821181FD831F2
:10B8A000201FC03C281FD03C301FD823381FD8335E
:10B8B000401F403D481F503D501FD825581FD835C8
:10B8C000601FC03D681FD03D701FD827781FD83734
:10B8D000801F483C881F583C901FD829981FD83992
:10B8E000A01FC83CA81FD83CB01FD82BB81FD83BFE
:10B8F000C01F483DC81F583DD01FD82DD81FD83D68
:10B90000E01FC83DE81FD83DF01FD82FF81FD83FD3
:10B910000820802010202020182020302820802877
:10B920003020202238202032402000214820C02012
:10B930005020202458202034602010246820C02863
:10B9400070202026782020368820803090202028E3
:10B9500098202038A0200830A8208038B020202A45
:10B96000B820203AC0200821C820C030D020202C88
:10B97000D820203CE0200831E820C038F020202EDC
:10B98000F820203E002100240821802110211024CD
:10B990001821603020212024282180293021602294
:10B9A00038216032402100254821C02150216024E7
:10B9B00058216034602150246821C02970216026FC
:10B9C00078216036802108248821803190216028E8
:10B9D00098216038A0210834A8218039B021602A3C
:10B9E000B821603AC0210825C821C031D021602C7F
:10B9F000D821603CE0210835E821C039F021602ED3
:10BA0000F821603E002200300822803010220830E9
:10BA10001822A03020221030282288283022A0228C
:10BA20003822A032402240304822C0305022A02488
:10BA30005822A034602250306822C8287022A026E4
:10BA40007822A03680222030882288309022A028B8
:10BA50009822A038A0221830A8228838B022A02A24
:10BA6000B822A03AC0226030C822C830D022A02C10
:10BA7000D822A03CE0221831E822C838F022A02EBB
:10BA8000F822A03E00230031082380311023083122
:10BA90001823E0302023103128238829302318313F
:10BAA0003823E032402340314823C0315023E02482
:10BAB0005823E034602350316823C8297023E026DE
:10BAC0007823E03680231824882388319023E028C7
:10BAD0009823E038A0231834A8238839B023E02A1B
:10BAE000B823E03AC0231825C823C831D023E02C5E
:10BAF000D823E03CE0231835E823C839F023E02EB2
:10BB0000F823E03E08248024102420241824203127
:10BB10002824802C30241031382420334024002560
:10BB20004824C02450242025582420356024102582
:10BB30006824C02C7024202778242037882480345F
:10BB40009024202998242039A0244830A824803C1F
:10BB5000B024202BB824203BC0240825C824C0349E
:10BB6000D024202DD824203DE0244831E824C03CB6
:10BB7000F024202FF824203F08258025102520259B
:10BB8000182560312825802D302550313825603327
:10BB90004825C02550256025582560356825C02DCD
:10BBA00070256027782560378825803590256029A5
:10BBB00098256039A0254834A825803DB025602B04
:10BBC000B825603BC825C035D025602DD825603DFF
:10BBD000E0254835E825C03DF025602FF825603F79
:10BBE0000026003408268034102608341826A03198
:10BBF000202610342826882C302618343826A033E6
:10BC0000402640344826C034502648345826A035B3
:10BC1000602650346826C82C7026A0277826A037C6
:10BC200080262034882688349026A0299826A0399A
:10BC3000A0265830A826883CB026A02BB826A03BCA
:10BC4000C0266034C826C834D026A02DD826A03DF2
:10BC5000E0265831E826C83CF026A02FF826A03F61
:10BC60000027003508278035102708351827E031D0
:10BC7000202710352827882D302718353827E0331E
:10BC8000402740354827C035502748355827E035EC
:10BC9000602750356827C82D7027E0277827E037C0
:10BCA00080272035882788359027E0299827E03994
:10BCB000A0275834A827883DB027E02BB827E03BC1
:10BCC000C0276035C827C835D027E02DD827E03DEC
:10BCD000E0275835E827C83DF027E02FF827E03F58
:10BCE000082820281028802818282830282890285C
:10BCF00030288828382828324028002C4828202C32
:10BD00005028802C582828346028082C6828D028EF
:10BD10007028882C78282836882890309828283849
:10BD2000A0282830A8289038B028282AB828283AEF
:10BD3000C028102CC828D030D028282CD828283C3F
:10BD4000E028182CE828D038F028282EF828283E9B
:10BD50000029002C0829082C1029102C18296830DB
:10BD60002029202C282990293029D03038296832E0
:10BD70004029402C4829602C5029C02C582968346F
:10BD80006029482C6829D0297029C82C7829683660
:10BD90008029802C882990319029282C982968386E
:10BDA000A0292834A8299039B029682AB829683AE6
:10BDB000C029502CC829D031D029682CD829683CFA
:10BDC000E029582CE829D039F029682EF829683E56
:10BDD000002A0038082A2038102A8038182AA8306B
:10BDE000202A0838282A2838302A8838382AA832C1
:10BDF000402A003C482A203C502A803C582AA8343B
:10BE0000602A083C682A283C702A883C782AA83690
:10BE1000802A1038882A9830902A9038982AA83892
:10BE2000A02A1838A82A9838B02A9838B82AA83AE8
:10BE3000C02A103CC82AD830D02AA82CD82AA83C1E
:10BE4000E02A183CE82AD838F02AA82EF82AA83E7A
:10BE5000002B4038082B6038102BC038182BE830E6
:10BE6000202B4838282B6838302BC838382BE8323C
:10BE7000402B403C482B603C502BC03C582BE834B6
:10BE8000602B483C682B683C702BC83C782BE8360C
:10BE9000802B5038882B9831902BD038982BE8384D
:10BEA000A02B5838A82B9839B02BD838B82BE83AA3
:10BEB000C02B503CC82BD831D02BE82CD82BE83CD9
:10BEC000E02B583CE82BD839F02BE82EF82BE83E35
:10BED000082C202C102C802C182C2831282C902C4D
:10BEE000302C9031382C2833402C002D482C202D1C
:10BEF000502C802D582C2835602C082D682CD02CE7
:10BF0000702C882D782C2837882C9034982C283940
:10BF1000A02C6830A82C903CB02C6838B82C283B5A
:10BF2000C02C102DC82CD034D02C282DD82C283D36
:10BF3000E02C182DE82CD03CF02C282FF82C283F92
:10BF4000082D202D102D802D182D6831282D902D95
:10BF5000302DD031382D6833482D602D502DC02D17
:10BF6000582D6835682DD02D702DC82D782D683747
:10BF7000882D9035982D6839A02D6834A82D903DD6
:10BF8000B02D683CB82D683BC82DD035D82D683D04
:10BF9000E02D6835E82DD03DF02D682FF82D683F55
:10BFA000002E0039082E2039102E8039182EA83185
:10BFB000202E0839282E2839302E8839382EA833DB
:10BFC000402E003D482E203D502E803D582EA83555
:10BFD000602E083D682E283D702E883D782EA837AB
:10BFE000802E1039882E9834902E9039982EA839AA
:10BFF000A02E1839A82E983CB02E9839B82EA83B00
:10C00000C02E103DC82ED834D02E903DD82EA83D3D
:10C01000E02E183DE82ED83CF02EA82FF82EA83F91
:10C02000002F4039082F6039102FC039182FE83100
:10C03000202F4839282F6839302FC839382FE83356
:10C04000402F403D482F603D502FC03D582FE835D0
:10C05000602F483D682F683D702FC83D782FE83726
:10C06000802F5039882F9835902FD039982FE83964
:10C07000A02F5839A82F983DB02FD839B82FE83BBA
:10C08000C02F503DC82FD835D02FD03DD82FE83DF8
:10C09000E02F583DE82FD83DF02FD83DF82FE83F4E
:10C0A00018303030383030324030003148300831CC
:10C0B0005030103158303034603020316830283101
:10C0C00070301834783030368830A03098303038BE
:10C0D000A830A038B0308838B830303AC03080311D
:10C0E000C830E030D0309031D830303CE03088314A
:10C0F000E830E038F0308839F830303E0031003434
:10C1000008310834103110341831183420312034FB
:10C1100028312834303130343831703240310035F4
:10C120004831083550311035583170346031203580
:10C130006831283570315834783170368031803428
:10C140008831A0319031903498317038A0318834E2
:10C15000A831A039B031883CB831703AC03180354F
:10C16000C831E031D0319035D831703CE03188357C
:10C17000E831E039F031883DF831703E0032003866
:10C180000832803810320838183288382032103897
:10C1900028329038303218383832B0324032403895
:10C1A0004832C038503248385832B0346032503893
:10C1B0006832D038703258387832B0368032203811
:10C1C0008832A038903228389832B038A0323038CF
:10C1D000A832A838B0329838B832B03AC032603895
:10C1E000C832E038D0326838D832B03CE0327038EB
:10C1F000E832E838F0329839F832B03E003300398E
:10C20000083380391033083918338839203310390E
:10C21000283390393033183938339839403340391E
:10C220004833C039503348395833F03460335039CB
:10C230006833D039703358397833F0368033203949
:10C240008833A039903328399833F038A0339834A4
:10C25000A833A839B033983CB833F03AC0336039CA
:10C26000C833E039D0336839D833F03CE0339835FF
:10C27000E833E839F033983DF833F03E1834303481
:10C2800038341839403400354834083550341035C6
:10C2900058343035603420356834283570341835DA
:10C2A000783430378834A03498343039A834A03CFE
:10C2B000B034C838B834303BC0348035C834E0348A
:10C2C000D0349035D834303DE0348835E834E03C23
:10C2D000F034C839F834303F1835303538355839EE
:10C2E00058357035783570378835A03598357039C0
:10C2F000A835A03DB035C83CB835703BC835E035F1
:10C30000D835703DE835E03DF035C83DF835703F33
:10C310000036003C0836803C1036083C1836883C15
:10C320002036103C2836903C3036183C3836983C45
:10C330004036403C4836C03C5036483C5836C83CF5
:10C340006036503C6836D03C7036583C7836B03752
:10C350008036203C8836A03C9036283C9836B03950
:10C36000A036303CA836A83CB036D838B836B03BFA
:10C37000C036603CC836E03CD036683CD836B03D6C
:10C38000E036703CE836E83CF036D839F836B03F55
:10C390000037003D0837803D1037083D1837883D8D
:10C3A0002037103D2837903D3037183D3837983DBD
:10C3B0004037403D4837C03D5037483D5837C83D6D
:10C3C0006037503D6837D03D7037583D7837F0378B
:10C3D0008037203D8837A03D9037283D9837F03989
:10C3E000A037303DA837A83DB037D83CB837F03B30
:10C3F000C037603DC837E03DD037683DD837F03DA5
:10C40000E037703DE837E83DF037D83DF837F03F8A
:10C410003838983840380039483808395038103999
:10C420005838183960382039683828397038303928
:10C430007838983CA838B038B838383AC03880399D
:10C44000C8388839D0389039D838383CE038A039E5
:10C45000E838F038F838383EF038A8390039003C70
:10C460000839083C1039103C1839183C2039203C58
:10C470002839283C3039303C3839383C4039003D87
:10C480004839083D5039103D5839183D6039203D34
:10C490006839283D7039303D7839D83C8039803C46
:10C4A0008839883C9039903C9839983CA039A03C18
:10C4B000A839B039B839783AB039A83CC039803D8C
:10C4C000C839883DD039903DD839783CE039A03D15
:10C4D000E839F039F839783EF039A83D083A103A91
:10C4E000103A203A183A303A203A803A283A903AAC
:10C4F000303AA03A383AB03A403A003B483A103B1A
:10C50000503A203B583A303B603A803B683A903B87
:10C51000703AA03B783AB03B883AA03A983AB03AA1
:10C52000A83AB03AC03A083BC83A183BD03A283B40
:10C53000D83AB83CE03A883BE83A983BF03AA83B16
:10C54000F83AB83E003B003E083B103E103B203E10
:10C55000183B303E203B803E283B903E303BA03E87
:10C56000383BB03E403B003F483B103F503B203FF4
:10C57000583B303F603B803F683B903F703BA03F63
:10C58000783BB03F803B083E883B183E903B283EBE
:10C59000983B383EA03B883EA83B983EB03BA83E27
:10C5A000B83BB83EC03B083FC83B183FD03B283F94
:10C5B000D83BF83CE03B883FE83B983FF03BA83F46
:10C5C000F83BF83E383C983C403C003D483C083D38
:10C5D000503C103D583C183D603C203D683C283D97
:10C5E000703C303D783C983DA83CB03CB83CB03EF7
:10C5F000C03C803DC83C883DD03C903DD83C383D57
:10C60000E03CA03DE83CF03CF03CA83DF83C383F25
:10C61000383D983D783DD83DA83DB03DB83DB03F50
:10C62000E83DF03D083E803EF83D783F103E803EBC
:10C63000183E883E203E803E283E903E303E883E5A
:10C64000383E983E403E003F483E203F503E803FAF
:10C65000583EA03F603E083F683E283F703E883FFE
:10C66000783EA83F883EA03E983EA83EC03E103F80
:10C67000A83EB03EC83E303FD03E903FD83EB03F8F
:10C68000E03E183FE83E383FF03E983F083F803F8D
:10C69000F83EB83F103F803F183F883F203F803F23
:10C6A000283F903F303F883F383F983F483F503FBA
:10C6B000503F603F583F703F603FC03F683FD03FB2
:10C6C000703FE03F783FF03F883FA03F983FA83F52
:10C6D000A83FB03FD83FF03FC83FE03FE83FF03FC2
:10C6E00008000010100000021800001220000004D2
:10C6F0002800001430000006380000164000000832
:10C70000480000185000000A5800001A6000000C91
:10C710006800001C7000000E7800001E80000008F9
:10C72000880040109000400298004012A000400491
:10C73000A8004014B0004006B8004016C0004008F1
:10C74000C8004018D000400AD800401AE000400C51
:10C75000E800401CF000400EF800401E00010008F8
:10C76000080180101001800218018012200180044D
:10C7700028018014300180063801801640018008AD
:10C78000480180185001800A5801801A6001800C0D
:10C790006801801C7001800E7801801E80014008B5
:10C7A0008801C0109001C0029801C012A001C0040D
:10C7B000A801C014B001C006B801C016C001C0086D
:10C7C000C801C018D001C00AD801C01AE001C00CCD
:10C7D000E801C01CF001C00EF801C01E00020008F4
:10C7E00008020011100200031802001320020005C5
:10C7F0002802001530020007380200174002000925
:10C80000480200195002000B5802001B6002000D84
:10C810006802001D7002000F7802001F800280086D
:10C82000880240119002400398024013A002400584
:10C83000A8024015B0024007B8024017C0024009E4
:10C84000C8024019D002400BD802401BE002400D44
:10C85000E802401DF002400FF802401F00034008AC
:10C860000803801110038003180380132003800540
:10C8700028038015300380073803801740038009A0
:10C88000480380195003800B5803801B6003800D00
:10C890006803801D7003800F7803801F8003C00829
:10C8A0008803C0119003C0039803C013A003C00500
:10C8B000A803C015B003C007B803C017C003C00960
:10C8C000C803C019D003C00BD803C01BE003C00DC0
:10C8D000E803C01DF003C00FF803C01F00040010E0
:10C8E000080408101004001118040812200408108D
:10C8F0002804081430040806380408164004080800
:10C90000480408185004080A5804081A6004080C5F
:10C910006804081C7004080E7804081E80040018BF
:10C92000880448109004001998044812A0040818BC
:10C93000A8044814B0044806B8044816C0044808BF
:10C94000C8044818D004480AD804481AE004480C1F
:10C95000E804481CF004480EF804481E0005401086
:10C960000805881010054011180588122005481088
:10C97000280588143005880638058816400588087B
:10C98000480588185005880A5805881A6005880CDB
:10C990006805881C7005880E7805881E800540187B
:10C9A0008805C810900540199805C812A0054818B8
:10C9B000A805C814B005C806B805C816C005C8083B
:10C9C000C805C818D005C80AD805C81AE005C80C9B
:10C9D000E805C81CF005C80EF805C81E0006801042
:10C9E0000806081110068011180608132006881082
:10C9F00028060815300608073806081740060809F3
:10CA0000480608195006080B5806081B6006080D52
:10CA10006806081D7006080F7806081F8006801833
:10CA2000880648119006801998064813A0068818B1
:10CA3000A8064815B0064807B8064817C0064809B2
:10CA4000C8064819D006480BD806481BE006480D12
:10CA5000E806481DF006480FF806481F0007C010FA
:10CA6000080788111007C011180788132007C8107D
:10CA7000280788153007880738078817400788096E
:10CA8000480788195007880B5807881B6007880DCE
:10CA90006807881D7007880F7807881F8007C018EF
:10CAA0008807C8119007C0199807C813A007C818AD
:10CAB000A807C815B007C807B807C817C007C8092E
:10CAC000C807C819D007C80BD807C81BE007C80D8E
:10CAD000E807C81DF007C80FF807C81F080810109E
:10CAE0001008400818081012200800112808101417
:10CAF0003008801138081016480810185008100A1D
:10CB00005808101A6008100C6808101C7008100EE5
:10CB10007808101E8008000A880850109008000B42
:10CB200098085012A008080AA8085014B008080B6A
:10CB3000B8085016C008100AC8085018D008500A83
:10CB4000D808501AE008500CE808501CF008500EA5
:10CB5000F808501E08099010100980091809901251
:10CB600020090019280990143009801938099016F5
:10CB70004009000B480990185009900A5809901A6A
:10CB80006009900C6809901C7009900E7809901E3D
:10CB90008009400A8809D0109009400B9809D012EA
:10CBA000A009480AA809D014B009480BB809D01642
:10CBB000C009500AC809D018D009D00AD809D01A1B
:10CBC000E009D00CE809D01CF009D00EF809D01EFD
:10CBD000080A1011180A1013200A4011280A10150B
:10CBE000300AC011380A1017480A1019500A100BE1
:10CBF000580A101B600A100D680A101D700A100FE9
:10CC0000780A101F880A5011900A800B980A501356
:10CC1000A00A5011A80A5015B00A880BB80A50177C
:10CC2000C00A800BC80A5019D00A500BD80A501BF2
:10CC3000E00A500DE80A501DF00A500FF80A501F84
:10CC4000080B9011180B9013200B4019280B90150E
:10CC5000300BC019380B9017480B9019500B900BE4
:10CC6000580B901B600B900D680B901D700B900F74
:10CC7000780B901F880BD011900BC00B980BD01322
:10CC8000A00B5019A80BD015B00BC80BB80BD017C0
:10CC9000C80BD019D80BD01BE00BD00DE80BD01D62
:10CCA000F00BD00FF80BD01F000C0012080C18105E
:10CCB000100C0013180C1812200C0812280C181451
:10CCC000300C0813380C1816400C1012480C1818A9
:10CCD000500C1013580C181A600C1812680C181C01
:10CCE000700C180E780C181E800C001A880C581046
:10CCF000900C001B980C5812A00C081AA80C581481
:10CD0000B00C081BB80C5816C00C101AC80C5818D8
:10CD1000D00C101BD80C581AE00C181AE80C581C30
:10CD2000F00C580EF80C581E000D4012080D98100B
:10CD3000100D4013180D9812200D4812280D98144C
:10CD4000300D4813380D9816400D5012480D9818A4
:10CD5000500D5013580D981A600D5812680D981CFC
:10CD6000700D980E780D981E800D401A880DD81001
:10CD7000900D401B980DD812A00D481AA80DD8147C
:10CD8000B00D481BB80DD816C00D501AC80DD818D4
:10CD9000D00D501BD80DD81AE00D581AE80DD81C2C
:10CDA000F00DD80EF80DD81E000E8012080E1811C6
:10CDB000100E8013180E1813200E8812280E181546
:10CDC000300E8813380E1817400E9012480E18199E
:10CDD000500E9013580E181B600E9812680E181DF6
:10CDE000700E180F780E181F800E801A880E5811BA
:10CDF000900E801B980E5813A00E881AA80E581576
:10CE0000B00E881BB80E5817C00E901AC80E5819CD
:10CE1000D00E901BD80E581BE00E981AE80E581D25
:10CE2000F00E580FF80E581F000FC012080F98117F
:10CE3000100FC013180F9813200FC812280F981541
:10CE4000300FC813380F9817400FD012480F981999
:10CE5000500FD013580F981B600FD812680F981DF1
:10CE6000700F980F780F981F800FC01A880FD81175
:10CE7000900FC01B980FD813A00FC81AA80FD81571
:10CE8000B00FC81BB80FD817C00FD01AC80FD819C9
:10CE9000D00FD01BD80FD81BE00FD81AE80FD81D21
:10CEA000F00FD81BF80FD81F0810201010104010DA
:10CEB0001810201228102014301088103810201656
:10CEC0004010001148102018501040115810201A1E
:10CED000601008126810201C701088127810201E34
:10CEE00080100012881008129010401298106012E2
:10CEF000A0102012A8106014B0106012B8106016B4
:10CF0000C0100013C8106018D0104013D810601A59
:10CF1000E0101812E810601CF0109812F810601E53
:10CF200008112012101140111811A0122011081818
:10CF30002811A014301188183811A0164811A01813
:10CF40005811A01A6011081A6811A01C7011881AD3
:10CF50007811A01E80111012881118129011501211
:10CF60009811E012A0111818A811E014B011981827
:10CF7000B811E016C0111013C811E018D0115013E9
:10CF8000D811E01AE011181AE811E01CF011981AF3
:10CF9000F811E01E001200180812081810124018AC
:10CFA0001812201320122018281220153012601891
:10CFB0003812201740120019481220195012401937
:10CFC0005812201B601220196812201D7012C812FE
:10CFD0007812201F8012001A8812081A9012401A24
:10CFE00098126013A012201AA8126015B012601ACD
:10CFF000B8126017C012001BC8126019D012401B73
:10D00000D812601BE012201BE812601DF012601B9A
:10D01000F812601F00131018081318181013501876
:10D020001813A013201348182813A0153013C8187C
:10D030003813A017401310194813A0195013501992
:10D040005813A01B6013481A6813A01D7013C81A48
:10D050007813A01F8013101A8813181A9013501AEF
:10D060009813E013A0135818A813E015B013D8189C
:10D07000B813E017C013101BC813E019D013501BCE
:10D08000D813E01BE013581AE813E01DF013D81A68
:10D09000F813E01F0814201410140015181420159C
:10D0A0003014081538142816401400154814281890
:10D0B000501410155814281A601420156814281CD0
:10D0C000701418157814281E8014001C8814201C55
:10D0D0009014001D9814201DA014081CA814281CCE
:10D0E000B014081DB8146816C014101CC8146818B1
:10D0F000D014101DD814681AE014181CE814681C09
:10D10000F014181DF814681E081520151015401588
:10D1100018156015201528182815281C30154815D5
:10D120003815A8164815A8185815A81A6015281AF1
:10D130006815A81C7015A81A7815A81E8015401C23
:10D140008815601C9015401D9815601DA015481C81
:10D15000A815681CB015481DB815E816C015501C58
:10D16000C815E818D015501DD815E81AE015581C38
:10D17000E815E81CF015581DF815E81E0016001CEF
:10D180000816081C1016401C1816481C2016201CD7
:10D190002816281C3016601C381628174016001D4B
:10D1A000481628195016401D5816281B6016201DB9
:10D1B0006816281D7016601D7816281F8016801CA2
:10D1C0008816A01C9016801D9816A01DA016881CFD
:10D1D000A816A81CB016881DB8166817C016901C93
:10D1E000C8166819D016901DD816681BE016981C32
:10D1F000E816681DF016981DF816681F0017101C19
:10D200000817181C1017501C1817581C20176818DE
:10D210002817681C3017E8183817A8174017101D72
:10D220004817A8195017501D5817A81B6017681ADF
:10D230006817A81D7017E81A7817A81F8017C01C58
:10D240008817E01C9017C01D9817E01DA017C81C78
:10D25000A817E81CB017C81DB817E817C017D01CCE
:10D26000C817E819D017D01DD817E81BE017D81C2D
:10D27000E817E81DF017D81DF817E81F18186018F0
:10D28000301848183818601C5818301A6818301CA4
:10D290007018181A7818301E8018001A8818081A82
:10D2A0009018001B98186019A018201AA818281A9E
:10D2B000B018201BB818601DC018101AC818181A0A
:10D2C000D018101BD818701AE018301AE818701C03
:10D2D000F018581AF818701E081920191819601A31
:10D2E0002819081D301988193819881D4819201B5C
:10D2F0005819B01A6019081B6819B01C7019881BDE
:10D300007819B01E8019401A8819481A9019401BC4
:10D310009819601BA019601AA819181DB019601B74
:10D32000B819981DC019501AC819581AD019501B8D
:10D33000D819F01AE019181BE819F01CF019981BFD
:10D34000F819F01E381A701C581A301B681A301D54
:10D35000701A181B781A301F901AC01A981AC81A17
:10D36000B01AE01AB81AE81AC01A801BC81A881B2B
:10D37000D01AC01BD81A701BE01AA01BE81A701D27
:10D38000F01AE01BF81A701F281B481D381BC81D17
:10D39000481B601B581BB01B681BB01D701BC81BB3
:10D3A000781BB01F901BC01B981BC81BA81B581DC7
:10D3B000B01BE01BB81BD81DD81BF01BE81BF01DD1
:10D3C000F81BF01F081C201C181C301C381C681C83
:10D3D000481C601C581C701C781C381E801C001EC9
:10D3E000881C201E901C001F981C201FA01C081EBB
:10D3F000A81C281EB01C081FB81C281FC01C101E0B
:10D40000C81C301ED01C101FD81C301FE01C181E5A
:10D41000E81C381EF01C181FF81C781E081D201D63
:10D42000181D301D381DA81D481D601D581D701D7C
:10D43000681D281F781DB81E801D401E881D601E97
:10D44000901D401F981D601FA01D481EA81D681E2E
:10D45000B01D481FB81D681FC01D501EC81D701E7E
:10D46000D01D501FD81D701FE01D581EE81D781ECE
:10D47000F01D581FF81DF81E081E201E181E301E15
:10D48000481E601E581E701E781E381F881EA01E63
:10D49000901E801F981EA01FB01E881FB81EA81FB8
:10D4A000C01E801FC81E881FD01E901FD81EB01F10
:10D4B000E01EA01FE81EA81FF01E981FF81E781F70
:10D4C000081F201F181F301F481F601F581F701F84
:10D4D000781FB81F881FA01F901FC01F981FE01F34
:10D4E000B01FC81FB81FE81FC81FE01FD81FF01FBC
:10D4F00008000002100000041800000620000008C8
:10D500002800000A3000000C3800000E48004002DD
:10D510005000400458004006600040086800400A7F
:10D520007000400C7800400E88008002900080045B
:10D5300098008006A0008008A800800AB000800C37
:10D54000B800800EC800C002D000C004D800C006D9
:10D55000E000C008E800C00AF000C00CF800C00EEF
:10D56000080100031001000518010007200100094F
:10D570002801000B3001000D3801000F4801400365
:10D580005001400558014007600140096801400B07
:10D590007001400D7801400F8801800390018005E3
:10D5A00098018007A0018009A801800BB001800DBF
:10D5B000B801800FC801C003D001C005D801C00761
:10D5C000E001C009E801C00BF001C00DF801C00F77
:10D5D0001002080418020806200208082802080A97
:10D5E0003002080C3802080E50024804580248065F
:10D5F000600248086802480A7002480C7802480E27
:10D600009002880498028806A0028808A802880A66
:10D61000B002880CB802880ED002C804D802C8062E
:10D62000E002C808E802C80AF002C80CF802C80EF6
:10D630001003080518030807200308092803080B2E
:10D640003003080D3803080F5003480558034807F6
:10D65000600348096803480B7003480D7803480FBE
:10D660009003880598038807A0038809A803880BFE
:10D67000B003880DB803880FD003C805D803C807C6
:10D68000E003C809E803C80BF003C80DF803C80F8E
:10D6900018041006200410082804100A3004100C86
:10D6A0003804100E58045006600450086804500AEC
:10D6B0007004500C7804500E98049006A004900852
:10D6C000A804900AB004900CB804900ED804D006B8
:10D6D000E004D008E804D00AF004D00CF804D00E1E
:10D6E00018051007200510092805100B3005100D2E
:10D6F0003805100F58055007600550096805500B94
:10D700007005500D7805500F98059007A0059009F9
:10D71000A805900BB005900DB805900FD805D0075F
:10D72000E005D009E805D00BF005D00DF805D00FC5
:10D73000200618082806180A3006180C3806180E95
:10D74000600658086806580A7006580C7806580E85
:10D75000A0069808A806980AB006980CB806980E75
:10D76000E006D808E806D80AF006D80CF806D80E65
:10D77000200718092807180B3007180D3807180F4D
:10D78000600758096807580B7007580D7807580F3D
:10D79000A0079809A807980BB007980DB807980F2D
:10D7A000E007D809E807D80BF007D80DF807D80F1D
:10D7B0002808200A3008200C3808200E6808600A63
:10D7C0007008600C7808600EA808A00AB008A00CC9
:10D7D000B808A00EE808E00AF008E00CF808E00E2F
:10D7E0002809200B3009200D3809200F6809600B2B
:10D7F0007009600D7809600FA809A00BB009A00D91
:10D80000B809A00FE809E00BF009E00DF809E00FF6
:10D81000300A280C380A280E700A680C780A680E3C
:10D82000B00AA80CB80AA80EF00AE80CF80AE80E2C
:10D83000300B280D380B280F700B680D780B680F14
:10D84000B00BA80DB80BA80FF00BE80DF80BE80F04
:10D85000380C300E780C700EB80CB00EF80CF00EC0
:10D86000380D300F780D700FB80DB00FF80DF00FA8
:10D87000080000021000000418000006200040000C
:10D88000280040023000400438004006400080007C
:10D890004800800250008004580080066000C000EC
:10D8A0006800C0027000C0047800C006800000015B
:10D8B000880000039000000598000007A0004001C8
:10D8C000A8004003B0004005B8004007C000800138
:10D8D000C8008003D0008005D8008007E000C001A8
:10D8E000E800C003F000C005F800C0070001000216
:10D8F000080108021001080418010806200180022E
:10D90000280148023001480438014806400100035C
:10D91000480188025001880458018806600180038C
:10D920006801C8027001C8047801C80680010802B5
:10D93000880108039001080598010807A0018802E2
:10D94000A8014803B0014805B8014807C001080311
:10D95000C8018803D0018805D8018807E001880341
:10D96000E801C803F001C805F801C8070802100261
:10D9700000020004100210041802100620028004A5
:10D9800028025002300250043802500640020005BE
:10D9900048029002500290045802900660028005EE
:10D9A0006802D0027002D0047802D0068002080417
:10D9B000880210039002100598021007A002880444
:10D9C000A8025003B0025005B8025007C002080573
:10D9D000C8029003D0029005D8029007E0028805A3
:10D9E000E802D003F002D005F802D00700030006D9
:10D9F00008031006100318041803180620038006F5
:10DA000028039006300358043803580640030007E3
:10DA100048031007500398045803980660038007D2
:10DA2000680390077003D8047803D80680030806BB
:10DA3000880318069003180598031807A0038806A2
:10DA4000A8039806B0035805B8035807C003080791
:10DA5000C8031807D0039805D8039807E003880780
:10DA6000E8039807F003D805F803D80708048004F2
:10DA700010042004180420062804800530046004E3
:10DA80003804600640040006480488045004A004DA
:10DA90005804A00660041006680488057004E004B9
:10DAA0007804E00688048006900420059804200786
:10DAB000A0040806A8048007B0046005B804600745
:10DAC000C0042006C8048806D004A005D804A00716
:10DAD000E0041806E8048807F004E005F804E0070D
:10DAE000080520051005800518052806280590055D
:10DAF00030058805380568064005000748052007F9
:10DB0000500580075805A8066005080768059805B0
:10DB1000700588077805E8068805900698052807A7
:10DB2000A0052806A8059007B0052807B8056807CE
:10DB3000C0051007C8059806D0059007D805A807A6
:10DB4000E0051807E8059807F0059807F805E807C5
:10DB5000180630063806700640060007480680079B
:10DB6000500608075806B0066006100768069007BA
:10DB7000700618077806F0068806A0069806300793
:10DB8000A806A007B0068807B8067007C0062007D9
:10DB9000C806A007D0062807D806B007E006300759
:10DBA000E806A807F0069807F806F00748075007A8
:10DBB0003807980750076007580770076007C007C5
:10DBC0006807D0077807F0077007E007B807F00785
:10DBD000A807B007D807F007C807E007E807F0076D
:10DBE00008000002100040001800400220008000E1
:10DBF000280080023000C0003800C0024000000150
:10DC000048000003500040015800400360008001BC
:10DC1000680080037000C0017800C003800000022B
:10DC2000880008029000000398004802A000080243
:10DC3000A8008802B000C800B800C802C0000801EF
:10DC4000C8000803D0004801D8004803E00088015C
:10DC5000E8008803F000C801F800C80308011002BA
:10DC60001001400118015002200100032801900218
:10DC7000300148013801D002480110035801500317
:10DC800060019001680190037001D0017801D00318
:10DC90008001400288011802900140039801580257
:10DCA000A0014802A8019802B0014803B801D802B7
:10DCB000C0015002C8011803D0015003D801580315
:10DCC000E0015802E8019803F0015803F801D80375
:10DCD0000802200210024002180260022802A0027C
:10DCE000300260023802E0024002000348022003D2
:10DCF0005002400358026003600220036802A00340
:10DD0000700260037802E0038802A00290028003A0
:10DD10009802A003B0028803B802E802C0028003A0
:10DD2000C8022803D0029003D8026803E002A003CF
:10DD3000E802A803F0029803F802E80308032003AE
:10DD400010034003180360032803880330036003B3
:10DD50003803980348036003580370036803B00353
:10DD60007803F0038803A0039003C0039803E00343
:10DD7000B003C803B803E803C803E003D803F00303
:10DD800008004000100080001800C00020000001C2
:10DD900028004001300080013800C0015000880098
:10DDA0005800C80060000801680048017000880140
:10DDB0007800C8019800D000A0001001A800500110
:10DDC000B0009001B800D001E0001801E80058014F
:10DDD000F0009801F800D801280160013001A0018D
:10DDE0003801E0017001A8017801E801B801F001F3
:10DDF00008004000100080001800C0002000400013
:10DE000028004800300088003800C800400080002A
:10DE1000480050005800D000500090006000C00042
:10DE20006800D000700098007800D8008800C0001A
:10DE30009000A000A800D0009800E000B000D00042
:10DE4000B800E800D800F000C800E000E800F000EA
:10DE50000800400018004800100040002800500052
:10DE6000200040003800580030004800580068008A
:10DE700048006000680070000000803F0000000063
:10DE8000B1FF7F3FC70F493BC4FE7F3F890FC93BAE
:10DE900039FD7F3F59CB163C11FB7F3F900E493C2B
:10DEA0004AF87F3F4B517B3CE6F47F3FB6C9963C36
:10DEB000E3F07F3F69EAAF3C43EC7F3FB00AC93CE7
:10DEC00005E77F3F7B2AE23C29E17F3FB949FB3CE4
:10DED000AFDA7F3F2F340A3D98D37F3F2CC3163DE6
:10DEE000E2CB7F3FCC51233D8FC37F3F07E02F3DE7
:10DEF0009EBA7F3FD56D3C3D0FB17F3F2FFB483D24
:10DF0000E3A67F3F0E88553D189C7F3F6814623D15
:10DF1000B1907F3F38A06E3DAB847F3F742B7B3D3B
:10DF200008787F3F0ADB833DC76A7F3F0A208A3D2E
:10DF3000E95C7F3FB464903D6D4E7F3F05A9963DFF
:10DF4000543F7F3FF9EC9C3D9D2F7F3F8C30A33D9C
:10DF5000491F7F3FBA73A93D580E7F3F80B6AF3D42
:10DF6000C9FC7E3FDAF8B53D9DEA7E3FC33ABC3D31
:10DF7000D4D77E3F397CC23D6DC47E3F36BDC83D9F
:10DF800069B07E3FB7FDCE3DC99B7E3FB93DD53DD3
:10DF90008B867E3F377DDB3DB0707E3F2EBCE13D02
:10DFA000385A7E3F9AFAE73D23437E3F7638EE3D6E
:10DFB000722B7E3FC075F43D24137E3F73B2FA3D51
:10DFC00038FA7D3F4577003EB1E07D3F0295033E44
:10DFD0008CC67D3F6EB2063ECCAB7D3F86CF093E00
:10DFE0006E907D3F4AEC0C3E74747D3FB708103E46
:10DFF000DE577D3FCA24133EAC3A7D3F8340163E38
:10E00000DD1C7D3FE05B193E73FE7C3FDE761C3EEF
:10E010006CDF7C3F7B911F3EC9BF7C3FB6AB223E8D
:10E020008A9F7C3F8CC5253EB07E7C3FFCDE283E2F
:10E030003A5D7C3F04F82B3E283B7C3FA2102F3EEC
:10E040007A187C3FD428323E31F57B3F9840353EEC
:10E050004DD17B3FEC57383ECDAC7B3FCF6E3B3E46
:10E06000B2877B3F3E853E3EFC617B3F379B413E16
:10E07000AB3B7B3FB9B0443EBE147B3FC2C5473E7D
:10E0800037ED7A3F4FDA4A3E16C57A3F60EE4D3E95
:10E09000599C7A3FF101513E02737A3F0115543E7B
:10E0A00010497A3F8F27573E841E7A3F97395A3E50
:10E0B0005EF3793F1A4B5D3E9DC7793F135C603E2E
:10E0C000439B793F836C633E4E6E793F667C663E30
:10E0D000C040793FBA8B693E9812793F7F9A6C3E77
:10E0E000D6E3783FB2A86F3E7BB4783F51B6723E1C
:10E0F0008684783F5AC3753EF853783FCCCF783E3C
:10E10000D122783FA4DB7B3E10F1773FE1E67E3EF3
:10E11000B7BE773FC0F8803EC58B773FC07D823E5B
:10E120003A58773F7002843E1724773FCE86853E6B
:10E130005BEF763FDA0A873E07BA763F938E883EDA
:10E140001B84763FF8118A3E974D763F07958B3EAC
:10E150007A16763FC0178D3EC6DE753F229A8E3EF8
:10E160007BA6753F2C1C903E976D753FDD9D913EC3
:10E170001D34753F351F933E0BFA743F31A0943E1A
:10E1800062BF743FD220963E2284743F17A1973E0F
:10E190004B48743FFE20993EDD0B743F86A09A3EAB
:10E1A000D9CE733FAF1F9C3E3F91733F789E9D3EFB
:10E1B0000E53733FDF1C9F3E4714733FE59AA03E0A
:10E1C000EBD4723F8718A23EF894723FC595A33EE8
:10E1D0007054723F9F12A53E5213723F128FA63E9B
:10E1E0009FD1713F1F0BA83E578F713FC486A93E38
:10E1F0007A4C713F0102AB3E0809713FD47CAC3EC2
:10E2000002C5703F3CF7AD3E6680703F3A71AF3E4D
:10E21000373B703FCBEAB03E73F56F3FEF63B23EE2
:10E220001BAF6F3FA5DCB33E30686F3FEC54B53E8B
:10E23000B0206F3FC3CCB63E9ED86E3F2A44B83E56
:10E24000F88F6E3F1EBBB93EBE466E3FA031BB3E4F
:10E25000F2FC6D3FAFA7BC3E93B26D3F4A1DBE3E80
:10E26000A1676D3F6F92BF3E1D1C6D3F1E07C13EF3
:10E2700007D06C3F557BC23E5E836C3F15EFC33EBB
:10E2800024366C3F5C62C53E58E86B3F29D5C63EDC
:10E29000FB996B3F7C47C83E0C4B6B3F53B9C93E63
:10E2A0008CFB6A3FAE2ACB3E7BAB6A3F8B9BCC3E5E
:10E2B000D95A6A3FEA0BCE3EA7096A3FCA7BCF3ED6
:10E2C000E4B7693F2AEBD03E9165693F095AD23ED7
:10E2D000AE12693F67C8D33E3CBF683F4136D53E6A
:10E2E000396B683F99A3D63EA816683F6B10D83E9D
:10E2F00087C1673FB97CD93ED86B673F80E8DA3E7B
:10E300009915673FC153DC3ECCBE663F79BEDD3E0A
:10E310007167663FA928DF3E880F663F4F92E03E57
:10E3200010B7653F6AFBE13E0B5E653FFA63E33E73
:10E330007904653FFECBE43E59AA643F7533E63E5F
:10E34000AC4F643F5D9AE73E73F4633FB700E93E2C
:10E35000AC98633F8166EA3E5A3C633FBBCBEB3EE1
:10E360007BDF623F6330ED3E1082623F7994EE3E88
:10E370001A24623FFBF7EF3E98C5613FEA5AF13E2F
:10E380008A66613F43BDF23EF206613F071FF43EDD
:10E39000CFA6603F3580F53E2146603FCBE0F63E9C
:10E3A000E9E45F3FC840F83E27835F3F2DA0F93E78
:10E3B000DB205F3FF7FEFA3E05BE5E3F275DFC3E79
:10E3C000A65A5E3FBBBAFD3EBEF65D3FB217FF3EAA
:10E3D0004D925D3F063A003F532D5D3FE4E7003F1D
:10E3E000D1C75C3F7395013FC7615C3FB142023FBB
:10E3F00034FB5B3F9FEF023F1A945B3F3D9C033F22
:10E40000792C5B3F8948043F50C45A3F84F4043F51
:10E41000A05B5A3F2CA0053F6AF2593F824B063F52
:10E42000AD88593F86F6063F6A1E593F36A1073F21
:10E43000A1B3583F924B083F5348583F9BF5083FC4
:10E440007FDC573F4E9F093F2670573FAD480A3F3C
:10E450004803573FB7F10A3FE595563F6B9A0B3F8C
:10E46000FE27563FC9420C3F93B9553FD0EA0C3FB7
:10E47000A44A553F81920D3F31DB543FDA390E3FBC
:10E480003B6B543FDBE00E3FC3FA533F84870F3FA3
:10E49000C789533FD52D103F4918533FCDD3103F67
:10E4A00049A6523F6B79113FC633523FB01E123F0F
:10E4B000C2C0513F9AC3123F3D4D513F2A68133F9E
:10E4C00037D9503F5F0C143FAF64503F39B0143F11
:10E4D000A8EF4F3FB753153F1F7A4F3FD9F6153F6F
:10E4E00017044F3F9F99163F908D4E3F073C173FB3
:10E4F00089164E3F12DE173F029F4D3FC07F183FE7
:10E50000FD264D3F0F21193F79AE4C3F00C2193F08
:10E5100078354C3F93621A3FF8BB4B3FC6021B3F16
:10E52000FA414B3F99A21B3F7FC74A3F0C421C3F19
:10E53000874C4A3F1FE11C3F12D1493FD17F1D3F0D
:10E540002155493F221E1E3FB3D8483F12BC1E3FF3
:10E55000CA5B483F9F591F3F65DE473FCBF61F3FD1
:10E560008560473F9393203F2AE2463FF92F213FA2
:10E570005463463FFBCB213F03E4453F9967223F6D
:10E580003964453FD302233FF5E3443FA99D233F30
:10E590003763443F1A38243F00E2433F25D2243FEB
:10E5A0005160433FCB6B253F29DE423F0A05263FA2
:10E5B000895B423FE39D263F70D8413F5636273F57
:10E5C000E154413F61CE273FDAD0403F0566283F06
:10E5D0005C4C403F41FD283F67C73F3F1594293FB2
:10E5E000FC413F3F802A2A3F1BBC3E3F82C02A3F5E
:10E5F000C5353E3F1B562B3FF9AE3D3F4AEB2B3F07
:10E60000B8273D3F0F802C3F03A03C3F69142D3FAE
:10E61000D9173C3F59A82D3F3B8F3B3FDE3B2E3F58
:10E6200029063B3FF7CE2E3FA47C3A3FA5612F3F02
:10E63000ACF2393FE6F32F3F4268393FBB85303FAC
:10E6400065DD383F2217313F1652383F1DA8313F54
:10E6500055C6373FAA38323F233A373FC9C8323F01
:10E660007FAD363F7A58333F6C20363FBCE7333FAF
:10E67000E792353F8F76343FF304353FF304353F5F
:10E680008F76343FE792353FBCE7333F6C20363F0F
:10E690007A58333F7FAD363FC9C8323F233A373FC0
:10E6A000AA38323F55C6373F1DA8313F1652383F72
:10E6B0002217313F65DD383FBB85303F4268393F27
:10E6C000E6F32F3FACF2393FA5612F3FA47C3A3FE0
:10E6D000F7CE2E3F29063B3FDE3B2E3F3B8F3B3F95
:10E6E00059A82D3FD9173C3F69142D3F03A03C3F4B
:10E6F0000F802C3FB8273D3F4AEB2B3FF9AE3D3F03
:10E700001B562B3FC5353E3F82C02A3F1BBC3E3FB8
:10E71000802A2A3FFC413F3F1594293F67C73F3F6E
:10E7200041FD283F5C4C403F0566283FDAD0403F22
:10E7300061CE273FE154413F5636273F70D8413FD5
:10E74000E39D263F895B423F0A05263F29DE423F83
:10E75000CB6B253F5160433F25D2243F00E2433F2E
:10E760001A38243F3763443FA99D233FF5E3443FD4
:10E77000D302233F3964453F9967223F03E4453F75
:10E78000FBCB213F5463463FF92F213F2AE2463F0E
:10E790009393203F8560473FCBF61F3F65DE473FA1
:10E7A0009F591F3FCA5B483F12BC1E3FB3D8483F2A
:10E7B000221E1E3F2155493FD17F1D3F12D1493FA7
:10E7C0001FE11C3F874C4A3F0C421C3F7FC74A3F1A
:10E7D00099A21B3FFA414B3FC6021B3FF8BB4B3F80
:10E7E00093621A3F78354C3F00C2193F79AE4C3FD7
:10E7F0000F21193FFD264D3FC07F183F029F4D3F1F
:10E8000012DE173F89164E3F073C173F908D4E3F53
:10E810009F99163F17044F3FD9F6153F1F7A4F3F78
:10E82000B753153FA8EF4F3F39B0143FAF64503F87
:10E830005F0C143F37D9503F2A68133F3D4D513F7D
:10E840009AC3123FC2C0513FB01E123FC633523F5F
:10E850006B79113F49A6523FCDD3103F4918533F22
:10E86000D52D103FC789533F84870F3FC3FA533FCD
:10E87000DBE00E3F3B6B543FDA390E3F31DB543F58
:10E8800081920D3FA44A553FD0EA0C3F93B9553FC2
:10E89000C9420C3FFE27563F6B9A0B3FE595563F0A
:10E8A000B7F10A3F4803573FAD480A3F2670573F2C
:10E8B0004E9F093F7FDC573F9BF5083F5348583F29
:10E8C000924B083FA1B3583F36A1073F6A1E593FFC
:10E8D00086F6063FAD88593F824B063F6AF2593FA4
:10E8E0002CA0053FA05B5A3F84F4043F50C45A3F1C
:10E8F0008948043F792C5B3F3D9C033F1A945B3F62
:10E900009FEF023F34FB5B3FB142023FC7615C3F78
:10E910007395013FD1C75C3FE4E7003F532D5D3F56
:10E92000063A003F4D925D3FB217FF3EBEF65D3F97
:10E93000BBBAFD3EA65A5E3F275DFC3E05BE5E3F6C
:10E94000F7FEFA3EDB205F3F2DA0F93E27835F3FB5
:10E95000C840F83EE9E45F3FCBE0F63E2146603F29
:10E960003580F53ECFA6603F071FF43EF206613FBB
:10E9700043BDF23E8A66613FEA5AF13E98C5613F67
:10E98000FBF7EF3E1A24623F7994EE3E1082623F1D
:10E990006330ED3E7BDF623FBBCBEB3E5A3C633FD7
:10E9A0008166EA3EAC98633FB700E93E73F4633F8B
:10E9B0005D9AE73EAC4F643F7533E63E59AA643F2B
:10E9C000FECBE43E7904653FFA63E33E0B5E653FB0
:10E9D0006AFBE13E10B7653F4F92E03E880F663F0D
:10E9E000A928DF3E7167663F79BEDD3ECCBE663F3B
:10E9F000C153DC3E9915673F80E8DA3ED86B673F2C
:10EA0000B97CD93E87C1673F6B10D83EA816683FD6
:10EA100099A3D63E396B683F4136D53E3CBF683F2F
:10EA200067C8D33EAE12693F095AD23E9165693F2D
:10EA30002AEBD03EE4B7693FCA7BCF3EA7096A3FC5
:10EA4000EA0BCE3ED95A6A3F8B9BCC3E7BAB6A3FEA
:10EA5000AE2ACB3E8CFB6A3F53B9C93E0C4B6B3F91
:10EA60007C47C83EFB996B3F29D5C63E58E86B3FB3
:10EA70005C62C53E24366C3F15EFC33E5E836C3F3F
:10EA8000557BC23E07D06C3F1E07C13E1D1C6D3F2B
:10EA90006F92BF3EA1676D3F4A1DBE3E93B26D3F70
:10EAA000AFA7BC3EF2FC6D3FA031BB3EBE466E3F01
:10EAB0001EBBB93EF88F6E3F2A44B83E9ED86E3FCB
:10EAC000C3CCB63EB0206F3FEC54B53E30686F3FCC
:10EAD000A5DCB33E1BAF6F3FEF63B23E73F56F3FF4
:10EAE000CBEAB03E373B703F3A71AF3E6680703F35
:10EAF0003CF7AD3E02C5703FD47CAC3E0809713F87
:10EB00000102AB3E7A4C713FC486A93E578F713FDC
:10EB10001F0BA83E9FD1713F128FA63E5213723F2A
:10EB20009F12A53E7054723FC595A33EF894723F64
:10EB30008718A23EEBD4723FE59AA03E4714733F7C
:10EB4000DF1C9F3E0E53733F789E9D3E3F91733F67
:10EB5000AF1F9C3ED9CE733F86A09A3EDD0B743F1B
:10EB6000FE20993E4B48743F17A1973E2284743F84
:10EB7000D220963E62BF743F31A0943E0BFA743FA0
:10EB8000351F933E1D34753FDD9D913E976D753F5A
:10EB90002C1C903E7BA6753F229A8E3EC6DE753FAA
:10EBA000C0178D3E7A16763F07958B3E974D763F80
:10EBB000F8118A3E1B84763F938E883E07BA763FD3
:10EBC000DA0A873E5BEF763FCE86853E1724773F95
:10EBD0007002843E3A58773FC07D823EC58B773FB6
:10EBE000C0F8803EB7BE773FE1E67E3E10F1773F4A
:10EBF000A4DB7B3ED122783FCCCF783EF853783FE0
:10EC00005AC3753E8684783F51B6723E7BB4783FD6
:10EC1000B2A86F3ED6E3783F7F9A6C3E9812793F58
:10EC2000BA8B693EC040793F667C663E4E6E793F46
:10EC3000836C633E439B793F135C603E9DC7793F85
:10EC40001A4B5D3E5EF3793F97395A3E841E7A3FF8
:10EC50008F27573E10497A3F0115543E02737A3F81
:10EC6000F101513E599C7A3F60EE4D3E16C57A3F08
:10EC70004FDA4A3E37ED7A3FC2C5473EBE147B3F6E
:10EC8000B9B0443EAB3B7B3F379B413EFC617B3F91
:10EC90003E853E3EB2877B3FCF6E3B3ECDAC7B3F59
:10ECA000EC57383E4DD17B3F9840353E31F57B3FA8
:10ECB000D428323E7A187C3FA2102F3E283B7C3F5E
:10ECC00004F82B3E3A5D7C3FFCDE283EB07E7C3F64
:10ECD0008CC5253E8A9F7C3FB6AB223EC9BF7C3F98
:10ECE0007B911F3E6CDF7C3FDE761C3E73FE7C3FDB
:10ECF000E05B193EDD1C7D3F8340163EAC3A7D3F14
:10ED0000CA24133EDE577D3FB708103E74747D3F22
:10ED10004AEC0C3E6E907D3F86CF093ECCAB7D3FEA
:10ED20006EB2063E8CC67D3F0295033EB1E07D3F4C
:10ED30004577003E38FA7D3F73B2FA3D24137E3F9B
:10ED4000C075F43D722B7E3F7638EE3D23437E3F07
:10ED50009AFAE73D385A7E3F2EBCE13DB0707E3FC7
:10ED6000377DDB3D8B867E3FB93DD53DC99B7E3FE0
:10ED7000B7FDCE3D69B07E3F36BDC83D6DC47E3F18
:10ED8000397CC23DD4D77E3FC33ABC3D9DEA7E3F2D
:10ED9000DAF8B53DC9FC7E3F80B6AF3D580E7F3FE7
:10EDA000BA73A93D491F7F3F8C30A33D9D2F7F3F04
:10EDB000F9EC9C3D543F7F3F05A9963D6D4E7F3F4A
:10EDC000B464903DE95C7F3F0A208A3DC76A7F3F7B
:10EDD0000ADB833D08787F3F742B7B3DAB847F3F0C
:10EDE00038A06E3DB1907F3F6814623D189C7F3F14
:10EDF0000E88553DE3A67F3F2FFB483D0FB17F3F77
:10EE0000D56D3C3D9EBA7F3F07E02F3D8FC37F3FCE
:10EE1000CC51233DE2CB7F3F2CC3163D98D37F3F9F
:10EE20002F340A3DAFDA7F3FB949FB3C29E17F3FF0
:10EE30007B2AE23C05E77F3FB00AC93C43EC7F3FB9
:10EE400069EAAF3CE3F07F3FB6C9963CE6F47F3F0A
:10EE50004B517B3C4AF87F3F900E493C11FB7F3F72
:10EE600059CB163C39FD7F3F890FC93BC4FE7F3F1C
:10EE7000C70F493BB1FF7F3F000000000000803F0B
:10EE8000C70F49BBB1FF7F3F890FC9BBC4FE7F3F9E
:10EE900059CB16BC39FD7F3F900E49BC11FB7F3F1B
:10EEA0004B517BBC4AF87F3FB6C996BCE6F47F3F26
:10EEB00069EAAFBCE3F07F3FB00AC9BC43EC7F3FD7
:10EEC0007B2AE2BC05E77F3FB949FBBC29E17F3FD4
:10EED0002F340ABDAFDA7F3F2CC316BD98D37F3FD6
:10EEE000CC5123BDE2CB7F3F07E02FBD8FC37F3FD7
:10EEF000D56D3CBD9EBA7F3F2FFB48BD0FB17F3F14
:10EF00000E8855BDE3A67F3F681462BD189C7F3F05
:10EF100038A06EBDB1907F3F742B7BBDAB847F3F2B
:10EF20000ADB83BD08787F3F0A208ABDC76A7F3F1E
:10EF3000B46490BDE95C7F3F05A996BD6D4E7F3FEF
:10EF4000F9EC9CBD543F7F3F8C30A3BD9D2F7F3F8C
:10EF5000BA73A9BD491F7F3F80B6AFBD580E7F3F32
:10EF6000DAF8B5BDC9FC7E3FC33ABCBD9DEA7E3F21
:10EF7000397CC2BDD4D77E3F36BDC8BD6DC47E3F8F
:10EF8000B7FDCEBD69B07E3FB93DD5BDC99B7E3FC3
:10EF9000377DDBBD8B867E3F2EBCE1BDB0707E3FF2
:10EFA0009AFAE7BD385A7E3F7638EEBD23437E3F5E
:10EFB000C075F4BD722B7E3F73B2FABD24137E3F41
:10EFC000457700BE38FA7D3F029503BEB1E07D3F34
:10EFD0006EB206BE8CC67D3F86CF09BECCAB7D3FF0
:10EFE0004AEC0CBE6E907D3FB70810BE74747D3F36
:10EFF000CA2413BEDE577D3F834016BEAC3A7D3F28
:10F00000E05B19BEDD1C7D3FDE761CBE73FE7C3FDF
:10F010007B911FBE6CDF7C3FB6AB22BEC9BF7C3F7D
:10F020008CC525BE8A9F7C3FFCDE28BEB07E7C3F1F
:10F0300004F82BBE3A5D7C3FA2102FBE283B7C3FDC
:10F04000D42832BE7A187C3F984035BE31F57B3FDC
:10F05000EC5738BE4DD17B3FCF6E3BBECDAC7B3F36
:10F060003E853EBEB2877B3F379B41BEFC617B3F06
:10F07000B9B044BEAB3B7B3FC2C547BEBE147B3F6D
:10F080004FDA4ABE37ED7A3F60EE4DBE16C57A3F85
:10F09000F10151BE599C7A3F011554BE02737A3F6B
:10F0A0008F2757BE10497A3F97395ABE841E7A3F40
:10F0B0001A4B5DBE5EF3793F135C60BE9DC7793F1E
:10F0C000836C63BE439B793F667C66BE4E6E793F20
:10F0D000BA8B69BEC040793F7F9A6CBE9812793F67
:10F0E000B2A86FBED6E3783F51B672BE7BB4783F0C
:10F0F0005AC375BE8684783FCCCF78BEF853783F2C
:10F10000A4DB7BBED122783FE1E67EBE10F1773FE3
:10F11000C0F880BEB7BE773FC07D82BEC58B773F4B
:10F12000700284BE3A58773FCE8685BE1724773F5B
:10F13000DA0A87BE5BEF763F938E88BE07BA763FCA
:10F14000F8118ABE1B84763F07958BBE974D763F9C
:10F15000C0178DBE7A16763F229A8EBEC6DE753FE8
:10F160002C1C90BE7BA6753FDD9D91BE976D753FB3
:10F17000351F93BE1D34753F31A094BE0BFA743F0A
:10F18000D22096BE62BF743F17A197BE2284743FFF
:10F19000FE2099BE4B48743F86A09ABEDD0B743F9B
:10F1A000AF1F9CBED9CE733F789E9DBE3F91733FEB
:10F1B000DF1C9FBE0E53733FE59AA0BE4714733FFA
:10F1C0008718A2BEEBD4723FC595A3BEF894723FD8
:10F1D0009F12A5BE7054723F128FA6BE5213723F8B
:10F1E0001F0BA8BE9FD1713FC486A9BE578F713F28
:10F1F0000102ABBE7A4C713FD47CACBE0809713FB2
:10F200003CF7ADBE02C5703F3A71AFBE6680703F3D
:10F21000CBEAB0BE373B703FEF63B2BE73F56F3FD2
:10F22000A5DCB3BE1BAF6F3FEC54B5BE30686F3F7B
:10F23000C3CCB6BEB0206F3F2A44B8BE9ED86E3F46
:10F240001EBBB9BEF88F6E3FA031BBBEBE466E3F3F
:10F25000AFA7BCBEF2FC6D3F4A1DBEBE93B26D3F70
:10F260006F92BFBEA1676D3F1E07C1BE1D1C6D3FE3
:10F27000557BC2BE07D06C3F15EFC3BE5E836C3FAB
:10F280005C62C5BE24366C3F29D5C6BE58E86B3FCC
:10F290007C47C8BEFB996B3F53B9C9BE0C4B6B3F53
:10F2A000AE2ACBBE8CFB6A3F8B9BCCBE7BAB6A3F4E
:10F2B000EA0BCEBED95A6A3FCA7BCFBEA7096A3FC6
:10F2C0002AEBD0BEE4B7693F095AD2BE9165693FC7
:10F2D00067C8D3BEAE12693F4136D5BE3CBF683F5A
:10F2E00099A3D6BE396B683F6B10D8BEA816683F8D
:10F2F000B97CD9BE87C1673F80E8DABED86B673F6B
:10F30000C153DCBE9915673F79BEDDBECCBE663FFA
:10F31000A928DFBE7167663F4F92E0BE880F663F47
:10F320006AFBE1BE10B7653FFA63E3BE0B5E653F63
:10F33000FECBE4BE7904653F7533E6BE59AA643F4F
:10F340005D9AE7BEAC4F643FB700E9BE73F4633F1C
:10F350008166EABEAC98633FBBCBEBBE5A3C633FD1
:10F360006330EDBE7BDF623F7994EEBE1082623F78
:10F37000FBF7EFBE1A24623FEA5AF1BE98C5613F1F
:10F3800043BDF2BE8A66613F071FF4BEF206613FCD
:10F390003580F5BECFA6603FCBE0F6BE2146603F8C
:10F3A000C840F8BEE9E45F3F2DA0F9BE27835F3F68
:10F3B000F7FEFABEDB205F3F275DFCBE05BE5E3F69
:10F3C000BBBAFDBEA65A5E3FB217FFBEBEF65D3F9A
:10F3D000063A00BF4D925D3FE4E700BF532D5D3F0D
:10F3E000739501BFD1C75C3FB14202BFC7615C3FAB
:10F3F0009FEF02BF34FB5B3F3D9C03BF1A945B3F12
:10F40000894804BF792C5B3F84F404BF50C45A3F41
:10F410002CA005BFA05B5A3F824B06BF6AF2593F42
:10F4200086F606BFAD88593F36A107BF6A1E593F11
:10F43000924B08BFA1B3583F9BF508BF5348583FB4
:10F440004E9F09BF7FDC573FAD480ABF2670573F2C
:10F45000B7F10ABF4803573F6B9A0BBFE595563F7C
:10F46000C9420CBFFE27563FD0EA0CBF93B9553FA7
:10F4700081920DBFA44A553FDA390EBF31DB543FAC
:10F48000DBE00EBF3B6B543F84870FBFC3FA533F93
:10F49000D52D10BFC789533FCDD310BF4918533F57
:10F4A0006B7911BF49A6523FB01E12BFC633523FFF
:10F4B0009AC312BFC2C0513F2A6813BF3D4D513F8E
:10F4C0005F0C14BF37D9503F39B014BFAF64503F01
:10F4D000B75315BFA8EF4F3FD9F615BF1F7A4F3F5F
:10F4E0009F9916BF17044F3F073C17BF908D4E3FA3
:10F4F00012DE17BF89164E3FC07F18BF029F4D3FD7
:10F500000F2119BFFD264D3F00C219BF79AE4C3FF8
:10F5100093621ABF78354C3FC6021BBFF8BB4B3F06
:10F5200099A21BBFFA414B3F0C421CBF7FC74A3F09
:10F530001FE11CBF874C4A3FD17F1DBF12D1493FFD
:10F54000221E1EBF2155493F12BC1EBFB3D8483FE3
:10F550009F591FBFCA5B483FCBF61FBF65DE473FC1
:10F56000939320BF8560473FF92F21BF2AE2463F92
:10F57000FBCB21BF5463463F996722BF03E4453F5D
:10F58000D30223BF3964453FA99D23BFF5E3443F20
:10F590001A3824BF3763443F25D224BF00E2433FDB
:10F5A000CB6B25BF5160433F0A0526BF29DE423F92
:10F5B000E39D26BF895B423F563627BF70D8413F47
:10F5C00061CE27BFE154413F056628BFDAD0403FF6
:10F5D00041FD28BF5C4C403F159429BF67C73F3FA2
:10F5E000802A2ABFFC413F3F82C02ABF1BBC3E3F4E
:10F5F0001B562BBFC5353E3F4AEB2BBFF9AE3D3FF7
:10F600000F802CBFB8273D3F69142DBF03A03C3F9E
:10F6100059A82DBFD9173C3FDE3B2EBF3B8F3B3F48
:10F62000F7CE2EBF29063B3FA5612FBFA47C3A3FF2
:10F63000E6F32FBFACF2393FBB8530BF4268393F9C
:10F64000221731BF65DD383F1DA831BF1652383F44
:10F65000AA3832BF55C6373FC9C832BF233A373FF1
:10F660007A5833BF7FAD363FBCE733BF6C20363F9F
:10F670008F7634BFE792353FF30435BFF304353F4F
:10F68000E79235BF8F76343F6C2036BFBCE7333FFF
:10F690007FAD36BF7A58333F233A37BFC9C8323FB0
:10F6A00055C637BFAA38323F165238BF1DA8313F62
:10F6B00065DD38BF2217313F426839BFBB85303F17
:10F6C000ACF239BFE6F32F3FA47C3ABFA5612F3FD0
:10F6D00029063BBFF7CE2E3F3B8F3BBFDE3B2E3F85
:10F6E000D9173CBF59A82D3F03A03CBF69142D3F3B
:10F6F000B8273DBF0F802C3FF9AE3DBF4AEB2B3FF3
:10F70000C5353EBF1B562B3F1BBC3EBF82C02A3FA8
:10F71000FC413FBF802A2A3F67C73FBF1594293F5E
:10F720005C4C40BF41FD283FDAD040BF0566283F12
:10F73000E15441BF61CE273F70D841BF5636273FC5
:10F74000895B42BFE39D263F29DE42BF0A05263F73
:10F75000516043BFCB6B253F00E243BF25D2243F1E
:10F76000376344BF1A38243FF5E344BFA99D233FC4
:10F77000396445BFD302233F03E445BF9967223F65
:10F78000546346BFFBCB213F2AE246BFF92F213FFE
:10F79000856047BF9393203F65DE47BFCBF61F3F91
:10F7A000CA5B48BF9F591F3FB3D848BF12BC1E3F1A
:10F7B000215549BF221E1E3F12D149BFD17F1D3F97
:10F7C000874C4ABF1FE11C3F7FC74ABF0C421C3F0A
:10F7D000FA414BBF99A21B3FF8BB4BBFC6021B3F70
:10F7E00078354CBF93621A3F79AE4CBF00C2193FC7
:10F7F000FD264DBF0F21193F029F4DBFC07F183F0F
:10F8000089164EBF12DE173F908D4EBF073C173F43
:10F8100017044FBF9F99163F1F7A4FBFD9F6153F68
:10F82000A8EF4FBFB753153FAF6450BF39B0143F77
:10F8300037D950BF5F0C143F3D4D51BF2A68133F6D
:10F84000C2C051BF9AC3123FC63352BFB01E123F4F
:10F8500049A652BF6B79113F491853BFCDD3103F12
:10F86000C78953BFD52D103FC3FA53BF84870F3FBD
:10F870003B6B54BFDBE00E3F31DB54BFDA390E3F48
:10F88000A44A55BF81920D3F93B955BFD0EA0C3FB2
:10F89000FE2756BFC9420C3FE59556BF6B9A0B3FFA
:10F8A000480357BFB7F10A3F267057BFAD480A3F1C
:10F8B0007FDC57BF4E9F093F534858BF9BF5083F19
:10F8C000A1B358BF924B083F6A1E59BF36A1073FEC
:10F8D000AD8859BF86F6063F6AF259BF824B063F94
:10F8E000A05B5ABF2CA0053F50C45ABF84F4043F0C
:10F8F000792C5BBF8948043F1A945BBF3D9C033F52
:10F9000034FB5BBF9FEF023FC7615CBFB142023F68
:10F91000D1C75CBF7395013F532D5DBFE4E7003F46
:10F920004D925DBF063A003FBEF65DBFB217FF3E87
:10F93000A65A5EBFBBBAFD3E05BE5EBF275DFC3E5C
:10F94000DB205FBFF7FEFA3E27835FBF2DA0F93EA5
:10F95000E9E45FBFC840F83E214660BFCBE0F63E19
:10F96000CFA660BF3580F53EF20661BF071FF43EAB
:10F970008A6661BF43BDF23E98C561BFEA5AF13E57
:10F980001A2462BFFBF7EF3E108262BF7994EE3E0D
:10F990007BDF62BF6330ED3E5A3C63BFBBCBEB3EC7
:10F9A000AC9863BF8166EA3E73F463BFB700E93E7B
:10F9B000AC4F64BF5D9AE73E59AA64BF7533E63E1B
:10F9C000790465BFFECBE43E0B5E65BFFA63E33EA0
:10F9D00010B765BF6AFBE13E880F66BF4F92E03EFD
:10F9E000716766BFA928DF3ECCBE66BF79BEDD3E2B
:10F9F000991567BFC153DC3ED86B67BF80E8DA3E1C
:10FA000087C167BFB97CD93EA81668BF6B10D83EC6
:10FA1000396B68BF99A3D63E3CBF68BF4136D53E1F
:10FA2000AE1269BF67C8D33E916569BF095AD23E1D
:10FA3000E4B769BF2AEBD03EA7096ABFCA7BCF3EB5
:10FA4000D95A6ABFEA0BCE3E7BAB6ABF8B9BCC3EDA
:10FA50008CFB6ABFAE2ACB3E0C4B6BBF53B9C93E81
:10FA6000FB996BBF7C47C83E58E86BBF29D5C63EA3
:10FA700024366CBF5C62C53E5E836CBF15EFC33E2F
:10FA800007D06CBF557BC23E1D1C6DBF1E07C13E1B
:10FA9000A1676DBF6F92BF3E93B26DBF4A1DBE3E60
:10FAA000F2FC6DBFAFA7BC3EBE466EBFA031BB3EF1
:10FAB000F88F6EBF1EBBB93E9ED86EBF2A44B83EBB
:10FAC000B0206FBFC3CCB63E30686FBFEC54B53EBC
:10FAD0001BAF6FBFA5DCB33E73F56FBFEF63B23EE4
:10FAE000373B70BFCBEAB03E668070BF3A71AF3E25
:10FAF00002C570BF3CF7AD3E080971BFD47CAC3E77
:10FB00007A4C71BF0102AB3E578F71BFC486A93ECC
:10FB10009FD171BF1F0BA83E521372BF128FA63E1A
:10FB2000705472BF9F12A53EF89472BFC595A33E54
:10FB3000EBD472BF8718A23E471473BFE59AA03E6C
:10FB40000E5373BFDF1C9F3E3F9173BF789E9D3E57
:10FB5000D9CE73BFAF1F9C3EDD0B74BF86A09A3E0B
:10FB60004B4874BFFE20993E228474BF17A1973E74
:10FB700062BF74BFD220963E0BFA74BF31A0943E90
:10FB80001D3475BF351F933E976D75BFDD9D913E4A
:10FB90007BA675BF2C1C903EC6DE75BF229A8E3E9A
:10FBA0007A1676BFC0178D3E974D76BF07958B3E70
:10FBB0001B8476BFF8118A3E07BA76BF938E883EC3
:10FBC0005BEF76BFDA0A873E172477BFCE86853E85
:10FBD0003A5877BF7002843EC58B77BFC07D823EA6
:10FBE000B7BE77BFC0F8803E10F177BFE1E67E3E3A
:10FBF000D12278BFA4DB7B3EF85378BFCCCF783ED0
:10FC0000868478BF5AC3753E7BB478BF51B6723EC6
:10FC1000D6E378BFB2A86F3E981279BF7F9A6C3E48
:10FC2000C04079BFBA8B693E4E6E79BF667C663E36
:10FC3000439B79BF836C633E9DC779BF135C603E75
:10FC40005EF379BF1A4B5D3E841E7ABF97395A3EE8
:10FC500010497ABF8F27573E02737ABF0115543E71
:10FC6000599C7ABFF101513E16C57ABF60EE4D3EF8
:10FC700037ED7ABF4FDA4A3EBE147BBFC2C5473E5E
:10FC8000AB3B7BBFB9B0443EFC617BBF379B413E81
:10FC9000B2877BBF3E853E3ECDAC7BBFCF6E3B3E49
:10FCA0004DD17BBFEC57383E31F57BBF9840353E98
:10FCB0007A187CBFD428323E283B7CBFA2102F3E4E
:10FCC0003A5D7CBF04F82B3EB07E7CBFFCDE283E54
:10FCD0008A9F7CBF8CC5253EC9BF7CBFB6AB223E88
:10FCE0006CDF7CBF7B911F3E73FE7CBFDE761C3ECB
:10FCF000DD1C7DBFE05B193EAC3A7DBF8340163E04
:10FD0000DE577DBFCA24133E74747DBFB708103E12
:10FD10006E907DBF4AEC0C3ECCAB7DBF86CF093EDA
:10FD20008CC67DBF6EB2063EB1E07DBF0295033E3C
:10FD300038FA7DBF4577003E24137EBF73B2FA3D8B
:10FD4000722B7EBFC075F43D23437EBF7638EE3DF7
:10FD5000385A7EBF9AFAE73DB0707EBF2EBCE13DB7
:10FD60008B867EBF377DDB3DC99B7EBFB93DD53DD0
:10FD700069B07EBFB7FDCE3D6DC47EBF36BDC83D08
:10FD8000D4D77EBF397CC23D9DEA7EBFC33ABC3D1D
:10FD9000C9FC7EBFDAF8B53D580E7FBF80B6AF3DD7
:10FDA000491F7FBFBA73A93D9D2F7FBF8C30A33DF4
:10FDB000543F7FBFF9EC9C3D6D4E7FBF05A9963D3A
:10FDC000E95C7FBFB464903DC76A7FBF0A208A3D6B
:10FDD00008787FBF0ADB833DAB847FBF742B7B3DFC
:10FDE000B1907FBF38A06E3D189C7FBF6814623D04
:10FDF000E3A67FBF0E88553D0FB17FBF2FFB483D67
:10FE00009EBA7FBFD56D3C3D8FC37FBF07E02F3DBE
:10FE1000E2CB7FBFCC51233D98D37FBF2CC3163D8F
:10FE2000AFDA7FBF2F340A3D29E17FBFB949FB3CE0
:10FE300005E77FBF7B2AE23C43EC7FBFB00AC93CA9
:10FE4000E3F07FBF69EAAF3CE6F47FBFB6C9963CFA
:10FE50004AF87FBF4B517B3C11FB7FBF900E493C62
:10FE600039FD7FBF59CB163CC4FE7FBF890FC93B0C
:10FE7000B1FF7FBFC70F493B000080BF00000000FB
:10FE8000B1FF7FBFC70F49BBC4FE7FBF890FC9BB8E
:10FE900039FD7FBF59CB16BC11FB7FBF900E49BC0B
:10FEA0004AF87FBF4B517BBCE6F47FBFB6C996BC16
:10FEB000E3F07FBF69EAAFBC43EC7FBFB00AC9BCC7
:10FEC00005E77FBF7B2AE2BC29E17FBFB949FBBCC4
:10FED000AFDA7FBF2F340ABD98D37FBF2CC316BDC6
:10FEE000E2CB7FBFCC5123BD8FC37FBF07E02FBDC7
:10FEF0009EBA7FBFD56D3CBD0FB17FBF2FFB48BD04
:10FF0000E3A67FBF0E8855BD189C7FBF681462BDF5
:10FF1000B1907FBF38A06EBDAB847FBF742B7BBD1B
:10FF200008787FBF0ADB83BDC76A7FBF0A208ABD0E
:10FF3000E95C7FBFB46490BD6D4E7FBF05A996BDDF
:10FF4000543F7FBFF9EC9CBD9D2F7FBF8C30A3BD7C
:10FF5000491F7FBFBA73A9BD580E7FBF80B6AFBD22
:10FF6000C9FC7EBFDAF8B5BD9DEA7EBFC33ABCBD11
:10FF7000D4D77EBF397CC2BD6DC47EBF36BDC8BD7F
:10FF800069B07EBFB7FDCEBDC99B7EBFB93DD5BDB3
:10FF90008B867EBF377DDBBDB0707EBF2EBCE1BDE2
:10FFA000385A7EBF9AFAE7BD23437EBF7638EEBD4E
:10FFB000722B7EBFC075F4BD24137EBF73B2FABD31
:10FFC00038FA7DBF457700BEB1E07DBF029503BE24
:10FFD0008CC67DBF6EB206BECCAB7DBF86CF09BEE0
:10FFE0006E907DBF4AEC0CBE74747DBFB70810BE26
:10FFF000DE577DBFCA2413BEAC3A7DBF834016BE18
:020000040003F7
:10000000DD1C7DBFE05B19BE73FE7CBFDE761CBECF
:100010006CDF7CBF7B911FBEC9BF7CBFB6AB22BE6D
:100020008A9F7CBF8CC525BEB07E7CBFFCDE28BE0F
:100030003A5D7CBF04F82BBE283B7CBFA2102FBECC
:100040007A187CBFD42832BE31F57BBF984035BECC
:100050004DD17BBFEC5738BECDAC7BBFCF6E3BBE26
:10006000B2877BBF3E853EBEFC617BBF379B41BEF6
:10007000AB3B7BBFB9B044BEBE147BBFC2C547BE5D
:1000800037ED7ABF4FDA4ABE16C57ABF60EE4DBE75
:10009000599C7ABFF10151BE02737ABF011554BE5B
:1000A00010497ABF8F2757BE841E7ABF97395ABE30
:1000B0005EF379BF1A4B5DBE9DC779BF135C60BE0E
:1000C000439B79BF836C63BE4E6E79BF667C66BE10
:1000D000C04079BFBA8B69BE981279BF7F9A6CBE57
:1000E000D6E378BFB2A86FBE7BB478BF51B672BEFC
:1000F000868478BF5AC375BEF85378BFCCCF78BE1C
:10010000D12278BFA4DB7BBE10F177BFE1E67EBED3
:10011000B7BE77BFC0F880BEC58B77BFC07D82BE3B
:100120003A5877BF700284BE172477BFCE8685BE4B
:100130005BEF76BFDA0A87BE07BA76BF938E88BEBA
:100140001B8476BFF8118ABE974D76BF07958BBE8C
:100150007A1676BFC0178DBEC6DE75BF229A8EBED8
:100160007BA675BF2C1C90BE976D75BFDD9D91BEA3
:100170001D3475BF351F93BE0BFA74BF31A094BEFA
:1001800062BF74BFD22096BE228474BF17A197BEEF
:100190004B4874BFFE2099BEDD0B74BF86A09ABE8B
:1001A000D9CE73BFAF1F9CBE3F9173BF789E9DBEDB
:1001B0000E5373BFDF1C9FBE471473BFE59AA0BEEA
:1001C000EBD472BF8718A2BEF89472BFC595A3BEC8
:1001D000705472BF9F12A5BE521372BF128FA6BE7B
:1001E0009FD171BF1F0BA8BE578F71BFC486A9BE18
:1001F0007A4C71BF0102ABBE080971BFD47CACBEA2
:1002000002C570BF3CF7ADBE668070BF3A71AFBE2D
:10021000373B70BFCBEAB0BE73F56FBFEF63B2BEC2
:100220001BAF6FBFA5DCB3BE30686FBFEC54B5BE6B
:10023000B0206FBFC3CCB6BE9ED86EBF2A44B8BE36
:10024000F88F6EBF1EBBB9BEBE466EBFA031BBBE2F
:10025000F2FC6DBFAFA7BCBE93B26DBF4A1DBEBE60
:10026000A1676DBF6F92BFBE1D1C6DBF1E07C1BED3
:1002700007D06CBF557BC2BE5E836CBF15EFC3BE9B
:1002800024366CBF5C62C5BE58E86BBF29D5C6BEBC
:10029000FB996BBF7C47C8BE0C4B6BBF53B9C9BE43
:1002A0008CFB6ABFAE2ACBBE7BAB6ABF8B9BCCBE3E
:1002B000D95A6ABFEA0BCEBEA7096ABFCA7BCFBEB6
:1002C000E4B769BF2AEBD0BE916569BF095AD2BEB7
:1002D000AE1269BF67C8D3BE3CBF68BF4136D5BE4A
:1002E000396B68BF99A3D6BEA81668BF6B10D8BE7D
:1002F00087C167BFB97CD9BED86B67BF80E8DABE5B
:10030000991567BFC153DCBECCBE66BF79BEDDBEEA
:10031000716766BFA928DFBE880F66BF4F92E0BE37
:1003200010B765BF6AFBE1BE0B5E65BFFA63E3BE53
:10033000790465BFFECBE4BE59AA64BF7533E6BE3F
:10034000AC4F64BF5D9AE7BE73F463BFB700E9BE0C
:10035000AC9863BF8166EABE5A3C63BFBBCBEBBEC1
:100360007BDF62BF6330EDBE108262BF7994EEBE68
:100370001A2462BFFBF7EFBE98C561BFEA5AF1BE0F
:100380008A6661BF43BDF2BEF20661BF071FF4BEBD
:10039000CFA660BF3580F5BE214660BFCBE0F6BE7C
:1003A000E9E45FBFC840F8BE27835FBF2DA0F9BE58
:1003B000DB205FBFF7FEFABE05BE5EBF275DFCBE59
:1003C000A65A5EBFBBBAFDBEBEF65DBFB217FFBE8A
:1003D0004D925DBF063A00BF532D5DBFE4E700BFFD
:1003E000D1C75CBF739501BFC7615CBFB14202BF9B
:1003F00034FB5BBF9FEF02BF1A945BBF3D9C03BF02
:10040000792C5BBF894804BF50C45ABF84F404BF31
:10041000A05B5ABF2CA005BF6AF259BF824B06BF32
:10042000AD8859BF86F606BF6A1E59BF36A107BF01
:10043000A1B358BF924B08BF534858BF9BF508BFA4
:100440007FDC57BF4E9F09BF267057BFAD480ABF1C
:10045000480357BFB7F10ABFE59556BF6B9A0BBF6C
:10046000FE2756BFC9420CBF93B955BFD0EA0CBF97
:10047000A44A55BF81920DBF31DB54BFDA390EBF9C
:100480003B6B54BFDBE00EBFC3FA53BF84870FBF83
:10049000C78953BFD52D10BF491853BFCDD310BF47
:1004A00049A652BF6B7911BFC63352BFB01E12BFEF
:1004B000C2C051BF9AC312BF3D4D51BF2A6813BF7E
:1004C00037D950BF5F0C14BFAF6450BF39B014BFF1
:1004D000A8EF4FBFB75315BF1F7A4FBFD9F615BF4F
:1004E00017044FBF9F9916BF908D4EBF073C17BF93
:1004F00089164EBF12DE17BF029F4DBFC07F18BFC7
:10050000FD264DBF0F2119BF79AE4CBF00C219BFE8
:1005100078354CBF93621ABFF8BB4BBFC6021BBFF6
:10052000FA414BBF99A21BBF7FC74ABF0C421CBFF9
:10053000874C4ABF1FE11CBF12D149BFD17F1DBFED
:10054000215549BF221E1EBFB3D848BF12BC1EBFD3
:10055000CA5B48BF9F591FBF65DE47BFCBF61FBFB1
:10056000856047BF939320BF2AE246BFF92F21BF82
:10057000546346BFFBCB21BF03E445BF996722BF4D
:10058000396445BFD30223BFF5E344BFA99D23BF10
:10059000376344BF1A3824BF00E243BF25D224BFCB
:1005A000516043BFCB6B25BF29DE42BF0A0526BF82
:1005B000895B42BFE39D26BF70D841BF563627BF37
:1005C000E15441BF61CE27BFDAD040BF056628BFE6
:1005D0005C4C40BF41FD28BF67C73FBF159429BF92
:1005E000FC413FBF802A2ABF1BBC3EBF82C02ABF3E
:1005F000C5353EBF1B562BBFF9AE3DBF4AEB2BBFE7
:10060000B8273DBF0F802CBF03A03CBF69142DBF8E
:10061000D9173CBF59A82DBF3B8F3BBFDE3B2EBF38
:1006200029063BBFF7CE2EBFA47C3ABFA5612FBFE2
:10063000ACF239BFE6F32FBF426839BFBB8530BF8C
:1006400065DD38BF221731BF165238BF1DA831BF34
:1006500055C637BFAA3832BF233A37BFC9C832BFE1
:100660007FAD36BF7A5833BF6C2036BFBCE733BF8F
:10067000E79235BF8F7634BFF30435BFF30435BF3F
:100680008F7634BFE79235BFBCE733BF6C2036BFEF
:100690007A5833BF7FAD36BFC9C832BF233A37BFA0
:1006A000AA3832BF55C637BF1DA831BF165238BF52
:1006B000221731BF65DD38BFBB8530BF426839BF07
:1006C000E6F32FBFACF239BFA5612FBFA47C3ABFC0
:1006D000F7CE2EBF29063BBFDE3B2EBF3B8F3BBF75
:1006E00059A82DBFD9173CBF69142DBF03A03CBF2B
:1006F0000F802CBFB8273DBF4AEB2BBFF9AE3DBFE3
:100700001B562BBFC5353EBF82C02ABF1BBC3EBF98
:10071000802A2ABFFC413FBF159429BF67C73FBF4E
:1007200041FD28BF5C4C40BF056628BFDAD040BF02
:1007300061CE27BFE15441BF563627BF70D841BFB5
:10074000E39D26BF895B42BF0A0526BF29DE42BF63
:10075000CB6B25BF516043BF25D224BF00E243BF0E
:100760001A3824BF376344BFA99D23BFF5E344BFB4
:10077000D30223BF396445BF996722BF03E445BF55
:10078000FBCB21BF546346BFF92F21BF2AE246BFEE
:10079000939320BF856047BFCBF61FBF65DE47BF81
:1007A0009F591FBFCA5B48BF12BC1EBFB3D848BF0A
:1007B000221E1EBF215549BFD17F1DBF12D149BF87
:1007C0001FE11CBF874C4ABF0C421CBF7FC74ABFFA
:1007D00099A21BBFFA414BBFC6021BBFF8BB4BBF60
:1007E00093621ABF78354CBF00C219BF79AE4CBFB7
:1007F0000F2119BFFD264DBFC07F18BF029F4DBFFF
:1008000012DE17BF89164EBF073C17BF908D4EBF33
:100810009F9916BF17044FBFD9F615BF1F7A4FBF58
:10082000B75315BFA8EF4FBF39B014BFAF6450BF67
:100830005F0C14BF37D950BF2A6813BF3D4D51BF5D
:100840009AC312BFC2C051BFB01E12BFC63352BF3F
:100850006B7911BF49A652BFCDD310BF491853BF02
:10086000D52D10BFC78953BF84870FBFC3FA53BFAD
:10087000DBE00EBF3B6B54BFDA390EBF31DB54BF38
:1008800081920DBFA44A55BFD0EA0CBF93B955BFA2
:10089000C9420CBFFE2756BF6B9A0BBFE59556BFEA
:1008A000B7F10ABF480357BFAD480ABF267057BF0C
:1008B0004E9F09BF7FDC57BF9BF508BF534858BF09
:1008C000924B08BFA1B358BF36A107BF6A1E59BFDC
:1008D00086F606BFAD8859BF824B06BF6AF259BF84
:1008E0002CA005BFA05B5ABF84F404BF50C45ABFFC
:1008F000894804BF792C5BBF3D9C03BF1A945BBF42
:100900009FEF02BF34FB5BBFB14202BFC7615CBF58
:10091000739501BFD1C75CBFE4E700BF532D5DBF36
:10092000063A00BF4D925DBFB217FFBEBEF65DBF77
:10093000BBBAFDBEA65A5EBF275DFCBE05BE5EBF4C
:10094000F7FEFABEDB205FBF2DA0F9BE27835FBF95
:10095000C840F8BEE9E45FBFCBE0F6BE214660BF09
:100960003580F5BECFA660BF071FF4BEF20661BF9B
:1009700043BDF2BE8A6661BFEA5AF1BE98C561BF47
:10098000FBF7EFBE1A2462BF7994EEBE108262BFFD
:100990006330EDBE7BDF62BFBBCBEBBE5A3C63BFB7
:1009A0008166EABEAC9863BFB700E9BE73F463BF6B
:1009B0005D9AE7BEAC4F64BF7533E6BE59AA64BF0B
:1009C000FECBE4BE790465BFFA63E3BE0B5E65BF90
:1009D0006AFBE1BE10B765BF4F92E0BE880F66BFED
:1009E000A928DFBE716766BF79BEDDBECCBE66BF1B
:1009F000C153DCBE991567BF80E8DABED86B67BF0C
:100A0000B97CD9BE87C167BF6B10D8BEA81668BFB6
:100A100099A3D6BE396B68BF4136D5BE3CBF68BF0F
:100A200067C8D3BEAE1269BF095AD2BE916569BF0D
:100A30002AEBD0BEE4B769BFCA7BCFBEA7096ABFA5
:100A4000EA0BCEBED95A6ABF8B9BCCBE7BAB6ABFCA
:100A5000AE2ACBBE8CFB6ABF53B9C9BE0C4B6BBF71
:100A60007C47C8BEFB996BBF29D5C6BE58E86BBF93
:100A70005C62C5BE24366CBF15EFC3BE5E836CBF1F
:100A8000557BC2BE07D06CBF1E07C1BE1D1C6DBF0B
:100A90006F92BFBEA1676DBF4A1DBEBE93B26DBF50
:100AA000AFA7BCBEF2FC6DBFA031BBBEBE466EBFE1
:100AB0001EBBB9BEF88F6EBF2A44B8BE9ED86EBFAB
:100AC000C3CCB6BEB0206FBFEC54B5BE30686FBFAC
:100AD000A5DCB3BE1BAF6FBFEF63B2BE73F56FBFD4
:100AE000CBEAB0BE373B70BF3A71AFBE668070BF15
:100AF0003CF7ADBE02C570BFD47CACBE080971BF67
:100B00000102ABBE7A4C71BFC486A9BE578F71BFBC
:100B10001F0BA8BE9FD171BF128FA6BE521372BF0A
:100B20009F12A5BE705472BFC595A3BEF89472BF44
:100B30008718A2BEEBD472BFE59AA0BE471473BF5C
:100B4000DF1C9FBE0E5373BF789E9DBE3F9173BF47
:100B5000AF1F9CBED9CE73BF86A09ABEDD0B74BFFB
:100B6000FE2099BE4B4874BF17A197BE228474BF64
:100B7000D22096BE62BF74BF31A094BE0BFA74BF80
:100B8000351F93BE1D3475BFDD9D91BE976D75BF3A
:100B90002C1C90BE7BA675BF229A8EBEC6DE75BF8A
:100BA000C0178DBE7A1676BF07958BBE974D76BF60
:100BB000F8118ABE1B8476BF938E88BE07BA76BFB3
:100BC000DA0A87BE5BEF76BFCE8685BE172477BF75
:100BD000700284BE3A5877BFC07D82BEC58B77BF96
:100BE000C0F880BEB7BE77BFE1E67EBE10F177BF2A
:100BF000A4DB7BBED12278BFCCCF78BEF85378BFC0
:100C00005AC375BE868478BF51B672BE7BB478BFB6
:100C1000B2A86FBED6E378BF7F9A6CBE981279BF38
:100C2000BA8B69BEC04079BF667C66BE4E6E79BF26
:100C3000836C63BE439B79BF135C60BE9DC779BF65
:100C40001A4B5DBE5EF379BF97395ABE841E7ABFD8
:100C50008F2757BE10497ABF011554BE02737ABF61
:100C6000F10151BE599C7ABF60EE4DBE16C57ABFE8
:100C70004FDA4ABE37ED7ABFC2C547BEBE147BBF4E
:100C8000B9B044BEAB3B7BBF379B41BEFC617BBF71
:100C90003E853EBEB2877BBFCF6E3BBECDAC7BBF39
:100CA000EC5738BE4DD17BBF984035BE31F57BBF88
:100CB000D42832BE7A187CBFA2102FBE283B7CBF3E
:100CC00004F82BBE3A5D7CBFFCDE28BEB07E7CBF44
:100CD0008CC525BE8A9F7CBFB6AB22BEC9BF7CBF78
:100CE0007B911FBE6CDF7CBFDE761CBE73FE7CBFBB
:100CF000E05B19BEDD1C7DBF834016BEAC3A7DBFF4
:100D0000CA2413BEDE577DBFB70810BE74747DBF02
:100D10004AEC0CBE6E907DBF86CF09BECCAB7DBFCA
:100D20006EB206BE8CC67DBF029503BEB1E07DBF2C
:100D3000457700BE38FA7DBF73B2FABD24137EBF7B
:100D4000C075F4BD722B7EBF7638EEBD23437EBFE7
:100D50009AFAE7BD385A7EBF2EBCE1BDB0707EBFA7
:100D6000377DDBBD8B867EBFB93DD5BDC99B7EBFC0
:100D7000B7FDCEBD69B07EBF36BDC8BD6DC47EBFF8
:100D8000397CC2BDD4D77EBFC33ABCBD9DEA7EBF0D
:100D9000DAF8B5BDC9FC7EBF80B6AFBD580E7FBFC7
:100DA000BA73A9BD491F7FBF8C30A3BD9D2F7FBFE4
:100DB000F9EC9CBD543F7FBF05A996BD6D4E7FBF2A
:100DC000B46490BDE95C7FBF0A208ABDC76A7FBF5B
:100DD0000ADB83BD08787FBF742B7BBDAB847FBFEC
:100DE00038A06EBDB1907FBF681462BD189C7FBFF4
:100DF0000E8855BDE3A67FBF2FFB48BD0FB17FBF57
:100E0000D56D3CBD9EBA7FBF07E02FBD8FC37FBFAE
:100E1000CC5123BDE2CB7FBF2CC316BD98D37FBF7F
:100E20002F340ABDAFDA7FBFB949FBBC29E17FBFD0
:100E30007B2AE2BC05E77FBFB00AC9BC43EC7FBF99
:100E400069EAAFBCE3F07FBFB6C996BCE6F47FBFEA
:100E50004B517BBC4AF87FBF900E49BC11FB7FBF52
:100E600059CB16BC39FD7FBF890FC9BBC4FE7FBFFC
:100E7000C70F49BBB1FF7FBF00000080000080BFEB
:100E8000C70F493BB1FF7FBF890FC93BC4FE7FBF7E
:100E900059CB163C39FD7FBF900E493C11FB7FBFFB
:100EA0004B517B3C4AF87FBFB6C9963CE6F47FBF06
:100EB00069EAAF3CE3F07FBFB00AC93C43EC7FBFB7
:100EC0007B2AE23C05E77FBFB949FB3C29E17FBFB4
:100ED0002F340A3DAFDA7FBF2CC3163D98D37FBFB6
:100EE000CC51233DE2CB7FBF07E02F3D8FC37FBFB7
:100EF000D56D3C3D9EBA7FBF2FFB483D0FB17FBFF4
:100F00000E88553DE3A67FBF6814623D189C7FBFE5
:100F100038A06E3DB1907FBF742B7B3DAB847FBF0B
:100F20000ADB833D08787FBF0A208A3DC76A7FBFFE
:100F3000B464903DE95C7FBF05A9963D6D4E7FBFCF
:100F4000F9EC9C3D543F7FBF8C30A33D9D2F7FBF6C
:100F5000BA73A93D491F7FBF80B6AF3D580E7FBF12
:100F6000DAF8B53DC9FC7EBFC33ABC3D9DEA7EBF01
:100F7000397CC23DD4D77EBF36BDC83D6DC47EBF6F
:100F8000B7FDCE3D69B07EBFB93DD53DC99B7EBFA3
:100F9000377DDB3D8B867EBF2EBCE13DB0707EBFD2
:100FA0009AFAE73D385A7EBF7638EE3D23437EBF3E
:100FB000C075F43D722B7EBF73B2FA3D24137EBF21
:100FC0004577003E38FA7DBF0295033EB1E07DBF14
:100FD0006EB2063E8CC67DBF86CF093ECCAB7DBFD0
:100FE0004AEC0C3E6E907DBFB708103E74747DBF16
:100FF000CA24133EDE577DBF8340163EAC3A7DBF08
:10100000E05B193EDD1C7DBFDE761C3E73FE7CBFBF
:101010007B911F3E6CDF7CBFB6AB223EC9BF7CBF5D
:101020008CC5253E8A9F7CBFFCDE283EB07E7CBFFF
:1010300004F82B3E3A5D7CBFA2102F3E283B7CBFBC
:10104000D428323E7A187CBF9840353E31F57BBFBC
:10105000EC57383E4DD17BBFCF6E3B3ECDAC7BBF16
:101060003E853E3EB2877BBF379B413EFC617BBFE6
:10107000B9B0443EAB3B7BBFC2C5473EBE147BBF4D
:101080004FDA4A3E37ED7ABF60EE4D3E16C57ABF65
:10109000F101513E599C7ABF0115543E02737ABF4B
:1010A0008F27573E10497ABF97395A3E841E7ABF20
:1010B0001A4B5D3E5EF379BF135C603E9DC779BFFE
:1010C000836C633E439B79BF667C663E4E6E79BF00
:1010D000BA8B693EC04079BF7F9A6C3E981279BF47
:1010E000B2A86F3ED6E378BF51B6723E7BB478BFEC
:1010F0005AC3753E868478BFCCCF783EF85378BF0C
:10110000A4DB7B3ED12278BFE1E67E3E10F177BFC3
:10111000C0F8803EB7BE77BFC07D823EC58B77BF2B
:101120007002843E3A5877BFCE86853E172477BF3B
:10113000DA0A873E5BEF76BF938E883E07BA76BFAA
:10114000F8118A3E1B8476BF07958B3E974D76BF7C
:10115000C0178D3E7A1676BF229A8E3EC6DE75BFC8
:101160002C1C903E7BA675BFDD9D913E976D75BF93
:10117000351F933E1D3475BF31A0943E0BFA74BFEA
:10118000D220963E62BF74BF17A1973E228474BFDF
:10119000FE20993E4B4874BF86A09A3EDD0B74BF7B
:1011A000AF1F9C3ED9CE73BF789E9D3E3F9173BFCB
:1011B000DF1C9F3E0E5373BFE59AA03E471473BFDA
:1011C0008718A23EEBD472BFC595A33EF89472BFB8
:1011D0009F12A53E705472BF128FA63E521372BF6B
:1011E0001F0BA83E9FD171BFC486A93E578F71BF08
:1011F0000102AB3E7A4C71BFD47CAC3E080971BF92
:101200003CF7AD3E02C570BF3A71AF3E668070BF1D
:10121000CBEAB03E373B70BFEF63B23E73F56FBFB2
:10122000A5DCB33E1BAF6FBFEC54B53E30686FBF5B
:10123000C3CCB63EB0206FBF2A44B83E9ED86EBF26
:101240001EBBB93EF88F6EBFA031BB3EBE466EBF1F
:10125000AFA7BC3EF2FC6DBF4A1DBE3E93B26DBF50
:101260006F92BF3EA1676DBF1E07C13E1D1C6DBFC3
:10127000557BC23E07D06CBF15EFC33E5E836CBF8B
:101280005C62C53E24366CBF29D5C63E58E86BBFAC
:101290007C47C83EFB996BBF53B9C93E0C4B6BBF33
:1012A000AE2ACB3E8CFB6ABF8B9BCC3E7BAB6ABF2E
:1012B000EA0BCE3ED95A6ABFCA7BCF3EA7096ABFA6
:1012C0002AEBD03EE4B769BF095AD23E916569BFA7
:1012D00067C8D33EAE1269BF4136D53E3CBF68BF3A
:1012E00099A3D63E396B68BF6B10D83EA81668BF6D
:1012F000B97CD93E87C167BF80E8DA3ED86B67BF4B
:10130000C153DC3E991567BF79BEDD3ECCBE66BFDA
:10131000A928DF3E716766BF4F92E03E880F66BF27
:101320006AFBE13E10B765BFFA63E33E0B5E65BF43
:10133000FECBE43E790465BF7533E63E59AA64BF2F
:101340005D9AE73EAC4F64BFB700E93E73F463BFFC
:101350008166EA3EAC9863BFBBCBEB3E5A3C63BFB1
:101360006330ED3E7BDF62BF7994EE3E108262BF58
:10137000FBF7EF3E1A2462BFEA5AF13E98C561BFFF
:1013800043BDF23E8A6661BF071FF43EF20661BFAD
:101390003580F53ECFA660BFCBE0F63E214660BF6C
:1013A000C840F83EE9E45FBF2DA0F93E27835FBF48
:1013B000F7FEFA3EDB205FBF275DFC3E05BE5EBF49
:1013C000BBBAFD3EA65A5EBFB217FF3EBEF65DBF7A
:1013D000063A003F4D925DBFE4E7003F532D5DBFED
:1013E0007395013FD1C75CBFB142023FC7615CBF8B
:1013F0009FEF023F34FB5BBF3D9C033F1A945BBFF2
:101400008948043F792C5BBF84F4043F50C45ABF21
:101410002CA0053FA05B5ABF824B063F6AF259BF22
:1014200086F6063FAD8859BF36A1073F6A1E59BFF1
:10143000924B083FA1B358BF9BF5083F534858BF94
:101440004E9F093F7FDC57BFAD480A3F267057BF0C
:10145000B7F10A3F480357BF6B9A0B3FE59556BF5C
:10146000C9420C3FFE2756BFD0EA0C3F93B955BF87
:1014700081920D3FA44A55BFDA390E3F31DB54BF8C
:10148000DBE00E3F3B6B54BF84870F3FC3FA53BF73
:10149000D52D103FC78953BFCDD3103F491853BF37
:1014A0006B79113F49A652BFB01E123FC63352BFDF
:1014B0009AC3123FC2C051BF2A68133F3D4D51BF6E
:1014C0005F0C143F37D950BF39B0143FAF6450BFE1
:1014D000B753153FA8EF4FBFD9F6153F1F7A4FBF3F
:1014E0009F99163F17044FBF073C173F908D4EBF83
:1014F00012DE173F89164EBFC07F183F029F4DBFB7
:101500000F21193FFD264DBF00C2193F79AE4CBFD8
:1015100093621A3F78354CBFC6021B3FF8BB4BBFE6
:1015200099A21B3FFA414BBF0C421C3F7FC74ABFE9
:101530001FE11C3F874C4ABFD17F1D3F12D149BFDD
:10154000221E1E3F215549BF12BC1E3FB3D848BFC3
:101550009F591F3FCA5B48BFCBF61F3F65DE47BFA1
:101560009393203F856047BFF92F213F2AE246BF72
:10157000FBCB213F546346BF9967223F03E445BF3D
:10158000D302233F396445BFA99D233FF5E344BF00
:101590001A38243F376344BF25D2243F00E243BFBB
:1015A000CB6B253F516043BF0A05263F29DE42BF72
:1015B000E39D263F895B42BF5636273F70D841BF27
:1015C00061CE273FE15441BF0566283FDAD040BFD6
:1015D00041FD283F5C4C40BF1594293F67C73FBF82
:1015E000802A2A3FFC413FBF82C02A3F1BBC3EBF2E
:1015F0001B562B3FC5353EBF4AEB2B3FF9AE3DBFD7
:101600000F802C3FB8273DBF69142D3F03A03CBF7E
:1016100059A82D3FD9173CBFDE3B2E3F3B8F3BBF28
:10162000F7CE2E3F29063BBFA5612F3FA47C3ABFD2
:10163000E6F32F3FACF239BFBB85303F426839BF7C
:101640002217313F65DD38BF1DA8313F165238BF24
:10165000AA38323F55C637BFC9C8323F233A37BFD1
:101660007A58333F7FAD36BFBCE7333F6C2036BF7F
:101670008F76343FE79235BFF304353FF30435BF2F
:10168000E792353F8F7634BF6C20363FBCE733BFDF
:101690007FAD363F7A5833BF233A373FC9C832BF90
:1016A00055C6373FAA3832BF1652383F1DA831BF42
:1016B00065DD383F221731BF4268393FBB8530BFF7
:1016C000ACF2393FE6F32FBFA47C3A3FA5612FBFB0
:1016D00029063B3FF7CE2EBF3B8F3B3FDE3B2EBF65
:1016E000D9173C3F59A82DBF03A03C3F69142DBF1B
:1016F000B8273D3F0F802CBFF9AE3D3F4AEB2BBFD3
:10170000C5353E3F1B562BBF1BBC3E3F82C02ABF88
:10171000FC413F3F802A2ABF67C73F3F159429BF3E
:101720005C4C403F41FD28BFDAD0403F056628BFF2
:10173000E154413F61CE27BF70D8413F563627BFA5
:10174000895B423FE39D26BF29DE423F0A0526BF53
:101750005160433FCB6B25BF00E2433F25D224BFFE
:101760003763443F1A3824BFF5E3443FA99D23BFA4
:101770003964453FD30223BF03E4453F996722BF45
:101780005463463FFBCB21BF2AE2463FF92F21BFDE
:101790008560473F939320BF65DE473FCBF61FBF71
:1017A000CA5B483F9F591FBFB3D8483F12BC1EBFFA
:1017B0002155493F221E1EBF12D1493FD17F1DBF77
:1017C000874C4A3F1FE11CBF7FC74A3F0C421CBFEA
:1017D000FA414B3F99A21BBFF8BB4B3FC6021BBF50
:1017E00078354C3F93621ABF79AE4C3F00C219BFA7
:1017F000FD264D3F0F2119BF029F4D3FC07F18BFEF
:1018000089164E3F12DE17BF908D4E3F073C17BF23
:1018100017044F3F9F9916BF1F7A4F3FD9F615BF48
:10182000A8EF4F3FB75315BFAF64503F39B014BF57
:1018300037D9503F5F0C14BF3D4D513F2A6813BF4D
:10184000C2C0513F9AC312BFC633523FB01E12BF2F
:1018500049A6523F6B7911BF4918533FCDD310BFF2
:10186000C789533FD52D10BFC3FA533F84870FBF9D
:101870003B6B543FDBE00EBF31DB543FDA390EBF28
:10188000A44A553F81920DBF93B9553FD0EA0CBF92
:10189000FE27563FC9420CBFE595563F6B9A0BBFDA
:1018A0004803573FB7F10ABF2670573FAD480ABFFC
:1018B0007FDC573F4E9F09BF5348583F9BF508BFF9
:1018C000A1B3583F924B08BF6A1E593F36A107BFCC
:1018D000AD88593F86F606BF6AF2593F824B06BF74
:1018E000A05B5A3F2CA005BF50C45A3F84F404BFEC
:1018F000792C5B3F894804BF1A945B3F3D9C03BF32
:1019000034FB5B3F9FEF02BFC7615C3FB14202BF48
:10191000D1C75C3F739501BF532D5D3FE4E700BF26
:101920004D925D3F063A00BFBEF65D3FB217FFBE67
:10193000A65A5E3FBBBAFDBE05BE5E3F275DFCBE3C
:10194000DB205F3FF7FEFABE27835F3F2DA0F9BE85
:10195000E9E45F3FC840F8BE2146603FCBE0F6BEF9
:10196000CFA6603F3580F5BEF206613F071FF4BE8B
:101970008A66613F43BDF2BE98C5613FEA5AF1BE37
:101980001A24623FFBF7EFBE1082623F7994EEBEED
:101990007BDF623F6330EDBE5A3C633FBBCBEBBEA7
:1019A000AC98633F8166EABE73F4633FB700E9BE5B
:1019B000AC4F643F5D9AE7BE59AA643F7533E6BEFB
:1019C0007904653FFECBE4BE0B5E653FFA63E3BE80
:1019D00010B7653F6AFBE1BE880F663F4F92E0BEDD
:1019E0007167663FA928DFBECCBE663F79BEDDBE0B
:1019F0009915673FC153DCBED86B673F80E8DABEFC
:101A000087C1673FB97CD9BEA816683F6B10D8BEA6
:101A1000396B683F99A3D6BE3CBF683F4136D5BEFF
:101A2000AE12693F67C8D3BE9165693F095AD2BEFD
:101A3000E4B7693F2AEBD0BEA7096A3FCA7BCFBE95
:101A4000D95A6A3FEA0BCEBE7BAB6A3F8B9BCCBEBA
:101A50008CFB6A3FAE2ACBBE0C4B6B3F53B9C9BE61
:101A6000FB996B3F7C47C8BE58E86B3F29D5C6BE83
:101A700024366C3F5C62C5BE5E836C3F15EFC3BE0F
:101A800007D06C3F557BC2BE1D1C6D3F1E07C1BEFB
:101A9000A1676D3F6F92BFBE93B26D3F4A1DBEBE40
:101AA000F2FC6D3FAFA7BCBEBE466E3FA031BBBED1
:101AB000F88F6E3F1EBBB9BE9ED86E3F2A44B8BE9B
:101AC000B0206F3FC3CCB6BE30686F3FEC54B5BE9C
:101AD0001BAF6F3FA5DCB3BE73F56F3FEF63B2BEC4
:101AE000373B703FCBEAB0BE6680703F3A71AFBE05
:101AF00002C5703F3CF7ADBE0809713FD47CACBE57
:101B00007A4C713F0102ABBE578F713FC486A9BEAC
:101B10009FD1713F1F0BA8BE5213723F128FA6BEFA
:101B20007054723F9F12A5BEF894723FC595A3BE34
:101B3000EBD4723F8718A2BE4714733FE59AA0BE4C
:101B40000E53733FDF1C9FBE3F91733F789E9DBE37
:101B5000D9CE733FAF1F9CBEDD0B743F86A09ABEEB
:101B60004B48743FFE2099BE2284743F17A197BE54
:101B700062BF743FD22096BE0BFA743F31A094BE70
:101B80001D34753F351F93BE976D753FDD9D91BE2A
:101B90007BA6753F2C1C90BEC6DE753F229A8EBE7A
:101BA0007A16763FC0178DBE974D763F07958BBE50
:101BB0001B84763FF8118ABE07BA763F938E88BEA3
:101BC0005BEF763FDA0A87BE1724773FCE8685BE65
:101BD0003A58773F700284BEC58B773FC07D82BE86
:101BE000B7BE773FC0F880BE10F1773FE1E67EBE1A
:101BF000D122783FA4DB7BBEF853783FCCCF78BEB0
:101C00008684783F5AC375BE7BB4783F51B672BEA6
:101C1000D6E3783FB2A86FBE9812793F7F9A6CBE28
:101C2000C040793FBA8B69BE4E6E793F667C66BE16
:101C3000439B793F836C63BE9DC7793F135C60BE55
:101C40005EF3793F1A4B5DBE841E7A3F97395ABEC8
:101C500010497A3F8F2757BE02737A3F011554BE51
:101C6000599C7A3FF10151BE16C57A3F60EE4DBED8
:101C700037ED7A3F4FDA4ABEBE147B3FC2C547BE3E
:101C8000AB3B7B3FB9B044BEFC617B3F379B41BE61
:101C9000B2877B3F3E853EBECDAC7B3FCF6E3BBE29
:101CA0004DD17B3FEC5738BE31F57B3F984035BE78
:101CB0007A187C3FD42832BE283B7C3FA2102FBE2E
:101CC0003A5D7C3F04F82BBEB07E7C3FFCDE28BE34
:101CD0008A9F7C3F8CC525BEC9BF7C3FB6AB22BE68
:101CE0006CDF7C3F7B911FBE73FE7C3FDE761CBEAB
:101CF000DD1C7D3FE05B19BEAC3A7D3F834016BEE4
:101D0000DE577D3FCA2413BE74747D3FB70810BEF2
:101D10006E907D3F4AEC0CBECCAB7D3F86CF09BEBA
:101D20008CC67D3F6EB206BEB1E07D3F029503BE1C
:101D300038FA7D3F457700BE24137E3F73B2FABD6B
:101D4000722B7E3FC075F4BD23437E3F7638EEBDD7
:101D5000385A7E3F9AFAE7BDB0707E3F2EBCE1BD97
:101D60008B867E3F377DDBBDC99B7E3FB93DD5BDB0
:101D700069B07E3FB7FDCEBD6DC47E3F36BDC8BDE8
:101D8000D4D77E3F397CC2BD9DEA7E3FC33ABCBDFD
:101D9000C9FC7E3FDAF8B5BD580E7F3F80B6AFBDB7
:101DA000491F7F3FBA73A9BD9D2F7F3F8C30A3BDD4
:101DB000543F7F3FF9EC9CBD6D4E7F3F05A996BD1A
:101DC000E95C7F3FB46490BDC76A7F3F0A208ABD4B
:101DD00008787F3F0ADB83BDAB847F3F742B7BBDDC
:101DE000B1907F3F38A06EBD189C7F3F681462BDE4
:101DF000E3A67F3F0E8855BD0FB17F3F2FFB48BD47
:101E00009EBA7F3FD56D3CBD8FC37F3F07E02FBD9E
:101E1000E2CB7F3FCC5123BD98D37F3F2CC316BD6F
:101E2000AFDA7F3F2F340ABD29E17F3FB949FBBCC0
:101E300005E77F3F7B2AE2BC43EC7F3FB00AC9BC89
:101E4000E3F07F3F69EAAFBCE6F47F3FB6C996BCDA
:101E50004AF87F3F4B517BBC11FB7F3F900E49BC42
:101E600039FD7F3F59CB16BCC4FE7F3F890FC9BBEC
:101E7000B1FF7F3FC70F49BB0000803F000000005B
:101E8000C4FE7F3F890FC93B11FB7F3F900E493C49
:101E9000E6F47F3FB6C9963C43EC7F3FB00AC93CAD
:101EA00029E17F3FB949FB3C98D37F3F2CC3163DC6
:101EB0008FC37F3F07E02F3D0FB17F3F2FFB483D92
:101EC000189C7F3F6814623DAB847F3F742B7B3D41
:101ED000C76A7F3F0A208A3D6D4E7F3F05A9963D28
:101EE0009D2F7F3F8C30A33D580E7F3F80B6AF3D86
:101EF0009DEA7E3FC33ABC3D6DC47E3F36BDC83DC2
:101F0000C99B7E3FB93DD53DB0707E3F2EBCE13DC3
:101F100023437E3F7638EE3D24137E3F73B2FA3D75
:101F2000B1E07D3F0295033ECCAB7D3F86CF093EBD
:101F300074747D3FB708103EAC3A7D3F8340163E37
:101F400073FE7C3FDE761C3EC9BF7C3FB6AB223EB3
:101F5000B07E7C3FFCDE283E283B7C3FA2102F3E1B
:101F600031F57B3F9840353ECDAC7B3FCF6E3B3E5D
:101F7000FC617B3F379B413EBE147B3FC2C5473E61
:101F800016C57A3F60EE4D3E02737A3F0115543E0E
:101F9000841E7A3F97395A3E9DC7793F135C603E55
:101FA0004E6E793F667C663E9812793F7F9A6C3E12
:101FB0007BB4783F51B6723EF853783FCCCF783E31
:101FC00010F1773FE1E67E3EC58B773FC07D823ED4
:101FD0001724773FCE86853E07BA763F938E883E9C
:101FE000974D763F07958B3EC6DE753F229A8E3E13
:101FF000976D753FDD9D913E0BFA743F31A0943E85
:102000002284743F17A1973EDD0B743F86A09A3E51
:102010003F91733F789E9D3E4714733FE59AA03EE3
:10202000F894723FC595A33E5213723F128FA63E9D
:10203000578F713FC486A93E0809713FD47CAC3EDE
:102040006680703F3A71AF3E73F56F3FEF63B23E0B
:1020500030686F3FEC54B53E9ED86E3F2A44B83E80
:10206000BE466E3FA031BB3E93B26D3F4A1DBE3EA1
:102070001D1C6D3F1E07C13E5E836C3F15EFC33EC6
:1020800058E86B3F29D5C63E0C4B6B3F53B9C93E50
:102090007BAB6A3F8B9BCC3EA7096A3FCA7BCF3E96
:1020A0009165693F095AD23E3CBF683F4136D53EF3
:1020B000A816683F6B10D83ED86B673F80E8DA3EC1
:1020C000CCBE663F79BEDD3E880F663F4F92E03E54
:1020D0000B5E653FFA63E33E59AA643F7533E63E03
:1020E00073F4633FB700E93E5A3C633FBBCBEB3E22
:1020F0001082623F7994EE3E98C5613FEA5AF13E04
:10210000F206613F071FF43E2146603FCBE0F63EFA
:1021100027835F3F2DA0F93E05BE5E3F275DFC3E55
:10212000BEF65D3FB217FF3E532D5D3FE4E7003F33
:10213000C7615C3FB142023F1A945B3F3D9C033F45
:1021400050C45A3F84F4043F6AF2593F824B063F21
:102150006A1E593F36A1073F5348583F9BF5083F39
:102160002670573FAD480A3FE595563F6B9A0B3FA7
:1021700093B9553FD0EA0C3F31DB543FDA390E3F7B
:10218000C3FA533F84870F3F4918533FCDD3103FC5
:10219000C633523FB01E123F3D4D513F2A68133F98
:1021A000AF64503F39B0143F1F7A4F3FD9F6153F07
:1021B000908D4E3F073C173F029F4D3FC07F183F19
:1021C00079AE4C3F00C2193FF8BB4B3FC6021B3FE4
:1021D0007FC74A3F0C421C3F12D1493FD17F1D3F70
:1021E000B3D8483F12BC1E3F65DE473FCBF61F3FCA
:1021F0002AE2463FF92F213F03E4453F9967223FFA
:10220000F5E3443FA99D233F00E2433F25D2243F0D
:1022100029DE423F0A05263F70D8413F5636273F08
:10222000DAD0403F0566283F67C73F3F1594293FF6
:102230001BBC3E3F82C02A3FF9AE3D3F4AEB2B3FDD
:1022400003A03C3F69142D3F3B8F3B3FDE3B2E3FBD
:10225000A47C3A3FA5612F3F4268393FBB85303FA0
:102260001652383F1DA8313F233A373FC9C8323F85
:102270006C20363FBCE7333FF304353FF304353F72
:10228000BCE7333F6C20363FC9C8323F233A373F63
:102290001DA8313F1652383FBB85303F4268393F59
:1022A000A5612F3FA47C3A3FDE3B2E3F3B8F3B3F57
:1022B00069142D3F03A03C3F4AEB2B3FF9AE3D3F55
:1022C00082C02A3F1BBC3E3F1594293F67C73F3F52
:1022D0000566283FDAD0403F5636273F70D8413F49
:1022E0000A05263F29DE423F25D2243F00E2433F34
:1022F000A99D233FF5E3443F9967223F03E4453F0F
:10230000F92F213F2AE2463FCBF61F3F65DE473FCC
:1023100012BC1E3FB3D8483FD17F1D3F12D1493F69
:102320000C421C3F7FC74A3FC6021B3FF8BB4B3FD6
:1023300000C2193F79AE4C3FC07F183F029F4D3F0E
:10234000073C173F908D4E3FD9F6153F1F7A4F3F00
:1023500039B0143FAF64503F2A68133F3D4D513FA1
:10236000B01E123FC633523FCDD3103F4918533FE2
:1023700084870F3FC3FA533FDA390E3F31DB543FB6
:10238000D0EA0C3F93B9553F6B9A0B3FE595563F0A
:10239000AD480A3F2670573F9BF5083F5348583FCA
:1023A00036A1073F6A1E593F824B063F6AF2593FEA
:1023B00084F4043F50C45A3F3D9C033F1A945B3F52
:1023C000B142023FC7615C3FE4E7003F532D5D3FF0
:1023D000B217FF3EBEF65D3F275DFC3E05BE5E3F89
:1023E0002DA0F93E27835F3FCBE0F63E2146603FBC
:1023F000071FF43EF206613FEA5AF13E98C5613F7D
:102400007994EE3E1082623FBBCBEB3E5A3C633F79
:10241000B700E93E73F4633F7533E63E59AA643F63
:10242000FA63E33E0B5E653F4F92E03E880F663FE6
:1024300079BEDD3ECCBE663F80E8DA3ED86B673FB2
:102440006B10D83EA816683F4136D53E3CBF683F6A
:10245000095AD23E9165693FCA7BCF3EA7096A3FC0
:102460008B9BCC3E7BAB6A3F53B9C93E0C4B6B3F59
:1024700029D5C63E58E86B3F15EFC33E5E836C3FDF
:102480001E07C13E1D1C6D3F4A1DBE3E93B26D3FEF
:10249000A031BB3EBE466E3F2A44B83E9ED86E3F3A
:1024A000EC54B53E30686F3FEF63B23E73F56F3F5B
:1024B0003A71AF3E6680703FD47CAC3E0809713FF4
:1024C000C486A93E578F713F128FA63E5213723FAA
:1024D000C595A33EF894723FE59AA03E4714733F1A
:1024E000789E9D3E3F91733F86A09A3EDD0B743FE0
:1024F00017A1973E2284743F31A0943E0BFA743F9B
:10250000DD9D913E976D753F229A8E3EC6DE753FEA
:1025100007958B3E974D763F938E883E07BA763F60
:10252000CE86853E1724773FC07D823EC58B773FA0
:10253000E1E67E3E10F1773FCCCF783EF853783F0E
:1025400051B6723E7BB4783F7F9A6C3E9812793FC9
:10255000667C663E4E6E793F135C603E9DC7793F58
:1025600097395A3E841E7A3F0115543E02737A3FD2
:1025700060EE4D3E16C57A3FC2C5473EBE147B3F56
:10258000379B413EFC617B3FCF6E3B3ECDAC7B3FFA
:102590009840353E31F57B3FA2102F3E283B7C3FD3
:1025A000FCDE283EB07E7C3FB6AB223EC9BF7C3FFE
:1025B000DE761C3E73FE7C3F8340163EAC3A7D3F88
:1025C000B708103E74747D3F86CF093ECCAB7D3F8B
:1025D0000295033EB1E07D3F73B2FA3D24137E3F86
:1025E0007638EE3D23437E3F2EBCE13DB0707E3F0A
:1025F000B93DD53DC99B7E3F36BDC83D6DC47E3FCC
:10260000C33ABC3D9DEA7E3F80B6AF3D580E7F3F4A
:102610008C30A33D9D2F7F3F05A9963D6D4E7F3F9A
:102620000A208A3DC76A7F3F742B7B3DAB847F3F86
:102630006814623D189C7F3F2FFB483D0FB17F3FE0
:1026400007E02F3D8FC37F3F2CC3163D98D37F3FBC
:10265000B949FB3C29E17F3FB00AC93C43EC7F3FCD
:10266000B6C9963CE6F47F3F900E493C11FB7F3F94
:10267000890FC93BC4FE7F3F000000000000803F7F
:10268000890FC9BBC4FE7F3F900E49BC11FB7F3F41
:10269000B6C996BCE6F47F3FB00AC9BC43EC7F3FA5
:1026A000B949FBBC29E17F3F2CC316BD98D37F3FBE
:1026B00007E02FBD8FC37F3F2FFB48BD0FB17F3F8A
:1026C000681462BD189C7F3F742B7BBDAB847F3F39
:1026D0000A208ABDC76A7F3F05A996BD6D4E7F3F20
:1026E0008C30A3BD9D2F7F3F80B6AFBD580E7F3F7E
:1026F000C33ABCBD9DEA7E3F36BDC8BD6DC47E3FBA
:10270000B93DD5BDC99B7E3F2EBCE1BDB0707E3FBB
:102710007638EEBD23437E3F73B2FABD24137E3F6D
:10272000029503BEB1E07D3F86CF09BECCAB7D3FB5
:10273000B70810BE74747D3F834016BEAC3A7D3F2F
:10274000DE761CBE73FE7C3FB6AB22BEC9BF7C3FAB
:10275000FCDE28BEB07E7C3FA2102FBE283B7C3F13
:10276000984035BE31F57B3FCF6E3BBECDAC7B3F55
:10277000379B41BEFC617B3FC2C547BEBE147B3F59
:1027800060EE4DBE16C57A3F011554BE02737A3F06
:1027900097395ABE841E7A3F135C60BE9DC7793F4D
:1027A000667C66BE4E6E793F7F9A6CBE9812793F0A
:1027B00051B672BE7BB4783FCCCF78BEF853783F29
:1027C000E1E67EBE10F1773FC07D82BEC58B773FCC
:1027D000CE8685BE1724773F938E88BE07BA763F94
:1027E00007958BBE974D763F229A8EBEC6DE753F0B
:1027F000DD9D91BE976D753F31A094BE0BFA743F7D
:1028000017A197BE2284743F86A09ABEDD0B743F49
:10281000789E9DBE3F91733FE59AA0BE4714733FDB
:10282000C595A3BEF894723F128FA6BE5213723F95
:10283000C486A9BE578F713FD47CACBE0809713FD6
:102840003A71AFBE6680703FEF63B2BE73F56F3F03
:10285000EC54B5BE30686F3F2A44B8BE9ED86E3F78
:10286000A031BBBEBE466E3F4A1DBEBE93B26D3F99
:102870001E07C1BE1D1C6D3F15EFC3BE5E836C3FBE
:1028800029D5C6BE58E86B3F53B9C9BE0C4B6B3F48
:102890008B9BCCBE7BAB6A3FCA7BCFBEA7096A3F8E
:1028A000095AD2BE9165693F4136D5BE3CBF683FEB
:1028B0006B10D8BEA816683F80E8DABED86B673FB9
:1028C00079BEDDBECCBE663F4F92E0BE880F663F4C
:1028D000FA63E3BE0B5E653F7533E6BE59AA643FFB
:1028E000B700E9BE73F4633FBBCBEBBE5A3C633F1A
:1028F0007994EEBE1082623FEA5AF1BE98C5613FFC
:10290000071FF4BEF206613FCBE0F6BE2146603FF2
:102910002DA0F9BE27835F3F275DFCBE05BE5E3F4D
:10292000B217FFBEBEF65D3FE4E700BF532D5D3F2B
:10293000B14202BFC7615C3F3D9C03BF1A945B3F3D
:1029400084F404BF50C45A3F824B06BF6AF2593F19
:1029500036A107BF6A1E593F9BF508BF5348583F31
:10296000AD480ABF2670573F6B9A0BBFE595563F9F
:10297000D0EA0CBF93B9553FDA390EBF31DB543F73
:1029800084870FBFC3FA533FCDD310BF4918533FBD
:10299000B01E12BFC633523F2A6813BF3D4D513F90
:1029A00039B014BFAF64503FD9F615BF1F7A4F3FFF
:1029B000073C17BF908D4E3FC07F18BF029F4D3F11
:1029C00000C219BF79AE4C3FC6021BBFF8BB4B3FDC
:1029D0000C421CBF7FC74A3FD17F1DBF12D1493F68
:1029E00012BC1EBFB3D8483FCBF61FBF65DE473FC2
:1029F000F92F21BF2AE2463F996722BF03E4453FF2
:102A0000A99D23BFF5E3443F25D224BF00E2433F05
:102A10000A0526BF29DE423F563627BF70D8413F00
:102A2000056628BFDAD0403F159429BF67C73F3FEE
:102A300082C02ABF1BBC3E3F4AEB2BBFF9AE3D3FD5
:102A400069142DBF03A03C3FDE3B2EBF3B8F3B3FB5
:102A5000A5612FBFA47C3A3FBB8530BF4268393F98
:102A60001DA831BF1652383FC9C832BF233A373F7D
:102A7000BCE733BF6C20363FF30435BFF304353F6A
:102A80006C2036BFBCE7333F233A37BFC9C8323F5B
:102A9000165238BF1DA8313F426839BFBB85303F51
:102AA000A47C3ABFA5612F3F3B8F3BBFDE3B2E3F4F
:102AB00003A03CBF69142D3FF9AE3DBF4AEB2B3F4D
:102AC0001BBC3EBF82C02A3F67C73FBF1594293F4A
:102AD000DAD040BF0566283F70D841BF5636273F41
:102AE00029DE42BF0A05263F00E243BF25D2243F2C
:102AF000F5E344BFA99D233F03E445BF9967223F07
:102B00002AE246BFF92F213F65DE47BFCBF61F3FC4
:102B1000B3D848BF12BC1E3F12D149BFD17F1D3F61
:102B20007FC74ABF0C421C3FF8BB4BBFC6021B3FCE
:102B300079AE4CBF00C2193F029F4DBFC07F183F06
:102B4000908D4EBF073C173F1F7A4FBFD9F6153FF8
:102B5000AF6450BF39B0143F3D4D51BF2A68133F99
:102B6000C63352BFB01E123F491853BFCDD3103FDA
:102B7000C3FA53BF84870F3F31DB54BFDA390E3FAE
:102B800093B955BFD0EA0C3FE59556BF6B9A0B3F02
:102B9000267057BFAD480A3F534858BF9BF5083FC2
:102BA0006A1E59BF36A1073F6AF259BF824B063FE2
:102BB00050C45ABF84F4043F1A945BBF3D9C033F4A
:102BC000C7615CBFB142023F532D5DBFE4E7003FE8
:102BD000BEF65DBFB217FF3E05BE5EBF275DFC3E81
:102BE00027835FBF2DA0F93E214660BFCBE0F63EB4
:102BF000F20661BF071FF43E98C561BFEA5AF13E75
:102C0000108262BF7994EE3E5A3C63BFBBCBEB3E71
:102C100073F463BFB700E93E59AA64BF7533E63E5B
:102C20000B5E65BFFA63E33E880F66BF4F92E03EDE
:102C3000CCBE66BF79BEDD3ED86B67BF80E8DA3EAA
:102C4000A81668BF6B10D83E3CBF68BF4136D53E62
:102C5000916569BF095AD23EA7096ABFCA7BCF3EB8
:102C60007BAB6ABF8B9BCC3E0C4B6BBF53B9C93E51
:102C700058E86BBF29D5C63E5E836CBF15EFC33ED7
:102C80001D1C6DBF1E07C13E93B26DBF4A1DBE3EE7
:102C9000BE466EBFA031BB3E9ED86EBF2A44B83E32
:102CA00030686FBFEC54B53E73F56FBFEF63B23E53
:102CB000668070BF3A71AF3E080971BFD47CAC3EEC
:102CC000578F71BFC486A93E521372BF128FA63EA2
:102CD000F89472BFC595A33E471473BFE59AA03E12
:102CE0003F9173BF789E9D3EDD0B74BF86A09A3ED8
:102CF000228474BF17A1973E0BFA74BF31A0943E93
:102D0000976D75BFDD9D913EC6DE75BF229A8E3EE2
:102D1000974D76BF07958B3E07BA76BF938E883E58
:102D2000172477BFCE86853EC58B77BFC07D823E98
:102D300010F177BFE1E67E3EF85378BFCCCF783E06
:102D40007BB478BF51B6723E981279BF7F9A6C3EC1
:102D50004E6E79BF667C663E9DC779BF135C603E50
:102D6000841E7ABF97395A3E02737ABF0115543ECA
:102D700016C57ABF60EE4D3EBE147BBFC2C5473E4E
:102D8000FC617BBF379B413ECDAC7BBFCF6E3B3EF2
:102D900031F57BBF9840353E283B7CBFA2102F3ECB
:102DA000B07E7CBFFCDE283EC9BF7CBFB6AB223EF6
:102DB00073FE7CBFDE761C3EAC3A7DBF8340163E80
:102DC00074747DBFB708103ECCAB7DBF86CF093E83
:102DD000B1E07DBF0295033E24137EBF73B2FA3D7E
:102DE00023437EBF7638EE3DB0707EBF2EBCE13D02
:102DF000C99B7EBFB93DD53D6DC47EBF36BDC83DC4
:102E00009DEA7EBFC33ABC3D580E7FBF80B6AF3D42
:102E10009D2F7FBF8C30A33D6D4E7FBF05A9963D92
:102E2000C76A7FBF0A208A3DAB847FBF742B7B3D7E
:102E3000189C7FBF6814623D0FB17FBF2FFB483DD8
:102E40008FC37FBF07E02F3D98D37FBF2CC3163DB4
:102E500029E17FBFB949FB3C43EC7FBFB00AC93CC5
:102E6000E6F47FBFB6C9963C11FB7FBF900E493C8C
:102E7000C4FE7FBF890FC93B000080BF0000000077
:102E8000C4FE7FBF890FC9BB11FB7FBF900E49BC39
:102E9000E6F47FBFB6C996BC43EC7FBFB00AC9BC9D
:102EA00029E17FBFB949FBBC98D37FBF2CC316BDB6
:102EB0008FC37FBF07E02FBD0FB17FBF2FFB48BD82
:102EC000189C7FBF681462BDAB847FBF742B7BBD31
:102ED000C76A7FBF0A208ABD6D4E7FBF05A996BD18
:102EE0009D2F7FBF8C30A3BD580E7FBF80B6AFBD76
:102EF0009DEA7EBFC33ABCBD6DC47EBF36BDC8BDB2
:102F0000C99B7EBFB93DD5BDB0707EBF2EBCE1BDB3
:102F100023437EBF7638EEBD24137EBF73B2FABD65
:102F2000B1E07DBF029503BECCAB7DBF86CF09BEAD
:102F300074747DBFB70810BEAC3A7DBF834016BE27
:102F400073FE7CBFDE761CBEC9BF7CBFB6AB22BEA3
:102F5000B07E7CBFFCDE28BE283B7CBFA2102FBE0B
:102F600031F57BBF984035BECDAC7BBFCF6E3BBE4D
:102F7000FC617BBF379B41BEBE147BBFC2C547BE51
:102F800016C57ABF60EE4DBE02737ABF011554BEFE
:102F9000841E7ABF97395ABE9DC779BF135C60BE45
:102FA0004E6E79BF667C66BE981279BF7F9A6CBE02
:102FB0007BB478BF51B672BEF85378BFCCCF78BE21
:102FC00010F177BFE1E67EBEC58B77BFC07D82BEC4
:102FD000172477BFCE8685BE07BA76BF938E88BE8C
:102FE000974D76BF07958BBEC6DE75BF229A8EBE03
:102FF000976D75BFDD9D91BE0BFA74BF31A094BE75
:10300000228474BF17A197BEDD0B74BF86A09ABE41
:103010003F9173BF789E9DBE471473BFE59AA0BED3
:10302000F89472BFC595A3BE521372BF128FA6BE8D
:10303000578F71BFC486A9BE080971BFD47CACBECE
:10304000668070BF3A71AFBE73F56FBFEF63B2BEFB
:1030500030686FBFEC54B5BE9ED86EBF2A44B8BE70
:10306000BE466EBFA031BBBE93B26DBF4A1DBEBE91
:103070001D1C6DBF1E07C1BE5E836CBF15EFC3BEB6
:1030800058E86BBF29D5C6BE0C4B6BBF53B9C9BE40
:103090007BAB6ABF8B9BCCBEA7096ABFCA7BCFBE86
:1030A000916569BF095AD2BE3CBF68BF4136D5BEE3
:1030B000A81668BF6B10D8BED86B67BF80E8DABEB1
:1030C000CCBE66BF79BEDDBE880F66BF4F92E0BE44
:1030D0000B5E65BFFA63E3BE59AA64BF7533E6BEF3
:1030E00073F463BFB700E9BE5A3C63BFBBCBEBBE12
:1030F000108262BF7994EEBE98C561BFEA5AF1BEF4
:10310000F20661BF071FF4BE214660BFCBE0F6BEEA
:1031100027835FBF2DA0F9BE05BE5EBF275DFCBE45
:10312000BEF65DBFB217FFBE532D5DBFE4E700BF23
:10313000C7615CBFB14202BF1A945BBF3D9C03BF35
:1031400050C45ABF84F404BF6AF259BF824B06BF11
:103150006A1E59BF36A107BF534858BF9BF508BF29
:10316000267057BFAD480ABFE59556BF6B9A0BBF97
:1031700093B955BFD0EA0CBF31DB54BFDA390EBF6B
:10318000C3FA53BF84870FBF491853BFCDD310BFB5
:10319000C63352BFB01E12BF3D4D51BF2A6813BF88
:1031A000AF6450BF39B014BF1F7A4FBFD9F615BFF7
:1031B000908D4EBF073C17BF029F4DBFC07F18BF09
:1031C00079AE4CBF00C219BFF8BB4BBFC6021BBFD4
:1031D0007FC74ABF0C421CBF12D149BFD17F1DBF60
:1031E000B3D848BF12BC1EBF65DE47BFCBF61FBFBA
:1031F0002AE246BFF92F21BF03E445BF996722BFEA
:10320000F5E344BFA99D23BF00E243BF25D224BFFD
:1032100029DE42BF0A0526BF70D841BF563627BFF8
:10322000DAD040BF056628BF67C73FBF159429BFE6
:103230001BBC3EBF82C02ABFF9AE3DBF4AEB2BBFCD
:1032400003A03CBF69142DBF3B8F3BBFDE3B2EBFAD
:10325000A47C3ABFA5612FBF426839BFBB8530BF90
:10326000165238BF1DA831BF233A37BFC9C832BF75
:103270006C2036BFBCE733BFF30435BFF30435BF62
:10328000BCE733BF6C2036BFC9C832BF233A37BF53
:103290001DA831BF165238BFBB8530BF426839BF49
:1032A000A5612FBFA47C3ABFDE3B2EBF3B8F3BBF47
:1032B00069142DBF03A03CBF4AEB2BBFF9AE3DBF45
:1032C00082C02ABF1BBC3EBF159429BF67C73FBF42
:1032D000056628BFDAD040BF563627BF70D841BF39
:1032E0000A0526BF29DE42BF25D224BF00E243BF24
:1032F000A99D23BFF5E344BF996722BF03E445BFFF
:10330000F92F21BF2AE246BFCBF61FBF65DE47BFBC
:1033100012BC1EBFB3D848BFD17F1DBF12D149BF59
:103320000C421CBF7FC74ABFC6021BBFF8BB4BBFC6
:1033300000C219BF79AE4CBFC07F18BF029F4DBFFE
:10334000073C17BF908D4EBFD9F615BF1F7A4FBFF0
:1033500039B014BFAF6450BF2A6813BF3D4D51BF91
:10336000B01E12BFC63352BFCDD310BF491853BFD2
:1033700084870FBFC3FA53BFDA390EBF31DB54BFA6
:10338000D0EA0CBF93B955BF6B9A0BBFE59556BFFA
:10339000AD480ABF267057BF9BF508BF534858BFBA
:1033A00036A107BF6A1E59BF824B06BF6AF259BFDA
:1033B00084F404BF50C45ABF3D9C03BF1A945BBF42
:1033C000B14202BFC7615CBFE4E700BF532D5DBFE0
:1033D000B217FFBEBEF65DBF275DFCBE05BE5EBF79
:1033E0002DA0F9BE27835FBFCBE0F6BE214660BFAC
:1033F000071FF4BEF20661BFEA5AF1BE98C561BF6D
:103400007994EEBE108262BFBBCBEBBE5A3C63BF69
:10341000B700E9BE73F463BF7533E6BE59AA64BF53
:10342000FA63E3BE0B5E65BF4F92E0BE880F66BFD6
:1034300079BEDDBECCBE66BF80E8DABED86B67BFA2
:103440006B10D8BEA81668BF4136D5BE3CBF68BF5A
:10345000095AD2BE916569BFCA7BCFBEA7096ABFB0
:103460008B9BCCBE7BAB6ABF53B9C9BE0C4B6BBF49
:1034700029D5C6BE58E86BBF15EFC3BE5E836CBFCF
:103480001E07C1BE1D1C6DBF4A1DBEBE93B26DBFDF
:10349000A031BBBEBE466EBF2A44B8BE9ED86EBF2A
:1034A000EC54B5BE30686FBFEF63B2BE73F56FBF4B
:1034B0003A71AFBE668070BFD47CACBE080971BFE4
:1034C000C486A9BE578F71BF128FA6BE521372BF9A
:1034D000C595A3BEF89472BFE59AA0BE471473BF0A
:1034E000789E9DBE3F9173BF86A09ABEDD0B74BFD0
:1034F00017A197BE228474BF31A094BE0BFA74BF8B
:10350000DD9D91BE976D75BF229A8EBEC6DE75BFDA
:1035100007958BBE974D76BF938E88BE07BA76BF50
:10352000CE8685BE172477BFC07D82BEC58B77BF90
:10353000E1E67EBE10F177BFCCCF78BEF85378BFFE
:1035400051B672BE7BB478BF7F9A6CBE981279BFB9
:10355000667C66BE4E6E79BF135C60BE9DC779BF48
:1035600097395ABE841E7ABF011554BE02737ABFC2
:1035700060EE4DBE16C57ABFC2C547BEBE147BBF46
:10358000379B41BEFC617BBFCF6E3BBECDAC7BBFEA
:10359000984035BE31F57BBFA2102FBE283B7CBFC3
:1035A000FCDE28BEB07E7CBFB6AB22BEC9BF7CBFEE
:1035B000DE761CBE73FE7CBF834016BEAC3A7DBF78
:1035C000B70810BE74747DBF86CF09BECCAB7DBF7B
:1035D000029503BEB1E07DBF73B2FABD24137EBF76
:1035E0007638EEBD23437EBF2EBCE1BDB0707EBFFA
:1035F000B93DD5BDC99B7EBF36BDC8BD6DC47EBFBC
:10360000C33ABCBD9DEA7EBF80B6AFBD580E7FBF3A
:103610008C30A3BD9D2F7FBF05A996BD6D4E7FBF8A
:103620000A208ABDC76A7FBF742B7BBDAB847FBF76
:10363000681462BD189C7FBF2FFB48BD0FB17FBFD0
:1036400007E02FBD8FC37FBF2CC316BD98D37FBFAC
:10365000B949FBBC29E17FBFB00AC9BC43EC7FBFBD
:10366000B6C996BCE6F47FBF900E49BC11FB7FBF84
:10367000890FC9BBC4FE7FBF00000080000080BF6F
:10368000890FC93BC4FE7FBF900E493C11FB7FBF31
:10369000B6C9963CE6F47FBFB00AC93C43EC7FBF95
:1036A000B949FB3C29E17FBF2CC3163D98D37FBFAE
:1036B00007E02F3D8FC37FBF2FFB483D0FB17FBF7A
:1036C0006814623D189C7FBF742B7B3DAB847FBF29
:1036D0000A208A3DC76A7FBF05A9963D6D4E7FBF10
:1036E0008C30A33D9D2F7FBF80B6AF3D580E7FBF6E
:1036F000C33ABC3D9DEA7EBF36BDC83D6DC47EBFAA
:10370000B93DD53DC99B7EBF2EBCE13DB0707EBFAB
:103710007638EE3D23437EBF73B2FA3D24137EBF5D
:103720000295033EB1E07DBF86CF093ECCAB7DBFA5
:10373000B708103E74747DBF8340163EAC3A7DBF1F
:10374000DE761C3E73FE7CBFB6AB223EC9BF7CBF9B
:10375000FCDE283EB07E7CBFA2102F3E283B7CBF03
:103760009840353E31F57BBFCF6E3B3ECDAC7BBF45
:10377000379B413EFC617BBFC2C5473EBE147BBF49
:1037800060EE4D3E16C57ABF0115543E02737ABFF6
:1037900097395A3E841E7ABF135C603E9DC779BF3D
:1037A000667C663E4E6E79BF7F9A6C3E981279BFFA
:1037B00051B6723E7BB478BFCCCF783EF85378BF19
:1037C000E1E67E3E10F177BFC07D823EC58B77BFBC
:1037D000CE86853E172477BF938E883E07BA76BF84
:1037E00007958B3E974D76BF229A8E3EC6DE75BFFB
:1037F000DD9D913E976D75BF31A0943E0BFA74BF6D
:1038000017A1973E228474BF86A09A3EDD0B74BF39
:10381000789E9D3E3F9173BFE59AA03E471473BFCB
:10382000C595A33EF89472BF128FA63E521372BF85
:10383000C486A93E578F71BFD47CAC3E080971BFC6
:103840003A71AF3E668070BFEF63B23E73F56FBFF3
:10385000EC54B53E30686FBF2A44B83E9ED86EBF68
:10386000A031BB3EBE466EBF4A1DBE3E93B26DBF89
:103870001E07C13E1D1C6DBF15EFC33E5E836CBFAE
:1038800029D5C63E58E86BBF53B9C93E0C4B6BBF38
:103890008B9BCC3E7BAB6ABFCA7BCF3EA7096ABF7E
:1038A000095AD23E916569BF4136D53E3CBF68BFDB
:1038B0006B10D83EA81668BF80E8DA3ED86B67BFA9
:1038C00079BEDD3ECCBE66BF4F92E03E880F66BF3C
:1038D000FA63E33E0B5E65BF7533E63E59AA64BFEB
:1038E000B700E93E73F463BFBBCBEB3E5A3C63BF0A
:1038F0007994EE3E108262BFEA5AF13E98C561BFEC
:10390000071FF43EF20661BFCBE0F63E214660BFE2
:103910002DA0F93E27835FBF275DFC3E05BE5EBF3D
:10392000B217FF3EBEF65DBFE4E7003F532D5DBF1B
:10393000B142023FC7615CBF3D9C033F1A945BBF2D
:1039400084F4043F50C45ABF824B063F6AF259BF09
:1039500036A1073F6A1E59BF9BF5083F534858BF21
:10396000AD480A3F267057BF6B9A0B3FE59556BF8F
:10397000D0EA0C3F93B955BFDA390E3F31DB54BF63
:1039800084870F3FC3FA53BFCDD3103F491853BFAD
:10399000B01E123FC63352BF2A68133F3D4D51BF80
:1039A00039B0143FAF6450BFD9F6153F1F7A4FBFEF
:1039B000073C173F908D4EBFC07F183F029F4DBF01
:1039C00000C2193F79AE4CBFC6021B3FF8BB4BBFCC
:1039D0000C421C3F7FC74ABFD17F1D3F12D149BF58
:1039E00012BC1E3FB3D848BFCBF61F3F65DE47BFB2
:1039F000F92F213F2AE246BF9967223F03E445BFE2
:103A0000A99D233FF5E344BF25D2243F00E243BFF5
:103A10000A05263F29DE42BF5636273F70D841BFF0
:103A20000566283FDAD040BF1594293F67C73FBFDE
:103A300082C02A3F1BBC3EBF4AEB2B3FF9AE3DBFC5
:103A400069142D3F03A03CBFDE3B2E3F3B8F3BBFA5
:103A5000A5612F3FA47C3ABFBB85303F426839BF88
:103A60001DA8313F165238BFC9C8323F233A37BF6D
:103A7000BCE7333F6C2036BFF304353FF30435BF5A
:103A80006C20363FBCE733BF233A373FC9C832BF4B
:103A90001652383F1DA831BF4268393FBB8530BF41
:103AA000A47C3A3FA5612FBF3B8F3B3FDE3B2EBF3F
:103AB00003A03C3F69142DBFF9AE3D3F4AEB2BBF3D
:103AC0001BBC3E3F82C02ABF67C73F3F159429BF3A
:103AD000DAD0403F056628BF70D8413F563627BF31
:103AE00029DE423F0A0526BF00E2433F25D224BF1C
:103AF000F5E3443FA99D23BF03E4453F996722BFF7
:103B00002AE2463FF92F21BF65DE473FCBF61FBFB4
:103B1000B3D8483F12BC1EBF12D1493FD17F1DBF51
:103B20007FC74A3F0C421CBFF8BB4B3FC6021BBFBE
:103B300079AE4C3F00C219BF029F4D3FC07F18BFF6
:103B4000908D4E3F073C17BF1F7A4F3FD9F615BFE8
:103B5000AF64503F39B014BF3D4D513F2A6813BF89
:103B6000C633523FB01E12BF4918533FCDD310BFCA
:103B7000C3FA533F84870FBF31DB543FDA390EBF9E
:103B800093B9553FD0EA0CBFE595563F6B9A0BBFF2
:103B90002670573FAD480ABF5348583F9BF508BFB2
:103BA0006A1E593F36A107BF6AF2593F824B06BFD2
:103BB00050C45A3F84F404BF1A945B3F3D9C03BF3A
:103BC000C7615C3FB14202BF532D5D3FE4E700BFD8
:103BD000BEF65D3FB217FFBE05BE5E3F275DFCBE71
:103BE00027835F3F2DA0F9BE2146603FCBE0F6BEA4
:103BF000F206613F071FF4BE98C5613FEA5AF1BE65
:103C00001082623F7994EEBE5A3C633FBBCBEBBE61
:103C100073F4633FB700E9BE59AA643F7533E6BE4B
:103C20000B5E653FFA63E3BE880F663F4F92E0BECE
:103C3000CCBE663F79BEDDBED86B673F80E8DABE9A
:103C4000A816683F6B10D8BE3CBF683F4136D5BE52
:103C50009165693F095AD2BEA7096A3FCA7BCFBEA8
:103C60007BAB6A3F8B9BCCBE0C4B6B3F53B9C9BE41
:103C700058E86B3F29D5C6BE5E836C3F15EFC3BEC7
:103C80001D1C6D3F1E07C1BE93B26D3F4A1DBEBED7
:103C9000BE466E3FA031BBBE9ED86E3F2A44B8BE22
:103CA00030686F3FEC54B5BE73F56F3FEF63B2BE43
:103CB0006680703F3A71AFBE0809713FD47CACBEDC
:103CC000578F713FC486A9BE5213723F128FA6BE92
:103CD000F894723FC595A3BE4714733FE59AA0BE02
:103CE0003F91733F789E9DBEDD0B743F86A09ABEC8
:103CF0002284743F17A197BE0BFA743F31A094BE83
:103D0000976D753FDD9D91BEC6DE753F229A8EBED2
:103D1000974D763F07958BBE07BA763F938E88BE48
:103D20001724773FCE8685BEC58B773FC07D82BE88
:103D300010F1773FE1E67EBEF853783FCCCF78BEF6
:103D40007BB4783F51B672BE9812793F7F9A6CBEB1
:103D50004E6E793F667C66BE9DC7793F135C60BE40
:103D6000841E7A3F97395ABE02737A3F011554BEBA
:103D700016C57A3F60EE4DBEBE147B3FC2C547BE3E
:103D8000FC617B3F379B41BECDAC7B3FCF6E3BBEE2
:103D900031F57B3F984035BE283B7C3FA2102FBEBB
:103DA000B07E7C3FFCDE28BEC9BF7C3FB6AB22BEE6
:103DB00073FE7C3FDE761CBEAC3A7D3F834016BE70
:103DC00074747D3FB70810BECCAB7D3F86CF09BE73
:103DD000B1E07D3F029503BE24137E3F73B2FABD6E
:103DE00023437E3F7638EEBDB0707E3F2EBCE1BDF2
:103DF000C99B7E3FB93DD5BD6DC47E3F36BDC8BDB4
:103E00009DEA7E3FC33ABCBD580E7F3F80B6AFBD32
:103E10009D2F7F3F8C30A3BD6D4E7F3F05A996BD82
:103E2000C76A7F3F0A208ABDAB847F3F742B7BBD6E
:103E3000189C7F3F681462BD0FB17F3F2FFB48BDC8
:103E40008FC37F3F07E02FBD98D37F3F2CC316BDA4
:103E500029E17F3FB949FBBC43EC7F3FB00AC9BCB5
:103E6000E6F47F3FB6C996BC11FB7F3F900E49BC7C
:103E7000C4FE7F3F890FC9BB0000803F00000000E7
:103E800011FB7F3F900E493C43EC7F3FB00AC93C99
:103E900098D37F3F2CC3163D0FB17F3F2FFB483D8A
:103EA000AB847F3F742B7B3D6D4E7F3F05A9963DD4
:103EB000580E7F3F80B6AF3D6DC47E3F36BDC83DD6
:103EC000B0707E3F2EBCE13D24137E3F73B2FA3DBD
:103ED000CCAB7D3F86CF093EAC3A7D3F8340163E5A
:103EE000C9BF7C3FB6AB223E283B7C3FA2102F3E91
:103EF000CDAC7B3FCF6E3B3EBE147B3FC2C5473E41
:103F000002737A3F0115543E9DC7793F135C603EB2
:103F10009812793F7F9A6C3EF853783FCCCF783E29
:103F2000C58B773FC07D823E07BA763F938E883E31
:103F3000C6DE753F229A8E3E0BFA743F31A0943E46
:103F4000DD0B743F86A09A3E4714733FE59AA03E6E
:103F50005213723F128FA63E0809713FD47CAC3ECB
:103F600073F56F3FEF63B23E9ED86E3F2A44B83E72
:103F700093B26D3F4A1DBE3E5E836C3F15EFC33E5C
:103F80000C4B6B3F53B9C93EA7096A3FCA7BCF3E72
:103F90003CBF683F4136D53ED86B673F80E8DA3E8C
:103FA000880F663F4F92E03E59AA643F7533E63E64
:103FB0005A3C633FBBCBEB3E98C5613FEA5AF13EAA
:103FC0002146603FCBE0F63E05BE5E3F275DFC3EEE
:103FD000532D5D3FE4E7003F1A945B3F3D9C033F58
:103FE0006AF2593F824B063F5348583F9BF5083FC2
:103FF000E595563F6B9A0B3F31DB543FDA390E3F64
:104000004918533FCDD3103F3D4D513F2A68133FD0
:104010001F7A4F3FD9F6153F029F4D3FC07F183F93
:10402000F8BB4B3FC6021B3F12D1493FD17F1D3F1A
:1040300065DE473FCBF61F3F03E4453F9967223FCC
:1040400000E2433F25D2243F70D8413F5636273FF8
:1040500067C73F3F1594293FF9AE3D3F4AEB2B3FE1
:104060003B8F3B3FDE3B2E3F4268393FBB85303FB5
:10407000233A373FC9C8323FF304353FF304353F95
:10408000C9C8323F233A373FBB85303F4268393F8A
:10409000DE3B2E3F3B8F3B3F4AEB2B3FF9AE3D3F94
:1040A0001594293F67C73F3F5636273F70D8413F99
:1040B00025D2243F00E2433F9967223F03E4453F76
:1040C000CBF61F3F65DE473FD17F1D3F12D1493FF1
:1040D000C6021B3FF8BB4B3FC07F183F029F4D3FBE
:1040E000D9F6153F1F7A4F3F2A68133F3D4D513F88
:1040F000CDD3103F4918533FDA390E3F31DB543FDF
:104100006B9A0B3FE595563F9BF5083F5348583F48
:10411000824B063F6AF2593F3D9C033F1A945B3F36
:10412000E4E7003F532D5D3F275DFC3E05BE5E3F4B
:10413000CBE0F63E2146603FEA5AF13E98C5613F2A
:10414000BBCBEB3E5A3C633F7533E63E59AA643F16
:104150004F92E03E880F663F80E8DA3ED86B673FBB
:104160004136D53E3CBF683FCA7BCF3EA7096A3F78
:1041700053B9C93E0C4B6B3F15EFC33E5E836C3F9A
:104180004A1DBE3E93B26D3F2A44B83E9ED86E3F54
:10419000EF63B23E73F56F3FD47CAC3E0809713FCC
:1041A000128FA63E5213723FE59AA03E4714733F0A
:1041B00086A09A3EDD0B743F31A0943E0BFA743F0B
:1041C000229A8E3EC6DE753F938E883E07BA763FB2
:1041D000C07D823EC58B773FCCCF783EF853783F89
:1041E0007F9A6C3E9812793F135C603E9DC7793F81
:1041F0000115543E02737A3FC2C5473EBE147B3F51
:10420000CF6E3B3ECDAC7B3FA2102F3E283B7C3F88
:10421000B6AB223EC9BF7C3F8340163EAC3A7D3FE1
:1042200086CF093ECCAB7D3F73B2FA3D24137E3F6F
:104230002EBCE13DB0707E3F36BDC83D6DC47E3FB3
:1042400080B6AF3D580E7F3F05A9963D6D4E7F3F2E
:10425000742B7B3DAB847F3F2FFB483D0FB17F3FED
:104260002CC3163D98D37F3FB00AC93C43EC7F3F37
:10427000900E493C11FB7F3F000000000000803F92
:10428000900E49BC11FB7F3FB00AC9BC43EC7F3F95
:104290002CC316BD98D37F3F2FFB48BD0FB17F3F86
:1042A000742B7BBDAB847F3F05A996BD6D4E7F3FD0
:1042B00080B6AFBD580E7F3F36BDC8BD6DC47E3FD2
:1042C0002EBCE1BDB0707E3F73B2FABD24137E3FB9
:1042D00086CF09BECCAB7D3F834016BEAC3A7D3F56
:1042E000B6AB22BEC9BF7C3FA2102FBE283B7C3F8D
:1042F000CF6E3BBECDAC7B3FC2C547BEBE147B3F3D
:10430000011554BE02737A3F135C60BE9DC7793FAE
:104310007F9A6CBE9812793FCCCF78BEF853783F25
:10432000C07D82BEC58B773F938E88BE07BA763F2D
:10433000229A8EBEC6DE753F31A094BE0BFA743F42
:1043400086A09ABEDD0B743FE59AA0BE4714733F6A
:10435000128FA6BE5213723FD47CACBE0809713FC7
:10436000EF63B2BE73F56F3F2A44B8BE9ED86E3F6E
:104370004A1DBEBE93B26D3F15EFC3BE5E836C3F58
:1043800053B9C9BE0C4B6B3FCA7BCFBEA7096A3F6E
:104390004136D5BE3CBF683F80E8DABED86B673F88
:1043A0004F92E0BE880F663F7533E6BE59AA643F60
:1043B000BBCBEBBE5A3C633FEA5AF1BE98C5613FA6
:1043C000CBE0F6BE2146603F275DFCBE05BE5E3FEA
:1043D000E4E700BF532D5D3F3D9C03BF1A945B3F54
:1043E000824B06BF6AF2593F9BF508BF5348583FBE
:1043F0006B9A0BBFE595563FDA390EBF31DB543F60
:10440000CDD310BF4918533F2A6813BF3D4D513FCC
:10441000D9F615BF1F7A4F3FC07F18BF029F4D3F8F
:10442000C6021BBFF8BB4B3FD17F1DBF12D1493F16
:10443000CBF61FBF65DE473F996722BF03E4453FC8
:1044400025D224BF00E2433F563627BF70D8413FF4
:10445000159429BF67C73F3F4AEB2BBFF9AE3D3FDD
:10446000DE3B2EBF3B8F3B3FBB8530BF4268393FB1
:10447000C9C832BF233A373FF30435BFF304353F91
:10448000233A37BFC9C8323F426839BFBB85303F86
:104490003B8F3BBFDE3B2E3FF9AE3DBF4AEB2B3F90
:1044A00067C73FBF1594293F70D841BF5636273F95
:1044B00000E243BF25D2243F03E445BF9967223F72
:1044C00065DE47BFCBF61F3F12D149BFD17F1D3FED
:1044D000F8BB4BBFC6021B3F029F4DBFC07F183FBA
:1044E0001F7A4FBFD9F6153F3D4D51BF2A68133F84
:1044F000491853BFCDD3103F31DB54BFDA390E3FDB
:10450000E59556BF6B9A0B3F534858BF9BF5083F44
:104510006AF259BF824B063F1A945BBF3D9C033F32
:10452000532D5DBFE4E7003F05BE5EBF275DFC3E47
:10453000214660BFCBE0F63E98C561BFEA5AF13E26
:104540005A3C63BFBBCBEB3E59AA64BF7533E63E12
:10455000880F66BF4F92E03ED86B67BF80E8DA3EB7
:104560003CBF68BF4136D53EA7096ABFCA7BCF3E74
:104570000C4B6BBF53B9C93E5E836CBF15EFC33E96
:1045800093B26DBF4A1DBE3E9ED86EBF2A44B83E50
:1045900073F56FBFEF63B23E080971BFD47CAC3EC8
:1045A000521372BF128FA63E471473BFE59AA03E06
:1045B000DD0B74BF86A09A3E0BFA74BF31A0943E07
:1045C000C6DE75BF229A8E3E07BA76BF938E883EAE
:1045D000C58B77BFC07D823EF85378BFCCCF783E85
:1045E000981279BF7F9A6C3E9DC779BF135C603E7D
:1045F00002737ABF0115543EBE147BBFC2C5473E4D
:10460000CDAC7BBFCF6E3B3E283B7CBFA2102F3E84
:10461000C9BF7CBFB6AB223EAC3A7DBF8340163EDD
:10462000CCAB7DBF86CF093E24137EBF73B2FA3D6B
:10463000B0707EBF2EBCE13D6DC47EBF36BDC83DAF
:10464000580E7FBF80B6AF3D6D4E7FBF05A9963D2A
:10465000AB847FBF742B7B3D0FB17FBF2FFB483DE9
:1046600098D37FBF2CC3163D43EC7FBFB00AC93C33
:1046700011FB7FBF900E493C000080BF000000008E
:1046800011FB7FBF900E49BC43EC7FBFB00AC9BC91
:1046900098D37FBF2CC316BD0FB17FBF2FFB48BD82
:1046A000AB847FBF742B7BBD6D4E7FBF05A996BDCC
:1046B000580E7FBF80B6AFBD6DC47EBF36BDC8BDCE
:1046C000B0707EBF2EBCE1BD24137EBF73B2FABDB5
:1046D000CCAB7DBF86CF09BEAC3A7DBF834016BE52
:1046E000C9BF7CBFB6AB22BE283B7CBFA2102FBE89
:1046F000CDAC7BBFCF6E3BBEBE147BBFC2C547BE39
:1047000002737ABF011554BE9DC779BF135C60BEAA
:10471000981279BF7F9A6CBEF85378BFCCCF78BE21
:10472000C58B77BFC07D82BE07BA76BF938E88BE29
:10473000C6DE75BF229A8EBE0BFA74BF31A094BE3E
:10474000DD0B74BF86A09ABE471473BFE59AA0BE66
:10475000521372BF128FA6BE080971BFD47CACBEC3
:1047600073F56FBFEF63B2BE9ED86EBF2A44B8BE6A
:1047700093B26DBF4A1DBEBE5E836CBF15EFC3BE54
:104780000C4B6BBF53B9C9BEA7096ABFCA7BCFBE6A
:104790003CBF68BF4136D5BED86B67BF80E8DABE84
:1047A000880F66BF4F92E0BE59AA64BF7533E6BE5C
:1047B0005A3C63BFBBCBEBBE98C561BFEA5AF1BEA2
:1047C000214660BFCBE0F6BE05BE5EBF275DFCBEE6
:1047D000532D5DBFE4E700BF1A945BBF3D9C03BF50
:1047E0006AF259BF824B06BF534858BF9BF508BFBA
:1047F000E59556BF6B9A0BBF31DB54BFDA390EBF5C
:10480000491853BFCDD310BF3D4D51BF2A6813BFC8
:104810001F7A4FBFD9F615BF029F4DBFC07F18BF8B
:10482000F8BB4BBFC6021BBF12D149BFD17F1DBF12
:1048300065DE47BFCBF61FBF03E445BF996722BFC4
:1048400000E243BF25D224BF70D841BF563627BFF0
:1048500067C73FBF159429BFF9AE3DBF4AEB2BBFD9
:104860003B8F3BBFDE3B2EBF426839BFBB8530BFAD
:10487000233A37BFC9C832BFF30435BFF30435BF8D
:10488000C9C832BF233A37BFBB8530BF426839BF82
:10489000DE3B2EBF3B8F3BBF4AEB2BBFF9AE3DBF8C
:1048A000159429BF67C73FBF563627BF70D841BF91
:1048B00025D224BF00E243BF996722BF03E445BF6E
:1048C000CBF61FBF65DE47BFD17F1DBF12D149BFE9
:1048D000C6021BBFF8BB4BBFC07F18BF029F4DBFB6
:1048E000D9F615BF1F7A4FBF2A6813BF3D4D51BF80
:1048F000CDD310BF491853BFDA390EBF31DB54BFD7
:104900006B9A0BBFE59556BF9BF508BF534858BF40
:10491000824B06BF6AF259BF3D9C03BF1A945BBF2E
:10492000E4E700BF532D5DBF275DFCBE05BE5EBF43
:10493000CBE0F6BE214660BFEA5AF1BE98C561BF22
:10494000BBCBEBBE5A3C63BF7533E6BE59AA64BF0E
:104950004F92E0BE880F66BF80E8DABED86B67BFB3
:104960004136D5BE3CBF68BFCA7BCFBEA7096ABF70
:1049700053B9C9BE0C4B6BBF15EFC3BE5E836CBF92
:104980004A1DBEBE93B26DBF2A44B8BE9ED86EBF4C
:10499000EF63B2BE73F56FBFD47CACBE080971BFC4
:1049A000128FA6BE521372BFE59AA0BE471473BF02
:1049B00086A09ABEDD0B74BF31A094BE0BFA74BF03
:1049C000229A8EBEC6DE75BF938E88BE07BA76BFAA
:1049D000C07D82BEC58B77BFCCCF78BEF85378BF81
:1049E0007F9A6CBE981279BF135C60BE9DC779BF79
:1049F000011554BE02737ABFC2C547BEBE147BBF49
:104A0000CF6E3BBECDAC7BBFA2102FBE283B7CBF80
:104A1000B6AB22BEC9BF7CBF834016BEAC3A7DBFD9
:104A200086CF09BECCAB7DBF73B2FABD24137EBF67
:104A30002EBCE1BDB0707EBF36BDC8BD6DC47EBFAB
:104A400080B6AFBD580E7FBF05A996BD6D4E7FBF26
:104A5000742B7BBDAB847FBF2FFB48BD0FB17FBFE5
:104A60002CC316BD98D37FBFB00AC9BC43EC7FBF2F
:104A7000900E49BC11FB7FBF00000080000080BF8A
:104A8000900E493C11FB7FBFB00AC93C43EC7FBF8D
:104A90002CC3163D98D37FBF2FFB483D0FB17FBF7E
:104AA000742B7B3DAB847FBF05A9963D6D4E7FBFC8
:104AB00080B6AF3D580E7FBF36BDC83D6DC47EBFCA
:104AC0002EBCE13DB0707EBF73B2FA3D24137EBFB1
:104AD00086CF093ECCAB7DBF8340163EAC3A7DBF4E
:104AE000B6AB223EC9BF7CBFA2102F3E283B7CBF85
:104AF000CF6E3B3ECDAC7BBFC2C5473EBE147BBF35
:104B00000115543E02737ABF135C603E9DC779BFA6
:104B10007F9A6C3E981279BFCCCF783EF85378BF1D
:104B2000C07D823EC58B77BF938E883E07BA76BF25
:104B3000229A8E3EC6DE75BF31A0943E0BFA74BF3A
:104B400086A09A3EDD0B74BFE59AA03E471473BF62
:104B5000128FA63E521372BFD47CAC3E080971BFBF
:104B6000EF63B23E73F56FBF2A44B83E9ED86EBF66
:104B70004A1DBE3E93B26DBF15EFC33E5E836CBF50
:104B800053B9C93E0C4B6BBFCA7BCF3EA7096ABF66
:104B90004136D53E3CBF68BF80E8DA3ED86B67BF80
:104BA0004F92E03E880F66BF7533E63E59AA64BF58
:104BB000BBCBEB3E5A3C63BFEA5AF13E98C561BF9E
:104BC000CBE0F63E214660BF275DFC3E05BE5EBFE2
:104BD000E4E7003F532D5DBF3D9C033F1A945BBF4C
:104BE000824B063F6AF259BF9BF5083F534858BFB6
:104BF0006B9A0B3FE59556BFDA390E3F31DB54BF58
:104C0000CDD3103F491853BF2A68133F3D4D51BFC4
:104C1000D9F6153F1F7A4FBFC07F183F029F4DBF87
:104C2000C6021B3FF8BB4BBFD17F1D3F12D149BF0E
:104C3000CBF61F3F65DE47BF9967223F03E445BFC0
:104C400025D2243F00E243BF5636273F70D841BFEC
:104C50001594293F67C73FBF4AEB2B3FF9AE3DBFD5
:104C6000DE3B2E3F3B8F3BBFBB85303F426839BFA9
:104C7000C9C8323F233A37BFF304353FF30435BF89
:104C8000233A373FC9C832BF4268393FBB8530BF7E
:104C90003B8F3B3FDE3B2EBFF9AE3D3F4AEB2BBF88
:104CA00067C73F3F159429BF70D8413F563627BF8D
:104CB00000E2433F25D224BF03E4453F996722BF6A
:104CC00065DE473FCBF61FBF12D1493FD17F1DBFE5
:104CD000F8BB4B3FC6021BBF029F4D3FC07F18BFB2
:104CE0001F7A4F3FD9F615BF3D4D513F2A6813BF7C
:104CF0004918533FCDD310BF31DB543FDA390EBFD3
:104D0000E595563F6B9A0BBF5348583F9BF508BF3C
:104D10006AF2593F824B06BF1A945B3F3D9C03BF2A
:104D2000532D5D3FE4E700BF05BE5E3F275DFCBE3F
:104D30002146603FCBE0F6BE98C5613FEA5AF1BE1E
:104D40005A3C633FBBCBEBBE59AA643F7533E6BE0A
:104D5000880F663F4F92E0BED86B673F80E8DABEAF
:104D60003CBF683F4136D5BEA7096A3FCA7BCFBE6C
:104D70000C4B6B3F53B9C9BE5E836C3F15EFC3BE8E
:104D800093B26D3F4A1DBEBE9ED86E3F2A44B8BE48
:104D900073F56F3FEF63B2BE0809713FD47CACBEC0
:104DA0005213723F128FA6BE4714733FE59AA0BEFE
:104DB000DD0B743F86A09ABE0BFA743F31A094BEFF
:104DC000C6DE753F229A8EBE07BA763F938E88BEA6
:104DD000C58B773FC07D82BEF853783FCCCF78BE7D
:104DE0009812793F7F9A6CBE9DC7793F135C60BE75
:104DF00002737A3F011554BEBE147B3FC2C547BE45
:104E0000CDAC7B3FCF6E3BBE283B7C3FA2102FBE7C
:104E1000C9BF7C3FB6AB22BEAC3A7D3F834016BED5
:104E2000CCAB7D3F86CF09BE24137E3F73B2FABD63
:104E3000B0707E3F2EBCE1BD6DC47E3F36BDC8BDA7
:104E4000580E7F3F80B6AFBD6D4E7F3F05A996BD22
:104E5000AB847F3F742B7BBD0FB17F3F2FFB48BDE1
:104E600098D37F3F2CC316BD43EC7F3FB00AC9BC2B
:104E700011FB7F3F900E49BC0000803F0000000006
:104E800043EC7F3FB00AC93C0FB17F3F2FFB483D49
:104E90006D4E7F3F05A9963D6DC47E3F36BDC83D32
:104EA00024137E3F73B2FA3DAC3A7D3F8340163EF9
:104EB000283B7C3FA2102F3EBE147B3FC2C5473E1D
:104EC0009DC7793F135C603EF853783FCCCF783E66
:104ED00007BA763F938E883E0BFA743F31A0943E1A
:104EE0004714733FE59AA03E0809713FD47CAC3E5D
:104EF0009ED86E3F2A44B83E5E836C3F15EFC33E9A
:104F0000A7096A3FCA7BCF3ED86B673F80E8DA3E8D
:104F100059AA643F7533E63E98C5613FEA5AF13EAF
:104F200005BE5E3F275DFC3E1A945B3F3D9C033F00
:104F30005348583F9BF5083F31DB543FDA390E3F69
:104F40003D4D513F2A68133F029F4D3FC07F183FA0
:104F500012D1493FD17F1D3F03E4453F9967223F6E
:104F600070D8413F5636273FF9AE3D3F4AEB2B3FC5
:104F70004268393FBB85303FF304353FF304353F8A
:104F8000BB85303F4268393F4AEB2B3FF9AE3D3F8E
:104F90005636273F70D8413F9967223F03E4453F8B
:104FA000D17F1D3F12D1493FC07F183F029F4D3F27
:104FB0002A68133F3D4D513FDA390E3F31DB543FF4
:104FC0009BF5083F5348583F3D9C033F1A945B3F75
:104FD000275DFC3E05BE5E3FEA5AF13E98C5613F43
:104FE0007533E63E59AA643F80E8DA3ED86B673FE6
:104FF000CA7BCF3EA7096A3F15EFC33E5E836C3F75
:105000002A44B83E9ED86E3FD47CAC3E0809713F1E
:10501000E59AA03E4714733F31A0943E0BFA743FCB
:10502000938E883E07BA763FCCCF783EF853783FD0
:10503000135C603E9DC7793FC2C5473EBE147B3FAF
:10504000A2102F3E283B7C3F8340163EAC3A7D3F6A
:1050500073B2FA3D24137E3F36BDC83D6DC47E3F1A
:1050600005A9963D6D4E7F3F2FFB483D0FB17F3F19
:10507000B00AC93C43EC7F3F000000000000803FC5
:10508000B00AC9BC43EC7F3F2FFB48BD0FB17F3F47
:1050900005A996BD6D4E7F3F36BDC8BD6DC47E3F30
:1050A00073B2FABD24137E3F834016BEAC3A7D3FF7
:1050B000A2102FBE283B7C3FC2C547BEBE147B3F1B
:1050C000135C60BE9DC7793FCCCF78BEF853783F64
:1050D000938E88BE07BA763F31A094BE0BFA743F18
:1050E000E59AA0BE4714733FD47CACBE0809713F5B
:1050F0002A44B8BE9ED86E3F15EFC3BE5E836C3F98
:10510000CA7BCFBEA7096A3F80E8DABED86B673F8B
:105110007533E6BE59AA643FEA5AF1BE98C5613FAD
:10512000275DFCBE05BE5E3F3D9C03BF1A945B3FFE
:105130009BF508BF5348583FDA390EBF31DB543F67
:105140002A6813BF3D4D513FC07F18BF029F4D3F9E
:10515000D17F1DBF12D1493F996722BF03E4453F6C
:10516000563627BF70D8413F4AEB2BBFF9AE3D3FC3
:10517000BB8530BF4268393FF30435BFF304353F88
:10518000426839BFBB85303FF9AE3DBF4AEB2B3F8C
:1051900070D841BF5636273F03E445BF9967223F89
:1051A00012D149BFD17F1D3F029F4DBFC07F183F25
:1051B0003D4D51BF2A68133F31DB54BFDA390E3FF2
:1051C000534858BF9BF5083F1A945BBF3D9C033F73
:1051D00005BE5EBF275DFC3E98C561BFEA5AF13E41
:1051E00059AA64BF7533E63ED86B67BF80E8DA3EE4
:1051F000A7096ABFCA7BCF3E5E836CBF15EFC33E73
:105200009ED86EBF2A44B83E080971BFD47CAC3E1C
:10521000471473BFE59AA03E0BFA74BF31A0943EC9
:1052200007BA76BF938E883EF85378BFCCCF783ECE
:105230009DC779BF135C603EBE147BBFC2C5473EAD
:10524000283B7CBFA2102F3EAC3A7DBF8340163E68
:1052500024137EBF73B2FA3D6DC47EBF36BDC83D18
:105260006D4E7FBF05A9963D0FB17FBF2FFB483D17
:1052700043EC7FBFB00AC93C000080BF00000000C3
:1052800043EC7FBFB00AC9BC0FB17FBF2FFB48BD45
:105290006D4E7FBF05A996BD6DC47EBF36BDC8BD2E
:1052A00024137EBF73B2FABDAC3A7DBF834016BEF5
:1052B000283B7CBFA2102FBEBE147BBFC2C547BE19
:1052C0009DC779BF135C60BEF85378BFCCCF78BE62
:1052D00007BA76BF938E88BE0BFA74BF31A094BE16
:1052E000471473BFE59AA0BE080971BFD47CACBE59
:1052F0009ED86EBF2A44B8BE5E836CBF15EFC3BE96
:10530000A7096ABFCA7BCFBED86B67BF80E8DABE89
:1053100059AA64BF7533E6BE98C561BFEA5AF1BEAB
:1053200005BE5EBF275DFCBE1A945BBF3D9C03BFFC
:10533000534858BF9BF508BF31DB54BFDA390EBF65
:105340003D4D51BF2A6813BF029F4DBFC07F18BF9C
:1053500012D149BFD17F1DBF03E445BF996722BF6A
:1053600070D841BF563627BFF9AE3DBF4AEB2BBFC1
:10537000426839BFBB8530BFF30435BFF30435BF86
:10538000BB8530BF426839BF4AEB2BBFF9AE3DBF8A
:10539000563627BF70D841BF996722BF03E445BF87
:1053A000D17F1DBF12D149BFC07F18BF029F4DBF23
:1053B0002A6813BF3D4D51BFDA390EBF31DB54BFF0
:1053C0009BF508BF534858BF3D9C03BF1A945BBF71
:1053D000275DFCBE05BE5EBFEA5AF1BE98C561BF3F
:1053E0007533E6BE59AA64BF80E8DABED86B67BFE2
:1053F000CA7BCFBEA7096ABF15EFC3BE5E836CBF71
:105400002A44B8BE9ED86EBFD47CACBE080971BF1A
:10541000E59AA0BE471473BF31A094BE0BFA74BFC7
:10542000938E88BE07BA76BFCCCF78BEF85378BFCC
:10543000135C60BE9DC779BFC2C547BEBE147BBFAB
:10544000A2102FBE283B7CBF834016BEAC3A7DBF66
:1054500073B2FABD24137EBF36BDC8BD6DC47EBF16
:1054600005A996BD6D4E7FBF2FFB48BD0FB17FBF15
:10547000B00AC9BC43EC7FBF00000080000080BFC1
:10548000B00AC93C43EC7FBF2FFB483D0FB17FBF43
:1054900005A9963D6D4E7FBF36BDC83D6DC47EBF2C
:1054A00073B2FA3D24137EBF8340163EAC3A7DBFF3
:1054B000A2102F3E283B7CBFC2C5473EBE147BBF17
:1054C000135C603E9DC779BFCCCF783EF85378BF60
:1054D000938E883E07BA76BF31A0943E0BFA74BF14
:1054E000E59AA03E471473BFD47CAC3E080971BF57
:1054F0002A44B83E9ED86EBF15EFC33E5E836CBF94
:10550000CA7BCF3EA7096ABF80E8DA3ED86B67BF87
:105510007533E63E59AA64BFEA5AF13E98C561BFA9
:10552000275DFC3E05BE5EBF3D9C033F1A945BBFFA
:105530009BF5083F534858BFDA390E3F31DB54BF63
:105540002A68133F3D4D51BFC07F183F029F4DBF9A
:10555000D17F1D3F12D149BF9967223F03E445BF68
:105560005636273F70D841BF4AEB2B3FF9AE3DBFBF
:10557000BB85303F426839BFF304353FF30435BF84
:105580004268393FBB8530BFF9AE3D3F4AEB2BBF88
:1055900070D8413F563627BF03E4453F996722BF85
:1055A00012D1493FD17F1DBF029F4D3FC07F18BF21
:1055B0003D4D513F2A6813BF31DB543FDA390EBFEE
:1055C0005348583F9BF508BF1A945B3F3D9C03BF6F
:1055D00005BE5E3F275DFCBE98C5613FEA5AF1BE3D
:1055E00059AA643F7533E6BED86B673F80E8DABEE0
:1055F000A7096A3FCA7BCFBE5E836C3F15EFC3BE6F
:105600009ED86E3F2A44B8BE0809713FD47CACBE18
:105610004714733FE59AA0BE0BFA743F31A094BEC5
:1056200007BA763F938E88BEF853783FCCCF78BECA
:105630009DC7793F135C60BEBE147B3FC2C547BEA9
:10564000283B7C3FA2102FBEAC3A7D3F834016BE64
:1056500024137E3F73B2FABD6DC47E3F36BDC8BD14
:105660006D4E7F3F05A996BD0FB17F3F2FFB48BD13
:1056700043EC7F3FB00AC9BC0000803F000000003F
:105680000FB17F3F2FFB483D6DC47E3F36BDC83D07
:10569000AC3A7D3F8340163EBE147B3FC2C5473EB9
:1056A000F853783FCCCF783E0BFA743F31A0943E4C
:1056B0000809713FD47CAC3E5E836C3F15EFC33E5E
:1056C000D86B673F80E8DA3E98C5613FEA5AF13E01
:1056D0001A945B3F3D9C033F31DB543FDA390E3F68
:1056E000029F4D3FC07F183F03E4453F9967223F2B
:1056F000F9AE3D3F4AEB2B3FF304353FF304353F12
:105700004AEB2B3FF9AE3D3F9967223F03E4453F0B
:10571000C07F183F029F4D3FDA390E3F31DB543FC7
:105720003D9C033F1A945B3FEA5AF13E98C5613FA6
:1057300080E8DA3ED86B673F15EFC33E5E836C3F6F
:10574000D47CAC3E0809713F31A0943E0BFA743F03
:10575000CCCF783EF853783FC2C5473EBE147B3F5E
:105760008340163EAC3A7D3F36BDC83D6DC47E3F9A
:105770002FFB483D0FB17F3F000000000000803F3D
:105780002FFB48BD0FB17F3F36BDC8BD6DC47E3F06
:10579000834016BEAC3A7D3FC2C547BEBE147B3FB8
:1057A000CCCF78BEF853783F31A094BE0BFA743F4B
:1057B000D47CACBE0809713F15EFC3BE5E836C3F5D
:1057C00080E8DABED86B673FEA5AF1BE98C5613F00
:1057D0003D9C03BF1A945B3FDA390EBF31DB543F67
:1057E000C07F18BF029F4D3F996722BF03E4453F2A
:1057F0004AEB2BBFF9AE3D3FF30435BFF304353F11
:10580000F9AE3DBF4AEB2B3F03E445BF9967223F0A
:10581000029F4DBFC07F183F31DB54BFDA390E3FC6
:105820001A945BBF3D9C033F98C561BFEA5AF13EA5
:10583000D86B67BF80E8DA3E5E836CBF15EFC33E6E
:10584000080971BFD47CAC3E0BFA74BF31A0943E02
:10585000F85378BFCCCF783EBE147BBFC2C5473E5D
:10586000AC3A7DBF8340163E6DC47EBF36BDC83D99
:105870000FB17FBF2FFB483D000080BF000000003C
:105880000FB17FBF2FFB48BD6DC47EBF36BDC8BD05
:10589000AC3A7DBF834016BEBE147BBFC2C547BEB7
:1058A000F85378BFCCCF78BE0BFA74BF31A094BE4A
:1058B000080971BFD47CACBE5E836CBF15EFC3BE5C
:1058C000D86B67BF80E8DABE98C561BFEA5AF1BEFF
:1058D0001A945BBF3D9C03BF31DB54BFDA390EBF66
:1058E000029F4DBFC07F18BF03E445BF996722BF29
:1058F000F9AE3DBF4AEB2BBFF30435BFF30435BF10
:105900004AEB2BBFF9AE3DBF996722BF03E445BF09
:10591000C07F18BF029F4DBFDA390EBF31DB54BFC5
:105920003D9C03BF1A945BBFEA5AF1BE98C561BFA4
:1059300080E8DABED86B67BF15EFC3BE5E836CBF6D
:10594000D47CACBE080971BF31A094BE0BFA74BF01
:10595000CCCF78BEF85378BFC2C547BEBE147BBF5C
:10596000834016BEAC3A7DBF36BDC8BD6DC47EBF98
:105970002FFB48BD0FB17FBF00000080000080BF3B
:105980002FFB483D0FB17FBF36BDC83D6DC47EBF04
:105990008340163EAC3A7DBFC2C5473EBE147BBFB6
:1059A000CCCF783EF85378BF31A0943E0BFA74BF49
:1059B000D47CAC3E080971BF15EFC33E5E836CBF5B
:1059C00080E8DA3ED86B67BFEA5AF13E98C561BFFE
:1059D0003D9C033F1A945BBFDA390E3F31DB54BF65
:1059E000C07F183F029F4DBF9967223F03E445BF28
:1059F0004AEB2B3FF9AE3DBFF304353FF30435BF0F
:105A0000F9AE3D3F4AEB2BBF03E4453F996722BF08
:105A1000029F4D3FC07F18BF31DB543FDA390EBFC4
:105A20001A945B3F3D9C03BF98C5613FEA5AF1BEA3
:105A3000D86B673F80E8DABE5E836C3F15EFC3BE6C
:105A40000809713FD47CACBE0BFA743F31A094BE00
:105A5000F853783FCCCF78BEBE147B3FC2C547BE5B
:105A6000AC3A7D3F834016BE6DC47E3F36BDC8BD97
:105A70000FB17F3F2FFB48BD0000803F00000000BA
:105A80006DC47E3F36BDC83DBE147B3FC2C5473E98
:105A90000BFA743F31A0943E5E836C3F15EFC33E1A
:105AA00098C5613FEA5AF13E31DB543FDA390E3F87
:105AB00003E4453F9967223FF304353FF304353F44
:105AC0009967223F03E4453FDA390E3F31DB543F0B
:105AD000EA5AF13E98C5613F15EFC33E5E836C3FC5
:105AE00031A0943E0BFA743FC2C5473EBE147B3FC3
:105AF00036BDC83D6DC47E3F000000000000803F01
:105B000036BDC8BD6DC47E3FC2C547BEBE147B3F17
:105B100031A094BE0BFA743F15EFC3BE5E836C3F99
:105B2000EA5AF1BE98C5613FDA390EBF31DB543F06
:105B3000996722BF03E4453FF30435BFF304353FC3
:105B400003E445BF9967223F31DB54BFDA390E3F8A
:105B500098C561BFEA5AF13E5E836CBF15EFC33E44
:105B60000BFA74BF31A0943EBE147BBFC2C5473E42
:105B70006DC47EBF36BDC83D000080BF0000000080
:105B80006DC47EBF36BDC8BDBE147BBFC2C547BE97
:105B90000BFA74BF31A094BE5E836CBF15EFC3BE19
:105BA00098C561BFEA5AF1BE31DB54BFDA390EBF86
:105BB00003E445BF996722BFF30435BFF30435BF43
:105BC000996722BF03E445BFDA390EBF31DB54BF0A
:105BD000EA5AF1BE98C561BF15EFC3BE5E836CBFC4
:105BE00031A094BE0BFA74BFC2C547BEBE147BBFC2
:105BF00036BDC8BD6DC47EBF00000080000080BF00
:105C000036BDC83D6DC47EBFC2C5473EBE147BBF16
:105C100031A0943E0BFA74BF15EFC33E5E836CBF98
:105C2000EA5AF13E98C561BFDA390E3F31DB54BF05
:105C30009967223F03E445BFF304353FF30435BFC2
:105C400003E4453F996722BF31DB543FDA390EBF89
:105C500098C5613FEA5AF1BE5E836C3F15EFC3BE43
:105C60000BFA743F31A094BEBE147B3FC2C547BE41
:105C70006DC47E3F36BDC8BD0000803F00000000FF
:105C8000BE147B3FC2C5473E5E836C3F15EFC33EEB
:105C900031DB543FDA390E3FF304353FF304353F2F
:105CA000DA390E3F31DB543F15EFC33E5E836C3F64
:105CB000C2C5473EBE147B3F000000000000803F8D
:105CC000C2C547BEBE147B3F15EFC3BE5E836C3FAB
:105CD000DA390EBF31DB543FF30435BFF304353FEF
:105CE00031DB54BFDA390E3F5E836CBF15EFC33E24
:105CF000BE147BBFC2C5473E000080BF000000004D
:105D0000BE147BBFC2C547BE5E836CBF15EFC3BE6A
:105D100031DB54BFDA390EBFF30435BFF30435BFAE
:105D2000DA390EBF31DB54BF15EFC3BE5E836CBFE3
:105D3000C2C547BEBE147BBF00000080000080BF0C
:105D4000C2C5473EBE147BBF15EFC33E5E836CBF2A
:105D5000DA390E3F31DB54BFF304353FF30435BF6E
:105D600031DB543FDA390EBF5E836C3F15EFC3BEA3
:105D7000BE147B3FC2C547BE0000803F000000004C
:105D80005E836C3F15EFC33EF304353FF304353FAC
:105D900015EFC33E5E836C3F000000000000803FB3
:105DA00015EFC3BE5E836C3FF30435BFF304353F8C
:105DB0005E836CBF15EFC33E000080BF0000000093
:105DC0005E836CBF15EFC3BEF30435BFF30435BF6C
:105DD00015EFC3BE5E836CBF00000080000080BF73
:105DE00015EFC33E5E836CBFF304353FF30435BF4C
:105DF0005E836C3F15EFC3BE0008000078DE020032
:105E000020A90200E00E000000040000781E03003C
:105E1000E0C602000807000000020000783E030010
:105E2000F0D40200C001000000010000784E030021
:105E300070D80200B801000080000000785603000E
:105E4000E0DB0200D000000040000000785A0300B0
:105E500080DD02003800000020000000785C0300B4
:105E6000F0DD02003000000010000000785D03004B
:105E700050DE02001400000032860300408603005A
:105E800054860300638603006F860300381A0200FD
:105E9000401A0200901A0200981A0200E81A020042
:105EA000F01A0200848603000001000000000000D8
:105EB000647261676F6F6E2F6C6962732F736368B2
:105EC00065642F7372632F73636865645F68616CC8
:105ED0005F7274632E630000000000000000000089
:105EE00000000000000000000000004095596959C2
:105EF00055555455155555560405154110545540E2
:105F0000455155444045504450555545004000408A
:105F100040044496655556554540455451411540F9
:105F2000559155555555405105010000544554545F
:105F30004555050400100410140440000000014001
:105F40005555154154040000440001000000004074
:105F50004100004450444550540055555455655136
:105F600000400040010000010005010011545151A2
:105F7000545555050015415000000440100104051A
:105F800000000000000FC93F000F494000CB9640C1
:105F9000000FC9400053FB4000CB164100ED2F41DC
:105FA000000F49410031624100537B41003A8A4170
:105FB00000CB9641005CA34100EDAF41007EBC41A7
:105FC000000FC94100A0D5410031E24100C2EE41BD
:105FD0000053FB4100F20342003A0A4200831042A0
:105FE00000CB164200141D42005C234200A529424A
:105FF00000ED2F4200363642007E3C4200C742424E
:10600000000F4942A2000000F900000083000000D8
:106010006E0000004E00000044000000150000006B
:1060200029000000FC0000002700000057000000CD
:10603000D1000000F500000034000000DD00000089
:10604000C0000000DB0000006200000095000000BE
:10605000990000003C000000430000009000000098
:1060600041000000FE00000051000000630000003D
:10607000AB000000DE000000BB000000C500000017
:1060800061000000B7000000240000006E00000066
:106090003A000000420000004D000000D200000065
:1060A000E000000006000000490000002E00000093
:1060B000EA00000009000000D1000000920000008A
:1060C0001C000000FE0000001D000000EB000000AE
:1060D0001C000000B100000029000000A700000023
:1060E0003E000000E80000008200000035000000D3
:1060F000F50000002E000000BB000000440000007E
:1061000084000000E90000009C0000007000000016
:1061100026000000B40000005F0000007E000000C8
:10612000410000003900000091000000D60000008E
:106130003900000083000000530000003900000017
:10614000F40000009C000000840000005F000000DC
:106150008B000000BD000000F900000028000000D6
:106160003B0000001F000000F80000009700000046
:10617000FF000000DE0000000500000098000000A5
:106180000F000000EF0000002F00000011000000D1
:106190008B0000005A0000000A0000006D000000A3
:1061A0001F0000006D000000360000007E000000AF
:1061B000CF00000027000000CB0000000900000015
:1061C000B70000004F000000460000003F00000044
:1061D000660000009E0000005F000000EA00000072
:1061E0002D0000007500000027000000BA0000002C
:1061F000C7000000EB000000E5000000F100000017
:106200007B0000003D000000070000003900000096
:10621000F70000008A000000520000009200000019
:10622000EA0000006B000000FB0000005F000000BF
:10623000B10000001F0000008D0000005D000000A4
:1062400008000000560000000300000030000000BD
:1062500046000000FC0000007B0000006B00000016
:10626000AB000000F0000000CF000000BC00000008
:10627000200000009A000000F4000000360000003A
:106280001D000000A9000000E300000091000000D4
:10629000610000005E000000E60000001B0000003E
:1062A0000800000065000000990000008500000063
:1062B0005F00000014000000A00000006800000063
:1062C000400000008D000000FF000000D80000002A
:1062D000800000004D000000730000002700000057
:1062E000310000000600000006000000150000005C
:1062F00056000000CA00000073000000A800000063
:10630000C900000060000000E20000007B00000007
:10631000C00000008C0000006B0000000000C93FBE
:106320000000F0390000DA370000A2330000842EAC
:106330000000502B0000C2270000D0220000C41F24
:106340000000C61B00004417040000000700000006
:1063500009000000000003280000022900000328B3
:10636000000000280000042A0000042A000003287E
:106370000000012A0000012A000003280000002A72
:106380000000002A00000328000000180000002878
:10639000000002290000052A0000052A0000032849
:1063A0000000011800000028454E41424C454400C1
:1063B00064697361626C65640053747265616D2019
:1063C0006E6F74696669636174696F6E732025739B
:1063D0000A00616476207374617274206661696C6E
:1063E00065642028657272202564290A00436F6E57
:1063F0006E656374696F6E206661696C65642028E0
:10640000657272202575290A00436F6E6E6563748C
:1064100065640A00446973636F6E6E6563746564D6
:106420002028726561736F6E202575290A00524815
:10643000443A206163717569736974696F6E207382
:10644000746F7070656420282564290A00435452D3
:106450004C206F70636F64653D3078253032782052
:106460006C656E3D25750A005345545F43484D41A8
:10647000503A202575206368616E6E656C730A0062
:10648000494E56414C49443A20524844206661697D
:106490006C7572650052484432323136207665722E
:1064A0006966696564004C45443A2070776D206EDA
:1064B0006F742072656164790A0043425241494E0B
:1064C0005F25750043425F494E54414E2066697214
:1064D0006D7761726520E280942069643D257520A6
:1064E0006E616D653D222573220A0062745F656EE0
:1064F00061626C65206661696C65642028657272F2
:10650000202564290A004164766572746973696E96
:1065100067206661696C656420746F2073746172B2
:10652000742028657272202564290A00416476650A
:1065300072746973696E672061732022257322204B
:106540002843422073657276696365203078434240
:106550003130290A0053616D706C6520736F75725C
:1065600063653A20257320286572726F723D256439
:10657000290A004342434600434F4E4649473A20CA
:106580006E6F6E6520E2809420636F6D70696C653C
:106590002D74696D652064656661756C74730A009D
:1065A000434F4E4649473A2073723D257520636834
:1065B0003D25752073747265616D3D2564206761AA
:1065C00074655F6E3D2575204C45443020656E3DF9
:1065D000256420726F773D2575204C454431206538
:1065E0006E3D256420726F773D25750A00494E5433
:1065F000414E204F4B004D49534D415443480052AA
:1066000048443A2053504920627573206E6F7420BD
:1066100072656164790A005248443A20524F4D3DF8
:1066200025303278202530327820253032782025E8
:106630003032782025303278205350493D2564206F
:106640002D3E2025730A005248443A206D6F646540
:106650006C3D2575206368616E6E656C733D2575B4
:106660000A005248443A2072656769737465722063
:1066700025752065787065637465643D25303278D2
:1066800020676F743D253032780A005248443A2022
:10669000696E697420617474656D7074202564205E
:1066A0006661696C656420282564290A0068656153
:1066B0007020636F7272757074696F6E20286E6FD0
:1066C0007420696E207573653F29206174202570E0
:1066D000006865617020636F7272757074696F6EA7
:1066E0002028627566666572206F766572666C6FCB
:1066F000773F2920617420257000686561702063F0
:106700006F7272757074696F6E2028646F75626C39
:106710006520667265653F29206174202570006FD1
:10672000735F686561700028756E7369676E656474
:10673000292063686172202A207573656420666F62
:10674000722025257020617267756D656E742E202C
:1067500049742773207265636F6D6D656E6465643F
:1067600020746F206361737420697420746F2076C5
:106770006F6964202A20626563617573652069749E
:10678000206D6179206361757365206D6973626541
:10679000686176696F7220696E20636572746169E1
:1067A0006E20636F6E66696775726174696F6E7370
:1067B0002E20537472696E673A222573222061720B
:1067C00067756D656E743A25640063627072696EF8
:1067D00074665F7061636B616765007379735F678F
:1067E00065746F7074006C6F6767696E67006C6FBB
:1067F00067006C6F675F6D676D74004D65737361E3
:106800006765202822257322292064726F707065C5
:1068100064206265636175736520697420657863BF
:10682000656564732073697A65206C696D6974614C
:1068300074696F6E2028257529004D657373616733
:10684000652064726F707065642062656361757342
:106850006520697420657863656564732073697A5F
:1068600065206C696D69746174696F6E2028257587
:1068700029000D0A001B5B306D00257320005B258D
:1068800030386C755D20005B253032753A2530322A
:10689000753A253032752E253033752C25303375F9
:1068A0005D20003C25733E200025732F0025733AA0
:1068B0002000253032782000202020007C00256335
:1068C000001B5B313B33316D001B5B313B33336D60
:1068D000006572720077726E00696E6600646267AE
:1068E000006C6F675F6261636B656E645F72747486
:1068F000002A2A2A20426F6F74696E67206E524602
:1069000020436F6E6E6563742053444B2076332EA4
:10691000342E302D39393535333035353630376210
:10692000202A2A2A0A002A2A2A205573696E6720FB
:106930005A6570687972204F532076342E342E3089
:106940002D626638303165346533643139202A2A46
:106950002A0A0072302F61313A20203078253038F1
:1069600078202072312F61323A202030782530385B
:1069700078202072322F61333A2020307825303849
:10698000780072332F61343A2020307825303878FF
:10699000207231322F69703A2020307825303878D3
:1069A000207231342F6C723A2020307825303878BC
:1069B0000020787073723A202030782530387800C3
:1069C000735B2532645D3A2020307825303878209A
:1069D00020735B2532645D3A20203078253038788A
:1069E0002020735B2532645D3A20203078253038D2
:1069F000782020735B2532645D3A20203078253082
:106A000038780066707363723A2020307825303809
:106A100078004661756C74696E6720696E73747274
:106A2000756374696F6E2061646472657373202886
:106A30007231352F7063293A20307825303878004C
:106A4000556E68616E646C6564204952516E3A20DF
:106A50002564002A2A2A2A2A2055534147452046E0
:106A600041554C54202A2A2A2A2A0020204469769B
:106A70006973696F6E206279207A65726F002020D9
:106A8000556E616C69676E6564206D656D6F7279B6
:106A9000206163636573730020204E6F20636F7005
:106AA000726F636573736F7220696E73747275634E
:106AB00074696F6E73002020496C6C6567616C208F
:106AC0006C6F6164206F66204558435F5245545592
:106AD000524E20696E746F205043002020496C6C28
:106AE0006567616C20757365206F6620746865202A
:106AF00045505352002020417474656D70742074A9
:106B00006F206578656375746520756E6465666968
:106B10006E656420696E737472756374696F6E005C
:106B20002A2A2A2A2A20425553204641554C5420CD
:106B30002A2A2A2A2A002020537461636B696E670F
:106B4000206572726F72002020556E737461636BE2
:106B5000696E67206572726F7200202050726563E3
:106B60006973652064617461206275732065727257
:106B70006F72002020424641522041646472657366
:106B8000733A2030782578002020496D7072656353
:106B90006973652064617461206275732065727227
:106BA0006F72002020496E737472756374696F6E22
:106BB00020627573206572726F72002020466C6FC0
:106BC0006174696E672D706F696E74206C617A797B
:106BD0002073746174652070726573657276617478
:106BE000696F6E206572726F72002A2A2A2A2A2023
:106BF0004D5055204641554C54202A2A2A2A2A0015
:106C00002020537461636B696E67206572726F72C6
:106C10002028636F6E746578742061726561206DE1
:106C200069676874206265206E6F742076616C6994
:106C3000642900202044617461204163636573739B
:106C40002056696F6C6174696F6E0020204D4D464F
:106C5000415220416464726573733A20307825781C
:106C6000002020496E737472756374696F6E2041E1
:106C700063636573732056696F6C6174696F6E002E
:106C800052657365727665642045786365707469D2
:106C90006F6E20280053707572696F757320696E6E
:106CA00074657272757074202849525120005350D7
:106CB00053454C20696E20746872656164206D6F65
:106CC000646520646F6573206E6F7420696E6469FB
:106CD0006361746520505350002A2A2A2A2A2048CA
:106CE000415244204641554C54202A2A2A2A2A003F
:106CF0002020427573206661756C74206F6E20765B
:106D00006563746F72207461626C65207265616482
:106D10000020204465627567206576656E740020EA
:106D2000204661756C7420657363616C6174696F72
:106D30006E20287365652062656C6F77290041526B
:106D400043485F4558434550542077697468207222
:106D50006561736F6E2025780A002A2A2A2A2A2064
:106D60004465627567206D6F6E69746F7220657817
:106D700063657074696F6E202A2A2A2A2A002A2ADB
:106D80002A2A2A20257320256429202A2A2A2A2A09
:106D9000006D7075004661696C656420746F2061D8
:106DA0006C6C6F63617465206E6577204D50552063
:106DB000726567696F6E2025750A0050617274698B
:106DC00074696F6E2025753A20636F686572656E11
:106DD000636520636865636B206661696C65642E1A
:106DE00000464C4153485F30005352414D5F3000E4
:106DF0006E65745F627566006E65745F6275665F6E
:106E000073696D706C6500736F63007075626C6997
:106E1000630072616E646F6D007075626C69632DE2
:106E200069640072616E646F6D2D69640025303293
:106E3000583A253032583A253032583A25303258AF
:106E40003A253032583A2530325820282573290007
:106E500062745F6275660062745F646174610044AD
:106E600061746120627566666572206F7665726610
:106E70006C6F7720286C696E6B2074797065203098
:106E800078253032782900556E61626C6520746F08
:106E9000206C6F6F6B20757020636F6E6E2077694A
:106EA00074682068616E646C6520257500556E619C
:106EB000626C6520746F206C6F6F6B757020636FF0
:106EC0006E6E20666F722068616E646C6520257539
:106ED000004861726477617265206572726F722C0E
:106EE00020686172647761726520636F64653A201F
:106EF000256400436F756C64206E6F742073756237
:106F00006D69742072785F776F726B3A2025640028
:106F1000556E61626C6520746F20616C6C6F63618B
:106F200074652062756666657200556E68616E6490
:106F30006C6564206576656E742030782530327813
:106F4000206C656E2025753A2025730065767420C7
:106F50006E756D5F68616E646C657320283D257584
:106F60002920746F6F206C617267652028257A75FF
:106F7000203E20257529004E6F20636F6E6E65637D
:106F800074696F6E20666F722068616E646C652034
:106F90002575007061636B65747320636F756E7423
:106FA000206D69736D6174636800546F6F20736D39
:106FB000616C6C20282575206279746573292065C1
:106FC00076656E742030782530327800496E7661AF
:106FD0006C696420484349206576656E7420736946
:106FE0007A65202825752900496E76616C696420D0
:106FF0004C45206D657461206576656E74207369FB
:107000007A65202825752900574553545F544F5001
:107010004449522F7A65706879722F73756273795B
:10702000732F626C7565746F6F74682F686F7374FB
:107030002F6863695F636F72652E63006576745FA6
:10704000666C6167732026202831554C203C3C201B
:107050002830292900415353455254494F4E204668
:1070600041494C205B25735D20402025733A2564FF
:107070000A00496E76616C696420627566207479D5
:10708000706520257500496E76616C6964204843FF
:10709000492041434C207061636B65742073697AA9
:1070A0006520282575290041434C206461746120C6
:1070B0006C656E677468206D69736D6174636820B8
:1070C00028257520213D2025752900556E61626CAB
:1070D0006520746F2066696E6420636F6E6E206633
:1070E0006F722068616E646C652025750062745F44
:1070F0006863695F6576745F6765745F666C616716
:1071000073286864722D3E65767429202620283104
:10711000554C203C3C202831292900556E6B6E6F60
:10712000776E20627566207479706520257500552C
:107130006E68616E646C65642076656E646F722D36
:107140007370656369666963206576656E74203067
:107150007825303278206C656E2025753A202573AD
:10716000004E6F20636F6D6D616E642073656E7489
:1071700020666F7220636D6420636F6D706C657440
:107180006520307825303478004F70436F64652077
:1071900030782530347820636F6D706C6574656469
:1071A00020696E7374656164206F66206578706510
:1071B000637465642030782530347800696E7465B6
:1071C0007276616C206578636565647320746865A8
:1071D0002076616C69642072616E67652025752078
:1071E0007573006C6174656E63792065786365659D
:1071F0006473207468652076616C69642072616EC6
:1072000067652030782530347800737570765F7448
:10721000696D656F75742065786365656473207446
:1072200068652076616C69642072616E67652030E4
:107230007825303478004E6F2070656E64696E6713
:10724000207065726970686572616C20636F6E6E24
:10725000656374696F6E00556E65787065637465FB
:10726000642073746174757320307825303278200F
:10727000257300756E6B6E6F776E005B305D004836
:107280004349207472616E73706F72743A20257373
:1072900000534443004964656E7469747925733AF8
:1072A000202573004964656E746974795B25645D9B
:1072B0003A202573004843493A2076657273696F16
:1072C0006E20257320283078253032782920726589
:1072D000766973696F6E203078253034782C206D94
:1072E000616E7566616374757265722030782530E1
:1072F0003478004C4D503A2076657273696F6E2079
:1073000025732028307825303278292073756276ED
:1073100065722030782530347800556E61626C6576
:1073200020746F2073656E6420746F2064726976B8
:1073300065722028657272202564290065727220AA
:107340003D3D20300009436F6E74726F6C6C657246
:1073500020756E726573706F6E736976652C20632D
:107360006F6D6D616E64206F70636F64652030783F
:10737000253034782074696D656F75742077697471
:1073800068206572722025640A006F70636F6465FF
:107390002030782530347820737461747573203010
:1073A0007825303278202573004661696C65642049
:1073B000746F207265616420444C45206D617820B3
:1073C00064617461206C656E0074785F6F637465CE
:1073D00074732065786365656473207468652076CE
:1073E000616C69642072616E676520257500747830
:1073F0005F74696D65206578636565647320746882
:10740000652076616C69642072616E676520257500
:10741000004E6F2070656E64696E6720636F6E6EDC
:1074200020666F722070656572202573004E6F6E46
:107430002D4C452063617061626C6520636F6E74D2
:10744000726F6C6C65722064657465637465642129
:10745000004E756D206F6620436F6E74726F6C6C9A
:10746000657227732041434C207061636B657473B0
:1074700020213D2041434C2062745F636F6E6E5F3C
:10748000747820636F6E7465787473202825752076
:10749000213D202575290041434C2042522F45446F
:1074A000522062756666657273206E6F7420696E15
:1074B000697469616C697A65640056656E646F729F
:1074C0002048434920657874656E73696F6E732038
:1074D0006E6F7420617661696C61626C65004857FB
:1074E00020506C6174666F726D3A202573202830CD
:1074F0007825303478290048572056617269616ECA
:10750000743A2025732028307825303478290046B5
:1075100069726D776172653A20257320283078256D
:10752000303278292056657273696F6E2025752E6A
:107530002575204275696C64202575004661696C6B
:10754000656420746F207265616420737570706F5C
:10755000727465642076656E646F7220636F6D6D02
:10756000616E6473004661696C656420746F20729B
:1075700065616420737570706F72746564207665E0
:107580006E646F722066656174757265730048433E
:107590004920647269766572206973206E6F742069
:1075A00072656164790043425241494E0046616907
:1075B0006C656420746F20736574206465766963FC
:1075C00065206E616D652028256429004254205293
:1075D00058205751004843492064726976657220EB
:1075E0006F70656E206661696C656420282564296A
:1075F00000556E657870656374656420484F535418
:107600005F4E554D5F434F4D504C455445445F5080
:1076100041434B4554532C2073746174757320306F
:10762000782530327820257300556E636C65617261
:1076300065642070656E64696E672073656E745F43
:10764000636D6400312E306200312E3100312E32F4
:1076500000322E3000322E3100332E3000342E30E6
:1076600000342E3100342E3200352E3000352E31CC
:1076700000352E3200352E3300352E3400362E30B4
:1076800000362E3100362E3200362E330053746110
:107690006E6461726420426C7565746F6F746820EB
:1076A000636F6E74726F6C6C65720056656E646F9A
:1076B0007220737065636966696320636F6E7472AC
:1076C0006F6C6C6572004669726D77617265206CD3
:1076D0006F616465720052657363756520696D61E1
:1076E0006765007265736572766564006E52463533
:1076F0003178006E5246353278006E524635337816
:10770000006E524635344878006E524635344C7817
:1077100000496E74656C20436F72706F726174699A
:107720006F6E004E6F726469632053656D69636F9D
:107730006E647563746F72004E58502053656D69A6
:10774000636F6E647563746F7273004573707265F6
:10775000737369662053797374656D730062745F27
:107760006863695F636F726500636D642064697349
:10777000616C6C6F776564004F6E6C792072616E1E
:10778000646F6D20737461746963206964656E74DD
:1077900069747920616464726573732073757070A5
:1077A0006F7274656400496E76616C696420696EFD
:1077B00070757420706172616D65746572730046D6
:1077C00061696C656420746F2072656164207075F6
:1077D000626C6963206164647265737300526561F1
:1077E00064205374617469632041646472657373C7
:1077F000657320636F6D6D616E64206E6F742061C0
:107800007661696C61626C65004661696C656420D3
:10781000746F2072656164207374617469632061A0
:107820006464726573736573004E6F207374617462
:107830006963206164647265737365732073746F28
:1078400072656420696E20636F6E74726F6C6C6514
:10785000720043616E27742073657420626F7468D0
:10786000204944454E544954592026204E525041F7
:1078700000556E61626C6520746F207365742069B9
:1078800064656E74697479206164647265737300F1
:10789000556E61626C6520746F207365742072612F
:1078A0006E646F6D20616464726573730062745FEF
:1078B000696400546F6F2062696720616476657245
:1078C000746973696E672064617461004661696CF4
:1078D000656420746F2073746172742061647665CE
:1078E000727469736572004661696C656420746FB7
:1078F0002073746F70206164766572746973696E49
:10790000673A2025640062745F61647600466169AD
:107910006C656420726561642072656D6F746520AA
:107920006665617475726573202825642900504866
:107930005920307825303278206E6F74207375703E
:10794000706F72746564004661696C656420746F61
:10795000207365742064617461206C656E20282535
:10796000642900556E657870656374656420666986
:10797000727374204C32434150206672616D650011
:10798000556E6578706563746564204C3243415070
:1079900020636F6E74696E756174696F6E004E6FEF
:1079A0007420656E6F756768206275666665722003
:1079B000737061636520666F72204C3243415020C2
:1079C0006461746100556E657870656374656420E8
:1079D00041434C20666C6167732028307825303233
:1079E00078290041434C206C656E206D69736D6190
:1079F00074636820282575203E2025752900287588
:107A00006E6B6E6F776E29006E6F207472616E738D
:107A10006974696F6E20257300496E76616C6964C4
:107A20002028257529206F6C6420737461746500AB
:107A3000636F6E6E202570206661696C65642074CA
:107A40006F2065737461626C6973682E20524620E2
:107A50006E6F6973653F006E6F2076616C6964209C
:107A600028257529207374617465207761732073EC
:107A7000657400696E636F6D70617469626C652016
:107A800068616E646C652025750054696D656F755D
:107A900074206469736361726465642E204E6F2084
:107AA000626C6F636B696E6720696E2073797377A0
:107AB000712E00466174616C206572726F722028AD
:107AC0002564292E20446973636F6E6E6563746943
:107AD0006E6720257000466F756E642076616C6954
:107AE0006420636F6E6E656374696F6E2028257005
:107AF0002920776974682061646472657373202536
:107B00007320696E2025732073746174652000539F
:107B1000656E64204C4520706172616D20757064E3
:107B2000617465206661696C6564202865727220E5
:107B30002564290053656E64206175746F204C457F
:107B400020706172616D207570646174652066617A
:107B5000696C656420286572722025642900646957
:107B600073636F6E6E656374656400646973636FDD
:107B70006E6E6563742D636F6D706C6574650073F4
:107B800063616E2D6265666F72652D696E697469D9
:107B90006174696E6700696E6974696174696E67A2
:107BA0002D66696C7465722D6C69737400616476FE
:107BB0002D636F6E6E65637461626C6500616476DF
:107BC0002D6469722D636F6E6E65637461626C659E
:107BD00000646973636F6E6E656374696E670062DB
:107BE000745F636F6E6E00556E61626C6520746FBA
:107BF00020616C6C6F636174652062756666657286
:107C000020666F72206F7020307825303278004EF9
:107C10006F20617661696C61626C65204C32434112
:107C20005020636F6E7465787420666F7220636F86
:107C30006E6E20257000457870656374696E6720EC
:107C4000757020746F20256420726566732C206720
:107C50006F7420256400616C7265616479206861CD
:107C600076652076696577206F6E202570004C322E
:107C7000434150206C656E677468206D69736D6157
:107C80007463682028257520213D20257529004929
:107C90006E76616C6964206964656E742076616CCF
:107CA000756520696E204C32434150205044550088
:107CB000496E76616C6964204C4520636F6E6E205E
:107CC000706172616D207273702073697A6520280B
:107CD000257520213D20257A75290052656A656346
:107CE00074696E6720756E6B6E6F776E204C3243D1
:107CF00041502050445520636F6465203078253012
:107D0000327800546F6F20736D616C6C204C32437D
:107D10004150207369676E616C696E6720504455ED
:107D200000546F6F20736D616C6C204C3243415076
:107D30002050445520726563656976656400496723
:107D40006E6F72696E67206461746120666F722065
:107D5000756E6B6E6F776E206368616E6E656C20FA
:107D600049442030782530347800636F6E66696747
:107D70000062745F6C326361700041545420636828
:107D8000616E6E656C206E6F7420636F6E6E6563DE
:107D9000746564004572726F72207369676E696EF4
:107DA0006720646174610052616E206F7574206F8A
:107DB000662054582062756666657273206F722063
:107DC000636F6E74657874732E004661696C6564C8
:107DD00020746F207375626D6974206174745F74B0
:107DE000785F64657374726F795F776F726B3A2036
:107DF000256400556E61626C6520746F2063726546
:107E00006174652065727220727370205044550051
:107E1000415454204D54552065786365656465640C
:107E20002C206D61782025752C2077616E74656437
:107E300020257A7500556E61626C6520746F206331
:107E40007265617465207273702050445500546FE0
:107E50006F20736D616C6C20415454205044552048
:107E6000726563656976656400556E68616E646C01
:107E700065642041545420636F6465203078253058
:107E8000327800496E76616C6964206C656E2025DD
:107E90007520666F7220636F6465203078253032FC
:107EA0007800556E61626C6520746F206372656145
:107EB000746520555549443A2073697A65202575C3
:107EC00000556E61626C6520746F20637265617429
:107ED0006520555549443A2073697A652025640028
:107EE0004E6F20617661696C61626C65204154540B
:107EF00020636F6E7465787420666F7220636F6E96
:107F00006E202570004E6F20617661696C61626C35
:107F10006520415454206368616E6E656C20666F05
:107F20007220636F6E6E202570004E6F7420636F39
:107F30006E6E656374656400556E61626C65207475
:107F40006F2066696E6420415454206368616E6ED0
:107F5000656C00476F74206572722025642C206E5A
:107F60006F742063616C6C696E67204154542063A8
:107F700062004661696C656420746F2072652D73C0
:107F800075626D69742025733A202564004E6F2058
:107F9000415454206368616E6E656C20666F722078
:107FA0004D545520257A75004E6F2070656E6469BA
:107FB0006E67204154542072657175657374004476
:107FC0006973636F6E6E656374696E67206661695D
:107FD0006C65642028657272202564290041545420
:107FE0002054696D656F757420666F7220646576C4
:107FF0006963652025732E20446973636F6E6E6517
:108000006374696E672E2E2E0062745F6174740053
:10801000756E61626C6520746F20736176652053A4
:10802000433A206E6F20636667206C656674004E6D
:108030006F20737061636520746F2073746F726555
:1080400020434343206366670052656164206D6589
:1080500074686F64206E6F74207365740046616984
:108060006C656420746F2072656164206174747241
:108070006962757465202570202865727220257AE2
:10808000642900496E76616C6964207265616420C0
:108090006C656E6774683A20257A64004343432018
:1080A0002570206E6F74207772697461626C650050
:1080B000534320726573746F726520696E646963DF
:1080C0006174696F6E206661696C65640062745FDB
:1080D00067617474004E6F20617661696C61626CD7
:1080E0006520534D5020636F6E7465787420666F01
:1080F0007220636F6E6E2025700062745F736D7006
:1081000000636C6F636B403430303030303030009F
:108110006866636C6B006C66636C6B00636C6F63AA
:108120006B5F636F6E74726F6C0072616E646F6D03
:10813000403430303064303030006770696F403523
:1081400030303030303030004661696C6564207406
:108150006F20696E697469616C697A6520646576FF
:108160006963653A20257300496E76616C69642005
:108170006368616E6E656C3A2025752E00496E63EA
:108180006F6D70617469626C6520706572696F648F
:108190002E005072657363616C657220666F722089
:1081A000706572696F645F6379636C6573202575B0
:1081B000206E6F7420666F756E642E0070776D4050
:1081C00034303032313030300070776D4034303000
:1081D00031633030300070776D5F6E7266780046C4
:1081E00061696C656420746F20616C6C6F6361748D
:1081F00065204750494F5445206368616E6E656C39
:1082000020666F722057414B45004661696C65647A
:1082100020746F20636F6E666967757265205741C1
:108220004B452070696E004353204750494F2070E2
:108230006F72742025732070696E20256420697325
:10824000206E6F742072656164790055706461748A
:108250006520657863656564732063757272656E09
:1082600074206275666665720048616C662D64757F
:10827000706C6578206E6F7420737570706F727497
:10828000656400536C617665206D6F646520697369
:10829000206E6F7420737570706F72746564206FD8
:1082A0006E202573004C6F6F706261636B206D6F81
:1082B0006465206973206E6F7420737570706F72BF
:1082C00074656400576F72642073697A6573206FF8
:1082D00074686572207468616E20382062697473F6
:1082E00020617265206E6F7420737570706F727488
:1082F0006564004672657175656E63696573206CAF
:108300006F776572207468616E20313235206B485A
:108310007A20617265206E6F7420737570706F7251
:10832000746564004661696C656420746F20696ED1
:10833000697469616C697A65206E7266782064720E
:10834000697665723A2025640057616974696E67C1
:1083500020666F722057414B452061636B6E6F77CB
:108360006C6564676D656E742074696D6564206FFB
:1083700075740054696D656F7574207761697469EF
:108380006E6720666F72207472616E73666572200C
:10839000636F6D706C657465007370694034303064
:1083A0003233303030007370695F6E7266785F739D
:1083B00070690073706940343030303430303000D0
:1083C0004661696C656420746F20636F6E666967CF
:1083D000757265206E726678206472697665723A8D
:1083E000202564007370695F6E7266785F737069D0
:1083F0006D00536F667444657669636520436F6EE4
:1084000074726F6C6C6572204153534552543A201C
:1084100025732C20256400536F6674446576696368
:108420006520436F6E74726F6C6C65722062756943
:108430006C64207265766973696F6E3A2000456ED0
:1084400074726F707920736F7572636520646576DE
:10845000696365206E6F742072656164790046619E
:10846000696C656420746F207265676973746572E6
:108470002072616E6420736F7572636520282564B5
:108480002900416C6C6F6361746564206D656D6F6C
:10849000727920746F6F206C6F773A20257A75207F
:1084A0003C202575004576656E74206275666665AC
:1084B0007220746F6F20736D616C6C2E20257A753D
:1084C000203E20257500556E65787065637465647F
:1084D000206D73675F747970653A2025752E20547E
:1084E0006869732069662D656C7365206E656564C7
:1084F000732061206E6577206272616E636800553B
:108500006E6B6E6F776E206572726F722077686522
:108510006E2070726F63657373696E67206863693C
:10852000206D6573736167652025640062745F6800
:1085300063695F7364630062745F7364635F68633D
:10854000695F6472697665720062745F7364635F09
:1085500063727970746F004D50534C2041535345F2
:1085600052543A2025732C202564004D50534C2042
:10857000576F726B006D70736C5F696E6974005534
:108580006E737570706F72746564204846434C4B0F
:10859000206576656E743A202564006E7266785F99
:1085A000636C6F636B5F6D70736C005465726D69A3
:1085B0006E616C0048616C74696E672073797374C6
:1085C000656D00556E6B6E6F776E206572726F729F
:1085D000003E3E3E205A45504859522046415441A3
:1085E0004C204552524F522025643A202573206F6B
:1085F0006E20435055202564004661756C742064DC
:108600007572696E6720696E746572727570742018
:1086100068616E646C696E670A0043757272656E9C
:1086200074207468726561643A202570202825736F
:10863000290043505520657863657074696F6E003A
:10864000556E68616E646C656420696E74657272E3
:1086500075707400537461636B206F766572666C1D
:108660006F77004B65726E656C206F6F7073004B97
:1086700065726E656C2070616E6963006D61696E14
:10868000006F7300737973776F726B7100C8DA30A3
:1086900098F9F034A44B6EBAD30819CC0CEA51DA2D
:1086A00047006E616E00286E756C6C290006FF7FB6
:1086B0003FFFFFFFFF3FBF9FBF9FFFFFFFFF00DEAA
:1086C0000102020403000440050006000700082A16
:1086D000090A0A050B0D0C100D7C0EFF0FFF100090
:1086E0001100206D657373616765732064726F702C
:1086F000706564202D2D2D0D0A1B5B306D001B5BFA
:10870000313B33316D2D2D2D200000FFFFFFFFFF8A
:10871000FF00000000000000FFFFFFFFFFFF000060
:108720000000000030313233343536373839616279
:108730006364656600000000000000100080000017
:10874000805F9B34FB010400020000000200000077
:108750000000000005000000000000000000000014
:1087600000000000056174745F74785F6465737461
:10877000726F795F776F726B5F68616E646C657240
:108780000000010203040506070000000000005479
:0C8790005452205245474745530000005A
:1087E400FFFFFFFFFF1F00001F000000000000004C
:1087F4001D40000000000000FFFFFFFF1FFF0000FE
:10880400BAABBABA1010101000000000008000408B
:1088140000000000000000000C0000000000000048
:1088240000FF7F0000000000DFA600000000000041
:1088340013A7000000000000DD1C00000000000081
:1088440033A7000000000000F1A6000000000000B3
:10885400B0660000FF000000F89600000100000070
:108864000000000000000000000000000000000004
:1088740000000000000000000000000000000000F4
:1088840000000000000000000000000000000000E4
:1088940000000000000000000000000000000000D4
:1088A40000000000000000000000000000000000C4
:1088B40000000000000000000000000000000000B4
:1088C40000000000000000000000000000000000A4
:1088D4000000000000000000000000000000000094
:1088E4000000000000000000000000000000000084
:1088F4000000000000000000000000000000000074
:108904000000000000000000000000000000000063
:108914000000000000000000000000000000000053
:1089240000000000000000004519010000000000E4
:108934000000000000000000000000000000000033
:108944000000000000000000000000000000000023
:108954000000000000000000000000000000000013
:108964000000000000000000000000000000000003
:1089740000000000000000000000000000000000F3
:1089840000000000000000000000000000000000E3
:1089940000000000000000000000000000000000D3
:1089A400000000000000000000000000441B020062
:1089B40000000000000000000000000000000000B3
:1089C400000000000000000000000000597C0100CD
:1089D4000000000000010000000000000000000092
:1089E4000000000000000000000000000000000083
:1089F40000000000000000004D0A002000000C00F0
:108A040000000000000000000000000045CB000052
:108A140000000000000000005E0A002000001000BA
:108A24005FD101002BD8010068630300000002003D
:108A340074630300000002008063030000000A0066
:108A440000000000D9DB010000000000000000006D
:108A54000060004000000000000000000000000072
:108A64000000000000000000000000000000000002
:108A740000000000000000000000000000000000F2
:108A840000000000000000000000000000000000E2
:108A940000000000000000000000000000000000D2
:108AA40000000000000000000000000000000000C2
:108AB40000000000000000000000000000000000B2
:108AC40000000000C91B01000000000000000000BD
:108AD4000000000065080100000000000000000024
:108AE40000000000892C01000000000000000000CC
:108AF40000000000C1270100000000000000000089
:108B0400893B0100994A01000000000000000000B8
:108B140000000000453D0100B7EA010081EB0100BF
:108B2400693B010000000000000000009D470100B7
:108B34000000000000000000986303000000200013
:108B44000000000000000000000000000000000021
:108B540071ED010000000000001002400000000060
:108B64000000000000000000000000000000000001
:108B740000000000000000000000000000000000F1
:108B840000C00140000000000000000000000000E0
:108B940000000000000000000000000000000000D1
:108BA400000000000000000000300240000000004F
:108BB40000000000000000000000000000000000B1
:108BC40000000000000000000000000000000000A1
:108BD4000000000000000000000000004429020022
:108BE4000100000004090020040900200000000026
:108BF40001000000140900201409002000000000F6
:108C0400010000000000000000000000000000005F
:108C14000000000000000000000000000000000050
:108C2400000000000000000000000000981B02008B
:108C340000000000000000000040004000000000B0
:108C44000000000000000000000000000000000020
:108C54000000000000000000000000000000000010
:108C64000000000000000000000000000000000000
:108C740000000000000000000000000000000000F0
:108C840000000000000000000000000000000000E0
:108C940000000000000000000000000000000000D0
:108CA400000000000000000000000000CC090020CB
:108CB400CC0900200000000001000000DC090020B5
:108CC400DC0900200000000001000000000000009A
:108CD4000000000000000000000000000000000090
:108CE4000000000000000000000000000000000080
:108CF4000000000000000000000000000000000070
:108D0400000000000090D003FF000000900200006B
:108D1400300A0020300A00200004B1C3528FAAE3B5
:108D24004B8A9B10123410CBCB0101040102B1C356
:108D3400528FAAE34B8A9B10123412CBCB0102B19F
:108D4400C3528FAAE34B8A9B10123411CBCB01027E
:108D5400B1C3528FAAE34B8A9B10123410CBCB01C0
:108D640000000000000000000000000000000000FF
:108D740000000000000000000000000000000000EF
:108D840000000000000000000000000000000000DF
:108D940000000000000000000000000000000000CF
:0C8DA400000000000000000000000000C3
:108DB40000000000000000006DAF01000000000092
:108DC4000000000000000000E80A0020E80A00207B
:108DD400B1CC000000000000000000000000000012
:108DE4000000000000000000080B0020080B002019
:108DF400E0B7002000000000010000002400000093
:108E040000000000240B0020240B0020008F002011
:108E14000000000001000000A000000000000000AD
:108E2400400B0020400B002004B80020000000008C
:108E34000300000010000000000000005C0B002094
:108E44005C0B002000000000000000000E00000089
:108E5400700B0020700B00201802000008000000B6
:108E6400A08F002060A00020A08F0020A08F0020F1
:108E74000000000000000000980B0020980B002068
:108E84000000000001000000A80B0020A80B002037
:108E940000000000FFFFFFFFB80B0020B80B00200C
:108EA40000000000040000000000000000000000BA
:108EB400D00B0020D00B00200000000000000000B8
:108EC400E00B0020E00B0020030003001000000072
:108ED40000000000F0260200E8B3002000000000BB
:108EE40000000000040C0020040C00200300030018
:108EF40010000000053B01008C27020068B7002029
:108F04000000000000000000280C0020280C0020B5
:108F1400030003000000000000000000A825020078
:108F24003CAE002000000000000000004C0C0020BB
:108F34004C0C00200100010010000000BD260100BF
:108F4400DC260200C0B00020000000000000000089
:108F5400700C0020700C00200300030000000000CF
:108F640000000000A426020078B0002000000000E9
:108F740000000000940C0020940C00200C000C0055
:108F840004000000990201009425020060AC002056
:108F94000000000000000000B80C0020B80C002005
:108FA400010001000000000000000000BC250200D8
:088FB40088AF002015E015E074
:020000040007F3
:100000004342434601005C8300043C0004010000BD
:1000100000010203FFFFFFFFFFFFFFFFFFFFFFFFE6
:100020000000FA0000000041000040410000000014
:10003000FF0000640000FA000000004100004041A1
:0800400000000000FF00006455
:00000001FF
